text,type,gemini,deepseek,kimi
'场景- 需求- 功能- 逻辑- 物理'五层协同建模框架,架构,1,0,0
$m{chi^2}$ 检验,统计方法,0,0,1
$H_{ty}$ 混敏度,技术,0,0,1
$H_{ty}$ 混敏度振动抑制方法,技术,0,0,1
$J_{\mathrm{RMSE}}$,性能指标,1,0,0
$J_{\mathrm{Score}}$,性能指标,1,0,0
$Q$学习,算法,0,0,1
+5V输出电压数据序列,数据,1,1,0
0.00026的均方误差,研究结果,0,1,0
0.0029的ARV值,研究结果,0,1,1
0.008的均方根误差,研究结果,0,1,0
0.0122的MSE,研究结果,0,1,0
0.027,研究结果,0,1,0
0.08%的虚警率,研究结果,0,1,0
0.0973,研究结果,1,0,0
0.0996,研究结果,1,0,0
0.12%,研究结果,0,0,1
0.12%的预测误差,研究结果,0,1,0
0.124639,研究结果,1,0,0
0.124639的预测E_NRMSE,研究结果,0,1,0
0.1501,研究结果,1,0,0
0.190510,研究结果,1,0,0
0.255297的预测E_NRMSE,研究结果,0,1,0
0.30%的平均相对误差,研究结果,0,1,1
0.3264,研究结果,1,0,0
0.3264的MSE,研究结果,0,1,0
0.4349的MAE值,研究结果,0,1,0
0.4948%,研究结果,1,0,0
0.5%以内的估计误差,研究结果,0,0,1
0.5%的估计误差,研究结果,0,1,0
0.652,研究结果,1,0,0
0.652的相关系数,研究结果,0,1,0
0.668,研究结果,1,0,0
0.668的相关系数,研究结果,0,1,0
0.784健康评估值,研究结果,0,1,0
0.7的可靠性,研究结果,0,0,1
0.7的预测结果可靠性,研究结果,1,0,0
0.9%的平均相对误差,研究结果,0,1,0
0.9261,结果,0,1,0
0.9431,结果,0,1,0
0.9647的相关度,研究结果,0,1,0
0.965的相关系数,研究结果,0,1,0
0.976的相关系数,研究结果,0,1,0
0.9990的F1分数,研究结果,0,1,0
0.9998的AUC,研究结果,0,1,0
0.9999的诊断准确率,研究结果,1,0,0
1%以内,研究结果,1,0,0
1.0000的诊断精度,研究结果,1,0,0
1.3亿美元,数值,0,1,0
1.41,研究结果,0,1,0
1.7%的提高,研究结果,0,1,1
10%的任务完备率提高,研究结果,0,0,1
10%的任务成功率提高,研究结果,0,1,0
10%的战备完好性提高,研究结果,0,1,0
10%的提高,研究结果,0,1,0
10%的精度提升,研究结果,0,1,0
10.7%的患病率,研究结果,0,1,0
100%恢复发动机推力,研究结果,0,1,0
100%恢复发动机的推力,研究结果,1,0,1
100%模型结构覆盖,研究结果,1,0,0
100%的故障预测正确率,研究结果,0,0,1
100%的正确率,研究结果,1,1,0
1009—3516(2005)02—0001—03,文章编号,0,1,0
100亿美元,数值,0,1,0
100步循环,研究结果,0,1,0
12%,数值,0,1,0
12.5%的提高,研究结果,0,1,1
13%的误差,研究结果,0,1,0
13.053%的预测误差减少,研究结果,0,1,0
13.3%的总误报率,研究结果,1,0,0
13.3%的误报率,研究结果,0,1,0
13.4%的患病率,研究结果,0,1,0
13个向量,数据,1,0,0
14.1%的患病率,研究结果,0,1,0
14种时域特征,数据,1,0,0
15.188的RMSE,研究结果,0,1,0
15.9%的患病率,研究结果,0,1,0
150步循环,研究结果,0,1,0
1553B总线,总线标准,0,1,0
1553B总线,标准/规范,1,0,0
1553B模块,模块,0,1,0
1553总线,总线,0,1,0
17~24V,值,0,1,0
18.2%,研究结果,1,0,0
18.2%的患病率,研究结果,0,1,0
19.1%的提高,研究结果,0,1,1
1,研究结果,2,0,0
1号液压系统,系统,0,1,0
1号系统低压发生概率由0上升至0.92,研究结果,1,0,0
1套电系统,系统/部件,1,0,0
1的RA,研究结果,0,1,0
1的相关系数,研究结果,0,1,0
1范数模型,模型,0,0,1
2.3%,数值,0,1,0
20%,数值,0,2,0
20%~40%的维修人力减少,研究结果,0,1,0
2017年5月19日,时间,1,0,0
2017预测与健康管理（PHM）研讨会,会议,1,1,1
2020年11月27日,时间,1,0,0
2020预测与健康管理（PHM）研讨会,会议,1,0,1
2024- 04- 24,日期,0,0,1
2024-11-01,日期,0,0,1
2024铝合金,材料,1,1,1
2025-04-29,日期,0,0,1
207.21飞行小时,研究结果,0,1,0
21%的平均绝对误差,研究结果,0,1,0
21MPa,压力等级,0,1,0
21次非例行维修任务,研究结果,0,1,0
25%的出动架次率提高,研究结果,0,1,0
25%的航班延误和取消费用节省,研究结果,0,0,1
25%的费用节省,研究结果,0,3,0
28.9%,研究结果,1,0,0
28.9%的患病率,研究结果,0,1,0
28MPa,压力等级,0,1,0
29.2%,研究结果,1,0,0
29.2%的患病率,研究结果,0,1,0
2BP复合算法,算法,0,0,1
2D小波变换和生成对抗网络,技术,0,0,1
2H/1E方案,方案,0,1,0
2H/2E双体系飞行控制系统,技术,1,0,0
2参数Weibull分步,模型,1,1,1
2套液压系统+1套电操作系统方案,方案,1,0,0
2段Weibull分步,模型,1,1,1
3 点均值法,算法,1,0,0
3%的误差,研究结果,0,1,0
3.00%的虚警率,研究结果,1,0,0
3.01%的平均相对误差,研究结果,0,1,0
3.23%的剩余寿命预测误差,研究结果,0,1,0
3.2,研究结果,0,1,0
3.62%的提升,研究结果,0,1,0
3.67%的虚警率,研究结果,0,1,0
3.80,研究结果,0,1,0
3.8亿美元,数值,0,1,0
30%,数值,0,1,0
31.328%的预测误差减少,研究结果,0,1,0
31个工作循环失效预测,研究结果,0,1,0
31分贝,数值,0,1,0
33.8%的提高,研究结果,0,1,1
330飞行小时或368飞行小时作为维修间隔，引发飞行事故风险较低,研究结果,0,0,1
35MPa,压力等级,0,1,0
35MPa压力等级,性能指标,1,0,0
3D morphable model,技术,0,0,1
3H + E,方案,0,1,0
3H + E方案,技术方案,0,0,1
3H+E作动系统能源配置方案,方案,1,0,0
3H方案,方案,0,1,0
3s内平稳切换,研究结果,0,1,0
3s内平稳切换到风扇转速控制回路,研究结果,1,0,0
3参数Weibull分步,模型,1,1,1
3套独立液压系统,系统/部件,1,0,0
3套独立液压系统方案,方案,1,0,0
3层BP网络,模型,0,0,1
3层Browser/Server体系结构,架构,1,1,0
3层Browser/Server体系结构,结构,0,0,1
3层,研究结果,1,0,0
3点均值法,方法,0,1,0
3点均值法,模型,0,0,1
4%,数值,0,1,0
4.2%,性能指标,0,1,0
4.2%的均方根相对误差,研究结果,1,0,1
40%以上的成本降低,成本,0,0,1
40%的成本降低,研究结果,0,1,0
42%的发动机维护投入占比,研究结果,0,0,1
429总线,总线,0,1,0
440亿美元,数值,0,1,0
45%的平均绝对误差,研究结果,0,1,0
4G网络,技术,1,0,0
4V特性,概念,0,1,0
4V特性,特性,0,0,1
4WEH16E电液换向阀,元件,0,0,1
4WEH16E电液换向阀,部件,1,0,0
5%的误差,研究结果,0,1,0
5.0416,研究结果,1,0,0
5.0416的MAPE,研究结果,0,1,0
5.63倍的加速效果,研究结果,0,0,1
5.63倍的加速计算效果,性能指标,0,1,0
5.63倍的加速计算效果,研究结果,1,0,0
50%以上的使用与保障费用减少,研究结果,0,1,0
50%的后勤规模减小,研究结果,0,1,0
512MB内存,技术,0,0,1
56%的维修工时减少,研究结果,0,1,0
6-12-1模型,模型,1,0,0
6-33-5-33-6结构的网络,模型,1,0,0
60%的维修成本节约,研究结果,0,1,0
69%的误差,研究结果,0,1,0
690亿美元的机队维护、维修和大修资金,研究结果,0,0,1
7.1,研究结果,0,1,0
7.27 RMSE,研究结果,1,0,0
7.27的均方根误差,研究结果,0,1,0
7.38的均方根误差,研究结果,0,0,1
7.6608,研究结果,1,0,0
70%的诊断率,研究结果,0,1,0
7050铝合金,材料,1,1,1
71%的准确率,结果,0,1,0
73.3%的准确率,研究结果,0,1,0
73.3%的总准确率,研究结果,1,0,0
74.602%的预测误差减少,研究结果,0,1,0
757,飞机型号,0,0,1
767,飞机型号,0,0,1
7层OSA一CBM模型,模型,1,0,0
8%以内的误差,研究结果,0,1,0
8.27dB提高,研究结果,0,0,1
8.27dB的提高,研究结果,0,1,0
8.55%的提升,研究结果,0,1,0
8.6%的患病率,研究结果,0,1,0
8000小时的使用寿命,研究结果,0,1,0
82%的CND率减少,研究结果,0,1,0
82.7%的能耗缩减,研究结果,0,0,1
82.7%的计算功耗缩减,性能指标,0,1,0
82.7%的计算功耗缩减,研究结果,1,0,0
83步循环,研究结果,0,1,0
84.61%的召回度,研究结果,1,1,0
85%的准确率,结果,0,1,0
85.0%的故障程度评估正确率,研究结果,0,1,0
85.0%的评估正确率,研究结果,1,0,0
87.26%的可靠度值,研究结果,1,1,0
88%的非计划维修事件避免,研究结果,0,1,0
88.19%的准确率,研究结果,0,1,0
88.19%的精确度,研究结果,1,0,0
8电极ESA,模型,1,0,0
9%的精度提升,研究结果,0,1,0
90%以上的故障模式诊断正确率,研究结果,0,0,1
90%可延长到30日历年或8000f使用寿命,研究结果,1,0,0
90.6%的准确率,研究结果,0,1,1
91.3%,性能指标,0,1,0
91.3%的准确度,研究结果,0,0,1
91.3%的诊断准确度,研究结果,1,0,0
92.857%的准确率,研究结果,0,1,0
92.9%的准确率,研究结果,0,1,0
92.9%的诊断率,研究结果,1,0,0
93.01%的诊断正确率,研究结果,0,1,0
93.07%,研究结果,1,0,0
94.47%的准确率,研究结果,0,0,1
94.98%的准确率,研究结果,1,0,0
95%的准确率,研究结果,0,1,0
95.55%的准确率,研究结果,1,0,0
95.6%,数值,0,1,0
95.6%的准确率,值,0,1,0
95.6%的准确率,研究结果,0,28,12
95.6%的准确率,结果,0,1,0
96.15%,研究结果,1,0,0
96.15%的精度,研究结果,0,1,1
96.33%准确率,研究结果,1,0,0
96.33%的准确率,研究结果,0,1,0
96.6667%,研究结果,1,0,0
96.6667%的总体预测准确率,研究结果,0,1,1
97%的监控效率,研究结果,0,1,1
97.67%的检测率,研究结果,0,1,0
97.75%的检测率,研究结果,1,0,0
97.77%,研究结果,1,0,0
97.77%的准确率,研究结果,0,1,0
97.77%的离线预测准确度,研究结果,0,0,1
98%的F值,研究结果,0,1,0
98.48%,研究结果,1,0,0
98.48%的准确率,研究结果,0,1,0
98.48%的在线预测准确度,研究结果,0,0,1
98.83%的准确率,研究结果,0,1,0
98.83%的故障模式评估正确率,研究结果,0,0,1
98.9%的故障类别诊断正确率,研究结果,0,1,0
98.9%的诊断正确率,研究结果,1,0,0
99%的准确率,研究结果,0,1,0
99.7%,性能指标,0,1,0
99.7%的准确率,研究结果,0,1,1
99.7%的故障诊断准确率,研究结果,1,0,0
99.88%的检出率,研究结果,0,1,0
99.9%的准确率,研究结果,0,1,0
99.90%的准确率,研究结果,1,0,0
A-SHM,维修模式,1,0,0
A/D转换,技术,0,0,1
A/D转换器,技术,0,0,1
A13号报文,数据,1,0,0
A13号报文数据,数据集,0,0,1
A300,飞机型号,0,0,1
A320 飞机空调系统,系统,1,0,0
A320Neo,飞机,0,1,0
A320Neo,飞机型号,1,0,1
A320,产品,1,0,0
A320,机型,1,0,0
A320,飞机,0,2,0
A320,飞机型号,0,4,4
A320机型的高冗余度设计,方案,1,0,0
A320飞机空调系统,系统,0,1,0
A330,飞机,0,2,0
A330,飞机型号,0,0,1
A340-500,飞机型号,0,1,0
A340-600,飞机型号,0,1,0
A340,飞机,0,2,0
A350XWB,飞机,0,1,0
A350XWB,飞机型号,1,1,2
A350XWB飞机,产品,1,0,0
A350,组织,0,0,1
A350,飞机型号,0,1,0
A350系列飞机,系统,1,0,0
A350飞机,飞机型号,1,0,0
A380,产品,1,0,0
A380,机型,1,0,0
A380,飞机,0,1,0
A380,飞机型号,1,4,4
A380飞机,产品,1,0,0
A400M,系统,1,0,0
A400M,飞机,0,1,0
A400M,飞机型号,0,0,1
AANN神经网络,模型,1,0,0
AANN神经网络,算法,0,1,1
AANN神经网络组,模型,0,1,0
ABC模型,模型,1,0,0
ABC模型相比于其他模型在预测准确度、可预测概率及预测可靠性方面都有较大提升,研究结果,0,0,1
AC43- 218,标准,1,0,0
ACARS,系统,0,4,0
ACARS技术,技术,0,1,0
ACMP,部件,0,1,0
ACMS/ADAS,系统,0,1,0
ACMS,技术,0,0,1
ACMS,概念,0,0,1
ACMS,模型,1,0,0
ACMS,系统,0,2,0
ACMS软件,系统,0,0,1
ACO-LSSVM,算法,0,1,0
ACO-LSSVM模型,模型,0,1,0
AC算法,算法,1,1,1
AC算法的RMSE为0.167,研究结果,1,0,0
AC算法的部署速度为1.37ms,研究结果,1,0,0
AD1674,芯片,0,0,1
ADAPT(先进诊断预测测试平台),技术,0,0,1
ADAPT,平台,0,1,0
ADAPT,测试床,0,0,1
ADAPT,系统,0,1,0
ADEPT,系统,0,1,0
ADF检验法,算法,0,1,0
ADS- 79- HDBK,文件,0,0,1
ADS-79-HDBK,文档,0,1,0
ADS-79-HDBK,标准,1,0,0
ADS软件,软件,1,1,1
AD采样器,设备,0,1,0
AEPHM,模型,1,0,0
AEPHM,系统,0,1,0
AEPHM系统,系统,0,0,1
AFDX,技术,1,0,0
AFDX端系统卡,技术,0,0,1
AFDX端系统板卡,硬件,1,0,0
AFDX网络,技术,0,1,0
AFDX网络协议,协议,0,1,0
AFRL,机构,0,1,0
AFRL,组织,0,0,1
AGA-BP模型,模型,0,1,0
AH-64阿帕奇,设备,1,0,0
AH-64阿帕奇,飞机,0,3,0
AH-64阿帕奇,飞机型号,1,0,0
AHEAD,系统,0,1,0
AHMS,系统,2,3,1
AHM,技术,0,0,1
AHM,系统,0,1,0
AHM技术,技术,0,0,1
AHM系统,系统,0,4,1
AHP层次分析法,模型,0,0,1
AHUMS,技术,0,1,0
AIAA Infotech@ Aerospace,文献,0,0,1
AIC值,性能指标,1,0,0
AIDL,技术,0,0,1
AIDS,系统,0,1,0
AIRMAN系统,模型,1,0,0
AIRMAN系统,系统,0,1,0
AL-31F,产品/发动机型号,1,0,0
AL-41F1S,产品/发动机型号,1,0,0
AL-41F1S发动机,发动机,0,1,0
ALIS,系统,1,1,2
AMESim-Matlab联合仿真,模型,0,1,1
AMESim,软件,1,3,1
AMESim仿真模型,模型,0,1,0
AMESim软件,软件,1,0,1
AMESim软件仿真模型,模型,0,0,1
AMESim软件平台,系统,0,1,0
AMM,技术文档,0,0,1
AMM,文档,2,1,1
AMM数据库,数据库,1,0,0
AMTAC维护记录,文档,0,0,1
ANN模型,模型,0,1,0
ANSIC429模块,模块,0,1,0
ANSYS TwinBuilder,工具,1,1,0
ANSYSTwinBuilder,工具,0,0,1
ANSYS软件,软件,1,0,1
APHM (航空电子故障预测及健康管理),技术,1,0,0
APHM,技术,0,0,1
APHM,架构,0,1,0
APHM系统,系统,1,1,0
APHM系统功能划分,设计,1,0,0
APHM系统设计,设计,1,0,0
API,类,0,1,0
API层,组件,0,1,0
APU,系统,0,1,0
APU,设备,0,1,0
APU剩余寿命预测,算法,1,0,0
APU序号（ASN）,参数,0,0,1
APU性能评估模型,模型,0,0,1
APU性能退化的方法,模型,0,0,1
APU性能退化预测模型,模型,0,0,1
APU故障诊断技术,模型,0,0,1
APU故障预测,任务,1,0,0
APU故障预测模型,模型,0,0,1
APU特征提取模型,模型,0,0,1
APU监测模型,模型,0,1,1
APU转速（NA）,参数,0,0,1
ARIMA(1,1,2)模型,模型,1,0,0
ARIMA(2,1,1),模型,1,0,0
ARIMA(2,1,3)模型,模型,1,0,0
ARIMAN,系统,0,1,0
ARIMA,算法,0,1,0
ARIMA模型,模型,2,2,0
ARIMA模型,算法,0,0,3
ARIMA模型能够有效地预测发动机振动故障,研究结果,0,0,1
ARIMA模型能够较好地描述发动机振动-转速拟合系数变化趋势,研究结果,0,0,1
ARINC- 604,标准,1,0,0
ARINC- 624,标准,1,0,0
ARINC-604,标准,0,1,0
ARINC-624,标准,0,1,0
ARINC429接口电路,技术,0,0,1
ARINC604,标准,1,1,1
ARINC624,标准,1,1,1
ARINC653标准,标准,0,1,0
ARINC661,标准,1,0,0
ARINC公司,公司,1,0,0
ARJ-21,飞机,0,1,0
ARJ-21,飞机型号,0,0,1
ARM920T内核,处理器,0,0,1
ARM920T内核,硬件,1,0,0
ARMAN系统,系统,0,1,0
ARMA,算法,0,2,0
ARMA方法,方法,1,1,0
ARMA时间序列,算法,1,1,0
ARMA模型,模型,1,2,0
ARMA模型,算法,0,0,1
ARNC653标准,标准/规范,1,0,0
ARP1587B,标准/指南,1,0,0
ARP1587B《航空燃气涡轮发动机健康管理系统指南》,标准,0,0,1
ARP6461,文件,0,0,1
ARP6461,标准/规范,1,0,0
ARP6461,规范,0,1,1
ART网络,模型,0,1,0
ART网络,算法,0,0,1
ARV为0.0029,研究结果,1,0,0
ARV为0.075,研究结果,1,0,0
AR模型,模型,1,3,0
AR模型,算法,0,0,1
ASAAC,组织,1,1,0
ASAAC标准,标准,2,3,1
ASAAC标准,标准/规范,1,0,0
ASAAC模块软件体系结构,架构,1,0,0
ASAAC规范,标准,0,1,0
ASAAC规范,模型,1,0,0
ASAC标准,标准,0,0,1
ASIC,硬件,0,1,0
ASIC,芯片,0,1,0
ASIP,系统,0,1,0
AT91RM9200,处理器,0,1,0
AT91RM9200处理器,处理器,0,0,1
AT91RM9200处理器,硬件,1,0,0
ATA Spec2000,标准,1,1,1
ATA/ATAPI-6,技术,0,0,1
ATE,技术,0,0,1
ATML,技术,0,1,1
ATML,标准,0,0,1
ATML,模型,1,0,0
ATML标准,标准,0,1,0
ATRU,设备,0,1,0
AUC,性能指标,0,3,1
AUC值,性能指标,1,0,0
AUC值为0.94,研究结果,1,1,0
AUML,技术,0,1,0
AUML,模型,1,0,0
AUML技术,技术,1,0,1
AVIATAR,平台,1,0,0
AVIATAR,系统,0,0,1
AVM与N₂的相关系数为0.712,研究结果,1,0,0
AXIe平台,技术,0,1,1
Abhinav Saxena等人,组织机构,1,0,0
Acoreos653操作系统,技术,0,0,1
Acta Aeronautic et Astronautic Sinica,文献,0,0,1
ActiveX自动化技术,技术,0,0,1
Adaboosting算法,算法,1,1,1
Adam优化算法,算法,2,2,1
Aeronautics Computing Technique Research Institute,技术,0,0,1
Age- related maintenance versus reliability centred maintenance: a case study on aero- engines,研究,0,0,1
Agilent8975A测试仪,测试设备,0,0,1
AirbusAiRTHM,系统,0,1,0
Airbus,机构,1,0,0
Aircraft Communication Addressing and Reporting System，ACARS,技术,0,0,1
Aircraft Health Management (AHM),系统,0,1,0
Akaike信息准则 (AIC),性能指标,1,0,0
Akaike信息准则,方法,0,1,0
AlphaGo,产品,1,0,0
AlphaGo,实体,0,1,0
Amazon公司,公司,0,0,1
AnalytX项目,项目,1,0,0
Andrew,研究学者,0,0,1
Apriori算法,算法,1,1,0
Army LTA（army logistics transformation agency),组织,0,0,1
AutoMPC,软件,1,0,0
Automated SHM,技术,0,0,1
Aviation Engineering Directorate,组织,0,0,1
Avionics Full-Duplex Switched Ethernet (AFDX) network,技术,0,0,1
A,文献标识码,0,1,0
A级软件,软件,1,0,0
B-1B,飞机,0,1,0
B-1B,飞机型号,0,0,1
B-2轰炸机,项目,0,1,0
B-2轰炸机,飞机,0,1,0
B-2轰炸机,飞机型号,1,0,0
B-P神经网络,模型,1,0,0
B-P神经网络,算法,0,0,1
B-P神经网络模型,模型,0,0,1
B707,飞机型号,0,0,1
B727,飞机型号,0,0,2
B737NC航线维护故障模式,模型,0,0,1
B737NG,机型,1,0,0
B737NG空调系统,系统,0,0,1
B737,产品,1,0,0
B737,机型,1,0,0
B737,飞机型号,0,2,3
B737机型的系统简洁性设计,方案,1,0,0
B747-400,飞机,0,3,0
B747-400,飞机型号,1,0,0
B747,飞机型号,0,0,1
B757,飞机,0,1,0
B757,飞机型号,0,0,1
B757飞机,项目,0,1,0
B757飞机,飞机型号,1,0,0
B767,飞机型号,0,0,1
B777,系统,1,0,0
B777,飞机,0,4,0
B777,飞机型号,1,0,2
B777飞机,设备,1,0,0
B787,产品,1,0,0
B787,机型,1,0,0
B787,飞机,0,1,0
B787,飞机型号,1,3,3
BAE Systems公司,机构,1,0,0
BAE Systems公司,组织,0,1,0
BAG,参数,0,1,0
BDI Agent理论模型,模型,1,1,0
BDI（Belief-Desire-Intention）Agent理论模型,模型,0,0,1
BF3中子剂量计,仪器,0,1,0
BHSLSTM,模型,0,1,0
BHSLSTM,算法,0,1,0
BIST技术,技术,0,1,0
BIT (机内测试),技术,1,0,0
BITE(机内测试设备),技术,0,0,1
BITE,技术,0,1,0
BIT,技术,2,2,1
BIT,系统,0,1,0
BIT,设备,0,1,0
BIT手段,技术,0,1,0
BIT技术,技术,0,1,1
BIT数据和诊断数据的表示和传输规范,问题,0,1,0
BIT系统,研究对象,1,0,0
BIT系统,系统,1,1,0
BIT设计,概念,1,0,0
BLP模型,模型,1,1,0
BOUVILLE和LOWDER公式,模型,1,0,0
BP 预测算法,算法,1,0,0
BP(BackPropagation)神经网络,模型,1,0,0
BPFI,概念,0,1,0
BPFO,概念,0,1,0
BPNN,方法,0,1,0
BPNN,模型,0,1,0
BPNN,算法,1,0,1
BPR,传感器,0,1,0
BPTT算法,算法,0,1,1
BP神经网络,技术,0,0,3
BP神经网络,模型,9,5,4
BP神经网络,算法,5,9,6
BP神经网络故障预测方法,方法,0,1,0
BP神经网络模型,模型,1,2,0
BP神经网络预测权重0.6,研究结果,1,0,0
BP算法,算法,1,2,3
BP网络,模型,1,4,1
BP网络,算法,2,0,1
BP网络模型,模型,0,1,0
BSF,概念,0,1,0
Bagging,算法,0,1,0
Bagging框架,算法,1,0,0
Basora等,研究人员,1,0,0
Baum-Welch算法,算法,0,1,0
Baum-welch算法,算法,1,0,1
Baves推理,算法,1,0,0
Bayes公式,理论,1,0,0
Bayes方法,方法,1,1,0
Beta分布,分布,1,1,0
BiGRU,模型,1,1,0
BiGRU网络,模型,0,0,1
BiLSTM- CRF&GRU变换,算法,1,0,0
BiLSTM-CRF&GRU,算法,0,0,1
BiLSTM-CRF&GRU变换,模型,0,1,0
BiLSTM,模型,0,2,0
BiLSTM,算法,1,1,0
Boeing. 787 GoldCare,文件,0,0,1
Boeing757- 300飞机,装备,1,0,0
Boeing,公司,0,0,1
Boeing公司,组织,1,0,0
Bonner球谱仪,仪器,0,1,0
Bonner球谱仪,测量仪器,0,0,1
Bonner球谱仪模型,模型,1,0,0
Brier评分,指标,0,1,0
Bristow直升机公司,公司,0,1,0
Bristow直升机公司,研究机构,1,0,0
Build In Test,概念,0,0,1
Builtintest (BIT),系统,0,1,0
Builtintest,技术,1,0,0
Builtintest（BIT）,技术,0,0,1
Byington,人物,0,1,0
C#语言,编程语言/工具,1,0,0
C-130大力神运输机,飞机,0,2,0
C-17,飞机型号,1,0,0
C-C方法,算法,1,1,0
C-MAPSS,数据,1,0,0
C-MAPSS,数据集,1,2,2
C-MAPSS,系统,0,1,0
C-MAPSS仿真工具,工具,0,1,0
C-MAPSS数据集,数据集,1,4,2
C-MAPSS涡扇发动机退化仿真数据集,数据集,1,0,0
C-MAPSS航空发动机仿真模型,系统,0,1,0
C/A码,技术,0,0,1
C17-T1PHM,系统,0,1,0
C17-T1型飞机,技术,0,0,1
C4.5,算法,1,1,0
C919,组织,0,0,1
C919,飞机,0,1,0
C919,飞机型号,1,1,3
C919大型客机,产品,1,0,0
C919大型客机,实体,0,1,0
C919大型客机健康管理系统,系统,0,1,0
C919大型客机的健康管理系统,模型,1,0,0
CAD系统,数据源,0,1,0
CAD系统,系统,0,0,1
CAE-LSTM,模型,0,1,0
CAM系统,数据源,0,1,0
CAM系统,系统,0,0,1
CAN总线,技术,0,0,2
CAPP系统,数据源,0,1,0
CAPP系统,系统,0,0,1
CARI6,模型,1,0,0
CARI6,软件,0,1,1
CASS系统,简称,1,0,0
CASS系统,设备,0,1,0
CBH测试,算法,1,0,0
CBIT,技术,0,0,1
CBIT,测试类型,0,1,0
CBIT,类,0,1,0
CBM- Skip策略,策略,0,0,1
CBM,技术,1,1,1
CBM,技术术语,0,0,1
CBM,方法,0,1,0
CBM,系统,0,2,0
CBM,维修方式,0,1,0
CBM测试-计划的系统设计,方法,1,0,0
CBR故障诊断系统,技术,0,0,1
CBR数据库,数据,1,0,0
CBR数据库,数据库,0,1,0
CBR模块,模块,1,1,0
CCE-LIMX,项目,0,1,0
CCHM,系统,0,1,1
CCS3.3环境,技术,0,0,1
CEDU,模型,0,0,1
CEDU,系统,0,1,0
CETADS,系统,0,1,0
CF-18,飞机型号,0,1,0
CFD(计算流体动力学),技术,0,0,1
CFD报文,数据,1,0,0
CFD报文,数据源,0,1,0
CFD报文,文档,0,0,1
CFM56-7B发动机,实体,0,1,0
CFM56-7B发动机,设备,0,1,0
CFM,模块,0,1,0
CGEKF仿真用时为4.7060s,研究结果,1,0,0
CGEKF估计误差为0.0299,研究结果,1,0,0
CH-47支奴干,飞机,0,3,0
CH-47支奴干,飞机型号,1,0,0
CH-53E'超级种马”,飞机型号,1,0,0
CH-53E超级种马,飞机,0,1,0
CHK-Means算法,算法,0,1,1
CIS-MS,系统,0,0,1
CMCS,数据源,0,1,0
CMCS,模型,1,0,0
CMCS,系统,2,2,1
CMG云台系统,技术,0,0,1
CMOS,技术,0,0,1
CMS,系统,0,3,0
CND,技术,0,0,1
CND率减少82%,研究结果,1,0,0
CNN-BiGRU-Attention,模型,1,0,0
CNN-BiGRU-Attention,算法,0,0,1
CNN-BiGRU,模型,1,0,0
CNN-BiGRU,算法,0,0,1
CNN-BiLstm,模型,1,0,0
CNN-BiLstm,算法,0,0,1
CNN-GRU-自注意力机制模型,模型,1,1,1
CNN-GRU-自注意力机制模型,算法,0,1,0
CNN-GRU模型,模型,1,1,1
CNN-RNN融合模型,模型,1,0,0
CNNLSTM方法,模型,1,0,0
CNNLSTM方法在J_{RMSE}指标上优于其他大部分方法,研究结果,0,0,1
CNNLSTM方法在J_{Score}指标上优于其他所有方法,研究结果,0,0,1
CNN,模型,0,2,0
CNN,算法,0,0,2
COMPASS,系统,0,1,0
COTS构架,技术,0,0,1
CP-140,飞机型号,0,1,0
CPS,系统,0,1,0
CPU,芯片,0,1,0
CPU占用率,性能指标,1,0,1
CP准则,性能指标,1,0,0
CR-39中子剂量计,仪器,0,1,0
CR929,飞机型号,0,0,1
CR929宽体飞机,实体,0,1,0
CRIS数据模型,模型,1,0,0
CSM/G,技术术语,0,0,1
Caps-BiGRU-Attention,模型,1,1,0
Caps-BiGRU-Attention,算法,0,0,1
Cartocci等,研究人员,1,0,0
Caterpillar,公司,0,0,1
CausationBean,类,0,0,1
Census X12-SARIMA模型,模型,0,1,0
Census X12-SARIMA模型,算法,0,1,0
Chen,人物,0,1,0
Chowdhury 等,研究人员,1,0,0
Clayton Copula,函数,1,0,0
Clean Sky项目,计划,0,1,0
CloudSim,平台,0,1,0
CloudSim平台,平台,1,0,1
Cohesive Zone理论,理论,1,0,0
CommonComputingResource（通用计算资源）,技术,0,0,1
Compact Flash Systems,技术,0,0,1
ConceptualIdealforPLM,概念,1,0,0
ConclusionBean,类,0,0,1
Condition- Based Maintenance (CBM),技术,0,0,1
Copilot软件,技术,0,0,1
Copilot软件,软件,1,1,0
Copula函数,函数,2,9,9
Copula函数,模型,0,1,1
Copula函数,算法,0,0,1
Copula函数法,方法,1,1,0
Copula熵模型,模型,0,0,1
Copula相似性,方法,0,1,0
Cram'er- vonMises统计量检验,算法,1,0,0
Cranfield大学Urban等,组织/人名,1,0,0
Cronbach ε系数,性能指标,1,0,0
CursorControlDevice（指标控制装置）,技术,0,0,1
C,参数,0,0,1
C语言,其他,1,0,0
C语言,工具,0,1,0
C语言,软件,1,0,0
D-S证据理论,技术,0,0,1
D-S证据理论,方法,1,0,0
D-S证据理论,模型,0,1,0
D-S证据理论,算法,1,1,1
D-S证据理论融合,算法,0,1,0
D1,数据集,0,0,1
D2,数据集,0,0,1
D3,数据集,0,0,1
DARPA,机构,0,0,1
DAR,系统,0,1,0
DBN,模型,0,1,0
DBN,算法,1,0,0
DBN模型,模型,0,1,0
DBN网络,模型,0,1,0
DC-9,飞机型号,0,0,1
DC-DC变换器,模型,1,0,1
DC-DC变换器,组件,0,1,0
DC总线驱动,技术,0,0,1
DDC公司,机构,1,0,0
DEKELM,model,0,1,0
DER修理,概念,0,1,0
DFT技术,技术,0,1,0
DHMS,系统,0,1,0
DHP算法,算法,0,1,0
DLC涂层,材料,0,1,0
DLR研究中心,组织,0,0,1
DMA控制模块,技术,0,0,1
DMU,系统,0,1,0
DNN算法,算法,0,1,0
DNN网络,模型,0,0,1
DO-178B,标准,0,1,0
DO-178B标准,标准,0,0,1
DO-178B标准,模型,1,0,0
DO-178C,标准,1,1,1
DO-278,标准,0,1,0
DO-278标准,标准,0,0,1
DO-331,技术,0,0,1
DO-331,标准,1,1,0
DOG小波,函数,1,1,1
DOORS,工具,0,1,0
DOORS工具,技术/语言,1,0,0
DPHM,技术术语,0,0,1
DPHM,架构,0,1,0
DPM,module,0,1,0
DSP+FPGA加速计算卡,硬件,1,0,0
DSP6000系列图像处理平台,技术,0,0,1
DSP,硬件,0,1,0
DSP芯片,技术,0,0,1
DS证据理论,算法,1,2,1
DS证据融合,方法,1,0,0
DS证据融合,算法,0,1,1
Dale W. Richards,作者,0,1,0
Dale W. Richards,研究人员,1,0,0
Dassault,组织,0,1,1
Daubechies小波,函数,0,1,0
DeepLIFT,模型,0,1,0
Dempster Shafter证据理论,理论,1,0,0
Deng和Santos,研究人员,1,0,0
Deng等,研究人员,1,0,0
Diagnostics,技术术语,0,0,1
Digital Twin and its application feasibility to intelligent pipeline networks,文档,0,0,1
Digital Twin,模型,0,1,0
Dijkstra算法,技术,0,0,1
Dijkstra算法,算法,1,1,1
Dropout 方法,算法,1,0,0
Dropout,技术,0,0,1
Dropout,算法,0,0,1
Dropout层,技术,1,0,0
Dropout方法,算法,0,1,0
Dropout机制,机制,0,1,0
Dropout机制,模型,0,0,1
Dropout机制,算法,2,0,0
Dropout策略,方法,0,1,0
Duan等,研究人员,1,0,0
Dziendzikowski,人物,0,1,0
E170/190,飞机型号,1,1,1
EADIN,系统,0,1,0
EAM系统,数据源,0,1,0
EBHA,作动器类型,0,1,0
EBHA,元件,0,1,0
EBHA,技术术语,0,0,1
EBHA,设备,0,1,0
ECM,系统,0,1,0
EC系列,飞机,0,1,0
EC系列,飞机型号,1,0,0
EDMS,系统,0,1,0
EDM框架,算法,0,0,1
EDP,元件,0,1,0
EDP,技术术语,0,0,1
EDP,部件,0,1,0
EDU,系统,0,1,0
EF-2000,飞机型号,1,1,0
EF-2000台风,飞机,0,1,0
EF2000,飞机,0,1,0
EF2000,飞机型号,0,0,1
EGTM预测,任务,1,0,0
EGT,参数,0,3,0
EGT传感器,概念,0,0,1
EGT回归,任务,1,0,0
EGT基线模型,模型,0,1,0
EH101,飞机,0,1,0
EH101直升机,飞机型号,1,0,0
EHA,作动器类型,0,1,0
EHA,元件,0,1,0
EHA,技术术语,0,0,1
EHA,设备,0,1,0
EHM,技术,0,1,0
EHM,概念,0,0,1
EHM,系统,0,1,0
EHM系统,概念,0,0,1
EHM系统,系统,0,2,0
EHM系统,系统/平台,1,0,0
EHM系统功能架构,模型,0,0,1
EJ200,产品/发动机型号,1,0,0
EJ200发动机,发动机,0,1,0
EJ200发动机,研究对象,1,0,0
EJ200发动机,系统,1,0,0
EKF仿真用时为27.0212s,研究结果,1,0,0
EKF估计误差为0.0297,研究结果,1,0,0
EKF是一种实用的非线性参数估计方法,研究结果,1,1,0
EMA(electro-mechanical actuators),技术,0,0,1
EMA,作动器类型,0,1,0
EMA,设备,0,1,0
EMA的预测与健康管理系统,系统,1,0,0
EMA诊断/预测算法,算法,1,0,0
EMB170/190,飞机型号,0,1,0
EMD+RVM-AR模型,模型,0,1,1
EMD-AR模型,模型,0,0,1
EMD,系统,0,1,0
EMD的内模函数（IMF）准则,模型,0,0,1
EMD算法,算法,1,2,1
EMP,元件,0,1,0
EMP,技术术语,0,0,1
EPHM系统,模型,1,0,0
ESARR4,标准,0,1,0
ESARR4标准,标准,0,0,1
ESN预测模型,模型,0,0,1
ESSM,装备,0,1,1
ESTORM模型,模型,1,2,1
ESVR,model,0,1,0
ETA,系统/软件,1,0,0
ETA扩展可测试性分析工具软件,软件,0,0,1
ETL,技术,0,1,0
EUMS,系统,0,1,0
EUROHUMS,系统,1,0,0
Elman神经网络,模型,1,1,0
Elman神经网络,算法,1,0,0
Elman神经网络模型,模型,0,0,1
Elman神经网络识别模型,模型,1,0,0
Elman网络,模型,0,1,0
Elman网络,算法,1,0,1
EngineWise,产品,1,0,0
EngineWise,系统,0,1,0
EnsembleBRB-SHAP,模型,1,0,0
EnsembleBRB-SHAP,算法,0,0,1
EnsembleBRB,算法,0,1,0
EnsembleBRB模型,模型,0,0,1
Epidata3.0统计软件,研究方法,0,0,1
Euclidean距离,算法,1,0,0
European Union Aviation Safety Agency,组织,0,0,1
Exostar,系统,0,1,0
Ext-JS,技术,1,0,1
F- 16B试验机,装备,1,0,0
F- score,性能指标,0,0,1
F-111,飞机,0,1,0
F-111,飞机型号,0,0,1
F-135（JSF）,项目,0,1,0
F-15,飞机,0,1,0
F-15,飞机型号,0,0,1
F-16,飞机,0,1,0
F-16,飞机型号,0,1,1
F-16战斗机,设备,0,1,0
F-22A“猛禽”,飞机型号,1,0,0
F-22A猛禽,飞机,0,1,0
F-22,产品/项目,1,0,0
F-22,组织,0,0,1
F-22,飞机,0,1,0
F-22,飞机型号,2,2,1
F-22战斗机,战机,0,1,0
F-22战斗机,技术,0,0,1
F-22战斗机,装备,0,1,1
F-22飞机,飞机型号,1,0,0
F-2,飞机,0,1,0
F-32战斗机,项目,0,1,0
F-35 JSF项目,项目,0,1,0
F-35 PHM系统,系统,0,1,0
F-35 PHM系统,系统/产品,1,0,0
F-35/F135发动机,技术,0,0,1
F-35/F135的PHM系统,模型,1,0,0
F-35/F135的PHM系统,系统,0,1,0
F-35A,系统,1,0,0
F-35B,系统,1,0,0
F-35,产品/项目,1,0,0
F-35,组织,0,0,1
F-35,飞机,0,1,0
F-35,飞机型号,5,2,2
F-35“联合攻击战斗机”,飞机型号,1,0,0
F-35多用途联合攻击机,武器系统,0,0,1
F-35多用途联合攻击机,系统,1,1,0
F-35战斗机PHM系统,技术,0,0,1
F-35战斗机PHM系统,系统,0,1,0
F-35战斗机,系统/产品,1,0,0
F-35战斗机,装备,0,1,1
F-35战斗机,飞机,0,1,0
F-35的PHM系统,系统,1,0,0
F-35联合攻击战斗机,设备,1,0,0
F-35联合攻击战斗机,飞机,0,1,0
F-35联合攻击机 (JSF),设备,1,0,0
F-35联合攻击机,技术,0,0,1
F-35联合攻击机与F-16飞机相比，出动架次率增加25%，维护人员减少20~40%，保障设备减少50%，维修保障费用降低约30%,研究结果,0,0,1
F-35联合攻击机（JSF）项目,项目,0,1,0
F-35自主式保障系统缺陷,问题,1,0,0
F-35计划办公室,机构,1,0,0
F-35计划办公室,组织机构,0,0,1
F-35计划执行指导委员会,组织机构,0,0,1
F-35项目,项目,0,0,1
F-35飞机PHM系统,系统,0,1,0
F-35飞机,装备,1,0,1
F-35飞机,飞机,0,1,0
F-35飞机,飞机型号,0,0,1
F-35飞机自主式保障系统,系统,1,0,0
F-48大黄蜂战机,装备,0,1,1
F-4F Phantom,飞机型号,0,1,0
F-score,性能指标,0,1,0
F/A- 18E/F“超级大黄蜂”战机,装备,1,0,0
F/A- 22“猛禽”战机,装备,1,0,0
F/A-18E/F,飞机型号,0,0,1
F/A-18E/F超级大黄蜂,设备,0,1,0
F/A-18,飞机,0,1,0
F/A-18,飞机型号,1,0,1
F/A-18改装型,飞机,0,1,0
F/A-18改装型,飞机型号,0,0,1
F/A-22猛禽,设备,0,1,0
F1-Score提高了10.11%,研究结果,1,0,0
F1-score取值达到最大值0.98,研究结果,1,0,0
F100,产品/发动机型号,1,0,0
F100发动机,发动机,0,1,0
F111任务自适应机翼,飞机,0,1,0
F111任务自适应机翼飞行演示验证,飞机型号,0,0,1
F117,产品/发动机型号,1,0,0
F117发动机EPHM系统,系统,0,1,0
F117发动机,技术,0,0,1
F117发动机,装备,0,0,1
F119,产品/发动机型号,1,0,0
F119发动机DHM系统,模型,1,0,0
F119发动机DHM系统,系统,0,1,0
F119发动机,产品/发动机型号,1,0,0
F119发动机,发动机,0,2,1
F119发动机,技术,0,0,1
F119发动机,系统,1,0,0
F119发动机气路故障诊断架构,系统,1,0,0
F135,产品/发动机型号,1,0,0
F135,系统,0,1,0
F135发动机,产品/发动机型号,1,0,0
F135发动机,发动机,0,1,0
F135发动机,研究对象,1,0,0
F135发动机,系统,1,0,0
F135发动机的PHM系统,系统,1,0,0
F136,产品/发动机型号,1,0,0
F136,系统,0,1,0
F136发动机,发动机,0,1,0
F1分数,性能指标,1,1,2
F35,系统,1,0,0
F35战机,装备,1,0,0
F404-GE-400,产品/发动机型号,1,0,0
F404-GE-400发动机,发动机,0,1,0
F404发动机,装备,0,0,1
F404发动机检测系统,模型,1,0,0
FAA,机构,1,1,0
FAA,组织,0,0,1
FACE系统,系统,0,1,0
FADEC,模型,0,0,1
FADEC,系统,0,3,0
FADEC模型库,模型,1,0,0
FADEC系统,系统,1,1,0
FADEC软件,软件,1,0,0
FAR<5%,研究结果,1,0,0
FBPNN,模型,1,1,0
FC接口,技术,0,0,1
FD-3013型闪烁辐射仪,仪器,0,1,0
FD001,数据集,0,1,0
FD001数据集,数据集,0,0,1
FD002,数据集,0,1,0
FD003,数据集,0,1,0
FD004,数据集,0,1,0
FDMS数据采集技术,技术,0,1,0
FFT分析,算法,0,1,1
FIM,技术文档,0,0,1
FIM,文档,2,1,1
FIM数据库,数据库,1,0,0
FLDA,算法,0,0,1
FLEA,测试床,0,0,1
FLEA,系统,0,1,0
FL模型,模型,0,1,0
FMEA,技术,0,1,0
FMEA模型,模型,0,1,0
FMECA,技术,1,0,1
FMECA,方法,0,1,0
FMECA分析,方法,1,1,0
FPE准则函数,函数,0,1,0
FPGA+IP核,技术,0,0,1
FPGA+IP核,硬件,1,0,0
FPGA,硬件,0,1,0
FPGA,硬件组件,0,1,0
FPGA,芯片,0,1,0
FTF,概念,0,1,0
FTP,协议,0,1,0
FUMS64,技术,0,0,1
Face++,实体,0,1,0
Facebook,entity,0,1,0
FastICA,算法,0,0,1
Fe元素平均相对预测误差提高15%和6%,研究结果,0,1,0
Fe元素的平均相对预测误差分别提高了15%和6%,研究结果,1,0,0
Fe元素的平均相对预测误差提高了15%,研究结果,0,0,1
Fibonacci法,算法,0,1,0
Fisher人脸识别,技术,0,0,1
Flash Translation Layer,技术,0,0,1
Flash测试,测试项,0,1,0
FlightDataManagementSystem，FDMS,技术,0,0,1
Florek公式,公式,0,0,1
Florek公式,模型,1,0,0
Flowmaster,模型,1,0,0
Flowmaster,软件,0,2,0
Forman规律,模型,1,1,0
Frank Copula,函数,1,0,0
Free,软件,0,1,1
F值,性能指标,1,1,0
GA 2BP 复合算法,模型,1,0,0
GA-AANN神经网络,算法,0,1,1
GA-BP网络,模型,1,1,0
GA-WNN仿真模型,模型,1,0,0
GA-WNN在飞机引气系统故障预测的研究,研究,0,0,1
GANomaly,模型,1,1,0
GA遗传算法,算法,0,0,1
GB18871—2002,标准,1,1,0
GB18871—2002,法规,0,0,1
GBZ140—2002,标准,1,1,0
GBZ140—2002,法规,0,0,1
GE Global,组织机构,1,0,0
GE36UDF,发动机型号,0,1,1
GE36UDF发动机,产品,1,0,0
GE90,发动机型号,0,1,2
GEC-PL公司,公司,0,1,0
GEC-PL公司,研究机构,1,0,0
GENx发动机,发动机,0,1,0
GEnx,发动机型号,0,1,2
GEnx发动机,系统,0,1,0
GE,公司,0,0,1
GE,机构,0,1,0
GE,组织,2,2,2
GE,组织/公司,1,0,0
GE,组织机构,1,0,0
GE公司,公司,0,1,0
GE公司,机构,1,0,0
GE公司,组织,0,1,0
GE公司,组织/人名,1,0,0
GE公司架构,模型/架构,1,0,0
GE航空公司,机构,1,0,0
GE航空集团,公司,0,0,1
GJB181A-2003,标准,0,1,0
GJB241A-2010,标准,0,1,0
GJB242A-2018,标准,0,1,0
GJB289A总线,总线,0,0,1
GJB289A总线,总线标准,0,1,0
GJB289A总线,技术/标准,1,0,0
GJB289A总线网络,技术/标准,1,0,0
GJB5357-2005,标准,0,1,0
GJB67.6A—2008,规范,0,1,1
GJB775A—2012,规范,1,1,1
GM(1,1),模型,1,0,2
GM(1,1),算法,0,1,1
GM(1,1)模型,模型,6,6,1
GM(1,1)模型,算法,0,1,0
GM(1,1)预测模型,模型,1,1,1
GM(1,1)预测模型,算法,0,0,1
GM（1，1)模型,模型,0,0,1
GPKELM,model,0,1,0
GPKELM算法,算法,1,0,0
GPM,module,0,1,0
GPR,模型,0,1,0
GPS,技术,0,0,1
GPS,系统,1,1,0
GRU,方法,0,1,0
GRU,模型,0,1,1
GRU,算法,1,2,0
GRU模型,模型,1,2,1
GRU模型,算法,0,0,1
GTlab,平台,1,0,0
GTlab,系统,0,1,0
GUI接口,接口,0,1,0
Gabor变换,算法,3,2,3
Gamma分布,模型,1,1,1
Gamma过程,模型,0,1,0
Gao等,研究人员,1,0,0
Gartner,组织,0,1,0
Gartner,组织机构,1,0,0
Gartner公司,组织机构,1,0,0
Gartner发布的“十大战略科技趋势”,文档,0,0,1
Gastops公司,组织,0,1,0
Gaussian核函数,函数,0,1,0
Gauss核具有较好的学习能力,研究结果,0,0,1
Gauss核函数,函数,1,1,0
GenHUMS,系统,1,0,0
General Electric,机构,0,0,1
GetLoad,软件,1,0,0
Global-Local法,技术,0,0,1
Global-Local法,方法,1,0,0
Google,实体,0,1,0
Google公司,公司,0,0,1
Google公司,机构,1,0,0
Greitzer,人物,1,0,0
Greitzer模型,模型,1,1,0
Grieves,研究人员,1,0,0
Grieves教授,人物,1,0,0
Gumbel Copula,函数,1,0,0
Guo等,研究人员,1,0,0
Guyan降阶法,算法,1,1,0
Gy/h,剂量单位,0,1,0
H = 0.784,研究结果,1,0,0
H- 46型直升机,装备,1,0,0
H-46型直升机,设备,0,1,0
HAWK,飞机型号,0,1,0
HDFS分布式文件系统,技术,0,0,1
HI计算模型,模型,1,0,0
HMM,模型,0,2,0
HMS系统,系统,0,1,0
HOMP计划,项目,0,1,0
HRFS文件系统,文件系统,0,1,0
HRFS文件系统,模型,0,0,1
HRFS文件系统,系统,1,0,0
HTMLEditor,技术,0,0,1
HTTP,协议,0,1,0
HUMS(健康和使用监控系统),技术,0,0,1
HUMS/CVFDR,技术,0,0,1
HUMS,技术,0,0,1
HUMS,系统,0,6,0
HUMS处理单元,组件,1,0,0
HUMS系统,系统,0,2,1
Haar小波,函数,1,1,1
Hadoop,平台,1,1,0
Hadoop,技术,0,0,1
Harmony-SE,方法论,0,1,1
Harmony过程,方法,1,0,0
Hausdorff距离,技术,0,0,1
Health Management,技术术语,0,0,1
Health and Usage Monitoring System (HUMS),技术,0,0,1
Heaviside函数,函数,0,1,0
Hilbert-Huang变换,技术,0,0,1
Hilbert-Huang变换,算法,1,0,0
Hilbert谱,模型,0,0,1
Hi与Lo错接,故障类型,1,0,0
Holmes,人物,0,1,0
Holt-Winters,算法,0,1,0
Holt-Winters模型,模型,1,0,0
Holt-Winters模型,算法,0,0,1
Honeywell International公司,公司,0,0,1
Honeywell,公司,0,1,0
Honeywell,机构,2,1,0
Honeywell,组织,0,0,1
Honeywell,组织/公司,1,0,0
Honeywell公司,组织机构,1,0,0
IACS,技术,0,0,1
IAEA安全丛书No.115,标准,1,0,0
IAPSO算法,算法,0,1,0
IATA,机构,1,0,0
IBIT,技术,0,0,1
IBIT,测试类型,0,1,0
IBM,entity,0,1,0
IBM,组织,0,0,1
ICAS系统,系统,0,1,0
ICP,处理器,0,1,0
ICP,系统,0,0,1
ICRP 1990年第60号建议书,标准,1,0,0
ID3,算法,0,1,0
IDMS,系统,0,1,0
IECMS,系统,0,1,0
IEEE Aerospace Conference,文献,0,0,1
IEEE1149.1边界扫描协议,协议,1,1,0
IEEE1149.1边界扫描协议,技术,0,0,1
IEEE1149.4标准,技术,0,0,1
IEEE,组织,0,1,0
IETM故障诊断方法,技术,0,1,0
IFTE系统,简称,1,0,0
IFTE系统,设备,0,1,0
IGV角度,参数,0,1,0
IGV角度（IGV）,参数,0,0,1
IHUMS,系统,1,0,0
IL(理论) = -12.04dB,研究结果,1,0,0
IL(理论) = -7.96dB,研究结果,1,0,0
IMD-HUMS,系统,1,0,0
IMF,函数,0,1,0
IMRBPB,机构,1,0,0
IND-AR,模型,0,1,0
IND-AR,算法,1,1,0
INSTRUMENTATION,媒体,0,0,1
INSTRUMENTATION,支持媒体,0,0,1
INSTRUMENTATION,机构,1,0,0
IP105,标准/规范,1,0,0
IP180,标准,1,0,0
IP180,标准/规范,1,0,0
IP180文件,文件,0,0,1
IP92,标准/规范,1,0,0
IP92和IP105文件,文件,0,0,1
IPCARD,模型,1,0,0
IPCARD,软件,0,1,1
IPD,技术,0,0,1
IPPD,方法,0,1,0
IP核,硬件组件,0,1,0
IRKPCA-HMM,model,0,1,0
ISHEM,技术,0,1,0
ISHM,系统,0,1,0
ISO-13374,技术,0,0,1
ISO-13374标准,标准,1,1,0
ISO/IEC：17025,标准,0,0,1
ISO13374-2,标准,1,1,0
ISO13374,标准,2,1,0
IVHM,系统,0,1,0
IVHM分层体系结构,技术,0,0,1
IVHM参考体系结构,技术,0,0,1
IVHM参考体系结构,概念,0,1,0
IVHM技术开发报告,文件,0,0,1
IVHM系统,系统,0,2,0
IVI-MSS,技术,0,1,1
Ian,研究学者,0,0,1
ImpactTechnology,机构,0,1,0
Impact公司,公司,0,0,1
Impact公司,组织,0,1,0
Impact公司和乔治亚理工学院,组织机构,1,0,0
In- FlightEntertainment（机载娱乐设备）,技术,0,0,1
Init,类,0,1,0
Insight Accelerator,系统,0,0,1
Intel Pentium 166M MX计算机,硬件,1,0,0
International Conference on Prognostics and Health Management,文献,0,0,1
International technology roadmap for semiconductors,文件,0,0,1
J/IST计划,计划,0,1,0
JADE,开发框架,1,0,0
JADE,系统,0,0,1
JADE,软件,0,1,0
JAHUMS,系统,0,1,0
JAHUMS,系统/产品,1,0,0
JF1664-2017温度显示仪校准规范,文献,0,0,1
JMS,协议,0,1,0
JSF PHM系统,系统,0,1,0
JSF,技术,0,0,1
JSF,系统,0,1,0
JSF战斗机,装备,1,0,0
JSF战斗机,设备,0,1,0
JSF武器系统,技术,0,0,1
JSF计划,项目,0,0,1
JSF项目,项目,0,1,1
JSF飞机电源开关模块,研究对象,1,0,0
JSF飞机的PHM体系结构,体系结构,0,1,0
JSF飞机的预测与健康管理体系结构,模型,1,0,0
JSGS-87231A,标准,0,1,0
JSSG-2007A,标准,0,1,0
JT9D-7R4,发动机型号,0,0,1
JT9D-7R4发动机,发动机,0,1,0
JT9D-7R4发动机,系统,1,0,0
JT9D发动机,研究对象,1,0,0
JTAG接口,协议,0,1,0
JTAG接口,技术,0,0,1
JTAG调试接口,技术,0,0,1
J_RMSE,性能指标,0,1,0
J_Score,性能指标,0,1,0
J_{RMSE},性能指标,0,0,1
J_{Score},性能指标,0,0,1
Jarfall,人物,1,0,0
Java编程语言,算法,0,0,1
JessAgent,组件,1,0,0
Jess,软件,0,1,1
Jia等,研究人员,1,0,0
Joe Copula,函数,1,0,0
Julier等,人物,1,0,0
K- means聚类,算法,1,0,0
K-Means算法,算法,0,1,1
K-foldCrossValidation法,算法,1,0,0
K-means,算法,1,1,0
K-means方法,算法,1,1,0
K-means聚类,算法,1,2,2
K-均值聚类,算法,1,0,0
K-均值聚类算法,技术,0,0,1
K-均值聚类算法,算法,1,2,0
KANO模型,模型,0,0,1
KASHMOS项目,项目,0,1,0
KCG,工具,1,1,1
KDD,技术,0,1,0
KDD,概念,1,0,0
KDD模块,模块,1,1,0
KELM,model,0,1,0
KF仿真用时为0.0721s,研究结果,1,0,0
KF估计误差为0.0672,研究结果,1,0,0
KF的估计误差最大,研究结果,1,0,0
KL(Kullback-Leibler)距离,性能指标,1,0,0
KL散度,性能指标,1,1,0
KL散度,算法,0,0,1
KL距离,参数,0,1,0
KNN,算法,0,2,0
KPCA-DBN模型的预测精度最高,研究结果,0,0,1
KPCA-DBN混合模型,模型,1,1,1
KPCA,算法,1,0,0
KQML,模型,1,0,0
KQML,语言,0,1,0
KQML语言,技术,0,0,1
K_ch,参数,0,1,0
K_s,参数,0,1,0
K_x,参数,0,1,0
Kalman滤波器,算法,1,1,0
Kendall秩相关系数,函数,0,0,1
Kendall秩相关系数,性能指标,1,0,0
Kendall秩相关系数,方法,0,1,0
Kennedy 和 Eberhart,研究人员,1,0,0
KernelSHAP,算法,1,1,0
Kobayashi等,人物,1,0,0
Kohonen竞争算法,算法,1,0,0
Kullback信息准则,算法,0,1,0
K一均值聚类算法,算法,1,0,0
K均值聚类算法,算法,1,1,1
K近邻 (KNN),模型,1,0,0
K近邻,方法,0,2,0
K近邻,模型,1,0,0
K近邻,算法,1,0,1
L1范数,概念,1,0,0
LARS算法,算法,1,1,0
LASSO(least absolute shrinkage and selection operator),算法,0,0,1
LASSO,算法,1,1,0
LASSO模型,模型,0,1,0
LCFC,系统,0,1,0
LCMEM,系统,0,1,1
LCM,技术,0,1,1
LDA,算法,1,1,0
LEHGS,元件,0,1,0
LEHGS,技术术语,0,0,1
LIBSVM工具箱,函数,1,0,0
LIBSVM工具箱,工具,0,1,0
LIME,模型,0,1,0
LISTA,算法,0,1,0
LM-STAR,设备,1,1,1
LM算法,算法,1,1,0
LRM,概念,1,0,0
LRU(Line Replaceable Unit),设备,1,0,0
LRU,单元,0,2,0
LRU,概念,1,1,1
LRU,简称,1,0,0
LRU,组件,1,0,0
LRU件,设备,0,1,0
LS-SVM,算法,0,1,0
LSS-VR估计器的估计相对误差在3%以内,研究结果,1,0,0
LSSVM-WNN预测模型,模型,1,1,1
LSSVM,模型,0,1,0
LSSVM,算法,0,2,0
LSSVM预测模型,模型,1,1,1
LSSVR,算法,1,1,0
LSSVR估计器,模型,0,1,0
LSTM- AE模型与核密度估计相结合的方法,方法,1,0,0
LSTM,模型,0,1,1
LSTM,算法,0,2,1
LSTM分类器,算法,0,1,0
LSTM基模型,模型,1,1,0
LSTM循环神经网络,模型,1,0,0
LSTM循环神经网络,算法,0,1,0
LSTM模型,模型,0,1,1
LSTM模型,算法,0,0,1
LSTM神经网络,模型,0,2,0
LSTM神经网络,算法,1,0,0
LSTM网络,技术,0,0,1
LSTM网络,模型,1,10,13
LSTM网络,网络,0,0,1
LSTM网络对压力参量的预测,研究任务,1,0,0
LSTM网络对温度参量的预测,研究任务,1,0,0
LSTM网络模型,模型,1,0,0
LSTM网络预测喘振故障的压力参量的精度比BP网络和SVM网络模型预测的精度高,研究结果,0,0,1
LSTM网络预测喘振故障的温度参量的精度比BP网络和SVM网络模型预测的精度高,研究结果,0,0,1
LSTM网络预测精度高,研究结果,0,1,0
LVQ神经网络,算法,1,1,1
LVQ神经网络故障预测模型,模型,1,1,0
LVQ神经网络模型,模型,0,0,1
LXI总线,标准,1,0,0
LXI总线,系统,0,1,0
LXI总线的通用射频电路模块自动测试设备,系统,0,0,1
LXI总线的通用射频电路模块自动测试设备的开发,研究,0,0,1
LabVIEW,技术,0,0,1
LabVIEW,软件,2,3,1
LabVIEW图形化编程,技术,0,0,1
LabView虚拟仿真平台,技术,0,0,1
LabWindows/CVI,软件,0,0,1
Lasso算法,模型,0,1,0
Lasso算法,算法,1,0,0
Leach公司,组织,0,0,1
Lee等提出的双因子高阶模糊时间序列预测方法,算法,0,0,1
Lee等提出的预测方法,算法,1,0,0
Levenberg-Marquardt算法,算法,1,0,0
Linear核函数,函数,0,1,0
Li,人物,0,1,0
Lockheed MartinAeronautics公司,公司,0,0,1
Loess,函数,0,1,0
Loess,算法,0,1,0
Luna创新公司,公司,0,0,1
Luna创新公司,组织,0,1,0
M'ARMS,系统,1,0,0
M-G模型,模型,1,1,1
M1A2主战坦克,装备,0,1,1
M1A2主战坦克,项目,0,1,0
MADMEL计划,计划,0,1,0
MAD,性能指标,0,1,0
MAE = 13.87, RMSE = 17.95,研究结果,1,0,0
MAE = 5.72, RMSE = 6.94,研究结果,1,0,0
MAE,性能指标,0,1,1
MAE为0.0477,研究结果,1,0,0
MAE为0.4349,研究结果,1,0,0
MAE为0.4548,研究结果,1,0,0
MAE为0.6076,研究结果,1,0,0
MAE为0.9068,研究结果,1,0,0
MAE值为0.006,研究结果,1,0,0
MAPE-φ为0.4066,研究结果,1,0,0
MAPE,性能指标,1,2,0
MAPE为0.0197,研究结果,1,0,0
MAPE为0.0404,研究结果,1,0,0
MAPNET,系统,0,1,0
MAR<8%,研究结果,1,0,0
MAS,技术,1,1,0
MAS技术,技术,0,0,1
MATE,简称,1,0,0
MATE,设备,0,1,0
MATLAB5.2,软件,1,0,0
MATLAB,工具,0,2,0
MATLAB,软件,3,3,1
MATLAB数字仿真模型,技术,0,0,1
MATLAB软件,软件,1,0,0
MA体系架构,架构,0,1,0
MA系统,系统,0,1,0
MA软件架构,系统/架构,1,0,0
MBSE,技术,0,1,0
MBSE,方法,1,1,0
MBSE,概念,0,0,1
MC/DC,技术,0,0,1
MC/DC覆盖,指标,0,1,0
MC/DC覆盖准则,性能指标,1,0,0
MCMC,算法,0,0,1
MCM,技术,0,0,1
MCU,模块,0,1,0
MD-80,飞机型号,0,0,1
MD-80飞机,产品,1,0,0
MD-90,飞机型号,0,0,1
MEA计划,计划,0,1,0
MEL,技术,0,0,1
MEMS,技术,1,1,1
MEMS传感器,传感器,1,0,0
MEMS加速度计,传感器,0,1,0
MEMS技术,技术,0,1,1
MEMS轮胎压力传感器,传感器,1,0,0
MFHBF,性能指标,1,0,0
MFHBF指标,模型,0,1,0
MFOPS,参数,0,0,1
MFOPS,概念,0,1,0
MFOP,概念,0,1,0
MFOP参数分解流程,算法,1,0,0
MH-53E'海龙”,飞机型号,1,0,0
MH-53E海龙,飞机,0,1,0
MHA-Net,模型,1,0,1
MHA-Net,算法,0,1,0
MHUMS,系统,1,0,0
MIL- HDBK- 516B,文件,0,0,1
MIL-E-5007E,标准,1,1,0
MIL-HDBK-516B,文档,0,1,0
MIL-HDBK-516B,标准,1,0,0
MIL-STD-1530D,规范,1,1,1
MIL-STD-1814,文件,0,0,1
MIL-STD-1814,标准,0,1,0
MIL-STD-2165,文件,0,0,1
MIL-STD-2165,标准,0,1,0
MIMOSA,技术,0,0,1
MIMOSA技术,技术,1,0,0
MIMOSA标准,标准,1,1,0
ML-ISTA,算法,0,1,0
MLI接口,技术,0,0,1
MLI接口,接口,1,1,0
MLP,模型,0,1,0
MLR,算法,0,1,0
MLR模型,算法,0,0,1
MMM,module,0,1,0
MN/T1025—2009,标准,1,1,1
MOET计划,计划,0,1,0
MOG-HMM,模型,0,1,0
MOG-HMM模型,模型,0,0,1
MOS接口,接口,1,1,0
MOS管,组件,0,1,0
MRJ,飞机型号,0,0,1
MSE = 0.0122,研究结果,1,0,1
MSE = 0.0817,研究结果,1,0,0
MSE-φ为0.0039,研究结果,1,0,0
MSET,模型,0,1,0
MSET基线模型,模型,1,0,0
MSE,性能指标,3,3,0
MSE为503.90,研究结果,1,0,0
MSE性能函数,性能指标,0,1,0
MSG-3,标准/规范,1,0,0
MSG-3框架,标准,0,0,1
MTBF,性能指标,1,1,0
MTBF,指标,0,1,0
MTC,工具,1,1,0
MTP接口,技术,0,0,1
MTP接口,接口,1,0,0
MTP接口,硬件组件,0,1,0
MTS Landmark电液伺服疲劳试验机,设备,0,0,1
MTS Landmark试验机,设备,0,1,1
MWN网络,模型,0,0,1
MagicDraw,软件平台,0,0,1
MagicDraw平台,工具,1,0,0
MagicDraw平台,平台,0,1,0
MagicGrid,方法论,0,1,1
MagicGrid方法论,方法,1,1,0
MagicGrid方法论,方法论,0,0,1
Maintenance- free Operating Periods，MFOP,参数,0,0,1
Manson-Coffin公式,公式,1,1,1
MapReduce计算框架,技术,0,0,1
Markov过程,模型,0,1,0
Markov过程和灰色事件分析的灰色预测模型,技术,0,0,1
Matern协方差函数,函数,0,1,0
Matlab7.0,技术,0,0,1
Matlab,技术,0,0,1
Matlab,软件,1,2,0
Matlab软件,软件,0,1,0
MaxAE为0.036,研究结果,1,0,0
MdAD,性能指标,0,1,0
Memory模块,模块,0,1,0
MerNet,模型,0,0,1
MerNet,算法,0,1,0
Mercer条件,理论,1,0,0
MexicanHat小波,函数,0,1,0
Michael G. Pecht教授,组织,1,0,0
Michael,研究学者,0,0,1
Microsoft,组织,0,0,1
Mide公司,机构,0,1,0
Mide公司,组织,0,0,1
Min-Max数据标准化方法,算法,1,0,0
Min-Max方法,技术,1,0,0
Miner准则,算法,1,0,0
Miner理论,理论,1,0,0
Miner线性累积损伤理论,理论,1,0,0
ModelCenter,工具,1,1,1
Modelica,技术/语言,1,0,0
Monte Carlo方法,技术,0,0,1
Moog公司,公司,0,0,1
Moore与Greitzer,人物,1,0,0
Morlet函数,函数,1,1,0
Morlet小波函数,函数,1,1,0
Multi-Head CNN-LSTM,模型,0,0,1
Multi-Head CNN-LSTM,算法,1,1,0
Multi-signal flow graphs,技术,0,0,1
MultifunctionDisplay（多功能显示模块）,技术,0,0,1
N1,参数,0,1,0
N1振动高,故障类型,0,1,0
N1转速,参数,0,1,0
NARX模型,模型,0,0,1
NARX神经网络,模型,1,0,0
NARX神经网络,算法,0,1,0
NARX（非线性自回归)模型,模型,1,0,0
NASA Ames Research Center,机构,1,0,0
NASA C-MAPSS数据集,数据集,0,1,0
NASA 艾姆斯研究中心,机构,1,0,0
NASA,实体,0,1,0
NASA,机构,2,5,1
NASA,机构/公司,1,0,0
NASA,组织,0,5,6
NASA,组织/人名,1,0,0
NASA,组织机构,4,0,0
NASA公开数据集,数据集,0,0,1
NASA公开的锂电池退化数据集,数据集,1,0,1
NASA兰利研究中心,公司,0,1,0
NASA兰利研究中心,研究机构,1,0,0
NASA兰利研究中心,组织,0,1,0
NASA埃姆斯研究中心,机构,0,1,0
NASA技术发展路线图,文档,0,0,1
NASA格伦研究中心,机构,1,1,0
NASA涡扇发动机退化数据集,数据集,0,1,0
NASA的C-MAPSS提供的涡扇发动机退化仿真数据集,数据集,0,0,1
NASA的C-MAPSS数据集,数据集,1,0,1
NASA的涡扇发动机退化数据集(C-MAPSS),数据集,1,0,0
NASA的涡扇发动机退化数据集,数据集,0,0,1
NASA的艾姆斯研究中心,组织机构,1,0,0
NASA第2代可重复使用运载器,项目,0,1,0
NASA艾姆斯研究中心,机构,0,1,0
NASA锂电池退化数据集,数据集,0,1,0
NATO STANAG 4626,标准,0,1,0
NAVY,机构,0,0,1
NDIA,技术,0,0,1
NH90,飞机,0,1,0
NH90直升机,飞机型号,1,0,0
NIST,机构,0,1,0
NIST,组织,0,0,1
NI虚拟仪器,技术,0,0,1
NI虚拟仪器,硬件,0,1,0
NI虚拟仪器,组件,1,0,0
NMSE,性能指标,1,0,0
NMSE为0.0028,研究结果,1,0,0
NNARX23,模型,1,0,0
NNARX模型,模型,1,1,1
NRf,传感器,0,1,0
NSM,module,0,1,0
NSPO,机构,0,1,0
NVRAM,技术,0,0,1
NVRAM,类,0,1,0
NVRAM测试,测试项,0,1,0
N_ch,max,参数,0,1,0
Neo4j图数据库,技术,1,0,0
Neuber公式,公式,0,0,1
Neuber规则,理论,1,0,0
NewIT技术,技术,1,0,0
Newton-Raphson迭代方法,方法,1,1,0
Ne,传感器,0,1,0
Nf_dmd,传感器,0,1,0
Nf,传感器,0,1,0
Normalized BIC,性能指标,1,0,0
Nre,传感器,0,1,0
NxTest,概念,0,0,1
NxTest,系统,0,1,0
OA系统,数据源,0,1,0
ODIN公司,机构,0,1,0
ODIN公司,组织,0,0,1
OMS,技术,0,0,1
OOSEM,方法,0,1,0
OOSEM,方法论,0,1,1
OOSEM,概念,0,0,1
OOSEM的CNI系统,概念,0,0,1
OSA-CBM,体系结构,0,1,0
OSA-CBM,技术,0,0,1
OSA-CBM,架构,0,1,0
OSA-CBM,模型,1,1,0
OSA-CBM,系统/架构,1,0,0
OSA-CBM开放式体系架构,架构,0,1,1
OSA-CBM架构,架构,1,1,0
OSA-CBM架构,模型,0,0,1
OSA-CBM架构体系,概念,0,0,1
OSA-CBM标准,标准,1,0,0
OSA-CBM标准,模型,0,1,0
OSA-CBM模型,模型,1,0,1
OSA-CBM规范,标准,1,1,0
OSA-CBM规范,概念,0,0,1
OSAIDD研究计划,文件,0,0,1
OTDF,参数,0,1,0
Oracle数据库,数据库,1,0,2
Oracle编程,技术,1,0,1
P&W,公司,0,0,1
P&W,组织,1,0,0
P-8A多任务海上飞机,设备,1,0,0
P-8A多任务海上飞机,项目,0,1,0
P15,传感器,0,1,0
P2,传感器,0,1,0
P30,传感器,0,1,0
P92 / 105,标准,1,0,0
PANDA,平台,1,0,0
PBIT,技术,0,0,1
PBIT,测试类型,0,1,0
PBIT,类,0,1,0
PCAir,软件,0,1,1
PCA,实体,0,1,0
PCA,模型,0,0,1
PCA,算法,0,1,1
PCHM,系统,0,1,0
PCNfR_dmd,传感器,0,1,0
PCOT,参数,0,1,0
PDM系统,数据源,0,1,0
PDM系统,系统,0,0,1
PF,模型,0,1,0
PF,算法,1,1,0
PF算法,算法,0,0,1
PHM (故障预测与健康管理),技术,1,0,0
PHM(预测与健康管理),技术,1,0,1
PHM(预测与健康管理)系统,系统,1,0,0
PHM,实体,0,1,0
PHM,技术,5,12,6
PHM,技术领域,1,0,0
PHM,概念,0,0,1
PHM,系统,0,5,0
PHM专家系统,技术,0,0,1
PHM云平台,平台,1,1,0
PHM体系结构,模型,1,0,0
PHM体系结构、故障特征提取、故障诊断算法,技术,0,0,1
PHM工程实践,概念,0,1,0
PHM平台,平台,0,1,0
PHM技术,技术,3,6,9
PHM技术,技术领域,1,0,0
PHM技术,模型,1,0,1
PHM技术,研究,0,0,1
PHM技术,系统,0,1,0
PHM数据体系架构,模型,0,0,1
PHM方法,方法,1,1,0
PHM方法,模型,0,0,1
PHM桌面超算平台,平台,1,0,0
PHM概念,概念,1,0,0
PHM模型,模型,0,0,3
PHM测试床,平台,0,1,0
PHM测试床,测试床,0,0,1
PHM的故障诊断与预测算法,技术,0,0,1
PHM算法,算法,0,0,1
PHM系统,技术,0,0,3
PHM系统,概念,0,1,0
PHM系统,模型,1,0,1
PHM系统,系统,7,19,5
PHM系统,部件/模块,1,0,0
PHM系统中的费效模型,技术,0,0,1
PHM系统体系结构应具备的共性特征,研究结果,0,0,1
PHM系统全寿命周期内的验证流程,方法,1,0,0
PHM系统具备层次化体系结构、完善的基础资源管理、多方式故障综合诊断能力，以及统一可视化实时监测界面,研究结果,0,0,1
PHM系统具备故障诊断准确、机上故障处理及时、地面维修高效等特点,研究结果,0,0,1
PHM系统功能维度设计,设计维度,1,0,0
PHM系统层次化体系结构,技术,0,0,1
PHM系统性能度量方法体系,系统,1,0,0
PHM系统架构,架构,0,1,0
PHM系统模型化,设计思想,1,0,0
PHM系统硬件验证平台,技术,0,0,1
PHM系统评估与验证指标体系,技术,0,0,1
PHM系统软件,技术,0,0,1
PHM系统采用开放性、分布式、模块化的系统结构,研究结果,0,0,1
PHM系统预测准确率,性能指标,1,0,0
PHM系统预测准确率（prognostic accuracy）,参数,0,0,1
PHM维修模式,模型,0,1,0
PHM维修模式,策略,1,0,0
PHM维修模式下的计划维修优化,模型,0,0,1
PHM维修模式下的非计划维修可控,模型,0,0,1
PHM诊断能力参数后验估计值,参数,1,0,0
PHM诊断能力外场评估方法直观实用,研究结果,0,0,1
PHM超算平台,平台,1,1,0
PHM错误影响分析模型,模型,1,1,1
PHM项目,技术,0,0,1
PHM项目,系统,1,0,0
PHM验证与确认软件(V&V),软件,1,0,0
PHM验证评估平台,验证评估平台,0,0,1
PHM（Prognostics and Health Management）,技术,0,0,1
PHM（Prognostics and Health Management）技术,系统,0,0,1
PID参数,参数,0,0,1
PL航空电子公司,公司,0,1,0
PL航空电子公司,研究机构,1,0,0
PMA,设备,1,1,0
PMA件占2.3%的份额,研究结果,1,0,0
PMA大数据获取技术,技术,0,1,0
PMA部件,技术,1,1,0
PNN,模型,0,1,0
PNN网络,模型,0,0,1
POA计划,计划,0,1,0
PPM,module,0,1,0
PPP分析,技术,0,0,1
PSO算法保证了F1大于等于F2且迭代次数小于120阶段,研究结果,0,0,1
PSO算法在进行资源分配的时间上优于RR,研究结果,1,0,0
PSO算法效率优势越明显,研究结果,1,0,0
PTC,组织,0,0,1
PTU,元件,0,1,0
PTU,技术术语,0,0,1
PW600,飞机型号,0,1,0
PW,组织,0,0,1
PW公司,组织/人名,1,0,0
PW公司,组织机构,1,0,0
PXIe平台,技术,0,1,1
PXI,概念,0,0,1
PXI、AXI模拟化平台,平台,1,0,0
PXI工控机,架构,0,1,0
PXI总线,技术,1,0,0
PXI总线模块仪器,技术,0,0,1
PXI总线模块仪器,硬件,0,1,0
PXI总线模块仪器,组件,1,0,0
PXI总线系统,技术,0,0,1
P_HS,参数,0,1,0
Paramagic,工具,0,1,1
Paramagic工具,工具,1,0,0
Paris模型,模型,2,8,17
Paris裂纹扩展公式,算法,1,0,0
Pearson相关系数,性能指标,4,4,3
Pentium主频3.00GHz,技术,0,0,1
Petri网,模型,1,0,1
Petri网法,方法,0,1,0
Phi,传感器,0,1,0
Piltan,人物,0,1,0
PoF模型,模型,0,0,1
PolyKernel,函数,0,1,0
Polynomial核函数,函数,0,1,0
Portable MaintenanceAid，PMA,技术,0,0,1
PowerCtrl,类,0,1,0
PowerPC8270,处理器,0,1,0
PowerPC8270,硬件,1,0,0
Pratt & Whitney,机构,0,0,1
Predix,平台,1,0,0
Predix,系统,0,1,0
Predix工业互联网平台,平台,1,0,1
Predix工业互联网平台,技术,0,1,0
Predix平台,平台/系统,1,0,0
Primus Epic CMC,技术,0,0,1
Primus Epic CMC,系统,1,1,0
PrimusEpic机载维修系统,系统,0,0,1
PrimusEpic机载维修系统（OMS）,系统,1,0,0
PrimusEpic模块化航电装置（MAU）,部件,1,0,0
ProDiMES,系统/软件,1,0,0
ProDiMES诊断算法比较基准软件,软件,0,0,1
Proceedings of IEEE Autotestcon,文献,0,0,1
Proceedings of the IEEE Aerospace Conference,文献,0,0,1
Prognostic and Health Management,概念,0,0,1
Prognostic and Health Management技术,技术,0,0,1
Prognostics and Health Management (PHM),技术,0,0,1
Prognostics and Health Management，PHM系统,技术,0,0,1
Prognostics,技术术语,0,0,1
Ps30,传感器,0,1,0
Pythia软件,模型,0,1,1
Pythia软件,软件,1,0,0
P码,技术,0,0,1
QAR,实体,0,1,0
QAR,系统,0,2,0
QAR,设备,0,1,0
QAR数据,实体,0,1,0
QAR数据,数据,2,2,2
QAR数据,数据源,0,1,0
QAR数据,数据集,0,0,1
QAR数据,系统,0,0,1
QAR飞参数据获取技术,技术,0,1,0
QDA,算法,1,1,0
QFD,工具,0,1,0
QFD,技术,0,0,1
QFD模型,模型,0,0,1
QSI公司,组织,0,0,1
QTE,工具,1,1,0
Qualtech系统公司,组织,0,1,1
QuickAccessRecorder，QAR,技术,0,0,1
Q值函数,函数,0,1,0
Q学习,算法,0,1,0
R&R,公司,0,0,1
R&R,组织,1,0,0
RAT,元件,0,1,0
RAT,技术术语,0,0,1
RAT,设备,0,1,0
RA,性能指标,1,1,0
RBFNN单步预测eMAPE-r为0.6775,研究结果,1,0,0
RBFNN方法,算法,0,1,0
RBF核函数,函数,1,1,0
RBF神经网络,模型,1,1,0
RBF神经网络,算法,1,2,2
RBF神经网络算法,算法,1,0,0
RBF网络,模型,1,4,1
RBF网络,算法,1,1,1
RBM-ELM,模型,0,1,0
RBM,模型,0,1,0
RCCSE中国核心学术期刊,技术,0,0,1
RCS值,参数,0,1,0
RD-133发动机,发动机,0,1,1
RD数据采集技术,技术,0,1,0
RE = 0.0121,研究结果,1,0,0
RF-SVR,方法,0,1,0
RF-SVR,算法,1,0,0
RF-SVR回归模型估计均方误差低于1.8,研究结果,1,0,0
RF-SVR模型,模型,1,0,0
RF-SVR模型内泄漏平均绝对百分比误差为1.9566%,研究结果,1,0,0
RFID传感器,传感器,0,1,0
RFID位置感知技术,技术,1,0,0
RFID技术,技术,0,1,0
RFID智能标签,材料,1,0,0
RFID标签,技术,0,1,0
RFID标签,设备,1,1,1
RFID系统,模型,1,0,0
RFID系统,系统,0,1,1
RFID读写器,设备,0,0,1
RFI,工艺,1,0,0
RF,函数,0,1,0
RITA协会,组织,1,1,1
RLS算法,算法,0,0,1
RMSE,性能指标,2,4,2
RMSE为0.1270,研究结果,1,0,0
RMSE为15.188,研究结果,1,0,0
RMSE为16.14,研究结果,1,0,0
RMSE为16.8,研究结果,1,0,0
RMSE为18.45,研究结果,1,0,0
RMSE为18.8,研究结果,1,0,0
RMSE为20.96,研究结果,1,0,0
RMSE为3.6314,研究结果,1,0,0
RMSE为37.56,研究结果,1,0,0
RMSE值0.864,研究结果,1,0,0
RMSE值为0.008,研究结果,1,0,0
RMSE函数,函数,0,1,0
RMSE取值落在[13.45,25.40],研究结果,1,0,0
RMSE取值落在[16.89，30.96],研究结果,1,0,0
RMSE指标上优于四尺度BiLSTM 1.73%,研究结果,1,0,0
RMSE最优取值为39.68,研究结果,1,0,0
RMSE最小值为15.188,研究结果,0,0,1
RMSE落在区间[10.52,18.91],研究结果,0,1,0
RMSE落在区间[11.94，20.99],研究结果,1,0,0
RNN Auto-Encoder,模型,0,0,1
RNN Auto-Encoder,算法,1,1,0
RNN,模型,0,4,3
RNN,算法,1,1,1
RNN模型,模型,0,2,0
RNN模型,算法,0,0,1
ROC曲线,性能指标,1,0,0
ROC曲线下面积 (AUC),性能指标,1,0,0
ROC曲线下面积(AUC),性能指标,1,0,0
RQ-7A/B影子200战术无人机系统,飞机,0,1,0
RQ-7A/B阴影200战术无人机系统,项目,0,1,0
RRAPDS,系统,0,1,1
RS-111型高压电离室,仪器,0,1,0
RS-485电路,模块,0,1,0
RS232-1553总线转发器,模块,0,1,0
RS232-ANSIC429总线转发器,模块,0,1,0
RS232总线,技术,0,0,1
RS232测试,测试项,0,1,0
RTCA/D0- 178B,文件,0,0,1
RTCA/D0- 254,文件,0,0,1
RTCA/D0-178B,文档,0,1,0
RTCA/D0-178B,标准,1,0,0
RTCA/D0-254,文档,0,1,0
RTCA/D0-254,标准,1,0,0
RTCA/DO- 178B,标准,1,0,0
RTCA,组织,0,2,0
RTC测试,测试项,0,1,0
RTM,工艺,1,0,0
RTools开发工具,技术,0,0,1
RUL,实体,0,1,0
RUL,性能指标,1,0,0
RUL估计均方误差低于1.8,研究结果,0,0,1
RUL估计误差,性能指标,1,1,1
RUL估计误差低于3%,研究结果,1,1,0
RUL值为42.8min,研究结果,1,0,0
RUL预测,系统,0,1,0
RVM-AR模型,模型,0,0,1
RVM,模型,0,1,0
RVM拥有计算量较少、预测时间较短、精度较高等优势,研究结果,0,1,0
RVM拥有计算量较少、预测时间较短，精度较高等优势,研究结果,1,0,1
RVM方法的相关向量数量小于LSSVM方法的支持向量个数,研究结果,1,0,0
RVM模型,模型,0,1,0
RVM比LISSVM和BP- NN具有更强的可推广性,研究结果,1,0,0
RVM比LISSVM和BP-NN具有更强的可推广性,研究结果,0,0,1
RVM比LSSVM和BP-NN具有更强的可推广性,研究结果,0,1,0
RVM预测模型,模型,0,1,0
Random Forest,模型,1,0,0
RandomForest,算法,0,0,1
ReLU,函数,1,0,0
ReLU函数,函数,0,1,0
RemoteDiagnostics，RD,技术,0,0,1
ResNet,模型,0,1,0
Research of Wavelet Neural Network Based on Genetic Algorithm in Aircraft Bleed System Fault Prediction,研究,0,0,1
Rete内部匹配算法,算法,1,0,0
Rhapsody,工具,0,1,0
Rhapsody软件,技术/语言,1,0,0
Rhapsody软件,概念,0,0,1
Riccati微分方程,模型,1,0,0
Rockwell Automation,公司,0,0,1
Rolls-Royce,机构,0,0,1
R²为0.797,研究结果,1,0,0
R²为0.879,研究结果,1,0,0
R²为0.917,研究结果,1,0,0
R为0.9986,研究结果,1,0,0
S-01直升机,飞机,0,1,0
S-01直升机,飞机型号,1,0,0
S-92,飞机型号,0,1,1
S-SHM,维修模式,1,0,0
S1,参数,0,1,0
S2,参数,0,1,0
S3,参数,0,1,0
S4,系统/软件,1,0,0
S4系统传感器选择测量软件,软件,0,0,1
SAE AIR1587B EHM架构体系,模型/架构,1,0,0
SAE AIR1587B-2007,标准,0,1,0
SAE AIR1587B,架构,0,1,0
SAE AIR5120A-2016,标准,1,1,0
SAE AIR6217,标准,0,1,1
SAE ARP 1587B,技术,0,0,1
SAE ARP 1587B标准,技术,0,1,0
SAE AS5678,标准,0,1,0
SAE1587B,标准/指南,1,0,0
SAEAS5678,标准,1,0,1
SAE,组织,0,0,1
SAE,组织/公司,1,0,0
SAE,组织机构,1,0,0
SARISTU项目,项目,0,1,0
SAR,系统,0,1,0
SAS9.2,统计软件,0,0,1
SATA存储通道,技术,0,0,1
SCADE,工具,1,1,0
SCADE,软件,0,0,1
SCADE和Simulink和联合MBD解决方案,方法,1,0,0
SCADE模型,模型,1,0,0
SCMP网络,模型,0,1,0
SCMP网络,算法,0,0,1
SCM_EXE,技术,0,0,1
SCM_INP,技术,0,0,1
SDAE-SVR混合模型,模型,1,0,0
SDQ算法,算法,1,1,1
SDQ算法模型,系统,0,1,0
SELM,模型,0,1,0
SELU激活函数,函数,0,1,0
SE注意力机制,机制,0,1,0
SE注意力机制,模型,1,0,1
SGI公司,公司,0,0,1
SGI公司,机构,1,0,0
SH-60海鹰直升机,系统,0,1,0
SHAP,模型,1,0,0
SHAP,算法,0,2,1
SHAP值,函数,0,1,0
SHAP值,性能指标,1,0,0
SHAP值计算,函数,0,0,1
SHAP框架,方法,0,1,0
SHA,作动器类型,0,1,0
SHM(structure health management),技术,1,0,1
SIMATMOS,平台,1,0,0
SIMATMOS,系统,0,1,0
SIR方法,算法,0,0,1
SIR算法,算法,0,1,0
SL,算法,0,0,1
SMB接口,接口,0,1,0
SMC,技术,0,0,1
SMO-SVR,算法,0,1,0
SMO-SVR两步预测eMAPE-r为0.7738,研究结果,1,0,0
SMO-SVR单步预测eMAPE-r为0.5861,研究结果,1,0,0
SMO-SVR单步预测eRMSE-r为0.00063,研究结果,1,0,0
SMO-SVR对时间序列数据的急剧变化具有更好的跟踪能力,研究结果,0,1,0
SMO-SVR方法仍然保证了较高的预测精度,研究结果,0,1,0
SMO-SVR方法优于RBFNN方法,研究结果,1,1,0
SMO-SVR方法预测精度更佳,研究结果,0,0,1
SMO-SVR预测模型,模型,1,0,0
SMOS接口,技术,0,0,1
SMOS接口,接口,0,1,0
SMO算法,算法,1,1,0
SOA-based architectural model,模型,0,1,0
SOA-based system integration method,方法,0,1,0
SOAP2.0工具包,工具,1,1,0
SOAP,协议,0,1,0
SOA,企业级系统集成模式框架,0,0,1
SOA,技术,0,1,1
SOA,架构,0,1,0
SOA数据存取统一服务层,系统,0,0,1
SOM神经网络,算法,1,1,0
SOM网络,模型,1,0,0
SPHM,架构,0,1,0
SPHM传感器,传感器,1,0,0
SPHM技术,技术,1,0,0
SPHM系统,技术,0,0,1
SPM,模块,0,1,0
SPSS11.5统计软件,研究方法,0,0,1
SQLServer2000,数据库,0,1,0
SQLServer2000,系统,0,0,1
SQLServer2000,软件,1,0,0
SQLite数据库,技术,0,0,1
SQLite数据库,数据库,0,1,0
SRU,单元,0,1,0
SRU,概念,0,0,1
SRU,简称,1,0,0
SRU模块,组件,0,1,0
SSA,算法,0,1,0
SSA模型,算法,0,0,1
SSIT,模型,1,1,0
SSIT,算法,0,0,1
SSN-21攻击核潜艇,装备,0,1,1
SSN-21攻击核潜艇,项目,0,1,0
SSPC,设备,0,1,0
SSVM,模型,0,1,0
STANAG 4626,标准,0,1,0
STAR模型,方法,0,1,0
STL(SeasonalandTrendDecompositionusingLoess),算法,0,0,1
STL,算法,1,1,0
STORM,系统,0,1,0
STORM技术,模型,0,1,0
STORM模型,模型,1,1,1
STORM系统,模型,0,1,0
STW-MSABiLSTM,模型,0,1,0
STri-training,模型,0,1,0
SVM,模型,0,1,0
SVM,算法,2,4,0
SVM模型,模型,1,5,0
SVM模型比其他分类模型有较高的优越性,研究结果,0,0,1
SVM模型的AUC值为0.94,研究结果,0,0,1
SVM算法,算法,1,1,2
SVM网络,算法,1,1,1
SVR,模型,0,3,0
SVR,算法,0,1,0
SVR模型,模型,1,0,0
SVR模型,算法,0,0,1
SVR模型内泄漏平均绝对百分比误差为5.5218%,研究结果,1,0,0
SVR预测模型,模型,0,1,0
Sartor,人物,0,1,0
Schmidt,人物,0,1,0
Serial ATA Specification Rev.2.5 Gold,技术,0,0,1
SetTimer函数,函数,0,1,0
Shapley值,函数,0,1,0
Shapley值估计,模型,0,1,0
Siemens,组织,0,1,1
Siemens,组织机构,1,0,0
Sigma点卡尔曼滤波,算法,1,1,0
Sigmoid,函数,1,0,0
Sigmoid函数,函数,3,3,1
Sigmoid核函数,函数,0,2,0
Simcenter3D,平台/系统,1,0,0
Simulink Gateway,工具,1,0,0
Simulink Translator,工具,1,0,0
Simulink Translator,技术,0,0,1
Simulink,工具,1,2,0
Simulink,技术,0,0,1
Simulink,模型,2,0,0
Simulink,软件,0,3,0
Simulink,软件/工具,1,0,0
Simulink模型,模型,1,1,1
Simulink模型,模型/架构,1,0,0
SincNet,模型,1,1,0
Si元素含量预测的平均相对误差仅为4.8%,研究结果,1,0,0
Si元素平均相对误差4.8%,研究结果,0,1,0
Si元素平均相对预测误差提高49%和23%,研究结果,0,1,0
Si元素的平均相对预测误差分别提高了49%和23%,研究结果,1,0,0
Si元素的平均相对预测误差提高了49%,研究结果,0,0,1
Skywise,平台,1,0,0
Skywise,系统,0,0,1
SmartLED,项目,1,0,0
SmartUpload,技术,0,0,1
Smiths Industries公司,公司,0,1,0
SmithsIndustries公司,研究机构,1,0,0
SoC,技术,0,0,1
Softmax,方法,0,1,0
Spark,平台,1,1,0
Sriram和Haghani,研究人员,1,0,0
Stateflow Importer,工具,1,0,0
StateflowImporter,技术,0,0,1
Stateflow,技术,0,0,1
Stationary R²,性能指标,1,0,0
Std.Dev,性能指标,0,1,0
Stykens和Vandewalle,人物,1,0,0
Sun等,研究人员,1,0,0
Sv/h,剂量单位,0,1,0
SysML模型,模型/架构,1,0,0
SysML语言,技术/语言,1,0,0
Systems Modeling Language,系统建模语言,0,0,1
T-S型模糊神经网络模型,模型,1,0,1
T-S模糊模型,模型,1,0,1
T-S模糊神经网络,模型,1,0,1
T-S模糊神经网络,算法,0,1,1
T-S模糊神经网络学习算法,算法,1,0,0
T-S模糊神经网络模型,模型,0,1,0
T2,传感器,0,1,0
T30,传感器,0,1,0
T3,传感器,0,1,0
T45,传感器,0,1,0
T50,传感器,0,1,0
T700,产品/发动机型号,1,0,0
T700发动机,发动机,0,1,0
TCAN,模型,0,0,1
TCAN,算法,1,1,0
TCA,模型,0,0,1
TCL,技术,0,0,1
TCP/IP协议,标准,2,0,0
TEAM-RT,技术,0,0,1
TEAMS-RT算法,算法,1,0,0
TEAMS,系统/软件,1,0,0
TELM,模型,1,1,0
TELM,算法,0,0,1
TEMPER,系统,0,1,0
TEMPER系统,系统,1,0,0
TETS系统,简称,1,0,0
TETS系统,设备,0,1,0
TFE731,发动机型号,0,1,1
TFE731系列发动机,产品,1,0,0
TMS320F28335芯片,技术,0,0,1
TMS320F28335芯片,硬件,1,0,0
TN1VIB,参数,0,1,0
TPM芯片,技术,0,0,1
TRIZ动态性进化创新理论,技术,0,0,1
TRIZ动态性进化创新理论,理论/方法,1,0,0
TRIZ模型,模型,0,0,1
TRIZ理论,技术,0,1,0
TSVM,模型,1,1,0
TSVM,算法,0,0,1
TTri-training,模型,0,1,0
Takens嵌入定理,实体,0,1,0
Takens嵌入定理,理论方法,1,0,0
Teradyne,组织,0,0,1
Test_Item,类,0,1,0
Testability,概念,0,0,1
TimeSetEvent函数,函数,0,1,0
Tomcat,系统,0,0,1
Tomcat,软件,1,0,0
Tornado,飞机型号,0,1,0
TrAdaBoost算法,模型,0,0,1
TrAdaBoost算法,算法,0,1,0
Transfer Component Analysis,模型,0,0,1
Transformer,算法,1,0,0
Transformer架构,模型,0,3,8
Trent900发动机,发动机,0,1,0
T²统计量,性能指标,1,0,0
UAN,网络,0,1,0
UART,类,0,1,0
UCI字母识别数据集,数据集,0,0,1
UH-60,飞机型号,0,1,0
UH-60黑鹰,飞机,0,3,0
UH-60黑鹰,飞机型号,1,0,0
UH-60黑鹰直升机,系统,0,1,0
UHUMS,系统,1,0,0
UKF仿真用时为40.2916s,研究结果,1,0,0
UKF估计误差为0.0291,研究结果,1,0,0
UKF比扩展卡尔曼滤波器具有更高的估计精度,研究结果,1,0,0
UKF的估计误差最小,研究结果,1,0,0
UML,技术,0,0,1
UML,语言,0,1,0
UML模型,模型,1,1,0
UTC,机构,0,1,0
UTC时间点,参数,0,1,0
UltraFan,系统,1,0,0
Urban,组织/人名,1,0,0
V&V(verification and validation,验证与确认),技术,1,0,1
V&V软件,工具,0,1,0
V37,分类号,0,1,0
VAATE计划,计划,0,1,0
VHMS系统,系统,0,1,0
VLSI,技术,0,0,1
VXI,概念,0,0,1
VXI总线,架构,0,1,0
Vanderbilt University,机构,1,0,0
Vapnik,人物,1,0,0
Virtex-5 FPGA Serial ATA Generation 2 Protocol Standard,技术,0,0,1
Virtex-5 RocketIO GTP Transceiver,技术,0,0,1
Viterbi算法,算法,1,1,1
VxWorks操作系统,操作系统,0,1,0
VxWorks操作系统,模型,0,0,1
VxWorks操作系统,系统,1,0,0
W31,传感器,0,1,0
W32,传感器,0,1,0
WIFI,技术,1,0,0
WNN,算法,0,1,0
WNN预测模型,模型,1,1,1
WN网络,模型,0,0,1
WSNs非均匀分解算法,技术,0,0,1
Wang,人物,0,1,0
Wang等,研究人员,1,0,0
Warshall算法,算法,1,0,0
Waston,实体,0,1,0
WebService,技术,1,0,0
Weibull分布广义更新过程,模型,0,0,1
Weibull分布广义更新过程,算法,1,0,0
Weibull分步,模型,0,1,0
Weibull分步建模,算法,1,0,1
Wiener过程,模型,0,1,0
Wiener过程,算法,0,2,0
Wilcoxon秩和检验,研究方法,1,0,0
Wilcoxon秩和检验,统计方法,0,1,1
Windows下高精度定时,技术,0,0,1
W,参数,0,0,1
X-33,飞机型号,1,0,0
X-38航天飞机,设备,0,1,0
X1,参数,0,1,0
X2,参数,0,1,0
XA100,发动机,0,1,0
XA101,发动机,0,1,0
XMLSchema,技术,0,0,1
XMLSchema,标准,0,1,0
XML,技术,0,0,3
XML,语言,0,1,0
XML数据形式存储,技术,0,0,1
XNHPC,传感器,0,1,0
XNIPC,传感器,0,1,0
Xv0,参数,0,1,0
Y1,参数,0,1,0
Y2,参数,0,1,0
Yang,人物,0,1,0
Ye,人物,0,1,0
Z-score,函数,0,1,0
Z-score标准化,技术/方法,1,0,0
ZhangQinghua等人,人物,1,0,0
Z检验,算法,1,0,0
adam,算法,1,0,0
bidirectionalhandshakingLSTM(BHSLSTM),算法,1,0,0
binary_crossentropy,函数,1,0,0
eMAPE,性能指标,0,1,0
eRMSE,性能指标,0,1,0
eSTORM,模型,1,0,0
eSTORM,系统,0,2,0
eSTORM系统,模型,1,1,0
eXpress,软件,0,1,0
eXpress软件,软件,1,0,1
epr,传感器,0,1,0
epsilon_SVR,模型,0,0,1
epsilon_SVR模型,模型,1,0,0
farB,传感器,0,1,0
getCbitResult,函数,0,1,0
getIbitResult,函数,0,1,0
getPbitResult,函数,0,1,0
htBleed,传感器,0,1,0
https://link.cnki.net/urlid/10.1034. t.20250428.1802.004,网址,0,0,1
k-means聚类,算法,1,1,0
linear函数,函数,1,0,0
m*=5, τd*=1,研究结果,1,0,0
mSv,剂量单位,0,1,0
maxEpochs,参数,0,1,0
miniBatchSize,参数,0,1,0
nu_SVR,模型,0,0,1
nu_SVR模型,模型,1,0,0
p25,传感器,0,1,0
p3,传感器,0,1,0
partition算法,算法,0,1,0
purelin型,函数,1,0,0
p值,性能指标,1,0,0
receiveBitResult,函数,0,1,0
rootmeansquare,RMS,函数,0,0,1
score,性能指标,0,1,0
score函数,函数,0,1,0
sendBitTest,函数,0,1,0
sgmoid函数,函数,1,0,0
sigmoid函数,函数,1,3,0
sigmoid激活函数,函数,1,0,0
softmax函数,函数,1,0,0
startCbit,函数,0,1,0
startIbit,函数,0,1,0
startPbit,函数,0,1,0
t 检验,研究方法,1,0,0
tanh函数,函数,1,2,0
tansig,函数,1,0,0
tansig型,函数,1,0,0
t检验,研究方法,1,0,0
t检验,统计方法,0,1,1
t检验、方差分析及多元线性逐步回归分析,研究方法,0,0,1
xPC Target,平台,1,0,0
xPC Target仿真平台,平台,0,1,0
z-score标准化,算法,0,0,1
ΔMHC,参数,0,1,0
ΔMHC的估计相对误差达到了69%,研究结果,1,0,0
ΔMHT,参数,0,1,0
ΔMLC,参数,0,1,0
ΔηHC,参数,0,1,0
ΔηHT,参数,0,1,0
ΔηLT,参数,0,1,0
α粒子,粒子,0,1,0
δ₁ = 6.920ms,研究结果,1,0,0
δ₂ = 2.029ms,研究结果,1,0,0
ε 不敏感值,参数,1,0,0
ε,参数,0,0,1
ε不敏感值,参数,0,1,1
η,参数,0,0,1
μ介子,粒子,0,1,0
σ,参数,0,0,1
χ2 检验,研究方法,1,0,0
χ²检验,统计方法,0,1,0
“人- 机- 环”理论,模型,1,0,0
“先进飞行器导航、控制与健康管理”工信部重点实验室,科研基地,1,0,0
“双级轴向 + 环冷径向”三重旋流火焰筒头部构型,构型,1,0,0
“多电飞机”（More electric aircraft，MEA）计划,研究计划,1,0,0
“多电飞机电源管理和配电系统”（MADMEL）计划,研究计划,1,0,0
“宝石台”综合管理系统,系统,1,0,0
“宝石柱”综合管理系统,系统,1,0,0
“宝石柱”计划,产品/项目,1,0,0
“更开放的电气技术”（MOET）计划,研究计划,1,0,0
“洁净天空”（Clean Sky）项目,研究计划,1,0,0
“海豚”直升机,飞机型号,1,0,0
“阵风”战斗机,飞机型号,1,0,0
“飞机一任务功能一影响参数”两级映射,模型,1,0,0
“飞行器自主控制技术”教育部工程中心,科研基地,1,0,0
“黑鹰”直升机,设备,1,0,0
“黑鹰”直升机,飞机型号,1,0,0
△EGT,参数,0,1,0
△EGT,性能参数,0,0,1
△FF,参数,0,1,0
△FF,性能参数,0,0,1
△N1,参数,0,1,0
△N1,性能参数,0,0,1
△N2,参数,0,1,0
△N2,性能参数,0,0,1
《2019—2023中期防卫力量整备计划》,文件,0,0,1
《F- 35维护：国防部在维护扩大的机群方面面临挑战》,报告,1,0,0
《F- 35维护：国防部需要制定计划解决集中后勤系统的风险》,报告,1,0,0
《F- 35维护：国防部需要解决供应链重要挑战》,报告,1,0,0
《F- 35维护：国防部需要解决影响准备率和费用透明度的挑战》,报告,1,0,0
《F- 35联合攻击机：研发基本完成，但在测试中发现的缺陷需要解决》,报告,1,0,0
《中国测试》,支持媒体,0,0,1
《仪器仪表学报》,媒体,0,0,1
《仪器仪表学报》,支持媒体,0,0,1
《仪器仪表学报》,机构,1,0,0
《军用关键技术》报告,文件,0,0,1
《国外电子测量技术》,媒体,0,0,1
《国外电子测量技术》,支持媒体,0,0,1
《国外电子测量技术》,机构,1,0,0
《电子测量与仪器学报》,媒体,0,0,1
《电子测量与仪器学报》,支持媒体,0,0,1
《电子测量与仪器学报》,机构,1,0,0
《电子测量技术》,媒体,0,0,1
《电子测量技术》,支持媒体,0,0,1
《电子测量技术》,机构,1,0,0
《防卫计划大纲》,文件,0,0,1
一个发展飞机电源系统智能BIT的系统解决方案,解决方案,1,0,0
一体化,研究结果,0,1,0
一元线性回归模型,模型,1,0,1
一次运算时间小于2ms,研究结果,1,0,0
一种全桥LLC谐振倍压变换器的电路特性分析,文献,0,0,1
一种具有高抗干扰能力测温信号隔离变送器的设计与实现,文献,0,0,1
一种高精度模拟信号隔离电路设计,文献,0,0,1
一类分类,算法,1,1,0
一级,研究结果,1,0,0
一级缓存,系统,1,0,0
一级缓存,缓存,0,1,0
一线测试设备PMA,设备,1,0,0
一维CNN和双向长短期记忆（BD-LSTM）,算法,0,0,1
一维简化模型,模型,0,0,1
一般飞行事故发生率,性能指标,1,0,0
一般飞行事故发生率为0.618511×10-7,研究结果,1,0,0
一般飞行事故率为1.13509×10-7,研究结果,1,0,0
丁斐,人物,0,0,1
三Weibull分步,模型,1,1,1
三化一体设计架构,架构,1,0,1
三化一体设计架构,设计架构,0,1,0
三参数威布尔分布,模型,0,0,1
三尺度ABiLSTM,算法,1,0,0
三尺度BiLSTM,算法,1,0,0
三层BP网络模型,模型,1,1,1
三层前向人工神经网络,模型,1,1,0
三次多项式回归模型,模型,1,1,1
三次指数平滑模型,模型,0,0,1
三次指数平滑法,方法,1,0,0
三次指数平滑法,模型,1,1,0
三次指数平滑法,算法,0,0,1
三相64结构的开关磁阻发电系统,模型,0,0,1
三类自激变换器及其解析结果,文献,0,0,1
三级式无刷同步电机,部件,1,0,0
三级维修体制,概念,0,1,0
三级维修体制,维修体制,1,0,0
三维多相迭代设计准则,准则,1,0,0
三维多相迭代设计准则,设计准则,0,1,0
三维建模技术,技术,0,0,1
三维模型,模型,0,0,1
三维空气动力学燃烧室,技术,0,0,1
三菱支线喷气飞机(MRJ),产品,1,0,0
三菱支线喷气飞机(MRJ),飞机型号,0,1,0
三菱重工,公司,0,1,0
三菱重工,组织,1,0,0
三角模糊数,模型,1,0,0
三重训练算法,模型,1,0,0
三重训练算法,算法,0,1,1
上升时间,参数,0,0,1
上升时间,性能指标,0,1,0
上海一布鲁塞尔,航线,0,1,0
上海一广州,航线,0,1,0
上海一成都,航线,0,1,0
上海一昆明,航线,0,1,0
上海一温哥华,航线,0,1,0
上电自测试(PBIT),测试,1,0,0
下肢康复机器人按需辅助自适应控制方法,研究,0,0,1
下降时间,参数,0,0,1
下降时间,性能指标,0,1,0
不可测参数,参数,0,2,0
不同文化程度飞行人员的亚健康状态得分差异无统计学意义,研究结果,1,0,1
不大于2%,研究结果,1,0,0
不完整性,研究结果,0,1,0
不确定性,概念,0,2,0
不确定性,研究结果,0,1,0
不确定性推理,技术,0,1,0
不确定性推理模型,模型,1,1,1
不确定性问题,研究问题,1,0,0
不良习惯,影响因素,0,1,0
不良生活习惯,影响因素,1,0,0
不适合预测波动序列,缺陷,1,0,0
不长于1ms,研究结果,1,0,0
与会代表,群体,1,0,0
与控制系统集成方案,架构,1,0,0
与涡轮后机匣一体化的加力燃烧室技术,技术,1,0,1
与进气机匣一体化的吸波导流体技术,技术,1,0,1
与飞机后体一体化的异形喷管技术,技术,1,0,0
与飞机后机身一体化的异形喷管技术,技术,0,0,1
专家建模器,模型,1,0,0
专家建模器,算法,0,1,0
专家知识系统,模型,0,1,0
专家知识系统,系统,1,0,0
专家系统,entity,0,1,0
专家系统,技术,4,1,3
专家系统,方法,0,1,0
专家系统,模型,3,2,2
专家系统,算法,3,3,3
专家系统,系统,3,3,0
专家系统推理方法,技术,1,0,0
专家系统推理方法,方法,1,0,0
专家系统故障诊断方法,方法,0,1,0
专家系统方法,方法,1,0,0
专家系统方法,算法,1,1,1
专家系统法,算法,0,1,0
专家系统诊断方法,方法,1,0,0
专家诊断系统,系统,0,0,1
专用健康网络,系统,0,1,0
专用健康网络设计,技术,0,0,1
业务服务总线,总线,0,1,0
业务逻辑层,层,0,1,1
东欧和东亚地区,地区,0,0,1
两种方法在不同的研究系统中各有优劣,研究结果,0,0,1
两端口GJB289A总线网络模型,模型,1,0,1
两端口总线网络模型,模型,0,1,0
两端口网络分布参数模型,模型,1,0,0
两轴快速转向镜,技术,0,0,1
两阶段极大似然估计,方法,0,1,0
两阶段极大似然估计,算法,1,0,0
严酷度,性能指标,1,0,0
严酷度分析,方法,0,1,0
严酷度分析,算法,1,0,0
个人年均受照有效剂量为2.19(0.89×0.42)mSv,研究结果,1,0,0
中介轴承,物理对象,1,0,0
中介轴承,设备,0,1,0
中介轴承,部件,0,1,0
中介轴承调制频率,频率,1,0,0
中位秩回归参数估计法,方法,0,0,1
中位秩回归参数法,算法,1,1,0
中国,组织,0,0,1
中国仪器与测量网,媒体,0,0,1
中国仪器与测量网,支持媒体,0,0,1
中国仪器与测量网,机构,1,0,0
中国仪器仪表学会,主办单位,0,0,1
中国仪器仪表学会,机构,2,1,0
中国仪器仪表学会电子测量与仪器分会,承办单位,0,0,1
中国仪器仪表学会电子测量与仪器分会,机构,1,2,0
中国仪器仪表学会电子测量与仪器分会,组织,0,0,1
中国制造2025,概念,0,1,0
中国南方航空公司,航空公司,0,0,1
中国南方航空股份有限公司,机构,1,0,0
中国商用飞机有限公司上海飞机设计研究所,机构,0,0,1
中国商用飞机有限责任公司,实体,0,1,0
中国商用飞机有限责任公司,机构,0,1,0
中国商用飞机有限责任公司,组织,0,1,1
中国商用飞机有限责任公司上海飞机设计研究院,公司,0,0,1
中国商飞,公司,0,0,1
中国国际航空公司,航空公司,0,0,1
中国安全生产科学研究院安全生产检测技术中心,机构,0,0,1
中国安捷伦科技有限公司,组织,0,1,0
中国核动力研究设计院设计所,机构,1,0,0
中国核动力研究院,机构,0,1,0
中国民用航空人员医学标准和体检合格证管理规则,文献,0,0,1
中国民用航空飞行学院,组织,0,0,1
中国民航大学,实体,0,1,0
中国民航大学,机构,0,1,0
中国民航大学航空工程学院,机构,0,0,1
中国民航飞行学院,组织,0,1,0
中国电子学会电子测量与仪器分会,承办单位,0,0,1
中国电子学会电子测量与仪器分会,机构,1,2,0
中国电子学会电子测量与仪器分会,组织,0,0,1
中国电子科技集团公司第三十二研究所,组织,0,0,1
中国电子科技集团有限公司第四十一研究所,机构,0,0,1
中国石油管道公司智慧管道建设项目中心,组织,0,0,1
中国科学院自动化所,机构,1,1,0
中国航发控制系统研究所,机构,0,0,1
中国航发控制系统研究所,组织,0,1,0
中国航发沈阳发动机研究所,机构,0,0,1
中国航空信息中心,机构,0,1,1
中国航空工业发展研究中心,组织,0,1,1
中国航空工业集团公司成都飞机设计研究所,机构,1,0,0
中国航空无线电电子研究所,机构,1,1,0
中国航空综合技术研究所,机构,0,1,1
中国西南电子技术研究所,机构,0,0,1
中国计算机自动测量与控制技术协会,组织,0,2,1
中国运载火箭技术研究院空天业务部,机构,1,0,0
中国飞机强度研究所,机构,1,1,0
中国飞行试验研究院,机构,1,1,0
中央故障显示系统 (CFDS),系统,0,1,0
中央故障显示系统,系统,1,0,0
中央故障显示系统（Centralized Fault Display System，简称CFDS）,技术,0,0,1
中央维修系统,系统,1,0,1
中央维修系统软件,系统,1,0,0
中央维修计算功能（CMCF）,功能,1,0,0
中央维修计算机 (CMC),系统,0,1,0
中央维修计算机,系统,1,2,0
中央维修计算机（CMC）,系统,1,0,0
中央维修计算机（Central Maintenance Computer，简称CMC）,技术,0,0,1
中央维护系统(CMS),系统,1,0,0
中央维护系统,系统,0,1,0
中央维护系统（CMS）,系统,0,0,1
中央集成维修计算机,技术,0,0,1
中央集成维修计算机,系统,1,1,0
中子,概念,1,0,0
中子,粒子,0,1,0
中子剂量,剂量成分,0,1,0
中心圆孔板件,研究对象,1,0,0
中心模块,模块,0,1,0
中文核心期刊,技术,0,0,1
中文核心期刊要目总览,技术,0,0,1
中期预测效果不太理想,研究结果,0,0,1
中期预测部分准确率达到71%,研究结果,1,0,0
中继级诊断维修,维修体制,1,0,0
中航一集团634研究所,机构,0,1,0
中航工业,组织,0,1,0
中航工业上海航空测控技术研究所,组织,0,1,0
中航工业北京航空制造工程研究所,机构,0,0,1
中航工业南京机电液压工程研究中心,机构,1,1,0
中间状态,状态,0,1,0
丰世林,人物,0,1,0
串联电阻,参数,0,1,0
串联系统,设备,0,1,0
临界参数B,关键参数,1,0,0
为国产民机智能故障诊断与整机的健康管理提供参考,研究结果,0,0,1
为机组后续运行决策提供支持，保障飞机的运行安全,研究结果,0,0,1
为飞机的设计提供改善依据,研究结果,1,0,0
主任,职位,1,0,0
主元分析,算法,1,1,0
主元分析法,算法,0,1,0
主减速齿轮,部件,0,1,0
主分量提取,技术,0,0,1
主动Lamb波技术,技术,0,0,1
主动失速控制,技术,1,0,1
主动性维修,策略,1,0,0
主动控制,技术,1,1,0
主动控制,领域,0,0,1
主动燃烧控制,技术,1,0,1
主动监测,技术,0,1,0
主动维修保障活动,概念,0,0,1
主动进气道控制,技术,0,0,1
主动间隙控制,技术,1,0,1
主因子模型,模型,1,0,0
主因子模型,算法,0,1,0
主层分分析(PCA),算法,1,0,0
主总线电缆,组件,0,1,0
主成分分析(PCA),算法,1,0,0
主成分分析,实体,0,1,0
主成分分析,方法,0,1,0
主成分分析,算法,2,3,0
主成分分析法,方法,1,1,0
主成分分析法,算法,2,0,1
主成分分析法（PCA）,方法,0,0,1
主成分分析法（PCA）,算法,1,0,0
主成分分析（PCA）,算法,0,0,1
主操纵系统,系统,1,0,0
主旋翼转速,参数,0,1,0
主机数据更新间隔、发送间隔与AFDX端系统定时器周期不匹配,问题,1,0,0
主燃油流量,参数,0,1,0
主电源,系统,0,1,0
主被动一体的损伤监测系统,系统,1,0,0
主要国际航线飞行1000h接受剂量约6mSv,研究结果,1,0,0
主轴,部件,0,1,0
主轴承,部件,0,2,0
乘同余组合发生器,方法,0,0,1
乘同余组合发生器,算法,1,1,0
乘法模型,模型,0,1,0
乘法模型,算法,0,1,0
事件历史记录器(EHR),系统,0,1,0
事件基控制,技术,0,0,1
事前可解释性,概念,0,1,0
事前可解释性,理论/概念,1,0,0
事后可解释性,概念,0,1,0
事后可解释性,理论/概念,1,0,0
事后维修,技术,1,0,0
事后维修,概念,1,1,1
事后维护方式,方法,1,0,0
事故征候发生率,性能指标,1,0,0
事故征候发生率为0.021478×10-4,研究结果,1,0,0
二元矢量喷管,构型,1,0,0
二分类模型,模型,1,0,0
二极管,组件,0,1,0
二次多项式,模型,1,0,1
二次多项式回归模型,模型,1,1,1
二次电源,系统,0,1,0
二级维修体制,概念,0,1,1
二级维修体制,维修体制,1,0,0
二级缓存,系统,1,0,0
二级缓存,缓存,0,1,0
二级缓存模式,方法,1,0,0
二级缓存模式,模式,0,1,0
二级航空结构、部件和零件供应商,供应商类型,0,0,1
二线测试设备,设备,1,1,0
二阶多项式模型,模型,0,0,1
二阶弱化算子 D²,算法,1,0,0
二阶弱化算子,算子,0,1,0
二阶锥规划,算法,1,1,1
二项分布,分布,1,0,0
于功敬,人物,1,0,0
于功敬研究员,人物,0,1,1
于劲松,人物,1,1,0
于劲松教授,人物,0,1,1
于水,研究者,0,0,1
于水等,研究者,1,0,0
云制造技术,技术,1,1,0
云平台,服务资源,0,1,0
云环境下的发动机健康管理系统,系统,0,1,0
云环境下的发动机健康管理系统可以有效地进行航空发动机故障诊断,研究结果,1,0,0
云环境下的发动机健康管理系统模型,模型,0,0,1
云环境下的民航发动机健康管理系统,系统,1,0,0
云计算PHM体系架构,架构,0,1,0
云计算,技术,2,4,2
云计算,概念,1,0,0
云计算技术,技术,0,0,1
云计算技术,理论,1,0,0
互信息-信息增益模型,模型,0,0,1
互信息,函数,0,1,1
互信息－信息增益,理论,1,0,0
互操作性,概念,1,1,0
互相关技术,技术,0,1,0
互相关灵敏度,参数,0,1,0
互相关灵敏度分布,概念,1,0,0
互相关灵敏度加权速度提取方法能够有效地对电极间隔区域及管道中心区域的带电颗粒进行监测,研究结果,0,0,1
互相关聚焦法,方法,1,0,0
互联网,技术,0,0,1
五性,概念,0,1,0
五维模型,模型,0,0,1
亚健康状态,健康状态,0,1,0
亚健康状态,疾病/健康问题,1,0,0
亚健康状态量表,研究方法,1,0,1
交互式电子技术手册,设备,0,1,0
交互式电子技术手册（ITEM),技术,0,0,1
交互式辅助维修与虚拟维修技术,技术,0,1,1
交叉增强校核,技术,0,1,0
交叉增强校核,算法,0,1,0
交叉熵损失函数,函数,2,0,0
交流电动泵,部件,0,1,0
产品优化,过程,0,1,0
产品全生命周期健康管理,技术,1,0,0
产品设计,应用,0,1,0
产品设计,技术,0,0,1
产生式规则,方法,1,0,0
产生式规则,模型,0,1,0
产生式规则推理效率低下,问题,1,0,0
产生式规则知识表示方法,方法,1,0,0
人-机-环完整性认知模型,技术,0,0,1
人工免疫系统,模型,1,1,0
人工智能,关键词,0,1,0
人工智能,技术,5,4,5
人工智能,方法,1,0,0
人工智能,理论,1,0,0
人工智能、图形处理、软件工程,研究领域,0,0,1
人工智能技术,技术,5,4,3
人工智能故障诊断技术,技术,1,0,0
人工智能算法,技术,0,1,0
人工智能算法,算法,0,1,0
人工智能逻辑推理算法,方法,0,1,0
人工智能逻辑推理算法,算法,1,0,0
人工智能领域,领域,0,0,1
人工神经网络 (ANN),模型,1,0,0
人工神经网络,技术,0,0,1
人工神经网络,方法,1,1,0
人工神经网络,模型,4,2,1
人工神经网络,算法,5,4,5
人工神经网络优化算法,算法,1,1,0
人工神经网络法,方法,1,0,0
人工神经网络法,算法,0,1,1
人工蜂群算法,算法,2,2,1
介质摆渡,传输方式,0,1,0
代价函数,函数,1,0,0
代价函数法,函数,0,0,1
代价函数法,方法,0,1,0
代价函数法,算法,1,0,0
代数环问题,问题,1,0,0
代码分析,技术,1,0,0
代码覆盖率统计,技术,0,0,1
代言,人物,1,0,0
代言副总师,人物,0,1,1
代谢性疾病,疾病,1,0,0
以可靠性为中心的维修,技术,0,1,0
以可靠性为中心的维修,维修模式,1,0,0
以太网技术,技术,0,1,0
以太网电路,模块,0,1,0
以往的航空电子故障诊断技术,算法,1,0,0
仪器检测,体检项目,0,0,1
价值网络,算法,1,0,0
任务冗余率,参数,0,0,1
任务冗余率,性能指标,0,1,0
任务分配策略,方法,1,0,0
任务完备率,性能指标,1,1,1
任务完备率提高了10%,研究结果,1,0,0
任务完成率,性能指标,0,0,1
任务成功率,性能指标,2,1,0
任务成功率提高了10%,研究结果,1,0,0
任务系统PHM功能,技术,0,0,1
任务级模式,模式,0,1,0
任务级模式,系统,1,0,0
任务航迹规划,功能,1,0,0
任务规划,功能,0,1,0
任务轨迹规划,功能,0,1,0
任务链指挥,参数,0,1,0
任磊,人物,0,1,1
任茹菲,组织/人名,1,0,0
仿人机器人越障步态控制研究,研究,0,0,1
仿射不变矩,技术,0,0,1
仿真Agent,Agent,0,1,0
仿真,方法,1,0,0
仿真分析,技术,0,0,1
仿真分析方法,概念,0,0,1
仿真实验,研究方法,1,0,0
仿真方法,方法,0,1,0
仿真时间,参数,0,0,1
仿真模型,模型,2,1,2
仿真模型有效性验证,研究结果,0,1,0
仿真用时,性能指标,1,1,0
仿真神经网络预测方法,模型,0,0,1
仿真计算,过程,0,1,0
仿真误差小于5%,研究结果,1,0,0
企业服务总线,架构组件,1,0,0
企业资产管理系统,系统,0,0,1
企业资源管理(ERP)软件,系统,0,1,0
企业集成与协同技术,技术,0,1,0
伊尔-76,飞机型号,0,0,1
优先级抢占机制,方法,1,0,0
优先级抢占机制,机制,0,1,0
优先级抢占机制,算法,0,0,1
优化PHM系统工作过程,研究结果,0,1,0
优化后模型准确度有较大提高,研究结果,1,0,0
优化后模型误差从10%以上降低到2%左右,研究结果,0,0,1
优化器sgdm,参数,0,1,0
优化最大信噪比分离方法能有效分离航空发动机混叠振动信号中的不同故障特征,研究结果,0,0,1
优化算法,算法,1,0,0
优选后的LSTM模型,模型,1,0,0
会议报告,报告,1,0,0
传感,技术,0,1,1
传感器,技术,0,1,0
传感器,设备,1,0,0
传感器优化配置模型,技术,0,0,1
传感器优化配置模型,模型,1,0,0
传感器信息融合技术,技术,0,1,1
传感器增益下降,故障类型,0,1,0
传感器失效检测,性能指标,1,0,0
传感器嵌入技术,技术,1,0,1
传感器布置优化,技术,1,0,1
传感器技术,技术,0,1,1
传感器故障,故障,1,0,0
传感器故障,故障类型,0,1,0
传感器故障诊断,应用,1,0,0
传感器的集成化、微型化和智能化发展,挑战,0,0,1
传感器系统,系统,1,0,0
传感器网络,技术,0,0,1
传感器网络,概念,0,1,0
传感器网络,模型,0,1,0
传感器解析冗余网络,模型,1,1,0
传感网络,服务资源,0,1,0
传感网络智能诊断,技术,0,1,1
传统ESN预测模型,模型,1,1,0
传统FBPNN,模型,1,1,0
传统FBPNN模型,模型,0,0,1
传统GM(1,1)预测模型,模型,1,0,0
传统RNN,模型,0,0,1
传统SVM模型,模型,0,1,0
传统备份系统,系统/部件,1,0,0
传统数字孪生三维模型,模型,1,0,0
传统方法[25],模型,1,0,0
传统方法,方法,1,0,0
传统模型匹配检测方法,算法,1,0,0
传统液压刹车系统,系统/部件,1,0,0
传统的定期更换和检查,方法,1,0,0
传统的支持向量机模型,模型,1,0,0
传统的故障检测方法,算法,1,0,0
传统的迭代寻优算法,算法,1,0,0
传统神经网络,模型,1,0,0
传统离线校准方法,方法,1,0,0
传统维修,概念,1,0,0
传统计量校准方法,方法,0,0,1
传统质保期概念,性能指标,1,0,0
传统飞机,飞机类型,0,1,0
伪邻法,算法,1,0,0
估算误差均值为-5.8944,研究结果,1,0,0
估计值的相对误差最大值从69%缩小到13%,研究结果,0,0,1
估计值的相对误差最大值从69%缩小到5%,研究结果,0,0,1
估计损伤,性能指标,1,0,0
估计精度,性能指标,1,0,0
估计误差,性能指标,3,2,0
估计误差在 0.5% 以内,研究结果,1,0,0
伺服放大器,参数,0,1,0
伺服液压作动器,作动器类型,0,0,1
伺服液压作动器,系统/部件,1,0,0
伺服阀固有频率,参数,0,1,0
似然函数,参数,0,0,1
伽马函数,函数,1,0,0
伽马函数,指标,0,1,0
位域,概念,1,0,0
位标器线包综合测试系统,技术,0,0,1
位置传感器,参数,0,1,0
位运算,概念,1,0,0
低、高压转子转速偏差,参数,0,0,1
低压压气机,研究对象,1,0,0
低压压气机模块性能衰退,故障类型,0,1,1
低压压缩机出口温度,参数,0,1,0
低压涡轮,设备,0,1,0
低压涡轮,部件,0,1,0
低压涡轮出口总温,参数,0,0,1
低压涡轮效率退化参数,参数,0,0,1
低压涡轮效率退化参数,性能指标,1,0,0
低压涡轮机冷却液泄漏量,参数,0,1,0
低压涡轮机冷却液泄漏量、风扇转速等是决定发动机健康状态的关键参数,研究结果,1,0,1
低压涡轮机冷却液泄漏量是关键参数,研究结果,0,1,0
低压转子,设备,0,1,0
低压转子信号超过95%,研究结果,1,0,0
低压转子振动故障预测方法,模型,1,0,0
低压转子转速百分比,参数,0,0,1
低周疲劳,失效模式,0,1,0
低周疲劳,概念,1,0,0
低周疲劳,概念/理论,1,0,0
低密度脂蛋白胆固醇,体检项目,0,0,1
低成本导弹环境检测系统,系统,0,1,0
低散射诊断试验测试技术,技术,0,1,0
低气压,影响因素,1,0,0
低温泵转速,parameter,0,1,0
低温铂电阻变送器设计,文献,0,0,1
佐治亚理工大学,机构,0,1,0
体格检查,体检项目,0,0,1
体系架构,关键技术,0,1,0
体系架构,技术/概念,1,0,0
体系架构标准,文档,0,0,1
体育锻炼对心理亚健康有正性影响,研究结果,0,1,0
体育锻炼对飞行人员心理亚健康产生正性影响,研究结果,0,0,1
体能训练,影响因素,1,1,0
体能训练是飞行人员亚健康状态的保护因素,研究结果,1,0,1
何宇廷,人物,1,0,0
何宇廷教授,人物,0,1,1
何正熙,人物,1,0,0
何正熙研究员,人物,0,1,1
余力凡,人物,0,1,1
作动筒内漏,故障,1,0,0
作动筒泄漏,故障,1,1,0
作动筒泄漏,故障模式,0,1,0
作动筒磨损,故障,0,1,0
作动系统配置方案,方案,1,0,0
作战效能,性能指标,0,1,0
作战飞机故障诊断体系相对分离,问题,0,1,0
使寿命周期费用最少,目标,0,1,0
使用EKF和UKF的故障诊断精度要大于LKF,研究结果,1,0,0
使用UKF的故障诊断精度最好,研究结果,1,0,0
使用与保障费用,性能指标,0,1,0
使用与保障费用减少50%以上,性能指标,0,1,0
使用与保障费用比过去的机种减少了50%以上,研究结果,1,0,0
使用可用度,概念,0,1,0
使用和寿命监控,功能,0,1,0
使用和寿命监控,技术,0,0,1
使用寿命达8000小时,性能指标,0,1,0
使用小时（AHRS）,参数,0,0,1
使用影响因素,影响因素,1,0,0
使用循环（ACYC）,参数,0,0,1
使用数据,数据维度,0,1,0
使用时间,参数,1,1,0
使用监测功能,技术,0,1,0
使用监测功能,概念,1,0,0
使用监测功能（Usage Monitoring Function，UMF）,技术,0,0,1
使用维护,过程,0,1,0
使用维护阶段数据,数据,0,1,0
使维护周期和部件获取的交付周期最大化,目标,0,1,0
使能技术,概念,1,0,0
使飞机使用客户在飞机维护、保养、安排维修等方面有了科学高效的参考信息,研究结果,0,0,1
供压功能,功能,0,1,0
供压压力,parameter,0,1,0
供应链理论,理论,1,0,0
供应链透明度,概念,0,1,0
供氧浓度,参数,0,1,0
供油功能,功能,0,1,0
供油压力,参数,0,1,0
供油增压泵,元件,0,1,0
供油子系统模型,模型,1,1,1
供油油量,parameter,0,1,0
供电功能,功能,0,1,0
供电电压,parameter,0,1,0
供电电流,parameter,0,1,0
供电系统PHM技术继续研究奠定了基础，明确了方向,研究结果,0,0,1
供电系统,系统,0,1,0
依据故障代码、飞机各种手册进行排故作业，直至机载诊断系统显示无故障,研究结果,0,0,1
依赖图,方法,0,1,0
侧滑角,参数,0,1,0
侯志霞,人物,0,1,0
便携式恒温槽,设备,1,0,0
便携式恒温槽或干体式计量炉,设备,0,0,1
便携式恒温源,设备,0,1,0
便携式灭火瓶,设备,0,1,1
便携式维修辅助设备,设备,1,0,0
便携式辅助维修设备(PMA),技术,0,0,1
便携式辅助维修设备PMA,设备,0,0,1
便携式辅助维修设备,设备,0,1,0
促进军用飞机PHM系统设计标准化,研究结果,0,0,1
保守的剩余寿命预估,研究结果,0,1,0
保护控制方案,技术,0,0,1
保持架,部件,0,1,0
保障信息系统,系统,1,1,1
保障决策,概念,0,1,0
保障决策支持,功能,1,0,0
保障性,概念,0,1,0
保障管理方面的政策法规不完备,原因,1,1,0
保障管理的组织架构有待完善,原因,1,1,0
保障系统,系统,0,1,0
保障规模减少 50%,研究结果,1,0,0
保障规模减少50%,性能指标,0,1,0
保障计划生成,功能,1,0,0
保障费用,性能指标,1,0,0
保障费用减少 30%,研究结果,1,0,0
保障费用减少30%,性能指标,0,1,0
保障资源准备时间,性能指标,1,0,0
保障资源准备时间（resources preparation time）,参数,0,0,1
信任,概念,0,1,0
信号光传,技术/概念,1,0,0
信号光传化,技术/概念,1,0,0
信号光传化,趋势,0,1,0
信号光传技术,技术,0,0,1
信号分解,技术,0,0,1
信号处理,方法,1,0,0
信号处理,算法,0,0,1
信号处理子模块,技术,0,0,1
信号处理层,组件,0,1,0
信号处理技术,技术,0,1,1
信号处理故障诊断方法,方法,0,1,0
信号处理模块,模块,0,1,0
信号线Hi与屏蔽层短路,故障类型,1,0,0
信号线Lo与屏蔽层短路,故障类型,1,0,0
信号重建和检验模块,模块,1,0,0
信噪比,性能指标,1,1,2
信息交互,概念,0,0,1
信息交流不畅,缺陷,0,1,0
信息交流不畅,问题,0,0,1
信息交流不顺畅,问题,1,0,0
信息共享理论,理论,1,1,1
信息化,技术,0,0,1
信息增益,函数,0,1,1
信息孤岛,概念,0,1,0
信息孤岛,问题,1,0,0
信息层,概念,0,0,1
信息技术,技术,0,1,0
信息提取,技术,1,0,0
信息提取技术,技术,0,1,1
信息流动,概念,0,0,1
信息熵理论,理论,1,1,1
信息物理系统,系统,0,1,0
信息物理融合系统(CPS)架构,架构,1,0,0
信息管理,概念,0,0,1
信息管理技术,技术,0,1,1
信息系统自动化程度有限,缺陷,0,1,0
信息系统自动化程度有限且所需数据不完整或错误,问题,1,0,0
信息融合,技术,3,5,2
信息融合,方法,1,0,1
信息融合,概念,0,2,0
信息融合,模型,1,0,0
信息融合,算法,0,1,0
信息融合技术,技术,1,1,1
信息融合模型,模型,0,1,1
信息融合滤波算法,model,0,1,0
信息融合算法,技术,1,0,1
信息融合算法,算法,1,0,0
信息采集Agent,Agent,0,1,0
信息采集Agent,组件,1,0,0
信息集成,概念,1,1,0
信息集成使用,概念,0,0,1
修复性维修,技术,1,0,0
修复性维修,概念,0,1,0
修正Neuber公式,公式,1,0,0
修正Neuber法,方法,1,1,0
修正因子,函数,0,1,0
修正因子,概念,1,0,0
修正局部应力应变法,方法,1,0,0
修正的应变-寿命曲线,曲线,1,0,0
修正的疲劳强度指数,系数,1,0,0
修正系统,模型,1,0,0
修正系统,系统,0,1,0
俯仰角,参数,0,1,0
俯仰角θ,状态参量,0,1,0
俯仰角速度q,状态参量,0,1,0
倒谱包络法,算法,0,1,0
倒飞,状态,0,1,0
假正率（FPR）,性能指标,0,0,1
偏差平方和,性能指标,1,0,0
偏最小二乘回归,方法,0,1,0
偏最小二乘回归,算法,1,0,1
偏航角ψ,状态参量,0,1,0
偏航角速度r,状态参量,0,1,0
健壮性标尺,指标,0,1,0
健康与使用监控系统 (HUMS),技术,1,0,0
健康与使用监控系统(HUMS),技术,2,1,1
健康与使用监控系统(HUMS),系统/架构,1,0,0
健康与使用监控系统,系统,0,2,0
健康与使用监控系统（HUMS）,技术,0,1,3
健康与使用监测系统 (HUMS),系统,1,0,0
健康与使用监测系统 (Health and Usage Monitoring System, HUMS),系统,1,0,0
健康与使用监测系统(HUMS),系统,1,0,0
健康与使用管理系统,技术,0,0,1
健康与使用管理系统,系统,2,0,0
健康体检越来越被重视,研究结果,0,0,1
健康参数,参数,0,2,1
健康参数,性能指标,0,1,0
健康和使用监控系统(HUMS),技术,1,0,0
健康和使用监控系统(HUMS),系统,0,1,1
健康因子,概念,1,2,0
健康指数,性能指标,0,1,0
健康指数,指标,1,1,0
健康指数,概念,0,0,1
健康指数参数,性能指标,1,0,0
健康指标,性能指标,0,1,0
健康指标函数,函数,0,0,1
健康指标（HealthIndicator，HI),性能指标,1,0,0
健康标准,技术,0,1,0
健康特征,参数,1,0,0
健康状况趋势分析及预测模块,模块,0,1,0
健康状况趋势分析及预测模块,系统,0,0,1
健康状态,实体,0,1,0
健康状态,概念,0,1,0
健康状态估计,方法,1,0,0
健康状态指数,函数,0,0,1
健康状态指数,性能指标,1,0,1
健康状态指数,指标,0,1,0
健康状态曲线,研究结果,0,0,1
健康状态管理,技术,0,1,1
健康状态评估,概念,0,1,0
健康监控,功能,0,1,0
健康监控,技术,1,0,1
健康监控,算法,0,0,1
健康监控器,系统,0,1,0
健康监控系统,系统,0,0,1
健康监测,功能,1,0,0
健康监测,技术,2,0,1
健康监测与预测系统,系统,1,1,1
健康等级,性能指标,1,0,0
健康等级,研究结果,0,1,0
健康管理HA,功能,1,0,0
健康管理HA,概念,0,0,1
健康管理SCADE模型,模型,1,0,0
健康管理,任务,1,0,0
健康管理,健康管理,0,1,0
健康管理,功能,2,0,0
健康管理,实体,0,1,0
健康管理,应用,2,0,0
健康管理,技术,5,3,7
健康管理,方法,1,0,0
健康管理,机制,0,1,0
健康管理,概念,1,4,1
健康管理,管理,0,2,0
健康管理,组件,1,0,0
健康管理,软件,1,0,0
健康管理,过程,0,1,0
健康管理与预测 (PHM),技术,1,0,0
健康管理与预测,功能,1,1,0
健康管理与预测,技术,0,0,2
健康管理专家系统,模型,1,0,0
健康管理和故障预测,技术,1,0,0
健康管理和故障预测（PHM）机制,技术,0,0,1
健康管理实时化,设计思想,1,0,0
健康管理应用软件,软件,1,0,0
健康管理技术,技术,2,3,2
健康管理技术,算法,0,0,1
健康管理技术应用价值,研究结果,0,0,1
健康管理智能算法,算法,0,0,1
健康管理标准,技术,0,0,1
健康管理模块,模块,0,1,0
健康管理活动生命周期模型,概念,0,1,1
健康管理策略,解决方案,1,0,0
健康管理算法模型,模型,0,0,1
健康管理系统,技术,0,0,1
健康管理系统,概念,0,1,0
健康管理系统,系统,3,8,2
健康管理系统专用传感器,模块,0,1,0
健康管理系统架构,架构,0,0,1
健康表征,概念,1,0,0
健康表征参数,参数,1,2,0
健康评估Agent,Agent,0,1,0
健康评估Agent,组件,1,0,0
健康评估,功能,1,2,0
健康评估,功能模块,0,1,0
健康评估,功能维度,0,1,0
健康评估,性能指标,1,0,1
健康评估,技术,1,0,1
健康评估,方法,1,0,1
健康评估,概念,1,1,0
健康评估,研究结果,0,0,1
健康评估,算法,1,0,0
健康评估信息,信息,0,1,0
健康评估层,组件,0,1,0
健康评估技术,技术,1,1,1
健康评估方法,方法,1,0,0
健康评估服务,子系统,0,1,0
健康评估服务,服务,0,0,1
健康评估模型,模型,1,0,1
健康评估系统,系统,0,0,1
健康评估结果较理想,研究结果,0,0,1
健康评估（HA）,信息,1,0,0
健康退化曲线,模型,1,1,1
傅里叶变换,方法,0,1,0
傅里叶变换,算法,2,2,2
元件性能参数,参数,0,0,1
元学习,算法,0,1,0
先进传感器技术,技术,1,1,1
先进制造业伙伴计划（AMP）,政策,0,0,1
先进制造业伙伴计划（AMP）,策略,0,1,0
先进制造业伙伴计划（AMP）,计划,1,0,0
先进固态配电系统,系统,1,0,0
先进寿命算法,技术,0,0,1
先进总线技术,技术,0,1,0
先进战斗机强度设计技术,技术,0,0,1
先进战机,战机,0,0,1
先进战机预测与健康管理技术,技术领域,1,1,0
先进推理,技术,0,1,0
先进的传感器,硬件,1,0,0
先进综合式航空电子系统,系统/架构,1,0,0
先进航空发动机核心关键技术,技术,1,0,0
先进航空发动机核心关键技术,研究,0,0,1
先进诊断与预测测试平台,系统/平台,1,0,0
先进诊断及发动机监控系统（Advanced Diagnostic and Engine Monitoring，ADEM）,系统,1,0,0
先进诊断和预测测试床,系统,1,0,0
先进诊断预测测试平台(ADAPT),平台,1,0,0
先进飞行器导航、控制与健康管理工信部重点实验室,机构,0,1,0
先进飞行器导航、控制与健康管理工信部重点实验室,科研基地,0,0,1
先验信息,概念,0,1,0
先验分布,分布,1,1,0
先验分布,参数,0,0,1
光传操纵,技术,0,0,1
光子,粒子,0,1,0
光电传感,技术,0,1,0
光电传感器,概念,0,1,0
光电传感技术,技术,1,0,1
光电效应,原理,1,0,0
光电系统稳定控制技术,技术,0,0,1
光纤传感,技术,0,1,0
光纤传感器,传感器,1,2,0
光纤传感技术,技术,0,0,1
光纤光栅传感器,传感器,1,0,0
光纤光栅传感器,概念,0,1,0
光纤光栅高温传感器,传感器,0,0,1
光纤光栅高温传感器,设备,1,0,0
光纤布喇格光栅,技术,1,0,0
光纤应变传感器,传感器,1,0,0
光纤应变和温度传感器,传感器,1,0,0
光纤技术,技术,1,0,0
光纤网络技术,技术,1,0,0
克服了神经网络方法的过学习和局部极小值等问题,研究结果,0,1,0
免疫神经网络,模型,2,1,1
免疫神经网络,算法,0,1,1
免疫神经网络模型,模型,1,0,0
免疫神经网络能在故障前3小时实现预测,研究结果,0,0,1
免疫算子,函数,0,1,0
免疫算子,组件,1,0,0
免疫算法,算法,1,1,1
全尺寸静力/疲劳试验验证,活动,1,0,0
全局可解释性分析,方法,0,1,0
全局最大池化,方法,0,1,0
全息照相干涉测量技术,技术,0,0,1
全息照相干涉测量技术,方法,0,1,0
全机内力分析技术,技术,0,0,1
全权限数字式发动机控制(FADEC),系统,1,0,0
全权限数字式电子控制装置(FADEC),系统,0,1,1
全权限数字控制技术,技术,1,1,1
全权限数字电子控制器 (FADEC),概念/术语,1,0,0
全权限数字电子控制系统(FADEC),技术,0,1,1
全液流金属屑末在线监测传感器Metal- SCAN,传感器,1,0,0
全球供应链,系统,1,1,1
全球协同网络环境（GCE）,平台,0,1,0
全球协同网络环境（GCE）平台,系统,1,0,0
全球备件池,概念,1,0,0
全球定位系统,技术,0,0,1
全球鹰无人机,项目,0,1,0
全球鹰无人机,飞机,0,1,0
全生命周期管理(PLM),概念,1,0,0
全生命周期管理,概念,0,1,0
全电化,概念,0,1,0
全系统模型,模型,0,1,1
全系统迭代求解的实现,研究结果,0,0,1
全连接层,组件,0,1,0
全连接神经网络模型,模型,1,1,0
全递归神经网络,模型,0,0,1
全面呵护（TotalCare）计划,平台,0,1,0
全面呵护（TotalCare）计划,技术,0,0,1
全面呵护（TotalCare）计划,策略,0,1,0
全面呵护（TotalCare）计划,计划,1,0,0
全面质量管理,技术,0,1,0
公众照射限值,性能指标,1,0,0
六自由度闭环飞控系统,模型,0,0,1
六自由度飞机模型,模型,0,1,1
共振解调技术,技术,0,0,1
共轭梯度法,方法,1,0,0
共轭梯度法,算法,0,1,1
共轭网络演算方法,技术,1,0,0
共轭网络演算方法,算法,0,0,1
关断活门,部件,0,1,0
关断角,参数,0,0,1
关联,技术,0,1,0
关联,方法,1,0,0
关联函数,函数,1,0,0
关键件使用寿命快速计算,方法,1,0,0
关键结构疲劳损伤评估,技术,0,0,1
具有一定的准确性,研究结果,0,0,1
具有一定的实用性,研究结果,0,0,1
具有更强的回归建模能力和更好的预测性能,研究结果,0,1,0
典型电气故障,故障类型,1,0,0
典型电气故障特征参数检查表,检查表,0,0,1
内力张量,技术,0,0,1
内圈,部件,0,1,0
内场可更换单元,概念,1,0,0
内埋武器舱预紧舱门原理,原理,1,0,0
内埋武器舱预紧舱门原理与强度设计,技术,0,0,1
内埋武器舱预紧舱门强度设计,设计,1,0,0
内存占用率,性能指标,1,0,1
内建自测试（BIST）,技术,1,0,1
内来物损伤,故障类型,0,1,0
内泄漏,性能衰退模式,0,1,0
内泄漏量随使用时间的延长而加剧,研究结果,1,0,0
内部回归神经网络,模型,0,1,0
内部块图IBD,图,0,1,0
内部块图,图表类型,1,0,0
冗余管理,技术,0,1,0
冗余设计,因素,0,0,1
冗余设计,模型,1,0,0
冗余设计,设计,0,1,0
冗余通道检验,方法,0,1,0
军事,行业,0,1,1
军委装备预研基金重点项目,项目,1,1,1
军机PHM体系,模型,0,0,1
军机备件配置机制,机制,1,0,0
军机备件配置模型,模型,1,0,0
军民融合,概念,0,1,0
军用飞机PHM技术,技术,0,1,0
军用飞机PHM技术,技术领域,1,0,0
军用飞机PHM系统,系统,1,0,0
军用飞机,研究对象,1,0,0
军用飞机,系统,0,1,0
军用飞机,设备,0,1,0
军用飞机二线测试设备现状及发展趋势,文献,0,0,1
军用飞机冷气系统,研究对象,1,0,0
军用飞机故障预报系统,系统,1,1,0
军用飞机故障预测与健康管理（PHM）技术,技术,0,0,1
军用飞机无维修工作期参数分解方法,算法,1,0,0
军用飞机无维修工作期参数分解方法研究,研究,0,0,1
军科委173基础加强重点项目,项目,1,1,1
冯英进,研究者,0,0,1
冯英进等,研究者,1,0,0
冲击事件记录仪,传感器,0,1,0
冲压系统,部件,0,1,0
决策层,层,0,1,0
决策层,层级,1,0,0
决策层,架构组成部分,1,0,0
决策层,模型,0,1,0
决策支持,应用,1,0,0
决策支持,方法,0,1,0
决策支持层,组件,0,1,0
决策支持技术,技术,0,0,1
决策支持系统,系统,0,0,1
决策树,技术,0,0,1
决策树,方法,0,3,0
决策树,模型,2,1,0
决策树,算法,3,1,1
决策输出,功能,0,1,0
冷储备,模型,1,0,0
冷储备,设计,0,1,0
冷却系统,系统,1,0,0
冷备份,备份,0,1,0
冷备系统可靠性评定的统计方法,研究,0,0,1
净功率,实体,0,1,0
净功率,特征,1,0,0
准确估计性能退化参数,研究结果,0,1,0
准确实现故障诊断,研究结果,1,0,0
准确度,性能指标,2,3,1
准确性,性能指标,1,2,0
准确性至少提升了8.55%和3.62%,研究结果,1,0,0
准确率(ACC),性能指标,1,0,0
准确率,性能指标,2,4,3
准确率和RMSE指标上优于三尺度ABiLSTM模型1.86%和1.49%,研究结果,1,0,0
准确率和RMSE指标上均优于CAE-LSTM模型1.96%和31.92%,研究结果,1,0,0
准确率提高了5.31%,研究结果,1,0,0
准确率达到95%以上,研究结果,1,0,0
准确诊断故障,研究结果,0,0,1
凌华科技3UPXI-3950/M2G嵌入式控制器,硬件,0,1,0
减压阀故障,故障模式,1,1,0
减少56%的维修工时,研究结果,1,0,0
减少了78起非计划维修事件,研究结果,1,0,0
减少了信息冗余,研究结果,1,0,0
减少了大约400人工小时,研究结果,1,0,0
减少人力需求20%~40%,目标,0,1,0
减少使用和保障费用,目标,0,1,0
减少后勤保障复杂度50%,目标,0,1,0
减少地面维护时间,研究结果,1,0,0
减少地面维护时间,结果,0,1,0
减少故障30%,研究结果,1,0,0
减少维修人力、备件和修复成本,目标,0,1,0
减少维修费用60%的总目标,研究结果,1,0,0
减少载荷设计工况90%以上,研究结果,1,0,0
减轻重量,研究目标,1,0,0
减重62.8kg,研究结果,0,1,0
减震器状态,输出向量,0,1,0
几何模型,模型,2,0,0
凯斯西储大学轴承数据库,数据集,0,0,1
出动架次,性能指标,1,0,0
出动架次提高 25%,研究结果,1,0,0
出动架次提高25%,性能指标,0,1,0
出动架次率,性能指标,2,1,1
出动架次率提高25%,性能指标,0,1,0
出动架次率提高25%,研究结果,2,0,0
出口压力,指标,0,1,0
出口流量,指标,0,1,0
出口面积可调的矢量喷管控制规律设计技术,技术,1,0,0
出售发动机飞行小时,策略,0,1,0
分区时空逻辑隔离机制,技术,1,0,0
分区时空隔离,机制,0,1,0
分区时空隔离技术,技术,0,0,1
分区运行环境,组件,0,1,0
分块处理,方法,0,1,0
分层插件设计方法,技术,0,0,1
分层插件设计方法,方法,1,1,0
分层智能推理,技术,0,1,0
分层智能推理机构,技术,0,1,1
分层智能推理机构,架构,2,0,0
分层智能推理结构,模型,0,1,0
分层的管理体系结构,模型,1,0,0
分层相关传播,模型,0,1,0
分层聚类,算法,0,1,0
分层融合式体系结构,体系结构,0,2,1
分层融合式体系结构,概念,1,0,0
分层融合式体系结构,系统,1,0,0
分层融合式体系结构,系统/架构,1,0,0
分层融合的集散式体系架构,架构,1,0,0
分层融合的集散式体系架构,概念,0,0,1
分层边缘计算架构,架构,1,1,0
分布一集中式PHM系统,系统,1,1,1
分布参数,参数,0,0,1
分布式,技术,1,1,0
分布式,技术术语,0,0,1
分布式、层次化、开放性,特征,0,0,1
分布式体系架构,架构,2,2,0
分布式体系架构,概念,0,0,1
分布式体系结构,体系结构,0,1,1
分布式体系结构,系统,1,0,0
分布式信息处理,技术,0,0,1
分布式光纤光栅传感系统,系统,1,0,0
分布式功能架构,模型/架构,1,0,0
分布式应变监测方法,技术,0,0,1
分布式开放DIMS架构,架构,1,0,1
分布式控制,技术,1,1,0
分布式控制,领域,0,0,1
分布式控制架构,技术,1,0,1
分布式系统,系统,1,0,0
分布式结构,概念,0,1,0
分布式综合模块化系统,架构,1,0,0
分布式综合模块化系统架构,技术,0,1,0
分布式综合模块化系统（DIMS）架构,架构,0,0,1
分布式配电,技术,1,0,0
分布式驱动机翼,技术,1,0,1
分散式电液能源系统(LEHGS),系统/部件,1,0,0
分析决策模块,组件,0,1,0
分析带宽,性能指标,1,0,0
分析带宽达到每通道780MHz,研究结果,1,0,0
分段幂指模型,模型,1,0,1
分段线性函数,函数,1,0,0
分段线性函数,模型,0,1,0
分段线性退化模型,模型,1,0,0
分离后信号与源信号的相似系数可以达到0.97,研究结果,0,0,1
分离效果较之传统EMD算法更好,研究结果,0,0,1
分簇路由算法,技术,0,0,1
分类,技术,0,1,0
分类,方法,2,0,0
分类准确率,性能指标,1,1,0
分类准确率为92.857%,研究结果,1,0,0
分类准确率最高为0.99,研究结果,1,0,0
分类敏感性指标高于97%,研究结果,1,0,0
分类问题,方法,1,0,0
分系统级,结构维度,0,1,0
分系统级测试,结构,0,1,0
分系统级管理器,系统,0,1,0
分配模型,模型,0,1,0
刘丰恺,作者,0,0,1
刘倩,研究者,0,0,1
刘倩等,研究者,1,0,0
刘大同,人物,1,0,0
刘大同,作者,0,1,0
刘大同教授,人物,0,1,1
刘建业教授,人员,0,1,0
刘建业教授,人物,1,0,1
刘建忠,研究者,0,0,1
刘建忠等,研究者,1,0,0
刘才学,人物,0,1,1
刘翠等,研究人员,1,0,0
初始关系度η,参数,0,1,0
初始学习率,参数,0,1,0
初始学习率,超参数,1,0,0
初始自测试(IBIT),测试,1,0,0
初始适航设计数据,数据,1,0,0
初始适航设计数据,数据源,0,1,0
初始适航设计数据,数据类型,0,0,1
初选故障特征本征维数为5.969,研究结果,1,0,0
判别函数,函数,1,1,0
判别器,模型,1,0,0
判断燃油系统故障模式,结果,0,0,1
到2007年事故率减少80%,研究结果,1,0,0
到2025年减少90%,研究结果,1,0,0
制造服务技术,技术,0,1,0
制造物联技术,技术,1,1,0
制造系统,技术,0,0,1
制造车间,应用领域,1,0,0
制造车间,领域,0,1,0
刹车压力,参数,0,1,0
前缘下垂襟翼,部件,0,1,0
前者需要清晰了解研究对象故障机理，适量参数便可实现精准故障诊断,研究结果,0,0,1
前馈神经网络,模型,0,0,1
前馈神经网络算法,算法,1,1,1
前馈网络,模型,0,0,1
剩余使用寿命 (RUL),性能指标,1,0,0
剩余使用寿命(RUL),性能指标,1,0,0
剩余使用寿命,实体,0,1,0
剩余使用寿命,性能指标,3,3,0
剩余使用寿命,指标,0,1,0
剩余使用寿命,概念,0,2,0
剩余使用寿命预测,系统,0,1,0
剩余使用寿命（RUL）,性能指标,0,0,1
剩余可用寿命（Re- main Useful Life，RUL）预测,技术,1,0,0
剩余寿命,性能指标,0,1,0
剩余寿命,概念,1,0,0
剩余寿命评估,性能指标,1,0,0
剩余寿命预测,功能,1,0,0
剩余寿命预测,性能指标,0,1,0
剩余寿命预测,技术,0,1,1
剩余寿命预测,方法,1,0,0
剩余寿命预测,概念,0,2,0
剩余寿命预测,研究问题,1,0,0
剩余寿命预测方法,技术,0,1,1
剩余寿命预测模型,问题,0,1,0
剩余寿命预测算法,技术,0,1,0
剩余寿命预计,概念,0,1,0
剩余有效工作时间RUL,概念,1,0,0
剩余能力评估,功能,0,1,0
剩余能力评估,技术,1,0,0
剩余能力评估技术,技术,0,1,0
副主任委员,职位,1,0,0
副翼,子系统,0,1,0
副翼,部件,0,1,0
副翼偏转角,参数,0,1,0
副翼舵偏δa,状态参量,0,1,0
力导向图,方法,0,1,0
功率,参数,0,1,0
功率消耗减少50%,研究结果,0,1,0
功率电传作动器,技术,0,0,1
功率电传作动器,系统/部件,1,0,0
功率电传化,技术/概念,1,0,0
功率电传化,趋势,0,1,0
功率电传型作动器,系统/部件,1,0,0
功率电传技术,技术,0,0,1
功率电传操纵飞行（Power- by- wire, PBW）,技术,1,0,0
功率管开路,故障,0,1,0
功率管开路,故障类型,0,0,1
功率管短路,故障,0,1,0
功率管短路,故障类型,0,0,1
功率管输出接地,故障,0,1,0
功率管输出接地,故障类型,0,0,1
功率谱均值,参数,0,1,1
功率谱均值,特征参数,1,0,0
功能体系架构,架构,1,0,0
功能健康管理,方法,1,0,0
功能健康管理的初步综合诊断,技术,0,0,1
功能健康管理设计,技术,0,0,1
功能分配,概念/术语,1,0,0
功能分配方法,方法,1,0,0
功能性能测试,功能,0,1,0
功能数据集合（FDS）,技术,0,0,1
功能样机,技术,0,0,1
功能硬件健康,功能,0,1,0
功能硬件健康,技术,0,0,1
功能评估,功能,0,1,0
功能评估,技术,0,0,2
功能软件健康,功能,0,1,0
功能软件健康,技术,0,0,1
功能逻辑模型,模型,1,0,0
功能重叠模块占比 < 5%,研究结果,1,0,0
功能重叠率,性能指标,1,0,0
功能重叠率,指标,0,1,0
功能重构,功能,0,1,0
加力式涡扇发动机,系统,0,1,0
加力燃烧室,部件,0,1,0
加密算法,组件,0,1,0
加强型机载实时自适应模型（ESTORM）,模型,1,0,0
加拿大Gastops公司,公司,0,0,1
加拿大Gastops公司,机构/公司,1,0,0
加拿大卡尔顿大学,机构,0,1,0
加拿大国家研究委员会,机构,0,1,0
加权SMO-SVR预测模型,函数,0,0,1
加权SVR预测模型,模型,1,1,0
加权平均法,算法,0,1,1
加权最小二乘法,技术,0,0,1
加权最小二乘法,方法,1,0,0
加权最小二乘法,算法,1,2,0
加权系数,参数,1,0,0
加权系数ρ,参数,0,1,0
加法模型,模型,1,1,0
加法模型,算法,0,1,0
加电自测试,测试方法,1,0,0
加电自测试（PBIT）,技术,0,0,1
加速性能恢复控制,方法,1,0,0
加速效果,性能指标,0,0,1
加速过程,状态,0,1,0
劣化度,性能指标,1,0,0
劣化度分析,方法,0,1,0
劣化度分析,算法,1,0,0
动作层,层,0,1,0
动作层,架构组成部分,1,0,0
动力和热管理系统（Power and thermal management system, PT- MS）,系统,1,0,0
动力学方程,函数,0,0,1
动力涡轮叶片机械损伤,故障,1,0,0
动态偏微分方程组,模型,1,0,0
动态故障树,模型,1,0,0
动态数据存储模块,组件,0,1,0
动态时间规整,方法,0,1,0
动态条件,发动机状态,0,1,0
动态核主元分析方法,算法,1,0,0
动态漂移故障隔离平均正确率提高33.8%,研究结果,1,0,0
动态状态,状态,0,1,0
动态状态下的健康状态无法判别,问题,0,0,1
动态状态矩阵,模型,0,0,1
动态神经网络,算法,0,1,0
动态行为模型,模型,1,0,0
动态规划,技术,0,0,1
动态规划算法,算法,1,0,0
动态误差,性能指标,1,0,0
动态贝叶斯网络,模型,1,1,0
动态资源调度,功能,1,0,0
动态资源调度,概念,0,0,1
动态路由算法,算法,1,1,0
动态阶跃故障隔离平均正确率提高12.5%,研究结果,1,0,0
动摩擦增大,性能衰退模式,0,1,0
动量误差梯度下降法,算法,0,1,1
包图,图,0,1,0
包络谱分析,方法,1,1,0
包络谱方法,算法,0,1,0
北京一上海,航线,0,1,0
北京一东京,航线,0,1,0
北京一哥本哈根,航线,0,1,0
北京一巴黎,航线,0,1,0
北京一布鲁塞尔,航线,0,1,0
北京一广州,航线,0,1,0
北京一旧金山,航线,0,1,0
北京必可测科技股份有限公司,机构,0,1,0
北京控制工程研究所,组织,0,0,1
北京航天测控技术有限公司,公司,0,0,1
北京航天测控技术有限公司,机构,1,0,0
北京航天测控技术有限公司,组织,0,2,0
北京航空航天大学,机构,3,6,1
北京航空航天大学,组织,1,1,1
北京航空航天大学自动化科学与电气工程学院,组织,0,0,2
北京飞机维修有限公司,机构,1,0,0
北大西洋公约组织,组织,0,0,1
北斗导航卫星,卫星,0,1,0
北斗导航卫星,技术,0,0,1
北研中心,实体,0,1,0
北约,组织,0,0,1
北约,组织机构,1,0,0
北约的海麻雀项目办公室,机构,0,1,0
北航数字孪生技术研究团队,研究机构,1,0,0
匹配同步挤压小波变换,方法,0,1,0
区块链技术,算法,0,0,1
区域推理机,算法,1,0,0
区域管理器,组件,1,0,0
区域级PHM,层次,0,1,0
区域级PHM,系统,1,0,0
区域级PHM管理器,架构组成部分,1,0,0
区域级PHM管理器,管理器,0,1,0
区间层次分析法,方法,0,1,0
区间层次分析法,算法,1,0,0
区间自适应粒子群算法 (IAPSO),算法,1,0,0
区间自适应粒子群算法,算法,0,1,0
区间自适应粒子群算法（IAPSO）,算法,0,0,1
区间间隔延长参数,参数,0,0,1
区间间隔延长参数,性能指标,0,1,0
医疗,应用领域,1,0,0
医疗,领域,0,1,0
十大战略科技趋势,规划/战略,1,0,0
升力系数提高25%,研究结果,0,1,0
升阻比,性能指标,0,1,0
升阻比提高51%,研究结果,0,1,0
升降舵,子系统,0,1,0
升降舵,系统,1,0,0
升降舵作动筒液压泄漏,故障类型,1,0,0
升降舵指示不一致,故障类型,1,1,0
升降舵舵偏δe,状态参量,0,1,0
半Copula模型,模型,0,1,1
半物理仿真,模型,1,0,0
半物理演示验证实验,技术,0,0,1
半物理演示验证实验,方法,1,0,0
半物理演示验证实验的可行性,研究结果,0,1,0
半监支持向量,模型,1,0,0
半监督三重训练学习器,模型,1,0,0
半监督学习,算法,1,1,1
半监督学习稳定性,性能指标,1,0,0
半监督学习稳定性提高,研究结果,0,1,0
半监督极限学习器,模型,1,0,0
半监督迁移学习集成学习器,算法,0,0,1
半监督集成学习器,模型,1,0,0
半监督集成学习器,算法,0,1,0
华为技术有限公司,机构,0,1,0
华北计算技术研究所,机构,0,0,1
华南理工大学,机构,1,0,0
协变量风险模型,方法,0,1,0
协变量风险模型,模型,1,0,0
协变量风险模型,算法,0,0,1
协同优化技术,技术,1,0,0
协同优化技术,概念,0,0,1
协同优化算法,算法,1,0,0
协同智能移动方法,方法,1,1,0
协同训练算法,算法,0,0,1
协同设计,技术,0,1,0
协处理加速计算技术,技术,1,0,0
协议转换芯片,硬件组件,0,1,0
单一DBN模型,模型,1,0,0
单一的DBN网络,模型,1,0,0
单个SATA通道可以实现180MB/s的稳定的传输速度,研究结果,1,0,0
单位推力油耗将降低1%,研究结果,1,0,0
单位根检验,方法,0,1,0
单值阈值法,算法,1,0,0
单元体设计,概念,0,1,0
单元体设计,概念/理论,1,0,0
单元电路,技术领域,1,0,0
单向活门,部件,0,1,0
单因素分析,方法,0,1,0
单层LSTM模型,模型,1,0,0
单接收机定位,技术,0,0,1
单机PHM系统,系统,0,1,0
单机寿命消耗,活动,1,0,0
单机控制,概念,0,0,1
单机疲劳寿命消耗指数,性能指标,1,0,0
单机监控程序,技术,0,0,1
单机跟踪,技术,1,1,0
单机跟踪（Individual Aircraft Tracking，IAT）,技术,0,0,1
单点故障检测率,性能指标,1,0,0
单点故障检测率,指标,0,1,0
单点故障检测率目标要求是100%,研究结果,1,0,0
单片机架构,架构,0,1,0
单门控循环单元,技术,0,0,1
单门控循环单元（Gru）,模型,1,0,0
单项预测方法,方法,1,0,0
南京工业职业技术大学航空工程学院,机构,0,0,1
南京航空航天大学,机构,4,4,0
南京航空航天大学,组织,0,1,2
南京航空航天大学导航研究中心,机构,1,0,0
南京航空航天大学导航研究中心,组织机构,0,0,1
南京航空航天大学民航学院,机构,0,0,1
南昌市,地点,0,1,0
南航陀螺仪表与惯性技术专业教研室,机构,1,1,0
卡尔曼参数估计器,系统,1,0,0
卡尔曼滤波(KF),算法,1,0,0
卡尔曼滤波,技术,0,0,1
卡尔曼滤波,方法,0,1,0
卡尔曼滤波,算法,8,19,18
卡尔曼滤波器,技术,0,0,1
卡尔曼滤波器,方法/方法论,1,0,0
卡尔曼滤波器,模型,1,0,0
卡尔曼滤波器,算法,4,4,3
卡尔曼滤波器估计精度,性能指标,1,0,0
卡尔曼滤波器组,算法,1,0,1
卡尔曼滤波器组原理,原理,1,0,0
卡尔曼滤波法,算法,1,0,0
卢俊文,人物,0,0,1
卢海涛,人物,0,0,1
卫星/空间通信网络,应用领域,1,0,0
卫星/空间通信网络,领域,0,1,0
卫星定位系统理论和技术,研究方向,1,1,1
卫星通信,技术,0,0,1
危险等级,实体,0,1,0
危险系数,实体,0,1,0
危险系数,性能指标,2,0,0
卷积层,组件,0,1,0
卷积循环神经网络,算法,0,1,0
卷积神经网络(CNN),算法,1,0,0
卷积神经网络,方法,0,1,0
卷积神经网络,模型,5,0,0
卷积神经网络,算法,1,5,3
卷积神经网络和支持向量机分类器构建的故障诊断模型,模型,1,0,0
卷积神经网络模型,技术,0,0,1
卷积神经网络模型（CNN）,模型,1,0,0
卷积神经网络（CNN）,模型,1,0,0
卷积神经网络（CNN）,算法,0,0,1
卷积自编码LSTM,算法,1,0,0
卷积门控循环神经网络,模型,1,0,0
卷积门控循环神经网络,算法,0,1,0
历史数据,技术,0,0,1
历史案例方法,方法,1,1,0
历史监测数据,数据,1,0,0
历史维护经验,数据,2,0,0
历史维护经验,数据源,0,2,0
压力,参数,1,3,1
压力、流量和时间,参数,0,0,1
压力下降,性能指标,0,1,0
压力带,装备,1,0,0
压力监控模型,模型,0,0,1
压力脉动抑制,关键技术,0,1,0
压力脉动抑制,问题,1,0,0
压力调节和关断活门,系统,0,0,1
压差控制组件,部件,0,1,0
压差比例因子,参数,0,1,0
压气机,部件,0,1,0
压气机出口压力,关键参数,1,0,0
压气机出口压力,参数,0,2,0
压气机压比,参数,0,1,0
压气机叶片结垢,故障,1,0,0
压气机叶片腐蚀,故障,1,0,0
压气机叶片裂纹,实体,0,1,0
压气机叶片裂纹,研究对象,1,0,0
压气机故障,故障,0,1,0
压气机整流叶片,部件,0,1,0
压气机流量退化参数,参数,0,0,1
压气机流量退化参数,性能指标,1,0,0
压气机程比,参数,0,1,0
压气机转子叶片,部件,0,1,0
压气机转速,参数,0,1,0
压气机转速控制器,控制器,0,1,0
压气机转速控制回路,回路,0,1,0
压气机转速控制回路,系统,1,0,0
压气机轮盘,部件,0,1,0
压气机进口温度,参数,0,1,0
压电传感器,传感器,0,1,0
压电智能夹层,传感器,1,0,0
压缩机系统进行旋转失速或喘振的动态偏微分方程组,模型,0,0,1
压缩机转速,实体,0,1,0
压缩管道,部件,0,1,0
原始波动序列,数据,1,0,0
厦门航空股份有限公司的“飞机健康管理系统”,系统,1,0,0
参数c,参数,1,0,0
参数g,参数,1,0,0
参数估计,功能,1,0,0
参数估计,技术,1,0,0
参数估计,方法,0,1,0
参数估计,算法,1,0,0
参数估计器亦能在较短的时间内精确估计其退化参数和退化值,研究结果,1,0,0
参数分解流程,方法,0,1,0
参数回归分析法,方法,1,1,0
参数图,图,0,1,0
参数扩增方法,方法,0,1,0
参数指标要求调整,算法,1,0,0
参数模型,模型,0,1,0
参数模型法,方法,1,0,0
参数相关分析法,方法,1,0,0
参数获取,功能,0,1,0
参数解析法,方法,0,1,0
参考国际主流民机制造商空客公司的A320飞机ECAM SYSTEM LOGIC DATA手册构建思路,研究结果,0,0,1
参考文献[1],文献,0,0,1
参考模式向量,参数,0,0,1
双Weibull分步,模型,1,1,1
双参数威布尔分布,模型,2,0,1
双向LSTM神经网络,模型,0,1,1
双向LSTM神经网络,算法,1,0,0
双向循环神经网络,算法,0,1,0
双向长短时记忆神经网络,技术,0,0,1
双向长短时记忆神经网络（Bilstm）,模型,1,0,0
双向长短期记忆神经网络,算法,1,0,0
双向长短期记忆网络,模型,1,0,0
双向门控循环单元,技术,0,0,1
双向门控循环单元,模型,0,1,0
双因子高阶模糊时间序列预测模型,模型,1,0,0
双层回归预测组合模型,模型,1,0,1
双曲正切函数,函数,2,3,2
双曲正切激活函数,函数,1,0,0
双曲面加筋壁板快速建模及声疲劳分析方法,技术,0,0,1
双曲面加筋壁板快速建模及声疲劳分析方法,方法,1,0,0
双曲面复杂加筋壁板高精度动力有限元建模,技术,0,0,1
双曲面结构声振耦合动响应,分析,1,0,0
双缓存,方法,1,0,0
双转子、双涵道涡轮风扇发动机,模型,0,0,1
双转子、双涵道涡轮风扇发动机,研究对象,1,0,0
双轴涡扇发动机蜕化模型,模型,0,0,1
双轴混合排气涡轮风扇发动机,研究对象,1,0,0
双通道传感器,传感器,0,1,0
双通道热并行技术,方法,0,1,0
双通道热并行架构,构型,1,0,0
双通道热并行架构,系统,0,1,0
反“工”型多层转子连接结构,构型,1,0,0
反变换公式,函数,0,1,0
反变换法,方法,0,0,1
反变换法,算法,1,1,0
反向传播神经网络(BPNN),模型,1,0,0
反向传播神经网络,算法,1,1,0
反向传播神经网络方法,算法,0,0,1
反向传播算法,算法,1,1,0
反向传播算法（BPTT）,算法,1,0,0
反向传播网络,模型,1,0,0
反向传播网络,算法,0,1,0
反向推理,方法,1,1,0
反向推理,算法,1,0,1
反复拆装耗时长且易引发故障,问题,1,0,1
反应堆系统故障诊断技术,技术领域,1,1,0
反映论模型,算法,0,0,1
反目标特性测试数据,数据,1,0,0
反馈信号,参数,0,1,0
反馈信息流,信息流,0,1,1
反馈数据流,数据流,0,1,0
反馈数据流,概念,1,0,0
发动机使用寿命监视系统(EUMS),系统,1,0,0
发动机健康参数估计误差,性能指标,0,0,1
发动机健康监控,技术,0,1,0
发动机健康管理(EHM)系统,系统,1,0,0
发动机健康管理云端数据中心,系统,1,0,0
发动机健康管理系统,系统,2,6,1
发动机健康管理系统（Engine Health Management，EHM）,系统,1,0,0
发动机健康管理（EHM）系统,技术,0,0,1
发动机健康管理（engine health management，EHM）技术,技术,0,0,1
发动机公司提供的预测数据,数据,1,0,0
发动机典型故障,故障,1,0,0
发动机制造服务商,组织,1,0,0
发动机压比,参数,0,1,0
发动机参数,参数,0,1,0
发动机叶片,设备,0,1,0
发动机叶片磨擦检测,技术,0,1,0
发动机增压比,参数,0,1,0
发动机增强型自适应模型,系统,0,1,0
发动机多性能参数融合寿命预测模型,模型,1,0,0
发动机多故障模式风险评估流程,模型,1,1,0
发动机工作数据,数据,1,0,0
发动机性能仿真模型,模型,0,1,0
发动机性能基线模型,系统,0,1,0
发动机性能恢复控制系统,系统,1,0,0
发动机性能趋势预测,应用,1,0,0
发动机报文加载功能,功能,1,0,0
发动机拆换期望值预测,应用,1,0,0
发动机振动典型故障,研究结果,0,0,1
发动机损伤监测系统(EDMS),技术,0,1,1
发动机控制单元体模型,模型,1,0,0
发动机推力,参数,0,1,0
发动机故障预测,研究对象,1,0,0
发动机数学模型,模型,1,0,1
发动机数据处理功能,功能,1,0,0
发动机数据存储监控,研究结果,0,0,1
发动机数据融合诊断技术,挑战,0,0,1
发动机数据采集功能,功能,1,0,0
发动机整体仿真模型,模型,1,1,0
发动机机匣振动值,参数,0,1,0
发动机机载分析模型,模型,1,0,0
发动机气路颗粒物检测系统IDMS/EDMS,系统,1,0,0
发动机油液磨粒与故障关系预测,研究任务,1,0,0
发动机涡轮叶片,设备,0,1,0
发动机状态监控功能,功能,1,0,0
发动机状态监测和故障诊断系统 (EMD),系统,1,0,0
发动机状态监视,研究结果,0,0,1
发动机状态监视参数趋势预测,研究结果,0,0,1
发动机现场推力测量系统动态激励的技术难题,问题,1,0,0
发动机的运行状态还原模型,模型,1,0,0
发动机监视系统(EMS),系统,0,1,0
发动机级模式,模式,0,1,0
发动机级模式,系统,1,0,0
发动机维护,研究领域,0,1,0
发动机视情维修,研究结果,0,0,1
发动机诊断单元(EDU),部件,1,0,0
发动机转速,参数,0,1,0
发动机进口压力,参数,0,1,0
发动机进口温度,参数,0,1,0
发动机远程诊断系统（Remote Diagnosis，RD）,系统,1,0,0
发动机退化模型,模型,0,1,0
发动机部件区域风险评估方法,实体,0,1,0
发动机部件区域风险评估方法,方法,1,0,0
发动机部件建模法,模型,0,1,0
发动机部件故障,问题,1,0,0
发动机非线性模型,模型,1,1,1
发动机非线性部件级模型,模型,0,1,0
发动机预测与健康管理(EPHM),技术,0,0,1
发动机预测与健康管理(EPHM),模型,1,0,0
发动机预测与健康管理(EPHM)技术,技术,0,1,0
发动机预测与健康管理(EPHM)系统,系统,0,1,0
发动机预测与健康管理,应用,0,1,0
发动机驱动泵,部件,0,1,0
发动机高低压转子转速,参数,0,1,0
发射功率,参数,1,0,0
发电厂,应用领域,1,0,0
发电厂,领域,0,1,0
发电机,设备,0,1,0
发电机工作状态,参数,0,1,0
发电机控制单元,设备,0,1,0
发电机负载（GLA）,参数,0,0,1
发电机载荷,参数,0,1,0
发送策略,策略,0,1,0
发送间隔,参数,0,1,0
受油口角度,参数,0,1,0
受照剂量,性能指标,1,0,0
受限玻尔兹曼机(RBM),模型,1,0,0
受限玻尔兹曼机,技术,0,0,1
受限玻尔兹曼机,模型,1,0,0
受限玻尔兹曼机,算法,0,2,0
受限玻尔兹曼机与极限学习机(RBM-ELM)融合方法,算法,1,0,0
受限玻尔兹曼机与极限学习机融合方法,算法,0,0,1
变分推理,方法,1,1,0
变分水平集图像分割算法,技术,0,0,1
变分自编码器(VAE),模型,1,0,0
变分自编码器,模型,0,1,0
变压器流器,设备,0,1,0
变弯度机翼,技术,0,0,1
变形翼概念,概念,1,0,0
变循环发动机,发动机,0,1,0
变排量马达技术,技术,1,0,0
变权模糊理论,算法,0,0,1
变权重最小二乘法,算法,0,1,0
变权重的最小二乘法,方法,1,0,0
变步长自适应滤波算法,算法,0,0,1
变精度粗糙集理论,算法,0,0,1
变结构控制,方法,1,0,0
变结构控制,算法,0,1,0
变结构控制律,模型,0,0,1
变调节周期的PID算法,算法,0,0,1
变速恒频飞机电源实验台,设备,0,1,0
变邻域双向门控故障预测,技术,0,0,1
变邻域双向门控故障预测,方法,1,0,0
变频交流,供电体制,1,0,0
变频交流,技术,0,1,1
变频交流供电系统,供电体制,1,0,0
变频器,设备,0,1,0
变频模块,模块,0,1,0
变频模块,组件,1,0,0
只考虑一个特征参数,术语,1,0,0
召回度,性能指标,1,1,1
召回率,性能指标,1,1,1
可以较好地识别直升机飞行状态,研究结果,1,0,0
可信分区分级与访问控制机制,技术,1,0,0
可信功能调用 (TFC),机制,0,1,0
可信功能调用,技术,1,0,1
可信平台模块 (TPM),组件,0,1,0
可信平台模块,模型,1,0,0
可信度评测,技术,0,0,1
可信性,概念,1,0,0
可信计算,技术,1,0,0
可信计算,概念,0,0,1
可信计算技术,技术,0,1,0
可信软件,概念,0,0,1
可决系数 R²,性能指标,1,0,0
可决系数R^2,性能指标,0,0,1
可决系数,函数,0,1,0
可加特征归因方法,算法,1,0,0
可加载诊断信息,技术,0,1,0
可加载诊断信息（LDI）,数据库,1,0,0
可在故障前3小时实现预测,研究结果,1,0,0
可学习迭代软阈值算法(LISTA),算法,1,0,0
可扩展性,性能指标,1,1,0
可扩展标记语言(XML),技术,0,1,0
可扩展标记语言(eXtensible Markup Language，XML),技术,1,0,0
可扩展标记语言,技术,1,0,0
可拓学,算法,1,0,0
可拓学方法,方法,0,1,0
可测参数,参数,0,2,0
可测性,技术,1,0,0
可测试性,性能指标,1,0,0
可测试性,指标,0,1,0
可测试性,概念,0,0,1
可测试性设计DFT技术,技术,0,0,1
可测试性设计,技术,1,1,1
可测试性设计,概念,0,1,0
可用功率,实体,0,1,0
可用度,性能指标,1,1,0
可移植性,性能指标,1,1,0
可行的预测模型和算法,研究结果,0,1,0
可视化,技术,0,0,1
可解释性,性能指标,1,1,0
可解释性,概念,0,1,0
可解释性人工智能,算法,0,0,1
可解释性异常检测子网络,模型,1,0,0
可解释性异常检测子网络,网络,0,1,0
可解释性故障诊断子网络,模型,1,0,0
可解释性故障诊断子网络,网络,0,1,0
可解释性智能监测诊断网络,模型,1,0,0
可解释性智能监测诊断网络,网络,0,1,0
可辨识矩阵,算法,0,1,0
可达可用度,概念,0,1,0
可追溯性,性能指标,1,0,0
可部署性较弱,缺陷,0,1,0
可部署性较弱,问题,1,0,1
可靠度,参数,0,1,0
可靠度,性能指标,0,0,1
可靠度,指标,0,1,0
可靠度值,性能指标,1,1,0
可靠性,属性,0,1,0
可靠性,性能指标,4,2,1
可靠性,指标,0,2,0
可靠性,概念,1,1,1
可靠性、可用性问题,问题,1,0,0
可靠性、故障诊断及容错能力、测试性及维护的高效性,性能指标,0,0,1
可靠性为中心的计划维修,策略,1,0,0
可靠性分析,技术,0,1,0
可靠性增强技术,技术,1,0,0
可靠性工作时间预估,概念,0,0,1
可靠性提高,研究结果,0,1,0
可靠性数学引论,研究,0,0,1
可预测性,概念,1,0,1
可预测性设计,方法,1,0,0
可预测性设计,概念,0,0,1
可预测概率相比Gru模型提升8.40%,研究结果,1,0,0
史密斯宇航公司,组织,0,1,0
史密斯航宇公司,公司,0,1,0
史密斯航宇公司,机构,1,0,0
史密斯航宇公司,研究机构,1,0,0
史密斯航宇公司,组织,0,1,1
右副翼损伤,故障,0,1,0
右平尾损伤,故障,0,1,0
叶尖磨损,故障类型,0,1,0
叶尖间隙,故障,0,1,0
叶片侵蚀,故障,0,1,0
叶片侵蚀,故障类型,0,1,0
叶片打伤,实体,0,1,0
叶片打伤,研究对象,1,0,0
叶片磨损,故障,0,1,0
叶片积垢,故障类型,0,1,0
叶片腐蚀,故障类型,0,1,0
叶片裂纹,故障模式,0,1,0
合成仪器技术,技术,1,0,0
合理性检验,算法,1,0,0
合理性检验模块,系统,0,1,0
合理有效的预测,研究结果,0,1,0
同侧相关法,方法,1,0,0
同步接口,接口,0,1,0
同簇集成方法,算法,0,0,1
后勤规模减小50%,性能指标,0,1,0
后勤规模减少50%,研究结果,1,0,0
后方基地备件配置机制,机制,0,1,0
后方基地备件配置机制框架,机制,1,0,0
后方基地备件配置流程,流程,0,0,1
后果严重度等级为 II 级,研究结果,1,0,0
后缘襟翼位置传感器故障,故障类型,1,0,0
后缘襟翼变弯度技术,技术,1,1,1
后缘襟翼左右不对称,故障类型,1,1,0
后者则需要海量训练数据和高精度的传感器参数来实现故障诊断,研究结果,0,0,1
后验分布,分布,1,1,0
后验分布,参数,0,0,1
后验差比值C,性能指标,0,1,0
向前型神经网络,模型,1,0,0
吞咽式监测系统(IDMS),技术,0,1,1
听力异常,疾病,1,1,1
启动时间,参数,1,1,0
启动时间（STA）,参数,0,0,1
吴瑞,人物,0,0,1
吸波导流体,部件,0,1,0
周期性任务,任务,1,1,0
周期自测试(CBIT),测试,1,0,0
周期自测试,测试方法,1,0,0
周期自测试（CBIT）,技术,0,0,1
命令与数据处理子系统,系统,1,0,0
咨询通告AC39-8,实体,0,1,0
哈尔滨东安发动机（集团）公司,机构,0,1,0
哈尔滨工业大学,机构,2,4,1
响应效率,性能指标,1,1,1
响应效用,性能指标,1,1,1
响应时间,性能指标,1,0,1
响应速度,性能指标,1,0,0
唐山工业职业技术学院,机构,0,0,1
商业现货 (COTS),概念,0,1,0
商业现货,技术,1,0,0
商用客机液压系统,系统/部件,1,0,0
商用模块化航空推进系统仿真软件,系统,0,1,0
商用现货技术,技术,1,1,0
喘振,故障类型,0,1,0
喘振故障,故障,0,1,0
喘振故障仿真模型,模型,0,0,1
喘振故障特征量预测,研究任务,1,0,0
喘振裕度,参数,0,1,0
喘振裕度控制器,控制器,0,1,0
喘振裕度控制技术,技术,1,0,0
喜惠公司,机构,1,0,0
喜惠公司,组织,0,1,0
喷油嘴堵塞,故障,1,1,0
噪声,性能指标,1,1,0
噪声敏感度,性能指标,1,1,1
噪声数据,数据,1,0,0
噪声系数测试模块,模型,1,0,0
噪声系数测试模块,测试模块,0,0,1
噪声过大,故障,1,0,0
噪声过大故障,故障,0,1,0
四尺度ABiLSTM,算法,1,0,0
四层处理架构,架构,0,1,0
四川大学,机构,1,2,0
四川大学电气工程学院,承办单位,0,0,1
四川大学电气工程学院,机构,1,0,0
四川省空天信息与智能装备国际科技合作基地,承办单位,0,0,1
四川省空天信息与智能装备国际科技合作基地,机构,0,1,0
四级维修体制,概念,0,1,0
四级维修体制,维修体制,1,0,0
四足机器人步态规划,研究,0,0,1
回声状态网络,模型,1,0,0
回声状态网络,算法,0,1,1
回声航行者,实体,0,1,0
回归分析,方法,0,1,0
回归分析法,模型,1,1,0
回归分析法,算法,0,0,1
回归拟合,方法,0,1,0
回归拟合,算法,1,1,0
回归神经网络,模型,1,1,1
回归系数 R,性能指标,1,0,0
回归系数R,性能指标,0,1,0
回归预测,应用,1,0,0
回油子系统模型,模型,1,1,1
因斯特公司,实体,0,1,0
因果图模型,模型,1,1,0
因果性,概念,0,1,0
固体火箭发动机推力模拟系统,技术,0,1,0
固体火箭发动机推力模拟系统,系统,1,0,0
固体火箭发动机试验现场推力测量系统,技术,0,0,1
固定偏差故障,故障,0,1,0
固定翼飞机,飞机,0,1,0
固态功率控制器(Solid state power controller, SSPC),部件,1,0,0
固态配电,技术,1,1,1
固态配电技术,技术,1,0,0
固有可用度,概念,0,1,0
固有模态函数 (IMF),函数,1,0,0
国产大飞机液压系统,系统/部件,1,0,0
国产民机的运行支持体系的建设任重而道远,研究结果,0,0,1
国内主要大城市航线飞行1000h接受剂量约2mSv,研究结果,1,0,0
国内测试性BIT技术及综合诊断的相关知识尚不够普及,问题,0,1,0
国务院,entity,0,1,0
国家中长期科学和技术发展规划纲要（2006- 2020年）,文件,0,0,1
国家制造创新网络,组织,0,1,0
国家增材制造创新研究院,组织,0,1,0
国家数字化制造与设计创新研究院,组织,0,1,0
国家科技进步二等奖,奖项,1,1,1
国家自然科学基金重点项目,项目,1,1,1
国家重点（培育）学科,学科定性,1,0,0
国防工业协会(NDIA),组织,0,1,0
国防技术发明奖二等奖,奖项,1,1,1
国防科技创新特区重点项目,项目,1,1,1
国防科技大学,机构,0,1,1
国防科技工业自动化测试技术研究应用中心,组织,0,1,0
国防科技进步一等奖,奖项,1,1,1
国防科技进步二等奖,奖项,1,1,1
国防部长办公室,机构,1,0,0
国防部长办公室,组织机构,0,0,1
国防重点学科,学科定性,1,0,0
国际原子能机构,组织,0,1,1
国际合作伙伴,组织机构,0,0,1
国际放射防护委员会,组织,0,1,1
国际维修政策委员会(IMREPB),机构,1,0,0
图-154,飞机型号,0,0,1
图像不定矩特征及NMI特征,技术,0,0,1
图匹配算法,算法,1,0,0
图卷积神经网络,模型,1,0,0
图形处理模块,模块,0,2,0
图形编程语言,技术,0,0,1
图形编程语言（G语言）,概念,1,0,0
在 $J_{\mathrm{Score}}$ 指标上优于其他所有方法,研究结果,1,0,0
在FD001数据集上$J_{\mathrm{RMSE}}$指标为17.28,研究结果,1,0,0
在FD001数据集上$J_{\mathrm{Score}}$指标为656.51,研究结果,1,0,0
在线PHM系统,系统,1,1,0
在线估计,概念,0,1,0
在线修正后，估计值的相对误差最大值从69%缩小13%,研究结果,1,0,0
在线学习,算法,0,1,0
在线平均故障预测准确度,性能指标,1,0,0
在线故障模式预测,算法,1,0,1
在线故障模式预测算法,算法,0,1,0
在线故障预测,方法,1,0,0
在线整机校准方法,方法,0,1,1
在线机载模型（STORM）,模型,1,0,0
在线校准的有效性,结果,0,0,1
在线监测,任务,1,0,0
在线监测技术,技术,1,0,0
在线系统,系统,1,0,0
在线维修系统,系统,1,0,0
在线综合诊断结构,模型,0,0,1
在线综合诊断结构,系统,0,1,0
在线诊断,技术,1,0,0
在线预测与健康管理,技术,0,1,0
地磁纬度,因素,0,1,1
地磁纬度,概念,1,0,0
地面EHM系统,系统/平台,1,0,0
地面PHM,系统,1,0,1
地面PHM,系统/架构,1,0,0
地面PHM系统,系统,3,4,2
地面PHM设备,系统,1,0,0
地面保障站,系统,0,1,0
地面实时监控技术,技术,0,1,1
地面排查、检测、维修等数周的工作流程，可能被压缩至数天乃至1天内,研究结果,1,0,0
地面支持决策系统,系统,0,1,0
地面支援系统,组件,0,1,0
地面故障诊断与预测模块,技术,0,0,1
地面权重为0.8693,研究结果,1,0,0
地面检测、维修、更换等数天的工作流程直接被压缩至数小时乃至1h内,研究结果,1,0,0
地面监控系统,系统,1,1,0
地面站,组件,1,0,0
地面系统,系统,1,2,0
地面维修时间,性能指标,1,0,0
地面维修辅助设备的接口,接口,0,1,1
地面维护数据,数据,0,1,0
地面维护数据库管理系统,技术,0,1,0
地面维护数据库管理系统技术,技术,0,0,1
地面维护管理系统,系统,0,1,0
地面综合管理系统,系统,1,0,0
地面综合试验与验证平台,系统,0,0,1
地面自主保障信息系统,系统,1,0,0
地面自主保障系统,系统,0,0,1
地面诊断模型开发工具（DMDT）,工具,1,0,0
地面部分,系统,1,0,0
地面飞机综合管理系统,模型,1,0,0
地面飞机综合管理系统,系统,0,0,1
场景-需求-功能-逻辑-物理五层协同建模框架,框架,0,1,0
场景-需求-功能-逻辑-物理五层协同建模框架,概念,0,0,1
均值,参数,0,0,1
均值为98.83%,研究结果,1,0,0
均方差(MSE),性能指标,1,1,1
均方差,性能指标,2,0,1
均方差为0.047373,研究结果,1,0,0
均方差比值 C,性能指标,1,0,0
均方根相对误差,性能指标,1,0,0
均方根误差 (e_RMSE),性能指标,1,0,0
均方根误差 RMSE,性能指标,1,0,0
均方根误差(RMSE),性能指标,2,0,0
均方根误差RMSE,性能指标,0,0,1
均方根误差,性能指标,5,10,6
均方根误差为0.008,研究结果,1,0,0
均方根误差为0.034,研究结果,1,0,0
均方根误差为0.055,研究结果,1,0,0
均方根误差（MSE）,性能指标,0,0,1
均方根误差（RMSE）,性能指标,1,0,1
均方根误差（Root Mean Squared Error，RMSE）,性能指标,1,0,0
均方根误差（e_RMSE）,性能指标,0,0,1
均方误差(MSE),性能指标,0,0,1
均方误差,函数,1,0,0
均方误差,性能指标,9,7,4
均方误差为0.00026,研究结果,1,0,0
均方误差为0.0676,研究结果,1,0,0
均方误差百分比,性能指标,4,4,3
均方误差（mse）,函数,1,0,0
块定义图BDD,图,0,1,0
块定义图,图表类型,1,0,0
培训资料,服务资源,0,1,0
基于 LSTM 分类器的航空发动机预测性维护模型,模型,1,0,0
基于ABC-LSTM的飞机发动机故障诊断,方法,1,0,0
基于BIT的PXI总线导弹测试系统,技术,0,0,1
基于BLP模型的可信分区分级与访问控制机制,技术,0,0,1
基于CPLD的某BIT系统,技术,0,0,1
基于Copula相似性的航空发动机RUL预测方法,算法,1,0,0
基于Copula相似性的航空发动机RUL预测方法在发动机运行周期的50%、70%、90%分别低13.053%、31.328%、74.602%,研究结果,0,0,1
基于Copula相似性的航空发动机RUL预测方法相较传统方法，在发动机运行周期的50%、70%、90%预测误差分别减少13.053%、31.328%、74.602%，预测精度得到提高,研究结果,0,0,1
基于DM368的嵌入式数字高清网络摄像机采集处理模块,技术,0,0,1
基于DP算法的飞机维修检查调度优化方法,方法,1,0,0
基于DeepQNetwork的双足机器人非平整地面行走稳定性控制方法,研究,0,0,1
基于EMD和RVM一AR的航空发动机磨损故障预测模型,模型,1,0,0
基于GA-AANN神经网络的SDQ算法,算法,1,0,0
基于Gamma过程,模型,1,0,0
基于Kalman滤波的融合方法,算法,1,0,0
基于LASSO变量选择的航空发动机相似性剩余寿命预测,方法,1,0,0
基于LASSO方法选择的传感器进行寿命预测的误差均值为-4.6671,研究结果,0,0,1
基于LASSO选取变量的相似性寿命预测误差的标准差在3种运行周期下分别减少了约1.84、3.46、4.23,研究结果,0,0,1
基于LSSVM与WNN的燃气轮机状态趋势预测方法,方法,1,0,0
基于LVQ神经网络的故障预测方法,方法,1,0,0
基于MAS的飞机健康管理专家系统,系统,1,1,0
基于MBSE的系统模型化设计架构,架构,0,0,1
基于MFOP的可靠性维修方案研究,研究,0,0,1
基于MFOP的飞机可靠性设计,研究,0,0,1
基于N型热电偶的智能化多通道测温系统,文献,0,0,1
基于OSA-CBM的综合航电PHM系统框架结构,技术,0,0,1
基于PHM的航空装备可用度影响因素分析方法,方法,1,0,0
基于PHM的预测维修模式,方法,0,0,1
基于SCADE工具集的完整MBD解决方案,方法,1,0,0
基于SOA的航空发动机健康管理系统,系统,1,0,0
基于SOA的航空发动机健康管理系统的架构模型,架构模型,0,0,1
基于SSA-NARX的航空发动机动态特性参数辨识方法,方法,1,0,0
基于SSA和SVR的混合方法,模型,1,0,0
基于SVM方法的APU故障预测方法,方法,1,0,0
基于SVM方法的APU故障预测方法,算法,0,0,1
基于Sigma点卡尔曼滤波,算法,0,0,1
基于TL431构成的自激式Duck变换器的分析与测试,文献,0,0,1
基于TMS320DM6467的视频编码系统,技术,0,0,1
基于UML的面向对象软件测试框架,研究,0,0,1
基于Wiener过程,模型,1,0,0
基于Wiener过程的寿命预测方法,算法,1,0,0
基于专家系统的诊断方法,模型,0,0,1
基于事件的故障诊断,技术,0,1,0
基于事件的故障诊断,算法,0,0,1
基于事件的故障诊断方案,模型,1,0,0
基于事例的推理,方法,1,0,0
基于事例的推理方法,技术,0,0,1
基于事例的推理方法,方法,0,1,0
基于云数据库的服务平台,系统,1,0,0
基于云计算的PHM体系架构,架构,0,0,1
基于云计算的故障预测与健康管理（PHM）体系架构,架构,1,0,0
基于云计算的远程故障诊断方法,技术,0,0,1
基于云计算的远程故障诊断方法,方法,1,0,0
基于云计算的远程故障诊断方法,系统,0,1,0
基于互相关灵敏度加权的速度提取方法,方法,1,0,0
基于人工神经网络的气路故障诊断方法,技术,0,0,1
基于传感器和模型的故障检测技术,技术,0,0,1
基于传统方法的估算误差均值为-5.8944,研究结果,0,0,1
基于信号测试,方法,1,0,0
基于信息测试,方法,1,0,0
基于信息熵的故障组合预测方法,方法,1,0,0
基于信息熵的故障组合预测方法,算法,0,0,1
基于信息融合的故障诊断方法,技术,0,0,1
基于信息融合的故障诊断方法,方法,1,0,0
基于信息融合的气路故障诊断,方法,1,0,0
基于健康参数的气路部件故障诊断方法,算法,0,0,1
基于先验信息的PHM诊断能力外场评估方法,方法,1,0,1
基于光纤传感器的裂纹监测,技术,0,0,1
基于刚度的损伤规律模型,模型,0,1,0
基于力边界的Global-Local方法,方法,1,0,0
基于功率控制的无线传感器网络节点定位算法,技术,0,0,1
基于动量控制的猎豹机器人疾驰步态分析,研究,0,0,1
基于半监督迁移学习的轴承故障诊断方法,算法,1,0,0
基于卡尔曼滤波器组的传感器和执行机构故障诊断方法,技术,1,0,0
基于变权重的最小二乘法,算法,0,0,1
基于可用度模型的PHM方法,技术,0,0,1
基于可靠性理论的预测方法,方法,1,0,0
基于回声状态网络的飞机混沌时间序列预测模型,模型,1,0,0
基于回归分析和ARIMA模型的故障分析方法,模型,1,0,0
基于堆叠降噪自编码器和支持向量回归的基线建模方法,模型,0,0,1
基于增强型机载自适应模型的气路故障诊断方法,方法,1,0,0
基于增量编码器的超低速估算方法,技术,0,0,1
基于多传感器融合的高精度温度监测系统设计,文献,0,0,1
基于多元统计分析及混合SOM- RBF神经网络的机上在线异常检测,算法,0,0,1
基于多因子高阶模糊变动的方法,算法,1,0,0
基于多模型融合的航空电子产品故障预测方法,方法,1,0,0
基于多深度置信网络模型融合的故障预测方法,方法,1,0,0
基于多深度置信网络融合的航空电子设备故障预测,论文,0,0,1
基于多状态MOG-HMM和Viterbi的航空发动机突发故障预测方法,方法,1,0,0
基于多维包线的结构载荷筛选技术,技术,1,0,0
基于失效机理的诊断与预测方法,方法,0,1,0
基于失效机理的诊断与预测方法,方法/方法论,1,0,0
基于失效物理模型的方法,技术,0,1,1
基于失效物理模型的方法,方法,2,1,0
基于失效物理模型的预测方法,方法,2,0,0
基于失效物理模型预测技术,算法,0,0,1
基于失效物理的数据处理和故障诊断单元,技术,0,0,1
基于密度控制的传感器网络能量空洞避免策略,技术,0,0,1
基于小波能谱熵的故障预测技术,技术,1,0,0
基于小波降噪的回声状态网络预测模型,模型,1,1,0
基于小腿表面肌电的智能机器人协同控制方法,研究,0,0,1
基于应力损伤评估的诊断与预测方法,方法,0,1,0
基于应力损伤评估的诊断与预测方法,方法/方法论,1,0,0
基于应变的载荷监测技术,技术,1,0,0
基于性能参数的监测,方法,0,1,0
基于性能的航空发动机预测方法,技术,0,0,1
基于支持向量机的故障诊断,算法,1,0,0
基于改进SVM的供油系统故障诊断方法,算法,1,0,0
基于故障先兆的诊断与预测方法,方法,0,1,0
基于故障先兆的诊断与预测方法,方法/方法论,1,0,0
基于故障物理模型的剩余寿命预测,方法,0,1,0
基于故障预警的诊断与预测方法,方法,0,1,0
基于故障预警的诊断与预测方法,方法/方法论,1,0,0
基于数字孪生的PHM方法,应用,1,0,0
基于数学模型的故障预测,算法,0,0,1
基于数学模型的气路故障诊断,方法,1,0,0
基于数据仓库的PHM架构,架构,1,0,0
基于数据处理的飞机故障诊断方法，为实现地面的实时故障诊断、故障定位提供了理论参考,研究结果,0,0,1
基于数据挖掘的故障模式与影响分析模型(FMEA),算法,0,0,1
基于数据的故障预测,技术,0,1,0
基于数据的故障预测,算法,0,0,1
基于数据驱动模型,模型,1,0,0
基于数据驱动的故障诊断方法,技术,0,0,1
基于数据驱动的故障诊断方法,方法,1,0,0
基于数据驱动的故障预测算法,算法,0,0,1
基于数据驱动的方法,技术,0,1,2
基于数据驱动的方法,方法,2,1,1
基于数据驱动的气路故障诊断,方法,1,0,0
基于数据驱动的气路故障诊断方法,模型,0,0,1
基于数据驱动的预测方法,方法,2,0,1
基于整机环境下部件真实特性的燃气平均温度调控方法,方法,1,1,0
基于时间序列分解的组合预测方法,算法,1,0,0
基于时间的反向传播算法,算法,1,0,0
基于智能涂层的裂纹监测,技术,0,0,1
基于智能理论的电子装备故障预测,研究,0,0,1
基于有源液压测试的电液换向阀泄漏预测理论与应用研究,文献,0,0,1
基于机器学习的大数据框架,算法,0,0,1
基于案例推理,技术,0,0,1
基于案例的推理,方法,1,1,0
基于梯次推理获益原则的故障预测方法,方法,1,0,0
基于模块化电力电子变换器的电力系统架构,系统,1,0,0
基于模型仿真的测试平台,技术,0,0,1
基于模型定义 (MBD),技术,1,0,0
基于模型定义,概念,0,1,0
基于模型定义（MBD）技术,技术,0,0,1
基于模型开发(MBD),方法,1,0,0
基于模型开发,技术,0,0,1
基于模型开发,方法,0,1,0
基于模型的专利诊断技术,技术,1,0,0
基于模型的基线模型校核方法,模型,0,0,1
基于模型的控制,技术,0,1,0
基于模型的控制和健康管理,技术,1,0,0
基于模型的控制和健康管理,领域,0,0,1
基于模型的推理,算法,1,1,0
基于模型的推理,算法/模型,1,0,0
基于模型的故障诊断方法,技术,0,0,1
基于模型的故障诊断方法,方法,1,0,0
基于模型的故障预测,技术,0,1,0
基于模型的方法,方法,1,0,0
基于模型的气路故障诊断方法,方法,1,0,0
基于模型的气路故障诊断方法,模型,0,0,1
基于模型的理论,概念,0,1,0
基于模型的理论,理论,1,0,0
基于模型的系统工程 (MBSE),方法,1,0,0
基于模型的系统工程(Model Based System Engineering，MBSE),技术,0,0,1
基于模型的系统工程(Model Based System Engineering，MBSE),方法,1,0,0
基于模型的系统工程MBSE,系统,0,1,0
基于模型的系统工程,方法,0,1,0
基于模型的系统工程,概念,0,0,1
基于模型的系统工程,系统工程实践,0,0,1
基于模型的系统工程（Model based systems engineering, MBSE）,方法,1,0,0
基于模型的结构,方法,0,0,1
基于模型的诊断技术,技术,0,1,0
基于模型的预测,技术,1,0,1
基于模型结构,模型,1,0,0
基于模型结构,结构,0,1,0
基于模型预测,技术,0,1,0
基于模型驱动的方法,技术,0,0,1
基于模式的技术,技术,1,0,0
基于模态切换的发动机容错控制系统,系统,1,0,0
基于模态切换的航空发动机容错控制系统,系统,0,1,0
基于模糊模型的推理,方法,1,1,0
基于模糊理论的诊断方法,模型,0,0,1
基于模糊神经网络的故障诊断方法,方法,1,0,0
基于模糊综合评判和层次分析法的飞机液压泵故障预测方法,方法,1,0,0
基于残差嵌套式长短期记忆和注意力机制模型,模型,1,0,0
基于气路的航空发动机健康管理技术,技术,0,0,1
基于测试性模型的多信号增强诊断方法,方法,0,0,1
基于涡流薄膜的裂纹监测技术,技术,0,0,1
基于涡轮叶片载荷优化的燃气温度分布调控方法,方法,1,1,0
基于涡轮叶片载荷设计燃气温度分布的方法,方法,1,0,0
基于深度学习的故障预测,技术,1,0,0
基于深度学习的方法,方法,0,1,0
基于混合增强智能的故障诊断技术,技术,1,0,1
基于混合驱动的方法,技术,0,0,1
基于混合驱动的航空发动机气路故障诊断技术综述,论文,0,0,1
基于灰色理论的172飞机故障预测方法,方法,1,0,0
基于物理模型,模型,1,0,0
基于物理模型的故障预测方法,方法,1,0,1
基于状态条件的性能预测,问题,0,1,0
基于状态的维修 (CBM),技术,1,0,0
基于状态的维修(CBM),技术,2,0,0
基于状态的维修(CBM),概念,0,1,1
基于状态的维修,技术,0,1,0
基于状态的维修,方法,1,0,0
基于状态的维修,概念,1,2,1
基于状态的维修,模型,0,0,1
基于状态的维修和自主保障,概念,0,0,1
基于状态的维修（CBM）,技术,2,1,3
基于状态的维修（CBM）,概念,1,0,0
基于状态的维护,技术,0,0,1
基于状态的维护,概念,0,1,0
基于状态的维护保障,应用,0,1,0
基于状态的维护保障,概念/理论,1,0,0
基于状态的维护方式CBM,技术,0,0,1
基于状态的视情维修,方法,1,0,0
基于状态的预测性维修,策略,1,0,0
基于状态维修,概念,0,1,0
基于状态维修,概念/理论,1,0,0
基于状态维修,系统,0,1,0
基于状态维修,维修方式,0,1,0
基于相似性的剩余寿命预测方法,算法,0,0,1
基于知识图谱的数据可视化设计架构,架构,0,0,1
基于知识的故障预测,技术,0,1,0
基于知识的故障预测,算法,0,0,1
基于知识经验的方法,方法,1,0,0
基于矩阵接触器的机载电力系统架构,系统,1,0,0
基于神经网络技术的飞机舵面故障趋势预测方法,方法,1,0,0
基于神经网络的故障诊断,算法,2,0,0
基于神经网络的诊断方法,模型,0,0,1
基于神经网络预测模型的歼击机结构故障检测方法,算法,1,0,0
基于私有云的飞机PHM海量数据挖掘平台,平台,1,1,0
基于私有云的飞机PHM海量数据挖掘平台,技术,0,0,1
基于种子区域生长,算法,0,0,1
基于粒子滤波的故障预测方案,模型,1,0,0
基于粒子滤波的故障预测方案,算法,0,0,1
基于粒子群的神经网络方法,算法,1,0,0
基于粒子群算法的分配模型,模型,1,0,0
基于粗糙概率Petri网的故障检测推理机制,技术,0,0,1
基于纯数据驱动的数据挖掘方法,方法,1,0,0
基于线性模型的诊断方法,方法,1,0,0
基于组件模式的通用软件运行环境,软件环境,0,0,1
基于统一模型的全机内力分析技术,技术,1,0,0
基于统计分析的发动机气路预测方法,技术,0,0,1
基于统计学习的自动人脸识别算法,技术,0,0,1
基于统计的预测方法,方法,1,0,1
基于网络的航空产品设计/制造/服务一体化,概念,0,1,0
基于网络的航空产品设计/制造/服务一体化技术,技术,1,0,0
基于网络软件的体系,技术,0,0,1
基于置信规则的发动机气路故障健康状态评估模型,模型,1,0,0
基于聚类的技术,技术,1,0,0
基于能耗最优的多足机器人综合步态优化方法,研究,0,0,1
基于自编码器半监督异常检测方法,方法,1,0,0
基于自训练权重的多尺度ABiLSTM模型,算法,1,0,1
基于自适应Wiener过程的RUL预测模型,模型,1,0,0
基于获益原则的信息融合预测,方法,1,0,0
基于蒙特卡罗仿真的民机维修间隔风险评估方法,方法,1,0,0
基于融合的方法,技术,0,1,1
基于融合的方法,方法,1,0,0
基于融合知识图谱的航空柱塞泵故障预测诊断方法,方法,1,0,0
基于裂纹的监测方法研究及应用情况,研究,0,0,1
基于规则的不确定性推理,技术,0,0,1
基于规则的不确定性推理,方法,1,0,0
基于规则的推理,方法,1,1,0
基于贝叶斯网络的 ECS 故障诊断方法,方法,1,0,0
基于贝叶斯网络的健康评估方法,方法,0,1,0
基于贝叶斯网络的剩余能力评估,方法,1,0,0
基于距离度量的方法,方法,0,1,0
基于距离度量的方法,算法,0,0,1
基于距离的谱乘类算法,算法,0,0,1
基于载荷谱实测的老龄飞机疲劳寿命预计,研究,0,0,1
基于逆跟踪控制的航空发动机气路健康参数估计修正方法,方法,1,0,0
基于递归DS证据理论的传感器故障诊断方法,方法,1,0,0
基于速度矢量的四足机器人间歇步态规划方法,研究,0,0,1
基于逻辑方程的诊断,技术,1,0,0
基于遗传算法的小波神经网络故障预测模型,模型,1,0,0
基于部件参数估计的航空发动机故障预测系统,系统,1,0,0
基于部件特性的“修正因子”的模型校核方法,模型,0,0,1
基于门限循环单元(GRU)神经网络的后缘襟翼性能评估模型,模型,1,0,0
基于静电互相关灵敏度加权的气路碎片监测方法,方法,1,0,0
基于静电互相关灵敏度加权的气路碎片监测方法,算法,0,0,1
基于非均匀分簇的无线传感器网络分层路由协议,技术,0,0,1
基于非线性模型的诊断方法,方法,1,0,0
基于面向对象的故障预测推理系统设计,研究,0,0,1
基于预测的预测性维修策略（Predictive Maintenance，PdM）,策略,1,0,0
基于飞参的使用寿命监视,方法,1,0,0
基于马尔科夫和贝叶斯网络的健康评估方法,方法,0,0,1
基于马尔科夫模型的健康评估方法,方法,0,1,0
基于马尔科夫模型（HMM）的剩余能力评估,方法,1,0,0
基于马氏距离的故障预测方法,方法,1,0,0
基于马氏距离的故障预测方法,算法,0,0,1
基地级诊断维修,维修体制,1,0,0
基层级备件配置机制框架,机制,1,0,0
基层级诊断维修,维修体制,1,0,0
基本作战单元,概念,0,1,0
基本可靠性,因素,0,0,1
基本可靠性,性能指标,1,0,0
基本可靠性,方法,0,1,0
基本灰色系统,算法,1,0,0
基线模型,模型,0,1,0
基频振动突升突降问题,问题,1,0,0
堆叠降噪自编码器,模型,1,0,0
堆叠降噪自编码器,算法,0,1,0
塞斯纳172基本型飞机,研究对象,1,0,0
塞斯纳172基本型飞机,飞机型号,0,1,1
增加作战出动架次25%,目标,0,1,0
增加系统的扩展性和伸缩性,目标,1,0,0
增加飞机使用寿命,研究结果,1,0,0
增加飞机使用寿命,结果,0,1,0
增升功能,技术,1,0,0
增压泵出口压力,性能指标,1,0,0
增压泵出口流量,性能指标,1,0,0
增强型机载自适应模型,模型,1,1,1
增强型机载自适应模型气路诊断架构,模型,1,0,0
增强型机载自适应模型（ESTORM）,模型,1,0,0
增强现实(AR),技术,1,0,0
增强现实（AR),技术,0,0,1
增强的卡尔曼滤波,算法,0,1,0
增强的卡尔曼滤波法,算法,1,0,1
增强诊断技术,技术,1,1,0
增强飞机的安全性和任务可靠性,目标,1,1,0
增材制造技术,技术,0,1,1
增益故障,故障,1,0,0
增量式最小二乘支持向量机,算法,1,0,0
声振耦合动响应分析,技术,0,0,1
声疲劳寿命预计,分析,1,0,0
处理器测试,测试项,0,1,0
处理时间缩短至32分钟,结果,0,1,0
备件,资源,0,1,0
备件不匹配,缺陷,0,1,0
备件不匹配,问题,0,0,1
备件短缺,缺陷,0,1,0
备件短缺,问题,0,0,1
备件短缺和不匹配,问题,1,0,0
备件管理混乱,缺陷,0,1,0
备件管理混乱,问题,1,0,1
备件运输困难,缺陷,0,1,0
备件运输困难,问题,1,0,1
备件配置模型,模型,0,0,1
备件配置预测模型,模型,1,0,0
备件需求产生过程,过程,0,1,0
备件需求预测,应用领域,0,1,0
备份,技术,0,0,1
备用电液作动器(EBHA),系统/部件,1,0,0
复合材料,技术,1,0,0
复合材料,材料,0,3,2
复合材料应用技术,技术,1,1,1
复合材料整体化结构,结构,1,0,0
复合材料整体化结构分析技术,技术,1,0,1
复合材料用量占50%,研究结果,1,0,0
复合材料试验要求,技术,0,0,1
复合材料飞机,技术,0,1,0
复杂产品装配,应用,0,1,0
复杂产品装配,技术,0,0,1
复杂大系统试验与评价,技术,0,0,1
复杂工程系统健康指数提取,技术,0,0,1
复杂机体结构,研究对象,1,0,0
复杂机电装备,应用领域,1,0,0
复杂机电装备,领域,0,1,0
复杂空间多自由度运动机构设计技术,技术,1,0,0
复杂系统,研究对象,1,0,0
复杂系统,系统,0,1,0
复杂系统综合健康管理,模型,1,0,0
复杂装备状态检测,应用领域,1,0,0
外国用户,组织机构,0,0,1
外圈,部件,0,1,0
外场可更换单元 (LRU),组件,1,0,0
外场可更换单元,概念,1,1,0
外场可更换模块 (LRMs),概念,0,1,0
外场可更换模块,概念,1,0,0
外场可更换模块（Line Replaceable Modules，简称LRMs）,技术,0,0,1
外场可替换单元 (LRUs),概念,0,1,0
外场可替换单元（Line Replacement Units，简称LRUs）,技术,0,0,1
外场备件配置机制,机制,0,1,0
外场备件配置流程,流程,0,0,1
外场数据,数据,1,0,0
外场维修技术,技术,0,1,1
外推法,方法,1,0,0
外来物损伤,故障类型,0,1,0
外泄漏,性能衰退模式,0,1,0
外部空气温度,实体,0,1,0
外部空气温度,特征,1,0,0
多Agent技术,技术,1,0,0
多Agent系统,技术,0,0,1
多Agent系统,模型,1,0,0
多Agent系统,系统,0,1,0
多、全电飞机,概念,0,1,0
多任务管理,方法,1,0,0
多任务管理策略,策略,0,1,0
多传感器信息融合,算法,0,1,0
多传感器信息融合算法,算法,0,0,1
多传感器故障,故障类型,0,1,0
多传感器故障诊断,应用,1,0,0
多信号增强诊断方法,方法,1,1,0
多信号模型,技术,0,0,1
多信号流图,模型,1,0,0
多信号相关性模型诊断方法,方法,1,0,0
多元变量统计分析,算法,0,0,1
多元状态估计(MSET),方法,1,0,0
多元状态估计,算法,0,1,1
多元状态估计技术,技术,1,0,1
多元线性回归,方法,0,1,0
多元线性回归,模型,1,1,0
多元线性回归,算法,1,0,0
多元线性回归（MLR）,算法,0,0,1
多元线性逐步回归分析,研究方法,1,0,1
多元线性逐步回归分析,统计方法,0,1,0
多元统计分析,算法,1,2,1
多分类算法,算法,1,1,0
多区油气输运匹配涡核控制方法,方法,0,1,0
多参数,参数,0,0,1
多参数快速预测模型,模型,1,0,0
多参数故障预测模型,模型,1,1,0
多参数灰色模型,模型,1,0,0
多参数相关分析方法,方法,1,0,0
多参数相关分析法用于故障识别,研究结果,0,0,1
多参数预测模型,模型,2,3,2
多变量故障信号重构方法,技术,0,0,1
多变量统计,方法,1,1,0
多变量统计,模型,0,0,1
多商品网络流模型,模型,1,0,0
多因子高阶模糊变动预测方法,算法,0,1,0
多因子高阶模糊变动预测模型,模型,1,1,0
多因子高阶模糊变动预测模型,算法,0,0,1
多因子高阶模糊变动预测模型具有更好的故障趋势预测能力,研究结果,1,0,0
多因素耦合分析,方法,0,1,0
多失效模式耦合,概念,0,1,0
多媒体定时器,技术,0,0,1
多媒体定时器,算法,1,0,0
多小波网络,模型,0,1,1
多小波网络,算法,1,0,0
多小波网络全面优于BP神经网络,研究结果,0,0,1
多尺度排列熵算法,算法,0,0,1
多尺度支持向量机,算法,0,1,0
多尺度支持向量机故障预测,算法,0,0,1
多尺度时序数据,数据,1,0,0
多层 LSTM 预测模型,模型,1,0,0
多层LSTM,算法,0,0,1
多层LSTM平均预测误差为12,研究结果,0,0,1
多层LSTM预测模型,模型,0,1,0
多层卷积稀疏编码模型,模型,1,1,0
多层卷积稀疏编码模型,算法,0,0,1
多层感知器（MLP）,算法,0,0,1
多层感知机(MLP),算法,1,0,0
多层感知机,模型,2,1,0
多层感知机,算法,1,2,0
多层网格搜索,算法,0,0,1
多层网格搜索算法,算法,1,1,0
多属性评价方法,技术,0,0,1
多工况散热区单位散热量提升可达20%以上,研究结果,1,0,0
多平台协同作战,概念,0,0,1
多故障模式,概念,1,0,0
多故障特征参数预测模型,模型,1,0,0
多数据协同融合技术,技术,1,0,1
多方式综合诊断,技术,0,0,1
多方式综合诊断,方法,1,0,0
多方式综合诊断分析,技术,0,0,1
多机协同,概念,0,0,1
多机种一体化保障,技术,0,1,0
多机种一体化地面PHM系统,系统,0,0,1
多机种一体化故障预测与健康管理技术,技术,0,0,1
多机种自主式保障一体化数据存储设计,技术,1,0,0
多模型融合的故障预测方法,方法,0,1,0
多模型融合预测框架,模型,0,1,0
多模态注意力机制,算法,0,1,0
多步直接预测算法,算法,1,1,1
多深度置信网络(DBN),模型,1,0,0
多深度置信网络（Multi- deep Belief Network，DBN）模型融合,技术,0,0,1
多源异构信息,概念,0,1,0
多源异构数据,数据,1,1,0
多源故障信息交互与管理,概念,0,0,1
多源故障信息获取,问题,0,1,0
多源测试数据,数据,1,0,0
多源组合导航系统理论及应用技术,研究方向,1,1,1
多版本软件冗余,技术,0,0,1
多状态混合高斯隐马尔科夫模型,模型,1,1,0
多状态混合高斯隐马尔科夫模型（MOG-HMM）,算法,0,0,1
多用途先进航空涡轮发动机计划（VAATE）,项目,0,0,1
多电/全电化,技术,0,0,1
多电发动机,部件,1,0,0
多电平技术,技术,1,0,0
多电飞机,概念,1,1,0
多电飞机,飞机类型,0,1,0
多电飞机技术,概念,0,1,0
多电飞机电力系统,技术,0,0,1
多电飞机（MEA）技术,技术,0,0,1
多目标遗传算法,算法,1,0,0
多种故障气动模型,模型,1,0,0
多类型高精度测温系统设计,文献,0,0,1
多维包线法,技术,0,0,1
多维正态高斯分布模型,模型,0,0,1
多跳无线传感器网络,技术,0,0,1
多通道SSPC模块,部件,1,0,0
多通道相参接收机系统,技术,0,1,0
多通道相参接收机系统,模型,1,0,0
多重共线性,研究结果,0,1,0
多重共线性影响问题,问题,1,0,0
多门混合专家,模型,0,1,0
多项式核函数,函数,0,1,0
多领域模型,模型,0,0,1
大功率无刷发电与起动发电一体化,技术,1,0,0
大型客机运行监控与健康管理系统,模型,1,0,0
大型客机飞控作动系统,系统/部件,1,0,0
大型航空飞行器发动机的故障诊断模型,模型,1,0,1
大型飞机发动机,研究对象,1,0,0
大大提高了不同应用程序间的数据交换速度,研究结果,1,0,0
大容量存储,任务,1,0,0
大容量存储模块,模块,0,2,0
大数据4V特性,概念,0,1,0
大数据,技术,1,0,2
大数据,概念,1,1,1
大数据分析,技术,0,3,2
大数据分析,过程,0,1,0
大数据分析技术,技术,1,0,0
大数据技术,技术,1,1,0
大气压,参数,0,0,1
大气温度,参数,0,2,0
天瞳,平台,1,0,0
天线接口单元,模块,0,1,0
天线接口单元,组件,1,0,0
太阳活动,因素,0,1,1
太阳耀斑,因素,0,1,1
失效传播模型,模型,0,1,0
失效发生率函数,函数,1,0,0
失效数据表现不完整性,挑战,1,0,0
失效机理,概念/组件,1,0,0
失效机理分析,技术,0,0,1
失效模型,模型,2,0,0
失效模式、影响及危害性分析,技术,0,0,1
失效模式影响及危害性分析(FMECA),方法,1,0,0
失效模式影响及危害性分析,方法,0,1,0
失效模式影响及危害性分析,算法,0,0,1
失效物理 (PoF),模型,1,0,0
失效物理,理论,1,0,0
失效物理模型,方法,0,1,1
失效物理模型,模型,3,5,2
失效率,性能指标,0,1,0
失效阈值函数,函数,1,0,0
失效预测,技术,1,0,0
失效预测,概念,0,0,1
失败率,性能指标,1,0,0
失败率每降低一个百分点，政府可以节约1000万美金,研究结果,1,0,0
失败率降低,性能指标,0,1,0
奇异值分解,算法,1,2,0
奇异谱分析,模型,1,0,0
奇异谱分析,算法,0,0,1
奖励/成本函数,函数,1,0,0
好用,概念,0,1,0
姿态角,参数,0,1,0
威布尔分布,函数,1,0,0
威布尔分布,分布,0,1,0
威布尔分布,指标,0,1,0
威布尔分布,方法,0,1,0
威布尔分布,模型,3,2,0
威布尔分布模型,模型,0,0,1
威布尔分析,算法,1,0,0
威布尔模型,模型,0,1,0
威布尔累积概率分布函数,函数,0,1,0
婚姻状况,影响因素,1,1,0
子系统级PHM,层次,0,1,0
子系统级PHM,系统,1,0,0
子系统级,层次,0,1,0
子置信规则库,模型,1,1,1
存储单元,硬件组件,0,1,0
存储容量,性能指标,0,0,1
存储带宽,性能指标,0,0,1
存储管理,方法,1,0,0
存储管理策略,策略,0,1,0
存储需求,研究结果,0,1,0
孙华荣,作者,0,0,1
孙博,人物,1,0,0
孙博副教授,人物,0,1,1
孙波,人物,0,1,1
孙蛟,作者,0,0,1
孙见忠,作者,0,0,1
孙见忠等,研究人员,1,0,0
季节变动项,数据,1,0,0
孪生体,概念,1,0,0
孪生数据(DD),组成部分,1,0,0
孪生数据,数据,0,0,1
孪生数据,组件,0,1,0
孪生模型,模型,1,0,0
宁顺刚等,研究人员,1,0,0
宇宙射线,概念,1,0,0
宇宙射线,辐射源,0,1,1
守恒思想,理论/思想,1,0,0
安全关键内核,组件,0,1,0
安全员,人员,0,1,0
安全员,研究对象,1,0,1
安全员,职业,0,1,0
安全寿命设计,概念,0,1,0
安全性,属性,0,1,0
安全性,性能指标,1,3,0
安全性,概念,1,1,1
安全性提高,研究结果,0,1,0
安全管理,技术,0,0,1
安全管理,管理,0,2,0
安全管理,组件,1,0,0
安全虚通道 (VC),机制,0,1,0
安全虚通道,技术,0,0,1
安全虚通道技术,技术,1,0,0
安全防护功能,功能,0,1,0
安捷伦科技公司,公司,0,0,1
安捷伦科技公司,组织,0,1,0
宋岩峰,人物,0,1,0
宋悦,人物,0,1,0
宋萍,人物,0,1,0
完全控制模式,模式,0,0,1
完整性,属性,0,1,0
完整性,概念,1,0,1
定子极弧,参数,0,0,1
定子绕组开路,故障,0,1,0
定子绕组开路,故障类型,0,0,1
定性仿真,模型,0,0,1
定性仿真,算法,1,0,0
定性仿真法,方法,0,1,0
定性微分方程,模型,1,0,0
定时发送策略,方法,1,0,0
定时器周期,参数,0,1,0
定时精度,性能指标,1,0,0
定时精度提高,结果,0,1,0
定时维修,方法,1,0,0
定时翻修,维修模式,1,0,0
定期维修,技术,1,0,0
定期维修,概念,1,0,1
定期维修时间拖到 24~30个月进行一次,研究结果,1,0,0
定期维护,方法,1,0,0
定期预防维护方式,方法,1,0,0
定检维修,概念,1,0,0
定量标准,概念,0,1,0
宝马丁格芬工厂,组织,0,0,1
实体解析,技术,0,1,0
实数编码,技术,1,0,0
实时健康监控系统（AiRTHM）,平台,0,1,0
实时健康监控系统（AiRTHM）,技术,0,0,1
实时健康监控系统（AiRTHM）,系统,1,0,0
实时化,研究结果,0,1,0
实时发动机模型,模型,0,1,0
实时容错操作系统,技术,1,1,1
实时寿命预计模型,技术,0,0,1
实时性,属性,0,1,0
实时性,性能指标,3,2,1
实时性,概念,1,1,1
实时性、准确性和鲁棒性方面表现更优,研究结果,0,0,1
实时性能,研究结果,0,1,0
实时报文数据,数据,1,0,0
实时故障报文,数据,2,1,0
实时故障预测,研究阶段,1,0,0
实时故障预测与健康管理,概念,0,0,1
实时监控,功能模块,0,1,0
实时监控、健康评估、故障预测,研究结果,0,0,1
实时监控与健康管理,技术,0,0,1
实时监控模块,模块,0,1,0
实时监控模块,系统,0,0,1
实时监视,技术,0,1,0
实时飞行状态,参数,0,1,0
实现健康管理,研究结果,0,1,0
实现故障实时预测技术,研究结果,0,1,0
实现自主式保障,研究结果,0,1,0
实现自治后勤,目标,0,1,0
实际值7.66,结果,0,1,0
实验,研究,1,0,0
实验室检测,体检项目,0,0,1
实验数据,数据维度,0,1,0
实验结果证明，这种方法较好地提高了故障诊断的准确性,研究结果,0,0,1
客户满意度,性能指标,0,0,1
客户需求,概念,1,1,0
客舱应急设备,设备,1,0,1
客舱时寿件,设备,1,0,0
室内定位导航实验室,实验室,1,1,1
容错控制,技术,1,0,0
容错控制回路,回路,0,1,0
容错控制回路,系统,1,0,0
宽度σ,参数,0,1,0
宽禁带半导体器件,技术,0,1,1
宽禁带半导体器件,部件,1,0,0
宽频强隐身材料技术,技术,1,0,1
宽频雷达吸波材料,材料,0,1,0
密封件使用时间,特征,1,0,0
密封件使用时间,输入向量,0,1,0
密封失效,故障,1,1,0
密封有效期间的起落次数,特征,1,0,0
密封有效期间的起落次数,输入向量,0,1,0
密钥管理,技术,0,0,1
密钥管理,组件,0,1,0
富文本编辑器HTMLEditor,工具,1,0,0
富文本编辑器,技术,0,0,1
对于提高飞机故障预测的精度具有重要的意义,研究结果,0,0,1
对全球供应链建设方面的困难估计不足,原因,1,1,0
对初始故障的理解和检测,问题,0,1,0
对国产民机典型故障的形成条件进行梳理，形成各故障逻辑图,研究结果,0,0,1
对在不同负载和任务使用条件下的材料性能的理解,问题,0,1,0
对完善国产民机的机载健康管理系统与地面健康管理系统的故障诊断功能具有一定的参考意义,研究结果,0,0,1
对抗损失,函数,0,1,0
对抗自编码器(AAE),模型,1,0,0
对抗自编码器,模型,0,1,0
对抗训练,方法,1,1,0
对抗训练框架,模型,0,0,1
对故障发展速率的理解,问题,0,1,0
对故障机理的更好理解,研究问题,1,0,0
对故障机理的更好理解,问题,0,1,0
对故障进行早期检测和隔离,目标,0,1,0
对模型偏差敏感,问题,1,0,0
对比散度算法,技术,0,0,1
对比散度算法,算法,1,1,0
对潜在可能故障部件给出发生的概率,研究结果,1,0,0
对称指标,性能指标,1,0,0
对象模型,技术,0,0,1
对飞机运行安排、可靠性分析、航材库存配置、各类专业人员培训等都造成了积极影响,研究结果,0,0,1
导弹维修保障系统,系统,0,1,0
导弹维修保障综合PHM,系统,1,0,0
导波损伤监测,方法,0,1,0
导波的损伤监测,技术,0,0,1
导航Agent,Agent,0,1,1
导航、制导与控制,学科,1,1,1
导航电文,技术,0,0,1
导航研究中心,机构,0,1,0
导航系统,系统,0,1,0
导航系统测试实验室,实验室,1,1,1
导通电阻,参数,0,1,0
导通角,参数,0,0,1
寿命周期成本,性能指标,1,0,0
寿命周期费用(LCC),概念,0,1,0
寿命周期费用,性能指标,0,0,1
寿命周期费用最少,目标,1,0,0
寿命延长控制,应用,0,1,0
寿命延长控制,技术,1,0,0
寿命延长控制,概念,0,1,0
寿命延长控制,模型,0,0,1
寿命损伤监测系统,系统,0,1,0
寿命损失减少了4546.5元,研究结果,1,0,0
寿命方均根误差（RMSE）,性能指标,0,0,1
寿命方均根误差（RMSE）落在区间[10.52,18.91],研究结果,1,0,1
寿命消耗模型,模型,1,1,0
寿命消耗监控(LCM)方法论,方法/方法论,1,0,0
寿命消耗监控,技术,0,1,0
寿命消耗监控,概念,0,1,0
寿命消耗监控（LCM）,技术,0,1,0
寿命消耗监测法(LCM),模型,0,1,0
寿命消耗监测法（LCM）,技术,0,0,1
寿命消耗监测法（LCM）,方法,1,0,0
寿命状态监视诊断系统,系统,1,0,0
寿命管理,功能,2,3,0
寿命管理技术,技术,1,0,0
寿命管理技术,方法,0,1,0
寿命统计,功能,0,1,0
寿命评估,技术,0,1,0
寿命预测,应用,1,0,0
寿命预测,技术,0,2,0
寿命预测与维修支持,概念,0,0,1
封装标准,文档,0,0,1
封闭前缘缝翼,部件,0,1,0
封闭式下垂前缘襟/缝翼技术,技术,1,1,1
封闭式克鲁格襟翼,部件,0,1,0
射频传感器,设备,0,1,0
射频信道,系统,1,1,0
射频信道健康表征的优先参量,研究结果,0,0,1
射频信道类模块,模块,0,1,0
射频通信,技术,0,0,1
小偏差法,方法,1,0,0
小功率无线综合微型传感器,传感器,0,2,2
小容腔快速充压技术,技术,1,0,0
小波分析,理论,1,0,0
小波分析,算法,1,3,1
小波分析法,算法,1,1,0
小波包变换,算法,0,0,1
小波去噪,方法,0,1,0
小波去噪,算法,1,0,0
小波变换,方法,1,2,0
小波变换,模型,1,0,0
小波变换,算法,4,3,3
小波变换模型,模型,0,1,0
小波变换的信号处理方法,技术,0,0,1
小波变换的信号处理方法,方法,1,0,0
小波理论,技术,0,1,0
小波神经网络,模型,0,1,0
小波神经网络,算法,2,1,2
小波网络,模型,0,1,1
小波网络,算法,1,0,0
小波能谱熵,性能指标,1,0,0
小波能谱熵,算法,0,1,0
小波能谱熵的故障预测技术,算法,0,0,1
小波降噪,算法,1,1,1
小波降噪技术,技术,0,0,1
小误差概率 P,性能指标,1,0,0
小误差频P,性能指标,0,1,0
尚泽译,人物,0,0,1
尚金秋,研究人员,1,0,0
尹晓静,组织/人名,1,0,0
尹琦,人物,0,1,0
尺寸系数,系数,0,1,0
尺度参数,参数,1,0,0
尺度参数,指标,0,1,0
尾喷管面积,参数,0,1,0
尾焰的热辐射,信号,1,0,0
尿素氮,体检项目,0,0,1
局部切线空间对准,算法,0,0,1
局部可解释性分析,方法,0,1,0
局部均值分解方法,技术,0,0,1
局部应力应变法,方法,1,1,1
局部敏感特性,概念,1,0,0
局部最优点,问题,1,0,0
层次分析法,方法,1,5,0
层次分析法,算法,5,1,5
层次化、模块化的系统管理技术,技术,0,0,1
层次化体系结构,方法,1,0,0
层次化体系结构,系统,1,0,0
层次化分布式体系架构,架构,0,1,0
层次化分布式体系结构,概念,1,0,0
屏蔽双绞电缆,组件,0,1,1
展开网络,网络,0,1,0
属性依赖度,概念,1,0,0
属性约简,方法,1,0,0
属性约简,算法,0,1,0
属性重要度,概念,1,0,0
山东科技大学,机构,1,0,0
峰值值,参数,0,1,1
峰值值,特征参数,1,0,0
峰值排气温度下APU转速（NPA）,参数,0,0,1
峰值转速,参数,0,1,0
崔西宁,人物,0,0,1
嵌入式传感器,技术,0,1,0
嵌入式数据库,技术,0,0,1
嵌入式智能传感器技术,技术,0,1,0
嵌入式测试(BIT),技术,1,0,0
嵌入式测试,技术,1,1,1
嵌入式系统,技术,0,0,1
嵌入式系统可靠性,技术,0,0,1
嵌入式设备驱动,技术,0,0,1
嵌入式诊断和预测同步(EDAPS),技术,0,1,0
嵌入式软件,技术,0,0,1
嵌入式软件,系统,0,1,0
嵌入式软件,软件,1,0,0
嵌入式软件测试用例生成技术,技术,0,0,1
嵌入维数m,参数,0,1,0
嵌入维数,性能指标,1,0,0
嵌套迭代软阈值算法(ML-ISTA),算法,1,0,0
嵌套迭代软阈值算法,算法,0,0,1
巡航状态,发动机状态,0,1,0
工业4.0,概念,2,2,0
工业4.0,策略,0,1,0
工业4.0,计划,1,0,0
工业4.0,领域,0,0,1
工业4.0战略,政策,0,0,1
工业互联网,平台,0,1,0
工业互联网,技术,1,0,0
工业互联网,概念,1,1,1
工业互联网,领域,0,0,1
工业以太网,技术,0,1,0
工业控制系统,技术,0,0,1
工业机器人机械臂加工目标定位控制研究,研究,0,0,1
工作强度,影响因素,1,0,0
工作效率与可靠性,性能指标,0,0,1
工作环境,影响因素,1,0,0
工作环境,概念,0,0,1
工作环境呈现不确定性,挑战,1,0,0
工作电压,参数,0,1,0
工作电流,参数,1,1,0
工况敏感度,性能指标,1,1,1
工单管理系统,系统,1,1,1
工程应用转换,技术,0,1,0
工程技术支援,服务资源,0,1,0
工程经验法,方法,1,1,0
工艺设计,过程,0,1,0
工装设计,过程,0,1,0
左副翼损伤,故障,1,0,0
左发动机,部件,0,1,0
左右襟翼角度,参数,0,1,0
左右轮速,参数,0,1,0
左手材料,材料,0,1,0
左洪福,作者,0,0,1
差分法,算法,0,1,0
差分进化算法,方法,0,1,0
差分进化算法结合极限学习机建立的故障诊断模型,模型,1,0,0
已标记样本,实体,0,1,0
巴西航空工业公司,公司,0,1,1
巴西航空工业公司,机构,0,1,0
巴西飞机工业公司,公司,0,1,1
巴黎模型,模型,0,0,1
布线技术,技术,1,0,1
希尔伯特变换,算法,1,0,0
带宽分配间隔,协议,1,0,0
带式静电实验装置,实验装置,0,0,1
带式静电实验装置,模型,1,0,0
带式静电实验装置,装置,0,1,0
常增益扩展卡尔曼滤波(CGEKF),算法,1,0,0
常增益扩展卡尔曼滤波,算法,0,1,1
常用算法,算法,0,1,0
幂函数模型,模型,1,0,0
幂律模型,算法,0,0,1
幂律过程,模型,0,1,0
幂律过程建模,算法,1,0,0
幂律过程模型,模型,0,0,1
幂指模型,模型,1,0,0
幂法,算法,1,0,0
干体式计量炉,设备,1,0,0
干电容误差超差故障,故障,0,1,0
平台级PHM,层次,0,1,0
平台级PHM,系统,1,0,0
平台级,结构维度,0,1,0
平均CPU占用率34.3%,研究结果,1,0,0
平均信噪比,性能指标,1,0,0
平均信噪比提高8.27dB,研究结果,1,0,0
平均偏差,性能指标,0,0,1
平均内存占用率42.3%,研究结果,1,0,0
平均失效时间,性能指标,1,1,0
平均寿命,指标,0,1,0
平均平方误差(MSE),性能指标,0,0,1
平均平方误差MSE,性能指标,1,0,0
平均平方误差,性能指标,1,2,0
平均振值,参数,0,1,1
平均振值,特征参数,1,0,0
平均故障检测时间,指标,0,1,0
平均故障间隔时间(MTBF),性能指标,1,0,0
平均故障间隔时间,性能指标,0,0,1
平均故障间隔时间,指标,0,1,0
平均故障间隔飞行小时,性能指标,1,0,1
平均故障隔离时间,指标,0,1,0
平均故障预测时间,性能指标,0,0,1
平均正确率,性能指标,1,1,1
平均气体温度,实体,0,1,0
平均气体温度,特征,1,0,0
平均百分比误差低于3%,研究结果,0,0,1
平均相关系数,性能指标,1,1,1
平均相对变动值(ARV),函数,0,0,1
平均相对变动值(ARV),性能指标,1,0,0
平均相对变动值,函数,0,1,0
平均相对误差(MAPE),性能指标,1,1,1
平均相对误差0.4948%,结果,0,1,0
平均相对误差4.0447%,研究结果,0,1,0
平均相对误差,性能指标,6,3,2
平均相对误差为0.12%,研究结果,1,0,0
平均相对误差为0.30%,研究结果,1,0,0
平均相对误差为0.39%,研究结果,1,0,0
平均相对误差为0.44%,研究结果,1,0,0
平均相对误差为0.90%,研究结果,1,0,0
平均相对误差为4.0447%,研究结果,1,0,0
平均相对误差为4.39%,研究结果,1,0,0
平均相对误差为5.9265%,研究结果,1,0,0
平均相对误差仅为3.01%,研究结果,1,0,0
平均相对误差（MAPE）,性能指标,1,0,1
平均相对预测误差,性能指标,1,1,1
平均精度,性能指标,1,0,0
平均精度达到了90.6%,研究结果,1,0,0
平均绝对值相对误差,指标,0,1,0
平均绝对百分比误差 (e_MAPE),性能指标,1,0,0
平均绝对百分比误差,性能指标,2,4,1
平均绝对百分比误差低于3%,研究结果,0,1,0
平均绝对百分比误差（MAPE）,性能指标,0,0,1
平均绝对百分比误差（Mean Absolute Percentage Error，MAPE）,性能指标,1,0,0
平均绝对百分比误差（e_MAPE）,性能指标,0,0,1
平均绝对误差 MAE,性能指标,1,0,0
平均绝对误差(MAE),性能指标,1,0,0
平均绝对误差MAE,性能指标,0,0,1
平均绝对误差,性能指标,8,11,7
平均绝对误差,指标,0,1,0
平均绝对误差由 45% 减小至 21%,研究结果,1,0,0
平均绝对误差由45%减小至21%,研究结果,0,0,1
平均绝对误差百分比,性能指标,4,4,3
平均绝对误差降低至0.027,研究结果,1,0,0
平均绝对误差（MAE）,性能指标,1,0,1
平均绝对误差（Mean Absolute Error，MAE）,性能指标,1,0,0
平均误差MAE,性能指标,1,0,0
平均误差,性能指标,1,1,0
平均误差,指标,0,1,0
平均误差从10%以上降至2%左右,研究结果,1,1,0
平均误差绝对值,性能指标,0,1,0
平均预测时间,指标,0,1,0
平均预测误差12,研究结果,0,1,0
平均预测误差为12,研究结果,1,0,0
平均验证损失值0.023,研究结果,0,1,0
平均验证损失值,性能指标,1,0,0
平均验证损失值为0.023,研究结果,1,0,0
平方相关系数r²,性能指标,1,0,0
平稳性检验,方法,0,1,0
平飞,状态,0,1,0
年剂量都大于1mSv,研究结果,1,0,0
年夫顺,人物,0,0,1
年有效剂量,性能指标,1,0,0
并行协同,过程,0,1,0
并行工程,技术,0,0,1
广州一上海,航线,0,1,0
广州一墨尔本,航线,0,1,0
广阔的应用前景,研究结果,0,1,0
庆安集团有限公司,公司,0,0,1
序列图,图,0,1,0
序列最小最优化算法,算法,1,1,1
序贯最小优化支持向量回归 (SMO-SVR),算法,1,0,0
序贯最小优化支持向量回归,算法,0,1,0
序贯最小优化支持向量回归（SMO-SVR）,算法,0,0,1
应力严重系数,系数,1,1,1
应力损伤评估,技术,0,0,1
应力误差不大于5%,研究结果,1,0,0
应变-寿命曲线,曲线,1,0,0
应变,物理量,1,0,0
应变传感器,传感器,0,1,0
应变寿命法,模型,1,1,0
应变电桥测量法,方法,1,0,0
应变疲劳参数,参数,0,0,1
应急反应速度,性能指标,1,0,0
应急增强控制,技术,0,0,1
应急电源,系统,0,1,0
应激,影响因素,1,0,0
应用层,层次,0,1,0
应用层,层级,1,0,0
应用层,组件,0,1,0
应用层,软件层,0,1,0
应用策略,方法,1,0,0
庞巴迪公司,公司,0,1,0
座舱人机接口,接口,0,1,0
座舱压力,参数,0,1,0
座舱温度,参数,0,1,0
座舱音频信息,数据,1,0,0
延寿控制,技术,1,0,1
延迟坐标法,算法,1,0,0
延迟时间τd,参数,0,1,0
延迟时间窗τw,参数,0,1,0
建模,技术,0,1,0
建模与仿真,技术,0,1,0
建模仿真技术,技术,0,0,1
建模层级,概念,1,0,0
建议生成AG,功能,1,0,0
建议生成AG,概念,0,0,1
建议生成,功能,0,1,0
建设符合国产民机特点，科学高效实现国产民机健康管理、实时监控等功能,研究结果,0,0,1
开关矩阵,设备,0,1,0
开关矩阵模块,模块,0,1,0
开关矩阵模块,组件,1,0,0
开关磁阻发电系统,系统,1,1,1
开关磁阻电机,部件,1,0,0
开关磁阻电源系统,组件,0,1,0
开放体系 (OSA- CBM),模型/架构,1,0,0
开放式、层次化的系统结构,技术,0,0,1
开放式体系架构,架构,1,1,0
开放式体系结构,技术,0,1,1
开放式先进航空电子系统,系统,0,0,1
开放式接口标准,标准,1,0,0
开放式结构,模型,1,0,0
开放性、分布式、模块化的系统结构,模型,1,0,0
开放架构状态维修,模型,1,0,0
开放的软件架构,模型,1,0,0
开路,故障,1,0,0
开路故障,故障,0,1,0
开路故障,故障类型,0,1,0
异型温度传感器,设备,1,0,0
异型温度传感器无法校准,问题,0,0,1
异常推理,功能,1,1,0
异常推理,概念,0,0,1
异常检测,应用领域,1,0,0
异常检测,技术,1,1,1
异常检测,方法,1,1,0
异常检测与中介轴承故障诊断的有效性,研究结果,0,0,1
异常检测子网络,算法,0,0,1
异常检测推理机,推理机,0,1,0
异常检测推理机,系统,1,0,1
异常检测算法,算法,0,0,1
异形喷管,部件,1,0,0
异形喷管技术,技术,0,0,1
异构信息融合时知识元权重分配困难,问题,1,0,0
异步接口,接口,0,1,0
异种传感器数据融合传输技术,技术,1,0,1
引气压力,参数,1,1,0
引气压力（PT）,参数,0,0,1
引气流量,参数,0,1,0
引气流量（WB）,参数,0,0,1
引气系统,系统,0,1,0
引气调节器,系统,0,0,1
张宝珍,人物,0,1,0
张志舒,作者,0,0,1
张振良，毕俊喜，何荣荣，崔哲，周相志,作者,1,0,0
张玉杰,作者,0,1,0
张联禾,人物,1,0,0
张联禾主任,人物,0,1,1
张莉,人物,1,1,2
张西山,人物,0,1,1
弹性合金,材料,0,1,0
强化学习,技术,0,1,1
强化学习,算法,1,1,0
强化学习算法,算法,2,1,1
强学习模型,模型,1,0,0
强度函数,函数,1,0,0
强度设计/分析/验证技术,技术,1,0,0
强相关性分析方法,算法,1,0,0
强震动,影响因素,1,0,0
归一化均方差(NMSE),性能指标,0,0,1
归一化均方差,性能指标,0,1,0
归一化方法,方法,0,1,0
当量损伤,参数,0,1,0
形状参数,参数,1,0,0
形状参数,指标,0,1,0
形状记忆合金,材料,0,1,0
彭喜元,人物,0,1,0
彭喜元教授,人物,0,0,1
彭宇,人物,1,0,0
彭宇,作者,0,1,0
彭宇教授,人物,0,1,1
影响因素,概念,0,0,1
影响系数矩阵,函数,0,1,0
径向基函数,函数,3,1,0
径向基函数神经网络 (RBFNN),模型,1,0,0
径向基函数神经网络,算法,0,1,0
径向基函数神经网络（RBFNN）,模型,0,0,1
径向基函数网络,模型,0,1,0
径向基函数网络（RBF）,模型,1,0,0
径向基函数网络（RBF）,算法,0,0,1
径向基函数（RBF）网络,模型,1,0,0
径向基核函数RBF,函数,1,0,0
径向基核函数RBF,核函数,0,0,1
径向基核函数,函数,0,2,0
径向基核函数,模型,1,0,1
径向基神经网络,网络,0,1,0
径向基神经网络（RBF）,神经网络,0,0,1
径向基神经网络（RBF）,算法,1,0,0
径向基网络,算法,1,0,0
待机备份,备份,0,1,0
待检模式向量,参数,0,0,1
徐光跃,人物,0,0,1
徐昊,人物,0,1,0
徐红专,人物,1,0,0
徐红专部长,人物,0,1,1
循环100步,研究结果,1,0,0
循环150步,研究结果,1,0,0
循环83步,研究结果,1,0,0
循环神经网络 (RNN),模型,1,0,0
循环神经网络(RNN),模型,3,0,0
循环神经网络(RNN),算法,1,0,0
循环神经网络,模型,3,1,0
循环神经网络,算法,1,2,0
循环神经网络（RecurrentNeuralNetwork，RNN）,模型,1,0,0
微型悬臂梁传感器,传感器,0,0,1
微型悬臂梁传感器,设备,1,0,0
微型惯性测量装置,装备,1,0,0
微弱电磁传感,技术,0,1,0
微弱电磁传感器,概念,0,1,0
微弱电磁传感技术,技术,1,0,1
微控制单元(Microcontroller Unit,MCU),组件,1,0,0
微机电系统（MEMS）传感技术,技术,1,1,1
微核率,性能指标,1,0,0
微核率,生物指标,0,1,0
微电子技术,技术,0,1,0
微通道式换热器,部件,1,0,0
德国WheelTug公司,组织,0,0,1
德国,组织,1,0,0
德国亚琛工业大学,机构,0,1,0
德国航空航天中心,机构,1,0,0
德国航空航天中心,组织,0,1,0
德国航空航天研究院,机构/组织,1,0,0
心理亚健康,疾病/健康问题,1,0,0
心电图,体检项目,0,0,1
心电图异常,疾病,1,1,1
快速偏转反射镜,技术,0,0,1
快速傅立叶变换,算法,1,0,1
快速傅里叶变换,算法,3,2,2
快速傅里叶变换法,算法,0,1,0
快速傅里叶变换法（FFT）,算法,1,0,0
快速响应能力,性能指标,1,0,0
快速存储记录器,设备,0,1,0
快速存取数据,数据,0,0,1
快速存取记录器,设备,0,1,0
快速存取记录器（QAR）,数据,1,0,0
快速访问记录器QAR数据,数据,1,0,0
态势分析与评估Agent,Agent,0,1,0
态势感知与评估,功能,1,1,0
态势感知与评估、任务航迹规划、综合航行驾驶、自动攻击导引、健康管理与预测以及智能人机交互,基本功能及关键技术,0,0,1
怎样结合飞机设计参数、运行数据、维修拆换记录等进行飞机运行状态评价等仍未形成较为统一共识,研究结果,0,0,1
怠速条件,发动机状态,0,1,0
性能仿真模型,模型,0,1,0
性能健康参数,参数,0,0,1
性能健康参数,性能指标,1,0,0
性能参数扩增方法,算法,1,0,0
性能参数计算,技术,1,0,0
性能可靠性模型,模型,0,1,0
性能基线模型,模型,1,1,1
性能孪生（Performance Digital Twin，PDT）建模方法,模型,1,0,0
性能度量方法体系,性能指标,0,0,1
性能有较大改善,研究结果,0,1,0
性能样机,技术,0,0,1
性能综合指数,参数,0,1,0
性能衰退检测漏报率,性能指标,0,0,1
性能衰退检测虚警率,性能指标,0,0,1
性能衰退检测虚警率及漏报率低于2%,研究结果,1,0,0
性能衰退程度,性能指标,0,1,0
性能评估和剩余使用寿命评价,技术,0,0,1
性能较BP网络有较大改善,研究结果,1,0,0
性能退化,故障类型,0,1,0
性能退化模型,模型,1,1,1
性能退化特征,概念,0,1,0
性能退化系数,参数,0,0,1
性能退化系数,性能指标,1,0,0
性能退化结果,研究结果,0,0,1
性能降级趋势跟踪,概念,0,1,0
性能预测,技术,1,0,0
性能预测模型,模型,0,1,0
总体PHM系统,系统,1,0,0
总体价值,性能指标,1,1,2
总体置信度,性能指标,1,1,1
总体预测准确率,性能指标,1,0,0
总准确率,性能指标,1,0,0
总温探头,部件,0,1,0
总线层次化方法,结构,0,1,0
总线数据,数据,0,1,0
总胆固醇,体检项目,0,0,1
总胆红素,体检项目,0,0,1
总误报率,性能指标,1,0,0
总起落次数,特征,1,0,0
总起落次数,输入向量,0,1,0
恒定偏差,故障,1,0,0
恒温槽或卧式检定炉,设备,0,0,1
恒等函数,函数,0,1,0
恒速传动装置,设备,0,1,0
恒速传动装置,部件,1,0,0
患病率,性能指标,1,0,0
悬停,状态,0,1,0
悬挂物管理,parameter,0,1,0
悬挂物管理功能仿真通用技术,技术,0,0,1
惩罚函数,函数,0,1,0
惩罚函数,概念,1,0,0
惩罚因子 C,参数,1,0,0
惩罚因子C,参数,0,2,1
惩罚因子,方法,0,1,0
惯性参考信号,参数,0,1,0
惯性权重w',参数,0,1,0
惯性权重函数,函数,0,1,0
意外损伤,现象,1,0,0
意识层,层,0,1,0
意识层,架构组成部分,1,0,0
感知侦察功能,功能,0,1,0
感知层,层,0,1,0
感知层,层级,1,0,0
感知层,架构组成部分,1,0,0
感知层,模型,0,1,0
感知层、决策层和执行层,系统层次,0,0,1
慢车状态,发动机状态,0,1,0
慢车状态,状态,0,1,0
成功检测率,性能指标,0,1,0
成功检测率（POD）,性能指标,1,0,1
成员信息保障系统,系统,0,1,0
成员级PHM管理器,架构组成部分,1,0,0
成员级PHM管理器,管理器,0,1,0
成本-效益分析,方法,1,0,0
成本降低,研究结果,0,1,0
成都,地点,1,0,1
我国大型客机,机型,1,0,0
我国机组人员飞行时间内的年受照剂量约为4.5~7.0mSv,研究结果,1,0,0
我国研究人员,组织机构,1,0,0
战场监视飞机,设备,0,1,0
战备完好性,性能指标,1,1,1
战备完好性提高了10%,成果,0,0,1
战备完好率,性能指标,3,0,0
战备完好率,概念,0,1,0
战备完好率提高,性能指标,0,1,0
战斧巡航导弹,装备,0,1,1
战术飞行管理系统,系统,1,1,0
战术飞行管理系统（TFMS）,系统,0,0,1
截堵法,方法,1,1,1
手册数据库,数据库,1,1,1
手持终端设备,设备,1,1,0
手柄档位信息,参数,0,1,0
执行层,层级,1,0,0
执行层,模型,0,1,0
执行机构故障,故障类型,0,1,0
扩展BIT,技术,0,1,0
扩展FMEA分析,模型,0,1,0
扩展FMECA方法,技术,0,0,1
扩展卡尔曼滤波(EKF),算法,1,0,0
扩展卡尔曼滤波,算法,3,6,1
扩展卡尔曼滤波器,算法,1,1,1
扩展卡尔曼滤波是一种实用的非线性参数估计方法,研究结果,0,0,1
扩展卡尔曼滤波法,算法,1,0,1
扩展卡尔曼滤波（EKF）,算法,1,0,0
扩展式FMEA,方法,1,0,0
扩展式FMEA分析,方法,1,0,0
扩展式FMEA分析,算法,0,0,1
扩展微粒子群优化算法,算法,1,0,0
扩展监视系统,模型,1,0,0
扫描时间,性能指标,1,1,0
扫描鹰无人机,实体,0,1,0
扭矩裕度,实体,0,1,0
扭矩裕度,特征,1,0,0
扭矩裕度预测,研究领域,1,0,0
扭矩裕度预测均方误差0.0014,研究结果,0,0,1
扰流板,子系统,0,1,0
扰流板,部件,0,1,0
扰流板下偏技术,技术,1,1,0
承接层,组成部分,1,0,0
技术价值,性能指标,0,0,1
技术嵌入,概念,0,1,0
技术成熟度,性能指标,1,0,0
技术成熟度已达到7级,研究结果,1,0,0
技术成熟度达到6级,研究结果,1,0,0
技术权衡研究,方法,1,0,0
技术难题,挑战,0,1,0
投资回报率,性能指标,0,0,1
抗磨液压油,油液,0,0,1
报文加载,功能,0,1,0
报文数据,数据集,0,0,1
报文系统,系统,0,1,0
拉丁超立方方法,方法,0,1,0
拉普拉斯函数,函数,0,1,0
拉普拉斯算法,算法,1,1,1
拜占庭计算机故障理论,技术,0,1,0
拟合优度,性能指标,1,1,0
拟合值均方误差,性能指标,0,0,1
拟合和预测精度,研究结果,0,0,1
拟合均方误差,性能指标,1,0,0
拟合均方误差,指标,0,1,0
拟合精度,性能指标,1,0,0
拟合系数,参数,0,1,0
持续性检验,系统,0,1,0
持续适航风险评估方法,方法,1,0,0
挂飞健康监测系统 (CCHM),模型,1,0,0
挂飞健康监测系统,系统,0,1,1
指数平滑模型,模型,0,1,1
指数平滑法,方法,1,0,0
指数平滑法,算法,0,1,1
指数模型,模型,1,1,1
指示空速,实体,0,1,0
指示空速,特征,1,0,0
挤压应力集中系数,系数,0,1,0
振动传感器,传感器,0,2,0
振动传感器,系统,0,1,0
振动位移信号,信号,0,1,0
振动信号,实体,0,1,0
振动值,参数,0,1,0
振动分析,研究领域,0,1,0
振动故障,故障类型,0,1,0
振动故障诊断技术,技术,1,0,0
振动故障诊断技术,方法,0,1,0
振动监控,功能,0,1,0
振动监控,技术,0,0,1
振动监视值,参数,0,0,1
振动系统,系统,0,1,0
振动趋势预测模型,方法,0,1,0
损伤容限分析模型,模型,1,1,0
损伤容限设计,技术,0,0,1
损伤容限设计,方法,1,0,0
损伤容限设计,概念,0,1,0
损伤情况,研究结果,0,0,1
损伤指数,参数,0,1,0
损伤智能识别,技术,0,1,1
损伤模型,模型,1,0,0
损伤监测,技术,0,1,1
损伤累积模型,模型,1,0,0
损伤计算,技术,0,1,0
损失函数,函数,0,1,0
损失函数,性能指标,1,0,0
损失函数ε,参数,0,1,0
换向阀故障,故障模式,1,1,0
排放经验数据库,数据库,0,0,1
排故时间,性能指标,1,0,0
排故经验数据库,数据库,1,1,0
排气口压力,参数,0,0,1
排气温度 (EGT),概念/术语,1,0,0
排气温度,参数,2,6,2
排气温度,实体,0,1,0
排气温度,研究对象,1,0,0
排气温度偏差,参数,0,0,1
排气温度基线模型,模型,1,0,0
排气温度峰值（EGTP）,参数,0,0,1
排气温度裕度,参数,0,1,0
排气温度裕度,研究对象,1,0,0
排气温度（EGTA）,参数,0,0,1
排气焰,参数,0,1,0
排气碎屑检测系统(EDMS),系统,1,0,0
排除错误时错误引入率,性能指标,1,0,0
接受者操作特性曲线（ROC curve）,模型,1,0,0
接口,功能维度,0,1,0
接口控制文件（ICD）,技术,0,0,1
接头处泄漏,故障,1,1,0
接收增益,参数,1,0,0
接收端信号幅值变为正常情况下接收幅值的约1/2,研究结果,1,0,0
接收端信号接收出现相位颠倒,研究结果,1,0,0
接收端出现明显的spike尖峰脉冲信号,研究结果,1,0,0
控制与反馈 Agent,Agent,0,0,1
控制与反馈Agent,Agent,0,1,0
控制力矩陀螺（CMG）,技术,0,0,1
控制和诊断的集成技术,技术,0,1,0
控制器,参数,0,1,0
控制器故障,故障模式,0,1,0
控制回路失效,问题,1,0,0
控制系统,系统,0,2,0
控制系统数字孪生体,模型,0,1,0
控制网络,系统,0,1,0
控制舱综合测试仪,技术,0,0,1
控制面共享技术,技术,1,0,0
控制面板,部件,0,1,0
推力,性能指标,1,0,0
推力估计器,产品/发动机型号,1,0,0
推力估计器,模型,0,1,0
推力估计器,系统,1,0,0
推力响应速度,性能指标,1,0,0
推力恢复,性能指标,0,1,0
推力模型,模型,0,1,0
推力矢量应用软件,软件,1,0,0
推力矢量技术,技术,1,1,1
推力矢量模块,模块,0,1,0
推力补偿器,控制器,0,1,0
推理决策,功能维度,0,1,0
推理机,技术,0,1,0
推理机,组件,2,0,0
推理网络,理论,1,0,0
推进控制与健康管理(PCHM),技术,0,0,1
推进控制与健康管理(PCHM)技术,技术,0,1,0
描述性数据挖掘,概念,1,0,0
提供关于维修预测的实时信息,目标,0,1,0
提供推力,功能,0,1,0
提出地面PHM系统宿驻在地面自主保障信息系统,研究结果,0,1,0
提出实用性的综合智能故障诊断方法和维修任务预测算法,研究结果,0,1,0
提出机载PHM系统采用分层智能推理机构,研究结果,0,1,0
提出的方法能有效地对维修间隔的风险进行定量评估,研究结果,0,0,1
提出飞机多机种自主式保障设计关键技术和研究方向,研究结果,0,1,0
提前更换部件一共造成了12384元的经济损失,研究结果,1,0,0
提升了51.19%和48.71%,研究结果,1,0,0
提升了PHM系统知识与设计需求管理的可追溯性,研究结果,0,1,0
提升国产民机故障诊断技术,研究结果,0,0,2
提升概率函数,函数,1,1,0
提升概率函数,算法,0,0,1
提升迁移精度10%左右,研究结果,1,0,0
提取的故障特征能有效判断早期故障,研究结果,1,0,0
提高PHM系统的通用性和知识利用率,研究结果,0,1,0
提高了PHM系统的监测信息量和稳定性,研究结果,0,0,1
提高了信息集成的效率,研究结果,1,0,0
提高了故障诊断率,研究结果,0,1,0
提高了故障诊断的准确性,研究结果,0,1,0
提高了数据搜索与维修决策的效率,研究结果,0,0,1
提高了特征数据分类的准确性,研究结果,0,1,0
提高了航空电子系统可靠性、可测试性,研究结果,0,0,1
提高了预测性能,研究结果,0,0,1
提高任务完成率,研究结果,0,1,0
提高发动机安全性,研究结果,0,1,0
提高发动机的安全性、可靠性、维修性、测试性和保障性,研究结果,0,1,0
提高可靠性,研究目标,1,0,0
提高导弹使用管理决策支持能力系统 (LCMEM),模型,1,0,0
提高导弹使用管理决策支持能力系统,系统,0,0,1
提高战斗力,目标,0,1,0
提高精度9%以上,研究结果,1,0,0
提高约51%的升阻比,研究结果,1,0,0
提高航班正点率,研究结果,1,0,0
提高装备可靠性,研究结果,0,1,0
提高装备系统安全性、战备完好性和任务成功性,成果,0,0,1
提高设计效率,研究目标,1,0,0
提高飞机、航天飞行器安全性、可靠性及可维护性,研究目标,1,0,0
提高飞机的出动架次率,目标,0,1,0
提高飞机的利用率,研究结果,1,0,0
提高飞机的可用性,研究结果,0,1,0
提高飞机的可靠性,研究结果,1,0,0
提高飞机的战备完好率和任务成功率,研究结果,0,1,0
提高飞机的经济性,研究结果,1,0,0
插入损耗,参数,0,0,1
插入损耗,性能指标,1,1,0
摩擦因数,参数,0,1,0
操作极限监控,性能指标,1,0,0
操作系统健康监控服务,服务,0,1,0
操作系统层,层次,0,1,0
操作系统层,层级,1,0,0
操作系统层,软件层,0,1,0
支持/相关向量机,算法,0,0,1
支持向量分类 (SVC),模型,1,0,0
支持向量分类,方法,0,1,0
支持向量分类器,方法,0,1,0
支持向量回归 (SVR),算法,1,0,0
支持向量回归(SVR),模型,1,0,0
支持向量回归(SVR),算法,2,0,0
支持向量回归,方法,0,1,0
支持向量回归,模型,3,0,0
支持向量回归,算法,3,4,2
支持向量回归模型,模型,1,1,0
支持向量回归（Support Vector Regression，SVR）,技术,0,0,1
支持向量数据描述 (SVDD),算法,1,0,0
支持向量数据描述,算法,0,1,1
支持向量机 (SVM),模型,1,0,0
支持向量机 (SVM),算法,1,0,0
支持向量机,技术,0,0,2
支持向量机,方法,2,2,1
支持向量机,模型,4,2,1
支持向量机,理论,1,0,0
支持向量机,算法,14,17,9
支持向量机健康参数估计器,模型,0,1,0
支持向量机分类,算法,1,0,1
支持向量机回归,模型,1,0,1
支持向量机回归,算法,0,1,0
支持向量机回归模型,模型,1,2,0
支持向量机回归算法,算法,1,1,1
支持向量机回归算法对飞机部件故障数预测具有较好的借鉴和应用价值,研究结果,0,0,1
支持向量机故障诊断方法,方法,0,1,0
支持向量机方法,算法,0,0,1
支持向量机预测,方法,0,1,0
支持向量机预测权重0.4,研究结果,1,0,0
支持向量机（SVM),模型,1,0,0
支持向量机（SVM）,算法,0,0,1
支超有,人物,0,1,1
收敛性,性能指标,2,0,1
收敛速度,性能指标,1,0,0
收集与研究故障相关QAR数据，并依据逻辑图输入信息提取研究故障相关数据,研究结果,0,0,1
改变维修周期后燃烧室裂纹每次飞行风险为0.954×10^-9,研究结果,0,0,1
改善了寿命预测效果,研究结果,0,0,1
改进C-C平均方法,算法,1,0,1
改进EMD,算法,0,0,1
改进GM(1,1)预测模型,模型,1,1,0
改进GM(1,1)预测模型,算法,0,0,1
改进GRU的自注意力优化算法,算法,1,0,0
改进K-Means的聚类算法,算法,1,0,0
改进LSTM模型,模型,0,1,0
改进后的算法能够适应更为广泛的飞行状态，改善直升机在复杂外扰下的主动振动控制的效果,研究结果,0,0,1
改进型模糊综合评估模型,模型,1,0,0
改进措施,实体,0,1,0
改进支持向量机算法,算法,1,0,0
改进模糊C均值算法,模型,0,1,0
改进模糊C均值算法,算法,1,0,0
改进深度森林方法,算法,1,0,0
改进的BP神经网络,模型,0,0,1
改进的C- C方法,算法,1,0,0
改进的C-C平均方法,算法,0,1,0
改进的C-C方法,算法,0,1,0
改进的FBPNN,模型,1,1,0
改进的FBPNN在隶属度函数确定方面存在一定优势,研究结果,0,0,1
改进的FBPNN在预测结果上优于传统FBPNN,研究结果,0,0,1
改进的FBPNN模型,模型,0,0,1
改进的FBPNN的误差跨度、平均相对误差和标准差均有所减小,研究结果,0,0,1
改进的SMO-SVR预测方法,算法,1,0,0
改进的SMO算法,算法,1,1,0
改进的仿真神经网络预测方法,方法,1,1,0
改进的多层LSTM模型预测性能优良,研究结果,0,0,1
改进的层次分析法,算法,1,0,0
改进的序贯最小优化支持向量回归,算法,0,1,0
改进的模糊BP神经网络故障预测模型,模型,1,0,0
改进的模糊BP神经网络（FBPNN）,算法,0,0,1
改进的灰色模型,模型,1,0,0
改进的算法,算法,0,1,0
改进神经网络,模型,1,0,0
改进迁移学习器,算法,0,0,1
改进遗传算法,技术,0,0,1
改进遗传算法,方法,1,0,0
改进遗传算法,算法,1,2,0
改进长短期记忆（Long Short- Term Memory，LSTM）神经网络模型,模型,1,0,0
改进门控循环单元的自注意力优化算法,算法,0,1,1
故障Petri网,模型,1,0,0
故障不能复现 (CND) 率,性能指标,1,0,0
故障不能复现(CND)率,性能指标,1,0,0
故障不能复现(CND)率,概念,0,1,0
故障不能复现(CND)率减少82%,研究结果,1,0,0
故障不能复现率减少82%,性能指标,0,1,0
故障严重度,概念,0,1,0
故障代码,数据,1,0,0
故障仲裁和决策Agent,Agent,0,1,0
故障仲裁和决策Agent,组件,1,0,0
故障传播,概念,0,1,0
故障传播图,模型,1,0,1
故障传播图法,方法,0,1,0
故障传播模型,模型,1,0,0
故障传播路径多维化,挑战,1,0,0
故障信号补偿模型,模型,0,0,1
故障修复时间,性能指标,1,1,0
故障修复时间（maintenance time）,参数,0,0,1
故障修复策略,技术,0,1,0
故障先兆,技术,0,0,1
故障先兆,概念/组件,1,0,0
故障分析,技术,0,1,0
故障分类的精度,性能指标,1,0,0
故障判断检查表,研究结果,1,0,0
故障前3小时实现预测,研究结果,0,1,0
故障千时率,性能指标,1,0,1
故障千时率,指标,0,1,0
故障及维修预测模型,技术,0,0,1
故障及维修预测模型,问题,0,1,0
故障发现率,性能指标,1,0,0
故障发现率,研究结果,0,0,1
故障发现能力,性能指标,0,0,1
故障可能性等级,等级,0,1,0
故障可能性等级为A级,研究结果,1,0,0
故障可能性评定方法,算法,1,0,0
故障后果定量分析方法,算法,1,0,0
故障后果等级,等级,0,1,0
故障图,model,0,1,0
故障字典,模型,1,0,0
故障定位,技术术语,1,0,0
故障容错,技术,0,1,0
故障建模,技术,1,0,0
故障建模,概念,1,0,0
故障影响系数矩阵,函数,0,1,0
故障影响系数矩阵诊断方法,方法,1,0,0
故障征兆技术,技术,0,1,0
故障征兆技术,概念,0,1,0
故障征兆监测法,技术,1,0,0
故障征兆监测法,方法,1,1,0
故障征兆量,参数,0,1,0
故障总次数仅相差0.97,研究结果,1,0,0
故障排故时间缩短94%,研究结果,0,1,0
故障排查时间缩短,结果,0,1,0
故障推理模型,模型,1,1,0
故障推理模型研究,研究,0,0,1
故障数据,数据,1,0,0
故障数据的配置管理方法,方法,1,0,0
故障数据配置管理方法,方法,0,1,0
故障时增压泵出口压力为240575.8918002502Pa,研究结果,1,0,0
故障时增压泵出口流量为0.001853566202883m³/s,研究结果,1,0,0
故障映射模型,模型,1,1,1
故障机理方法,技术,0,1,0
故障树,模型,2,0,2
故障树,算法,1,0,0
故障树分析(FTA),方法,1,0,0
故障树分析,方法,0,1,0
故障树分析,算法,0,0,1
故障树分析方法,方法,0,1,0
故障树分析方法,算法,1,0,1
故障树推理,技术,0,0,1
故障树推理,算法,0,1,0
故障树模型,模型,1,0,1
故障树法,方法,0,1,0
故障树法,算法,1,0,0
故障树的模糊推理,算法,1,0,0
故障树的确定性推理,算法,1,0,0
故障检修,概念,0,0,1
故障检测,功能,1,2,0
故障检测、隔离与处置综合系统,系统/软件,1,0,0
故障检测与隔离,技术,1,0,0
故障检测与隔离模块,系统,0,1,0
故障检测与隔离算法(FDI),算法,1,0,0
故障检测与隔离算法,算法,0,1,0
故障检测及定位的数字仿真,算法,0,0,1
故障检测和隔离系统,系统,0,0,1
故障检测实时性,性能指标,1,0,0
故障检测方案,方法,0,1,0
故障检测机制,机制,0,1,0
故障检测率 (FDR),性能指标,1,0,0
故障检测率,参数,0,2,2
故障检测率,性能指标,5,1,3
故障检测率,指标,0,2,0
故障检测率和故障隔离率的单侧置信下限,研究结果,0,0,1
故障检测率的后验均值为0.9261,研究结果,1,0,0
故障检测率（FDR）,参数,0,0,1
故障检测的有效性,性能指标,1,0,0
故障检测诊断,功能,0,1,0
故障检测诊断,技术,0,0,1
故障检测诊断,方法,1,0,0
故障检测门限,参数,0,1,0
故障概率模型,模型,1,1,0
故障模型,模型,1,1,0
故障模式,实体,0,1,0
故障模式,概念,1,1,0
故障模式,特征,1,0,0
故障模式、影响与危害性分析,方法,0,1,0
故障模式判别,功能,1,0,0
故障模式判别,性能指标,0,1,0
故障模式及影响分析（FMEA）,故障模式,0,0,1
故障模式效应分析,技术,0,1,0
故障模式空间最优方向匹配法,算法,1,1,0
故障模式识别,研究领域,1,0,0
故障注入,技术,1,0,0
故障注入,方法,1,2,0
故障注入器,技术,0,0,1
故障注入平台,部件/模块,1,0,0
故障注入技术,技术,1,1,1
故障注入方式,方法,1,0,0
故障注入方法,算法,0,0,1
故障注入模块,技术,0,0,1
故障注入模块,组件,1,0,0
故障注入系统,系统,1,0,0
故障注入装置,设备,0,1,0
故障注入软件,软件,1,1,0
故障源凸显分布式趋势,挑战,1,0,0
故障物理模型,模型,1,0,0
故障特征参数检查表,研究结果,0,1,0
故障特征可视化,研究结果,0,0,1
故障特征频率,概念,0,1,0
故障率,性能指标,0,0,1
故障的关联程度 FR,性能指标,1,0,0
故障的关联程度,性能指标,0,0,1
故障监控模型,模型,1,0,1
故障监控覆盖率,性能指标,0,1,0
故障监测,研究阶段,1,0,0
故障监测,阶段,0,1,0
故障研究阶段基本处于故障诊断或非实时预测水平,研究结果,0,1,0
故障确认模型,模型,1,0,0
故障程度为35%,研究结果,1,0,0
故障程度评估正确率,性能指标,1,0,0
故障管理,技术,0,1,4
故障管理,管理,0,2,0
故障管理,组件,1,0,0
故障管理,软件,1,0,0
故障管理器,系统,0,1,0
故障类别诊断正确率,性能指标,1,0,0
故障精度,性能指标,1,0,0
故障系数矩阵,函数,0,1,0
故障系数矩阵法,算法,1,1,0
故障组合预测模型,模型,0,1,0
故障虚警率,性能指标,1,0,0
故障虚警率,技术,0,0,1
故障覆盖百分率,性能指标,1,1,0
故障规则知识库,数据/资源,1,0,0
故障设定时间,参数,0,0,1
故障识别,研究结果,0,0,1
故障识别,研究阶段,1,0,0
故障识别,阶段,0,1,0
故障诊断Agent,Agent,0,1,0
故障诊断Agent,组件,1,0,0
故障诊断,任务,2,0,0
故障诊断,关键词,0,1,0
故障诊断,功能,3,4,0
故障诊断,功能模块,0,1,0
故障诊断,实体,0,1,0
故障诊断,应用,2,0,0
故障诊断,应用领域,1,0,0
故障诊断,性能指标,0,0,1
故障诊断,技术,6,6,4
故障诊断,概念,4,3,2
故障诊断,模型,1,0,0
故障诊断,研究,0,1,0
故障诊断,研究结果,0,0,1
故障诊断,研究阶段,1,0,0
故障诊断,研究领域,0,1,0
故障诊断,阶段,0,1,0
故障诊断、预测与健康管理技术,技术,0,0,1
故障诊断、预测与健康管理（PHM）系统,系统,1,0,0
故障诊断与健康管理(PHM),技术,1,0,1
故障诊断与健康管理(PHM)技术,技术,0,1,0
故障诊断与健康评估技术,技术,1,1,1
故障诊断与故障部件定位是机载健康管理系统、地面健康管理系统的关键功能,研究结果,0,0,1
故障诊断与故障预测方法,技术,0,0,1
故障诊断与维修决策模块,模块,0,1,0
故障诊断与维修决策模块,系统,0,0,1
故障诊断与预测,技术,1,0,1
故障诊断与预测,技术领域,0,1,0
故障诊断与预测系统需求分析,研究,0,0,1
故障诊断与预测问题的解决方案,研究结果,0,0,1
故障诊断专家系统,模型,1,0,0
故障诊断专家系统子模块,系统,0,0,1
故障诊断准确性,性能指标,1,1,1
故障诊断准确率,性能指标,3,2,0
故障诊断准确率能够达到95%,研究结果,1,0,0
故障诊断准确率超过99.7%,研究结果,1,0,1
故障诊断准确程度,性能指标,1,0,0
故障诊断功能,功能,1,0,0
故障诊断及健康管理(DPHM),技术,1,0,0
故障诊断及健康管理,技术,0,1,0
故障诊断及健康管理,技术术语,0,0,1
故障诊断可行,研究结果,0,1,0
故障诊断子网络,算法,0,0,1
故障诊断定位,功能,0,1,0
故障诊断实现大都可分为基于解释模型方法和基于人工智能算法两类,研究结果,0,0,1
故障诊断成功率,性能指标,0,1,0
故障诊断技术,技术,2,4,1
故障诊断推理机,推理机,0,1,0
故障诊断推理机,系统,1,0,1
故障诊断效能,性能指标,1,0,1
故障诊断时机,性能指标,1,1,0
故障诊断时机（detection leadtime）,参数,0,0,1
故障诊断模块,技术,0,0,1
故障诊断模型,模型,0,1,1
故障诊断率,性能指标,1,0,0
故障诊断的准确性,性能指标,0,0,1
故障诊断的准确率有较大提升,研究结果,1,1,0
故障诊断算法,技术,0,2,1
故障诊断算法,算法,2,0,0
故障诊断系统,系统,0,3,0
故障辨别,研究结果,0,1,0
故障过滤器,组件,1,1,0
故障部件定位,研究结果,0,1,1
故障隐患预判,概念,0,0,1
故障隔离,任务,1,0,0
故障隔离,功能,0,3,0
故障隔离,技术,0,1,1
故障隔离,技术术语,1,0,0
故障隔离,概念,0,0,1
故障隔离,模型,1,0,0
故障隔离,研究结果,0,1,0
故障隔离准确率,性能指标,1,1,0
故障隔离率 (FIR),性能指标,1,0,0
故障隔离率,参数,0,1,0
故障隔离率,性能指标,4,0,2
故障隔离率,技术,0,0,1
故障隔离率,指标,0,1,0
故障隔离率为100%,研究结果,1,0,0
故障隔离率指标不能通过验证,研究结果,1,0,0
故障隔离率比以往提高10%以上,研究结果,1,0,0
故障隔离率的后验均值为0.9431,研究结果,1,0,0
故障隔离率（FIR）,参数,0,0,1
故障预测,任务,1,0,0
故障预测,功能,4,6,0
故障预测,功能维度,0,1,0
故障预测,因素,0,0,1
故障预测,应用,1,0,0
故障预测,应用领域,1,0,0
故障预测,技术,7,3,3
故障预测,方法,0,2,0
故障预测,概念,3,7,0
故障预测,研究,0,1,0
故障预测,研究任务,1,0,0
故障预测,研究结果,0,0,1
故障预测,研究阶段,1,0,0
故障预测,阶段,0,1,0
故障预测与健康管理 (PHM)技术,技术,1,0,0
故障预测与健康管理(PHM),技术,6,1,3
故障预测与健康管理(PHM)技术,技术,0,1,0
故障预测与健康管理(Prognostic and health management, PHM),技术,0,0,1
故障预测与健康管理PHM,技术,0,0,1
故障预测与健康管理,关键技术,0,1,0
故障预测与健康管理,应用,0,1,0
故障预测与健康管理,性能指标,0,0,1
故障预测与健康管理,技术,8,11,2
故障预测与健康管理,技术/概念,1,0,0
故障预测与健康管理,概念,1,0,0
故障预测与健康管理技术(PHM),技术,1,1,0
故障预测与健康管理技术,技术,0,4,1
故障预测与健康管理技术,算法,1,0,0
故障预测与健康管理技术,系统,0,1,0
故障预测与健康管理技术（PHM）,技术,0,0,1
故障预测与健康管理系统,系统,2,4,0
故障预测与健康管理（PHM）,技术,4,0,2
故障预测与健康管理（PHM）技术,技术,0,0,1
故障预测与健康管理（PHM）技术,系统,0,0,1
故障预测与健康管理（PHM）系统,算法,0,0,1
故障预测与健康管理（PHM）系统,系统,1,0,0
故障预测与健康管理（Prognostics and Health Management，PHM）,技术,0,0,1
故障预测与健康管理（Prognostics and health management，PHM）,技术,1,0,0
故障预测与状态管理技术,技术,0,0,1
故障预测与管理技术,技术,1,1,0
故障预测与管理技术（Prognostics and Health Management，PHM）,技术,0,0,1
故障预测准确度,性能指标,1,1,1
故障预测准确率,性能指标,0,0,1
故障预测功能,功能,1,0,0
故障预测及健康管理技术,技术,0,0,1
故障预测和健康管理技术,技术,0,0,1
故障预测和健康管理系统,系统,2,3,1
故障预测和健康管理系统（PHM),技术,0,0,1
故障预测实现,研究结果,0,1,0
故障预测实验验证,研究结果,0,0,1
故障预测技术,技术,4,6,1
故障预测技术,概念,1,0,0
故障预测技术被视为实现PHM的核心技术,研究结果,0,0,1
故障预测推理机,推理机,0,1,0
故障预测推理机,系统,1,0,1
故障预测推理系统,模型,0,0,1
故障预测推理系统,系统,0,0,1
故障预测方法,方法,0,1,0
故障预测服务,服务,0,0,1
故障预测模型,模型,6,2,4
故障预测模型,研究,0,0,1
故障预测正确率,性能指标,1,1,1
故障预测的效能,性能指标,0,0,1
故障预测算法,技术,0,1,0
故障预测精度,性能指标,1,0,1
故障预测系统,系统,0,0,1
故障预测能力,性能指标,1,0,0
故障预测诊断及健康管理技术,技术,0,1,1
故障预测诊断及健康管理技术（Prognostic and Health Management，PHM）,技术,1,0,0
故障预测速度,性能指标,0,0,1
故障预测门限,性能指标,0,1,0
故障预警电路,技术,0,0,1
故障预警监测法,技术,1,0,0
故障预警监测法,方法,1,1,0
故障频率 FS,性能指标,1,0,0
故障频率,性能指标,0,0,1
故障风险,概念,0,1,0
故障风险水平,性能指标,0,1,1
故障风险预测,概念,1,0,0
效率下降,性能指标,0,1,0
效率低,问题,1,0,0
效率提升76.8%,研究结果,1,0,0
效率退化参数,性能指标,0,1,0
效用函数,函数,1,1,0
敏感性,指标,0,1,0
敏感性指标,性能指标,1,1,0
敏感性指标高于97%,研究结果,0,1,0
救生衣/筏,设备,0,1,1
教授,职位,1,0,0
散热器,部件,1,0,0
数值漂移故障,故障,0,1,0
数字化,概念,0,1,0
数字化制造,技术,0,0,1
数字化网络化装备,技术,0,0,1
数字化装配管理系统,系统,0,0,1
数字化试验,技术,1,1,0
数字双胞胎模型,技术,0,1,1
数字双胞胎模型（Digital Twin）,模型,1,0,0
数字孪生,技术,2,1,0
数字孪生,概念,0,1,0
数字孪生,模型,1,0,0
数字孪生,系统,0,1,0
数字孪生五维模型,模型,1,1,1
数字孪生体,概念,1,1,1
数字孪生健康管理框架,模型,1,0,0
数字孪生健康管理框架,算法,0,0,1
数字孪生医疗,模型,0,0,1
数字孪生卫星,模型,0,0,1
数字孪生卫星网络,模型,0,0,1
数字孪生城市,应用,1,0,0
数字孪生城市,模型,0,0,1
数字孪生技术,技术,5,2,10
数字孪生技术,模型,0,1,0
数字孪生模型,模型,1,3,1
数字孪生模型可靠性,研究结果,0,0,1
数字孪生空间信息网络,模型,0,0,1
数字孪生立体仓库,模型,0,0,1
数字孪生船舶,模型,0,0,1
数字孪生车辆,模型,0,0,1
数字孪生车间,应用,1,0,0
数字孪生车间,模型,0,0,1
数字工程模型,模型,1,1,1
数字式电子控制器技术,技术,1,0,0
数字式虚拟测试床,技术,0,0,1
数字样机,技术,0,0,1
数字测试电路,硬件,1,0,0
数字测试电路,硬件组件,0,1,0
数字滤波器,技术,0,0,1
数字电传控制,技术,1,0,0
数字类模块,模块,0,1,0
数学模型,技术,0,1,0
数学模型,模型,2,2,0
数学模型与粒子群和BP神经网络等算法融合,算法,0,0,1
数据下载时间,性能指标,1,0,1
数据不完整或错误,缺陷,0,1,0
数据不完整或错误,问题,0,0,1
数据交换,概念,1,1,1
数据仓库,系统,0,1,0
数据仓库管理Agent,Agent,0,1,0
数据仓库管理Agent,组件,1,0,0
数据仓库管理,技术,0,0,1
数据传输,技术,0,1,0
数据传输,概念,0,0,1
数据传输服务,服务,1,0,0
数据准确性,性能指标,1,0,0
数据分析,技术,0,0,2
数据分析服务,服务,0,0,1
数据发送间隔的定时精度成倍提高,研究结果,1,0,0
数据发送间隔误差减小,结果,0,1,0
数据变换,技术,1,0,0
数据和模型融合驱动的服役HPT叶片寿命数字孪生建模方法,方法,1,0,0
数据处理,功能,0,1,0
数据处理,功能维度,0,1,0
数据处理模块,模块,0,2,0
数据处理模块,组件,0,1,0
数据处理精度,性能指标,1,0,1
数据存储容量,性能指标,1,0,1
数据存储的可靠性,研究结果,0,0,1
数据存储策略,方法,1,0,0
数据存储管理,技术,0,0,1
数据存档,功能,0,1,0
数据存档,技术,0,0,1
数据展现,技术,0,0,1
数据库,技术,0,0,1
数据库,服务资源,0,1,0
数据库,系统,0,1,0
数据库平台,系统,0,1,1
数据库构建模块,模块,1,1,1
数据库访问服务,服务,0,1,0
数据归一化,方法,0,1,0
数据归约,技术,1,0,0
数据总线,技术,0,0,1
数据总线及交换网络,系统,0,1,0
数据总线和数字处理,技术,0,1,0
数据总结及交换网络健康管理设计,技术,0,0,1
数据抽取,技术,0,0,1
数据挖掘,技术,4,9,6
数据挖掘,概念,0,1,0
数据挖掘,算法,1,0,0
数据挖掘与平台构建技术,概念,0,0,1
数据挖掘技术,技术,0,0,3
数据无线通讯系统,系统,0,1,0
数据更新快而存储速度慢,问题,1,0,0
数据更新间隔,参数,0,1,0
数据标准化,技术,0,1,0
数据模型的迁移应用,挑战,0,0,1
数据模拟,功能,0,1,0
数据汇总,功能,0,1,0
数据汇总,技术,0,0,1
数据清洗,技术,1,0,1
数据源匮乏,问题,1,0,0
数据源反馈模块,模块,2,2,1
数据源采集,技术,0,0,1
数据的遥测,技术,0,1,0
数据确认及合并子系统,系统,0,1,0
数据管理技术,技术,1,0,0
数据网络,系统,0,1,0
数据联邦,技术,0,1,0
数据聚类与清洗,方法,1,0,0
数据虚拟化,技术,0,1,0
数据融合,应用,1,0,0
数据融合,技术,1,4,1
数据融合,方法,1,1,0
数据融合与处理,技术,0,0,1
数据融合技术,技术,3,4,4
数据融合方法,技术,0,1,1
数据融合算法,算法,0,1,0
数据记录,技术,0,1,0
数据访问层,层,0,1,1
数据访问技术,技术,0,1,0
数据转换,技术,0,0,1
数据转换技术,技术,0,1,0
数据通信模块,技术,0,0,1
数据采集,功能,0,2,0
数据采集,功能维度,0,1,0
数据采集,技术,0,1,1
数据采集,方法,1,0,0
数据采集,过程,0,1,0
数据采集与传感器技术,技术,0,1,0
数据采集和处理系统,系统,1,0,0
数据采集和记录、传输技术,技术,0,0,1
数据采集处理模块,模块,0,1,0
数据采集子系统,概念,0,0,1
数据采集模块,组件,0,1,0
数据采集电路,技术,0,0,1
数据集成,技术,1,0,0
数据集成,方法,1,0,0
数据集成管理,技术,0,1,0
数据预处理,技术,1,1,0
数据预处理,方法,1,0,0
数据驱动,技术,0,1,1
数据驱动,方法,2,0,0
数据驱动,概念,0,1,0
数据驱动,模型,0,0,1
数据驱动方法,技术,0,1,0
数据驱动方法,方法,2,1,0
数据驱动模型,模型,0,1,0
数据驱动法,方法,0,1,0
数据驱动的故障预测算法,算法,1,0,0
数据驱动的气路故障诊断方法,方法,1,0,0
数据驱动的设备剩余寿命（RUL）预测技术,技术,1,0,0
数据驱动的预测,技术,1,0,1
数据驱动的预测方法,方法,2,0,0
数据驱动结构,方法,0,0,1
数据驱动结构,模型,1,0,0
数据驱动结构,结构,0,1,0
数据驱动预测,技术,0,1,0
数理建模,算法,1,0,0
整体性能较优,研究结果,1,0,0
整机在线校准方法,方法,1,0,1
整机振动超限,问题,1,0,0
整机热效率提升2%,研究结果,1,0,0
文化程度无显著差异,研究结果,0,1,0
文博武,人物,0,1,0
文档管理服务,服务,0,1,0
文献[3],文献,0,0,1
文献[4],文献,0,0,1
文献[5],文献,0,0,1
断裂力学,理论,1,0,0
斯坦福大学,机构,1,0,0
新一代人工智能发展规划,entity,0,1,0
新一代人工智能发展规划,政策文件,0,0,1
新一代飞机,系统,0,1,0
新一代飞机故障预测与健康管理技术应用研究,研究,0,0,1
新一代飞机条件监控系统和飞机数据获取系统,系统,1,0,0
新信息优先原理,理论,1,0,0
新信息优先原理,算法,0,0,1
新型传感器技术,技术,1,0,1
新型作动器,系统/部件,1,0,0
新型故障诊断与预测理论,理论,1,0,0
新型通信网络技术,技术,1,0,0
新型飞行试验网络机载测试架构,模型,1,0,0
新式高换热效率燃油散热器,部件,1,0,0
新旧电液换向阀三位泄漏量柱形对比图,结果,0,0,1
方便性抽样,研究方法,1,0,0
方向舵,子系统,0,1,0
方向舵,系统,1,0,0
方向舵作动筒的故障,故障类型,1,0,0
方向舵卡死,故障模式,1,0,0
方向舵损伤故障,故障类型,0,1,0
方向舵液压泄漏,故障类型,1,1,0
方向舵舵偏δr,状态参量,0,1,0
方均根误差,性能指标,1,2,0
方均根误差低于1.8,研究结果,0,1,0
方均根误差（RMSE）,性能指标,1,0,0
方差-协方差法,方法,0,1,0
方差-协方差法,算法,1,0,1
方差,参数,0,0,1
方差,性能指标,1,0,1
方差为0.002244,研究结果,1,0,0
方差分析,研究方法,1,0,0
方差相对误差,指标,0,1,0
方差绝对误差,指标,0,1,0
方甲永,作者,0,0,1
旋流数,参数,0,1,0
旋翼数据采集系统,系统,0,1,1
无人系统PHM技术,技术,0,1,0
无人系统PHM技术,技术领域,1,0,0
无人系统自主导航定位及智能感知技术,研究方向,1,1,1
无味卡尔曼滤波(UKF),算法,1,0,0
无味卡尔曼滤波,算法,0,1,1
无味变换,算法,1,0,0
无引气装置,技术,0,0,1
无故障发现 (NFF),概念,0,1,0
无故障发现,概念,1,0,0
无故障工作时间,性能指标,1,0,0
无杂散动态范围,性能指标,1,0,0
无杂散动态范围最高达84dBc,研究结果,1,0,0
无法判别其动态下的健康状态,问题,1,0,0
无法对发动机试车台整机健康状态开展判定,问题,0,0,1
无痕卡尔曼滤波,算法,0,1,0
无痕卡尔曼滤（UKF）,算法,1,0,0
无痕卡尔曼滤（unscented Kalman filter，UKF）,技术,0,0,1
无线传感器网络,技术,0,1,2
无线传感器网络,概念,0,1,0
无线传感网络,技术,1,1,1
无线传输,传输方式,0,1,0
无线射频识别(RFID)技术,技术,1,0,1
无线局域网,技术,0,1,0
无线微机电系统MEMS,传感器,0,2,2
无线微机电系统MEMS,硬件,1,0,0
无线微机电系统MEMS,设备,1,0,0
无线数据传输,技术,1,0,1
无线电Agent,Agent,0,1,1
无线电频识别 (RFID)技术,技术,1,0,0
无线网络,技术,0,1,1
无维修工作期,性能指标,1,0,0
无维修工作期,概念,0,1,1
无维修工作期生存度,性能指标,1,0,0
无维修工作期生存度,概念,0,1,0
无迹卡尔曼滤波,算法,1,2,0
既抽烟又饮酒的飞行人员生理亚健康得分最高,研究结果,0,0,1
既抽烟又饮酒者生理亚健康得分最高,研究结果,0,1,0
早期基于飞行时间或起落数的使用监视,方法,1,0,0
时变工况,概念,0,1,0
时域分析,技术,0,0,1
时域分析,算法,0,1,1
时序回归预测技术,算法,1,0,0
时序回归预测模型,模型,0,1,0
时延自相关优化处理能有效降低振动信号中的噪声,研究结果,0,0,1
时延自相关目标函数,模型,0,0,1
时间,参数,1,0,0
时间优势,性能指标,1,0,0
时间反向传播,算法,0,0,1
时间同步平均法,算法,0,1,0
时间同步平均法（TSA）,算法,1,0,0
时间因果图模型,模型,1,0,0
时间序列分析,方法,0,1,1
时间序列分析,算法,2,1,0
时间序列分析方法,方法,1,0,0
时间序列分析法与模式识别技术结合,研究结果,0,0,1
时间序列分析预测模型,模型,0,0,1
时间序列分解,算法,1,0,0
时间序列分解模型,模型,0,1,0
时间序列模型,模型,1,0,1
时间序列法,方法,0,1,0
时间序列预测法,算法,0,1,0
时间梯度下降算法,算法,1,0,0
时间步长为20,研究结果,1,0,0
易昭湘,人物,0,1,0
显著提高了故障发现率,研究结果,1,0,0
显著改善了BP网络预测精度,研究结果,1,0,0
普惠公司,公司,0,1,2
普惠公司,机构,1,0,0
普惠公司,组织,1,0,0
景博,人物,1,0,1
景博教授,人物,0,1,1
景小宁,作者,0,1,0
晶体管退化模型,模型,1,1,0
智慧城市,概念,1,1,0
智慧城市,领域,0,1,1
智能BIT,技术,1,2,1
智能BIT,概念,0,1,0
智能BIT,算法,0,0,1
智能BIT技术,技术,0,1,1
智能BIT理论和技术,研究结果,0,0,1
智能互联技术,技术,1,1,1
智能人机交互,功能,1,1,0
智能人机交互,技术,0,0,1
智能优化算法,技术,0,0,1
智能传感技术,技术,0,1,1
智能信息处理与融合技术,概念,0,0,1
智能健康管理技术,技术领域,0,1,0
智能决策技术,技术,1,1,1
智能制造,技术,1,0,0
智能制造,概念,1,1,0
智能制造,领域,0,0,1
智能前缘下垂机翼概念,概念,1,0,0
智能化,发展趋势,1,0,0
智能化,技术,0,0,3
智能化,技术/概念,1,0,0
智能化,概念,0,2,0
智能化,研究结果,0,1,0
智能化,趋势,0,1,0
智能化健康管理,技术,1,0,0
智能化电力系统,技术,0,0,1
智能化航空飞行控制技术,研究,0,0,1
智能增升,技术,1,1,1
智能容错控制技术,方法,0,1,0
智能思维,概念,0,1,0
智能感知技术,技术,1,1,1
智能执行技术,技术,1,1,1
智能推进,理念,1,1,1
智能故障诊断与预测方法,技术,0,0,1
智能故障诊断技术,技术,0,1,0
智能故障诊断技术,研究结果,0,0,1
智能故障诊断算法,算法,1,1,0
智能数字控制器,产品,1,0,0
智能数据仓库,技术,0,1,1
智能机翼,概念,1,0,0
智能材料/结构,技术,0,1,1
智能材料,技术,0,1,0
智能材料,概念,0,1,0
智能材料和标签,技术,0,0,1
智能柔性自适应机翼,技术,1,1,1
智能模型,模型,1,0,0
智能泵源系统,技术,0,1,0
智能泵源系统,技术术语,0,0,1
智能泵源系统,系统/部件,1,0,0
智能涂层传感器,传感器,1,2,0
智能涂层裂纹监测,方法,0,1,0
智能涂层裂纹监测技术,技术,0,0,1
智能物理信息系统,概念,0,1,0
智能监测系统,技术,0,0,1
智能算法,算法,2,1,0
智能管控,应用,0,1,0
智能维护技术,技术,2,2,2
智能维护系统,技术,0,0,1
智能维护系统,模型,1,0,0
智能自动化公司,组织,0,1,0
智能航空发动机,概念,1,0,0
智能航空发动机,研究结果,0,0,1
智能航空发动机,系统,0,1,0
智能节点,技术,0,0,1
智能芯片,技术,1,0,0
智能芯片,硬件,0,0,1
智能芯片,芯片,0,1,0
智能融合,方法,1,0,0
智能融合,算法,0,1,1
智能装配技术,技术,1,1,1
智能阴联汽车测试评价发展现状及思考,技术领域,0,1,0
智能飞控系统,技术,0,1,1
智能飞控系统,系统,1,0,0
智能驾驶舱技术,技术,1,1,1
更好的故障趋势预测能力,研究结果,0,1,0
更好的数据融合方法,研究问题,1,0,0
更好的数据融合方法,问题,0,1,0
更好的系统态势估计技术,问题,0,1,0
更新函数,函数,1,0,0
更新过程,算法,1,0,0
更新过程,过程,0,1,0
更有效的综合模型,问题,0,1,0
更适合于短期预测,研究结果,1,0,0
更高的趋势拟合度和预测精度,研究结果,1,1,0
最优RMSE值1.879,研究结果,1,0,0
最优参数C=52.3299, γ=0.01,研究结果,1,0,0
最优核参数,性能指标,1,0,0
最优监督模糊均值聚类方法,算法,0,0,1
最优航空发动机传感器故障诊断模型,模型,1,0,0
最佳准则函数法,方法,1,0,0
最佳分布为贝塔分布,研究结果,1,0,0
最佳的视情检查间隔应为每200飞行小时,研究结果,1,0,0
最大位移,性能指标,0,0,1
最大信噪比盲源分离方法,模型,0,0,1
最大拟然估计,算法,1,0,0
最大故障检测时间,指标,0,1,0
最大故障隔离时间,指标,0,1,0
最大模糊数据,指标,0,1,0
最大流量,性能指标,0,0,1
最大状态,发动机状态,0,1,0
最大相对误差,性能指标,1,0,0
最大相对误差在 5% 以内,研究结果,1,0,0
最大相对误差在5%以内,研究结果,0,1,0
最大绝对误差 MaxAE,性能指标,1,0,0
最大绝对误差MaxAE,性能指标,0,0,1
最大绝对误差,性能指标,0,1,0
最大重构次数,参数,0,1,0
最大隶属度原则,性能指标,1,0,0
最大隶属度原则,算法,0,1,0
最大预测时间,指标,0,1,0
最大预测误差,性能指标,1,1,1
最大预测误差为3.2,研究结果,1,0,0
最大预测误差为7.1,研究结果,1,0,0
最小二乘MARPLE算法,方法,1,0,0
最小二乘MARPLE算法,算法,0,1,1
最小二乘,方法,0,1,0
最小二乘,算法,1,1,1
最小二乘回归预测方法,算法,1,0,0
最小二乘拟合,算法,0,0,1
最小二乘拟合模型,模型,0,1,0
最小二乘支持向量回归,方法,0,1,0
最小二乘支持向量回归机,算法,1,1,1
最小二乘支持向量机,算法,3,4,1
最小二乘支持向量机（LS-SVM）,技术,0,0,1
最小二乘支持向量机（LSSVM）,算法,1,0,0
最小二乘法,方法,2,0,0
最小二乘法,算法,2,4,1
最小偏差平方和,算法,1,0,0
最小可信计算基 (Mini TCB),组件,0,1,0
最小可信计算基,概念,0,0,1
最小可信计算基,模型,1,0,0
最小学习误差试验,算法,0,0,1
最小属性集,属性,1,0,0
最小熵解卷积法,方法,0,1,0
最小熵解卷积法,模型,1,0,0
最终训练误差为8.15×10⁻⁶,研究结果,1,0,0
最近邻搜索策略,方法,1,1,1
最适合的模型为ARIMA(2,1,1),研究结果,1,0,0
最速梯度下降法,算法,1,0,0
有人机/无人机协同作战,概念,0,0,1
有人机/无人机协同作战机群PHM系统,系统,1,0,1
有关故障对飞机机载设备和系统的影响的知识,问题,0,1,0
有损耦合传输线模型,模型,1,1,1
有效可靠,研究结果,1,0,0
有效回收率,性能指标,1,0,0
有效性,研究结果,1,0,0
有效性检验,方法,0,1,0
有效恢复了推力响应速度,研究结果,1,0,0
有效检测出故障,研究结果,0,1,0
有效识别飞行状态,研究结果,0,1,0
有效辅助故障部件定位工作,研究结果,0,0,1
有效降低了各子系统之间异构数据交换的难度,研究结果,1,0,0
有效降低成本,研究目标,1,0,0
有源液压测试仪,设备,0,1,0
有源液压测试仪,部件,1,0,0
有源液压测试技术,技术,0,1,1
有源液压测试技术,方法,1,0,0
有源液压测试技术可以在线预测电液换向阀内部不同工作位的总泄漏量以及不同配合副的局部泄漏量,研究结果,0,1,0
有源液压测试技术预测电液换向阀内泄漏的可行性,研究结果,1,0,0
有源液压测试电液换向阀内泄漏模型,模型,1,1,1
有线传输,传输方式,0,1,0
有色随机Petri网络,模型,0,1,0
有行政职务的飞行人员心理亚健康比无行政职务者明显,研究结果,0,0,1
有行政职务者心理亚健康明显,研究结果,0,1,0
有限元/边界元方法,方法,1,0,0
有限元仿真模型,模型,0,1,0
有限元仿真计算,方法,1,0,0
有限元方法,技术,0,1,0
有限元模拟,模型,0,0,1
有限元法,技术,1,0,0
有限控制体积法,方法,1,0,0
有限状态机,技术,0,0,1
有限监视系统,模型,1,0,0
服务(Ss),组成部分,1,0,0
服务Agent,Agent,0,1,0
服务Agent,组件,1,0,0
服务,服务,0,0,1
服务,组件,0,1,0
服务发布层,层,0,1,1
服务型制造业,技术,1,0,0
服务型制造业,概念,0,1,0
服务接口,接口,0,1,0
服务资源,概念,1,1,0
服务资源匹配度,性能指标,1,0,0
服务资源匹配度,研究结果,0,0,1
期望失效数,性能指标,1,0,0
期望提取的故障特征维数为6,研究结果,1,0,0
未来山猫直升机,项目,0,1,0
未来山猫直升机,飞机,0,1,0
未来山猫直升机,飞机型号,1,0,0
未来或下一代民用飞机高升力系统先进技术的发展方向和趋势,研究结果,0,0,1
未来飞机的智能化技术综述与发展展望,研究,0,0,1
未标记样本,实体,0,1,0
本文,文献,1,0,0
本文,研究,1,0,0
本文,研究主体,5,0,0
本文作者,研究者,1,0,0
本文提出的基于PHM的航空装备可用度影响因素仿真分析方法可以支持装备研制过程中装备及其保障系统的设计权衡分析,研究结果,0,0,1
本文提出的方法,方法,1,0,0
本文提出的模型,模型,1,0,0
本文方法,模型,1,0,0
本文方法具有更高的趋势拟合度和预测精度,研究结果,0,0,1
本文方法解决了故障预测时序信息记忆问题与小样本下的模型过拟合问题,研究结果,0,0,1
本文模型,模型,1,1,0
本文研究,研究,1,0,0
本文预测结果,数据,1,0,0
朱新宇,作者,0,1,0
朱新宇,研究人员,1,0,0
机上PHM,系统,3,0,1
机上PHM系统,模型,1,0,0
机上PHM系统,系统,0,1,0
机上在线异常检测的方法,方法,1,0,0
机上故障保护,技术,0,1,0
机上测试,技术,0,1,0
机下PHM,系统,2,0,0
机下PHM系统,系统,0,1,0
机下机上系统接口,系统,0,1,0
机下（地面）PHM,系统,1,0,0
机体结构 PHM,系统,1,0,0
机体载荷测量系统,系统,1,0,0
机内测试(BIT),技术,1,1,1
机内测试BIT,概念,1,0,0
机内测试,技术,1,0,0
机内测试,概念,0,0,1
机内测试,模型,1,0,0
机内测试,算法,1,0,0
机内测试,设备,0,1,0
机内测试技术,技术,2,0,2
机内测试设备(BITE),系统,1,0,0
机内测试设备,系统,0,1,0
机内测试（BIT),技术,1,0,0
机内测试（BIT）,技术,0,1,1
机内测试（Built- In- Test，BIT),技术,1,0,0
机内自测试(BIT),技术,0,0,1
机内自测试,技术,1,0,0
机器人集成装配技术,技术,1,0,0
机器学习,技术,1,1,2
机器学习,方法,2,1,0
机器学习,模型,0,0,1
机器学习,算法,0,3,1
机器学习方法,方法,1,0,0
机器学习算法,技术,0,0,1
机场,利益相关方,0,1,0
机外测试,概念,0,0,1
机械师,人员,0,1,0
机械思维,概念,0,1,0
机械故障,故障模式,1,0,0
机械故障诊断模型,模型,0,0,1
机械故障诊断系统,系统,0,0,1
机械效率因子,参数,0,1,0
机械敲缸系数,参数,0,1,1
机械敲缸系数,特征参数,1,0,0
机械液压模型,模型,0,1,0
机械能,技术,1,0,0
机理模型,模型,0,1,0
机电/动力PHM,系统,0,1,0
机电作动器,作动器类型,0,0,1
机电作动器,系统/部件,1,0,0
机电作动器,部件,1,1,0
机电作动器飞行测试台,技术,0,0,1
机电作动器飞行测试台,系统,1,0,0
机电作动器（EMA）,部件,0,0,1
机电作动器（Electromechanical actuator，EMA）,部件,1,0,0
机电作动系统,系统,0,1,0
机电或动力系统 PHM,系统,1,0,0
机电系统,技术,0,0,1
机组人员信息系统／维修系统（CIS- MS）,系统,1,0,0
机组人员在飞行中所受年有效剂量范围为0.12~9.17mSv,研究结果,1,0,0
机组信息系统,系统,1,0,0
机组警告系统 (CAS),系统,0,1,0
机组警告系统,系统,1,0,0
机组警告系统（Crew Alerting System，简称CAS）,技术,0,0,1
机群PHM管理器,架构组成部分,1,0,0
机群PHM管理器,管理器,0,1,0
机群PHM系统,概念,0,0,1
机群PHM系统,系统,0,1,0
机群PHM系统活动图,概念,0,0,1
机群PHM系统用例图,概念,0,0,1
机群PHM系统顶层架构,架构,1,0,0
机群PHM系统顶层架构,概念,0,0,1
机群保有率,性能指标,1,0,0
机群协同维修决策建模与优化,技术,1,1,1
机翼前缘,部件,1,0,0
机翼变弯度,技术,1,0,0
机翼结构,技术,1,0,0
机舱声音与飞行数据记录仪,技术,0,0,1
机载LVDS数字视频信号采集记录技术,技术,0,0,1
机载PHM,系统,1,0,0
机载PHM,系统/架构,1,0,0
机载PHM系统,系统,4,6,1
机载PHM系统体系结构,系统,0,0,1
机载使用寿命监视系统(OLMOS),系统,1,1,0
机载振动值,参数,0,0,1
机载故障预测与健康管理,技术,0,0,1
机载数据预处理,功能,0,1,0
机载智能实时监控系统,模型,1,0,0
机载智能实时监控系统,系统,1,0,1
机载模型,模型,1,0,0
机载测试系统,系统,0,0,1
机载激光通信,技术,0,0,1
机载燃油测量系统PHM测试床,系统,1,0,0
机载燃油测量系统,系统,1,1,0
机载燃油管理系统,技术,0,0,1
机载的测试维护操作接口,接口,0,1,0
机载监测系统,系统,1,1,0
机载系统,系统,1,2,0
机载自适应实时模型（STORM）技术,技术,1,0,0
机载自适应模型,模型,1,1,1
机载自适应模型,系统,1,0,0
机载自适应模型控制技术,技术,1,0,0
机载自适应调整在线模型(STORM),模型,1,0,0
机载航电系统,系统,0,1,0
机载航空电子系统,系统,0,1,0
机载设备,产品,0,1,0
机载设备,系统,1,0,0
机载设备,设备,1,0,0
机载设备健康管理系统,系统,1,0,1
机载设备全生命周期的高效维护和管理,研究结果,1,0,0
机载设备数据,数据,1,0,0
机载设备数据,数据源,0,1,0
机载设备数据,数据类型,0,0,1
机载设备物理模型,模型,0,0,1
机载设备维护管理系统,系统,1,1,1
机载通信设备,组件,0,1,0
机载部分,系统,1,0,0
机载预测与健康管理（PHM）系统,系统,0,0,1
机队风险评估模型,模型,1,1,1
权矩阵,参数,0,0,1
权重学习,技术,1,0,0
权重训练算法,算法,1,1,1
权限验证服务,服务,0,1,0
李佳璇,人物,0,1,0
李哲,作者,0,0,1
李学仁,人物,1,0,0
李学仁院长,人物,0,1,1
李巍华,人物,1,0,0
李巍华教授,人物,0,1,1
李春华等,研究人员,1,0,0
李洋,人物,0,1,1
李耀华,研究人员,1,0,0
李茜,作者,0,0,1
杜舒明,人物,0,1,0
条件概率分布,函数,1,0,0
条件随机场,算法,0,0,1
杨华勇,人物,0,0,1
杨廷梧,人物,0,2,1
板壳理论,技术,0,0,1
板级支持包,组件,0,1,0
板翅式换热器,部件,1,0,0
极大似然估计,方法,0,1,0
极大似然法,算法,1,1,1
极大提高飞机运行安全性,研究结果,0,0,1
极大熵改进区间层次分析法,方法,0,1,0
极大熵改进区间层次分析法,算法,1,0,0
极端学习机,算法,0,0,1
极速策略人工智能算法,技术,0,0,1
极速策略人工智能算法,算法,1,0,0
极限学习机,方法,0,1,0
极限学习机,模型,1,0,0
极限学习机,算法,0,2,2
极限学习法,方法,1,0,0
极限学习法,算法,0,1,1
构建集成神经网络,研究方向,1,0,0
某军用飞机所属系统,模型,1,0,0
某地区民航空勤人员健康状况分析,研究,1,0,0
某型电子设备,研究对象,1,0,0
某型直升机,研究对象,1,0,0
某型飞机整机,研究对象,1,0,0
某型飞机火控系统,研究对象,1,0,0
某型飞机火控系统,系统,0,1,1
某型飞机综合测试系统,研究对象,1,0,0
柔性机翼技术,技术,1,0,0
标准SVM,算法,1,0,0
标准制定,问题,0,1,0
标准化的功能接口,技术,0,0,1
标准器,设备,0,1,0
标准均方根误差,性能指标,1,1,1
标准差0.05649,研究结果,0,1,0
标准差,参数,0,1,1
标准差,性能指标,2,1,1
标准差,特征量,1,0,0
标准差为0.05649,研究结果,1,0,0
标准差减少了约1.84、3.46、4.23,研究结果,0,1,0
标准热源,设备,1,0,0
标准误差,性能指标,1,1,0
栈式自编码神经网络,模型,1,1,0
栈式自编码算法,算法,1,1,0
树脂转移模塑,工艺,0,1,0
校正后的核心转速,参数,0,1,0
校正后的风扇转速,参数,0,1,0
样本标准差,性能指标,1,0,0
样本离差阵,参数,0,0,1
样本贫化,问题,1,0,0
核主元分析,算法,0,2,0
核主元分析算法,算法,1,0,1
核主成分分析,算法,1,1,1
核函数,函数,1,1,0
核函数,模型,1,0,1
核函数主成分分析方法,算法,0,0,1
核函数理论,理论,1,1,0
核参数,参数,1,1,1
核参数γ,参数,0,1,0
核心涡核控制燃气峰值温度的调控方法,方法,1,1,0
核心网络,模型,1,0,0
核心网络,网络,0,1,0
核心转速,参数,0,1,0
核方法,算法,1,0,0
核极限学习机 (KELM),算法,1,0,0
格林函数,参数,0,0,1
框架表示法,方法,1,0,0
案例匹配法,技术,0,1,0
案例匹配法,算法,1,0,0
案例推理,技术,0,1,0
案例推理,方法,1,0,0
案例推理和基于规则的不确定性推理的预测方法,方法,0,0,1
案例检索 Agent,Agent,0,0,1
案例检索Agent,Agent,0,1,0
案例管理 Agent,Agent,0,0,1
案例管理Agent,Agent,0,1,0
桨扇发动机(UDF),技术,1,0,1
桨扇发动机,技术,0,1,0
梁天辰,作者,0,0,1
梁威,人物,0,0,1
梯度下降法,算法,1,1,0
梯度下降的算法,算法,1,0,0
梯度修正法,方法,0,1,0
梯度弥散,问题,1,0,0
梯度提升回归,模型,1,1,0
梯度映射,函数,0,1,0
梯度消失,研究问题,1,0,0
梯度消失,问题,1,0,0
梯度消失问题,研究问题,1,0,0
梯度爆炸,问题,1,0,0
梯形函数,函数,0,1,0
梯次推理,理论,1,0,0
梯次推理算法,算法,1,1,1
梯次推理较之顺序推理有着明显的时间优势和较好的知识元结构强度,研究结果,0,0,1
检出率(TPR),性能指标,1,0,0
检出率,性能指标,0,1,1
检查时间只需要8.5min,性能指标,1,0,0
检测参数,参数,0,0,1
检测时间,性能指标,2,1,0
检测率,性能指标,1,2,0
检测率和虚警率,研究结果,0,0,1
概念设计,过程,0,1,0
概率分布拟合,研究领域,1,0,0
概率模型,模型,0,1,0
概率神经网络,model,0,1,0
概率神经网络,算法,0,1,0
概率神经网络（PNN）,模型,1,0,0
概率统计模型,技术,0,1,0
概率统计模型,模型,1,0,0
概率论,理论,1,0,0
概率风险评估,方法,0,1,0
模块/组件级管理器,系统,0,1,0
模块,模块,0,1,0
模块健康管理,方法,1,0,0
模块健康管理设计,技术,0,0,1
模块化多电平技术,技术,0,1,1
模块化的硬件体系结构,技术,0,0,1
模块化管理思想,概念,1,1,0
模块化自动测试设备,设备,1,0,0
模块化自动测试设备（MATE）,设备,0,0,1
模块单元层PHM,层次,0,1,0
模块单元层PHM,系统,1,0,0
模块可靠性（module reliability）,参数,0,0,1
模块支持层,层次,0,1,0
模块支持层,层级,1,0,0
模块支持层,组件,0,1,0
模块支持层,软件层,0,1,0
模块的可靠性,影响因素,1,0,0
模块级,层次,0,1,0
模块级测试,结构,0,1,0
模型估计的精度,性能指标,1,0,0
模型准确性,性能指标,1,0,0
模型参数,参数,0,0,1
模型在不降低预测精度的情况下能显著减少计算时间,研究结果,0,0,1
模型定阶,方法,0,1,0
模型推导,技术,0,1,0
模型提高了预测正确率,研究结果,0,0,1
模型收敛加速,研究结果,0,1,0
模型法,方法,1,0,0
模型法,模型,0,1,0
模型的有效性,研究结果,1,0,1
模型的求解精度比传统的SVM要高,研究结果,0,0,1
模型的精度,性能指标,1,0,0
模型精度提高27%,研究结果,0,1,0
模型自更新实验验证,研究结果,0,0,1
模型覆盖率,性能指标,1,0,0
模型覆盖率,技术,0,0,1
模型覆盖率,指标,0,1,0
模型训练过拟合问题,研究问题,1,0,0
模型调用次数,性能指标,1,0,0
模型跟踪,技术,0,1,0
模型辨识法,方法,1,0,0
模型辨识法,模型,0,1,0
模型阶数,性能指标,1,0,0
模型降阶方法,技术,0,1,0
模型降阶方法,方法,1,0,0
模型预测包线范围内，涡扇发动机模型在稳态和动态过程中关键参数预测精度可靠,研究结果,0,0,1
模型驱动,方法,1,0,0
模型驱动方法,方法,2,1,0
模式向量,参数,1,0,1
模式向量法,方法,1,0,0
模式向量法,算法,0,0,1
模式识别,概念,0,1,0
模式识别技术,方法,1,0,0
模态切换,技术,1,0,0
模拟剖经网络方法,技术,0,0,1
模拟测试电路,硬件,1,0,0
模拟测试电路,硬件组件,0,1,0
模拟神经网络方法,方法,0,1,0
模拟程度高,研究结果,1,0,0
模糊BP神经网络,模型,1,0,0
模糊Petri网,模型,1,0,0
模糊专家系统,模型,0,1,0
模糊信息粒化,算法,1,1,1
模糊切换方法,方法,1,0,0
模糊切换方法,算法,0,0,1
模糊合成运算,算法,0,1,0
模糊层次分析法,方法,1,0,0
模糊差分方法,方法,0,1,0
模糊差分方法,算法,0,0,1
模糊性,概念,0,1,0
模糊控制器,控制器,0,1,0
模糊控制理论,理论,1,0,0
模糊推理,技术,0,0,1
模糊推理,方法,0,1,0
模糊推理,算法,3,2,0
模糊推理方法,方法,1,0,0
模糊推理方法,算法,0,2,1
模糊故障Petri网,模型,1,0,0
模糊故障诊断专家系统,子系统,0,1,0
模糊故障诊断专家系统,系统,1,0,1
模糊数学理论,理论,1,0,0
模糊时间序列预测方法,算法,1,1,0
模糊时间序列预测模型,算法,0,0,1
模糊理论,方法,1,1,0
模糊理论,模型,1,0,0
模糊理论,理论,2,0,0
模糊理论,算法,1,0,0
模糊神经网络,方法,0,1,0
模糊神经网络,模型,1,1,1
模糊神经网络,算法,1,0,0
模糊综合评价法,方法,0,1,0
模糊综合评价法,算法,1,0,1
模糊综合评判,方法,1,0,0
模糊综合评判,模型,0,1,0
模糊综合评判原理,原理,1,0,0
模糊综合评判模型,模型,0,0,1
模糊综合评判法,方法,0,2,0
模糊综合评判法,算法,1,0,1
模糊融合,方法,1,0,0
模糊融合,算法,0,1,1
模糊逻辑,技术,0,1,1
模糊逻辑,方法,1,0,1
模糊逻辑,模型,3,2,2
模糊逻辑,算法,3,6,3
模糊逻辑,算法/模型,1,0,0
模糊逻辑推理,方法,0,1,0
模糊逻辑推理,算法,1,2,0
模糊逻辑推论,技术,0,0,1
模糊逻辑推论,算法,1,1,0
模糊逻辑故障诊断方法,方法,0,1,0
模糊集理论,理论,1,0,0
横向数据流,信息流,0,1,1
横向数据流,数据流,0,1,0
横向数据流,概念,1,0,0
欠定问题,研究结果,0,1,0
次级辐射,概念,1,0,0
欧几里得距离(ED),性能指标,1,0,0
欧几里得距离,性能指标,0,1,0
欧委会原子能指令,组织,0,1,0
欧氏距离,性能指标,1,0,0
欧氏距离,概念,1,0,0
欧氏距离,算法,0,1,0
欧氏距离健康评估方法,算法,1,1,0
欧氏距离模型,模型,0,0,1
欧洲,组织,0,0,1
欧洲战斗机EF-2000“台风”,飞机型号,1,0,0
欧洲空客公司,组织/机构,1,0,0
欧洲联合标志航空电子系统结构联合委员会,组织,0,1,1
欧洲航空安全局,机构,0,1,0
欧盟,机构/组织,1,0,0
欧盟,组织,0,1,1
欧直公司,公司,0,1,0
欧阳小平,人物,0,0,1
正向推理,方法,1,1,0
正向推理,算法,1,0,1
正向推理有故障的概率值马上变成1,研究结果,1,0,0
正向流程平台,平台,0,1,0
正向设计,概念/术语,1,0,0
正向设计流程,流程,0,1,0
正常状态,故障,0,1,0
正确有效，能够适用于复杂非线性模型，能适应飞行状态变化和舵面操纵变化，能在故障发生后快速检测出故障并准确定位故障，能较准确地估计出舵面损伤程度,研究结果,0,0,1
正确率,性能指标,1,0,0
正负电子,粒子,0,1,0
武器系统,系统,1,0,0
武器舱门驱动状态,parameter,0,1,0
武器装备,系统,0,1,0
歼击机PHM系统,系统,1,0,0
歼击机结构故障检测系统,系统,0,1,0
残余函数 (RF),函数,1,0,0
残差,参数,0,1,1
残差,技术术语,1,0,0
残差,概念/组件,1,0,0
残差修正GM(1,1)预测模型,模型,1,0,0
残差偏移距离,函数,1,0,0
残差偏移距离,算法,0,0,1
残差决策算法,算法,1,1,1
残差嵌套式长短期记忆和注意力机制模型,算法,0,1,0
残差序列,参数,0,1,0
残差方差,参数,0,0,1
残差检验,模型,0,0,1
残差神经网络(ResNet),模型,1,0,0
残差神经网络,模型,0,1,0
残量统计量Q,性能指标,1,0,0
残量统计量Q,算法,0,0,1
段司正,作者,0,0,1
每台发动机每年可节约1～2万美元,研究结果,1,0,0
每年节约维修费用约6000万美元,研究结果,1,0,0
每架飞机空调冷却子系统每年该有21次非例行维修任务,研究结果,1,0,0
每次飞行风险,实体,0,1,0
每次飞行风险,性能指标,1,0,1
每次飞行风险为0.912×10⁻⁹,研究结果,1,0,0
每次飞行风险为0.954×10⁻⁹,研究结果,1,0,0
每次飞行风险为1.18×10⁻⁹,研究结果,1,0,0
比例共轭梯度法,方法,1,0,0
比例共轭梯度法,算法,0,1,1
比较法,方法,1,0,0
比较真空度裂纹监测,方法,0,1,0
比较真空度裂纹监测传感器,传感器,0,1,0
比较真空度裂纹监测技术,技术,1,0,1
民机PHM维修任务分析,研究,0,0,1
民机环控系统的数字孪生模型,模型,1,0,0
民机维修间隔风险评估模型,模型,0,0,1
民机预测性维修白皮书,政策,0,0,1
民机预测性维修白皮书,标准,1,0,0
民用大型飞机,飞机,0,1,0
民用涡扇发动机,研究对象,0,0,1
民用航空,研究领域,0,1,0
民用航空发动机,设备,0,1,0
民用飞机健康管理系统,技术,0,0,1
民用飞机持续适航阶段事件风险评估流程,模型,0,1,0
民用飞机电源系统,系统,1,1,0
民航空勤人员,研究对象,1,0,1
民航飞机健康管理系统,系统,0,1,0
民航飞机故障数据,数据集,0,1,0
气候传感器,传感器,0,1,0
气动热力机理,理论/思想,1,0,0
气动热力计算模型,模型,1,1,0
气压能,技术,1,0,0
气源系统,系统,0,0,1
气路传感器,传感器,0,1,0
气路健康参数,参数,1,1,0
气路健康参数估计,性能指标,0,0,1
气路健康参数在线估计器,模型,0,0,1
气路健康参数的（理想）估计器,模型,1,0,0
气路分析和性能趋势跟踪,功能,0,1,0
气路分析和性能趋势跟踪,技术,0,0,1
气路分析模型,模型,0,1,0
气路分析法,技术,0,0,1
气路分析法,方法,2,0,0
气路分析法模型,模型,0,1,0
气路分析（GPA）方法,方法,1,0,0
气路参数,参数,0,1,0
气路性能故障,概念,1,0,0
气路故障,故障,0,1,0
气路故障检测和隔离,功能,1,0,0
气路故障模拟方法,方法,1,0,0
气路故障模拟方法,模型,0,1,1
气路故障诊断,技术,1,1,0
气路故障诊断技术,技术,2,0,0
气路故障诊断技术,方法,0,1,0
气路故障诊断系统,模型,0,0,1
气路故障诊断系统,系统,1,2,0
气路故障诊断系统可以更早地检测和隔离包含间歇性故障在内的各种气路故障,研究结果,0,0,1
气路故障预测,研究问题,1,0,0
气隙长度,参数,0,0,1
氮化镓,材料,1,0,0
水下目标识别模型,模型,0,0,1
水下目标识别的知识表示及推理,研究,0,0,1
水下目标识别系统,系统,0,0,1
水分离器,组件,0,1,0
水分离器,部件,0,1,0
水分离器出口温度,参数,1,1,0
水务数据共享,概念,0,0,1
汇流条电压,参数,0,1,0
汇流条电流,参数,0,1,0
汉胜公司,组织/人名,1,0,0
汉莎技术公司,公司,0,1,0
汉莎科技,机构,1,0,0
池化层,组件,0,1,0
池程芝,人物,1,0,0
池程芝主任,人物,0,1,1
污染度(NAS),参数,0,0,1
污水处理信息化,概念,0,0,1
汽车制造,应用,0,1,0
汽车制造,应用领域,1,0,0
汽车制造,行业,0,1,1
沈玉龙,人物,0,0,1
沈阳航空航天大学,机构,0,1,0
沈阳飞机设计研究所,机构,0,1,0
沙普利加性解释,模型,1,0,0
河北机车技师学院,机构,0,0,1
油压,参数,1,1,0
油压的采集和分析,方法,1,0,0
油压采集和分析,功能,0,0,1
油品传感器OCM,传感器,1,0,0
油槽温度（OTA）,参数,0,0,1
油液光谱分析,技术,0,1,0
油液是否泄漏,概念,1,0,0
油液污染度控制,关键技术,0,1,0
油液污染度控制,问题,1,0,0
油液泄漏,故障,1,0,0
油液泄漏故障,故障,0,1,0
油液温度参数,参数,0,1,0
油温控制,关键技术,0,1,0
油温控制,问题,1,0,0
油滤污染,故障,0,1,0
油滤污染信号,参数,0,1,0
油管裂纹,实体,0,1,0
油管裂纹,故障模式,0,1,0
油管裂纹,研究对象,1,0,0
油箱内气体压力,参数,0,0,1
油箱或输油管破裂,故障,1,1,0
油箱燃油温度,parameter,0,1,0
油门杆角度,参数,0,1,0
泄漏系数,参数,0,1,0
泄漏系数,性能指标,0,0,1
泄漏量,参数,1,1,1
法国宇航公司,公司,0,1,0
法国宇航公司,研究机构,1,0,0
法国欧直公司,研究机构,1,0,0
法国武器装备总署,组织,0,1,0
泛化性,性能指标,1,0,0
泛化性改善,研究结果,0,1,0
泛化能力,性能指标,1,0,0
波克斯-詹金斯方法,模型,0,1,0
波克斯-詹金斯方法,算法,0,0,1
波控芯片UCC28C43,组件,0,1,0
波音727,飞机型号,1,1,1
波音737-800型飞机,设备,0,1,0
波音737,飞机型号,1,0,1
波音737飞机故障记录,数据集,0,1,0
波音747-400,飞机型号,2,1,1
波音757/767,飞机型号,1,1,0
波音777,飞机型号,2,2,2
波音777飞机,设备,1,0,0
波音787,产品,2,1,0
波音787,实体,0,1,0
波音787,飞机型号,1,3,4
波音787机组信息与维修系统,技术,0,0,1
波音787机组信息与维修系统,系统,1,1,0
波音787飞机,产品,1,0,0
波音787飞机基于云计算的远程故障诊断方法研究,研究,0,0,1
波音B787,组织,0,0,1
波音B787,飞机型号,1,0,0
波音,公司,1,3,1
波音,组织/公司,1,0,0
波音公司,公司,1,1,4
波音公司,机构,3,2,0
波音公司,机构/公司,1,0,0
波音公司,研究机构,1,0,0
波音公司,组织,1,5,1
波音公司,组织机构,3,0,0
波音公司三推理机,模型/架构,1,0,0
注意力机制,技术,1,0,1
注意力机制,机制,0,2,0
注意力机制,算法,2,0,1
泰瑞达公司,组织,0,1,0
泵出口压力信号,参数,0,1,0
泵备份技术,方法,0,1,0
泵泄漏,故障,0,1,0
洛克希德C-130J,组织,0,0,1
洛克希德·马丁公司,公司,0,0,1
洛克希德·马丁公司,机构/公司,1,0,0
洛克希德·马丁公司,组织,0,2,1
洛克希德·马丁公司,组织机构,1,0,0
洛克希德马丁公司,组织机构,1,0,0
洛克德·马丁公司,机构,0,1,0
洛马,组织/公司,1,0,0
洛马公司,机构,1,1,0
洛马公司,组织,0,1,0
洛马公司,组织机构,0,0,1
洛马公司区域管理,模型/架构,1,0,0
活动图,图,0,1,0
活动图,图表类型,1,0,0
活动图,模型,1,0,0
流动控制技术,技术,1,0,0
流盘信号带宽,性能指标,1,0,0
流盘信号带宽最大100MHz,研究结果,1,0,0
流盘时间,性能指标,1,0,0
流盘时间长达13小时,研究结果,1,0,0
流量,参数,1,1,0
流量下降,性能指标,0,1,0
流量比例因子,参数,0,1,0
流量较原设计点降低11%,研究结果,1,0,0
流量退化参数,性能指标,0,1,0
测点,技术领域,1,0,0
测试,技术,1,0,0
测试、预测与健康管理技术,技术,0,0,1
测试仪,元件,0,0,1
测试优化问题,技术,0,1,0
测试参数已突破2万个,研究结果,1,0,0
测试性,性能指标,0,1,1
测试性,技术,0,1,1
测试性,概念,0,1,0
测试性模型,模型,1,0,0
测试性设计,技术,0,0,1
测试性设计与验证,问题,0,1,0
测试性设计和BIT技术,技术,0,1,0
测试性试验技术,概念,0,0,1
测试性验证,方法,1,0,0
测试性验证与量化评估,技术,0,1,1
测试性验证与量化评估一体化平台,平台,1,0,0
测试总线,硬件组件,0,1,0
测试最大误差,性能指标,1,0,0
测试最大误差为0.19dB,研究结果,1,0,0
测试标准化问题,技术,0,1,0
测试维护成本,性能指标,1,0,0
测试维护操作接口,接口,0,0,1
测试覆盖率,性能指标,1,0,1
测试覆盖率,指标,0,1,0
测试设备,设备,0,1,0
测试误差 J_train,性能指标,1,0,0
测试误差,性能指标,0,1,0
测试误差百分比,性能指标,1,0,0
测试误差百分比小于5%,研究结果,1,0,0
测量向量,参数,0,1,0
测量噪声,参数,1,1,0
测量扭矩,实体,0,1,0
测量结果均出现向近电极区域偏移的现象,研究结果,0,0,1
浙江大学,机构,1,1,0
浙江大学流体传动及控制国家重点实验室,机构,0,0,1
海军,组织机构,0,0,1
海军装备研究院航空所,机构,0,1,0
海军陆战队,组织机构,0,0,1
海尔法II导弹,装备,0,1,1
海拔高度,参数,0,1,0
海王直升机,装备,1,0,0
海豚直升机,飞机,0,1,0
海量数据,数据,0,1,0
海量数据挖掘,技术,1,1,0
海麻雀导弹,装备,0,1,1
海麻雀项目,项目,0,0,1
消除不可重现故障和重测合格现象,目标,0,1,0
消除常规检查,目标,0,1,0
涡扇发动机,实体,0,1,0
涡扇发动机,物理对象,1,0,0
涡扇发动机数学模型,模型,1,0,0
涡扇发动机试飞数据模型辨识方法,算法,1,0,0
涡扇发动机试飞数据模型辨识方法具有通用性,研究结果,0,0,1
涡扇发动机退化仿真数据集,数据集,0,1,0
涡扇发动机非线性部件级模型,模型,1,0,0
涡流传感器,传感器,0,2,2
涡流传感器,硬件,1,0,0
涡流传感器,设备,1,0,0
涡流传感薄膜,传感器,1,0,0
涡流叶片末端传感器,技术,0,1,1
涡流薄膜传感器,传感器,0,1,0
涡流薄膜裂纹监测,方法,0,1,0
涡流阵列传感器,传感器,0,1,0
涡流阵列裂纹监测,技术,0,0,1
涡轮出口温度,参数,0,1,0
涡轮前燃气温度,参数,0,1,0
涡轮叶片,部件,1,1,0
涡轮叶片寿命将降低1倍,研究结果,1,0,0
涡轮后温度,参数,0,1,0
涡轮后温度控制器,控制器,0,1,0
涡轮后温度控制回路,回路,0,1,0
涡轮导向叶片,部件,0,1,0
涡轮盘,研究对象,1,0,0
涡轮盘,部件,0,1,0
涡轮盘裂纹,实体,0,1,0
涡轮盘裂纹,研究对象,1,0,0
涡轮落压比,参数,0,1,0
涡轮落温比,参数,0,1,0
涡轮转子叶片,部件,0,1,0
涡轮间隙控制系统关闭,故障类型,0,1,1
液体火箭发动机泄漏故障,故障,0,1,0
液体状态机,模型,1,0,0
液冷压力值(入口),parameter,0,1,0
液冷压力值(出口),parameter,0,1,0
液冷温度值(入口),parameter,0,1,0
液冷温度值(出口),parameter,0,1,0
液压助力器,系统/部件,1,0,0
液压式传感器,传感器,0,1,0
液压机械装置(HMU),部件,1,0,0
液压油污染,故障类型,1,1,0
液压油泄漏,故障类型,1,0,0
液压油液中固体污染物,污染物,0,0,1
液压油混入空气,故障类型,1,1,0
液压泵,部件,0,1,0
液压泵泄漏,故障,1,0,0
液压泵泄漏,故障模式,0,1,0
液压泵输油故障,故障模式,1,1,0
液压系统,系统,1,1,0
液压系统,设备,0,1,0
液压系统故障诊断与定位,模型,1,0,0
液压缸,参数,0,1,0
液压能,技术,1,0,0
液压能源系统,系统,0,1,0
液压能源系统设计,系统/部件,1,0,0
液压驱动型四足机器人对角小跑步态本体水平位置控制方法,研究,0,0,1
液压高压化,技术,0,0,1
液压高压化,技术/概念,1,0,0
液压高压化,趋势,0,1,0
液晶材料,entity,0,1,0
液晶材料,材料,1,0,0
液面高出高度差,参数,0,0,1
涵道比,参数,0,1,0
深度信念网络,技术,0,0,1
深度信念网络,算法,0,1,0
深度信念网络（DBN）,模型,1,0,0
深度学习,技术,3,1,1
深度学习,方法,2,1,0
深度学习,概念,0,1,0
深度学习,算法,2,3,3
深度玻尔兹曼机（DBMs）,模型,1,0,0
深度神经网络 (DNN),模型,1,0,0
深度神经网络,模型,2,1,0
深度置信网络,技术,0,0,1
深度置信网络,模型,1,1,0
深度置信网络,算法,1,3,1
深度置信网络（DBN）,算法,0,0,1
深度自编码器,技术,0,0,1
深度自编码器,模型,1,0,0
深度自编码器,算法,0,1,0
混合PSO- SVM模型,算法,0,0,1
混合PSO-SVM模型,模型,0,1,0
混合SOM- RBF神经网络,算法,1,0,0
混合SOM-RBF神经网络,模型,0,1,0
混合供电架构,供电体制,1,0,0
混合励磁电机,技术,0,0,1
混合卡尔曼滤波算法,算法,1,0,1
混合及智能数据融合技术,技术,0,1,0
混合增强智能,技术,0,1,0
混合增强智能技术,技术,1,0,0
混合神经网络模型,算法,0,1,0
混合训练的DHMM,技术,0,0,1
混合边界扫描信号,技术,0,0,1
混合预测,模型,0,0,1
混合驱动方法,方法,1,0,0
混合驱动模型,模型,0,1,0
混合高斯分布模型,模型,0,0,1
混合高斯密度模型,模型,1,0,1
混合高斯隐马尔科夫模型,模型,1,0,0
混沌微弱信号提取法,算法,0,1,0
混沌时间序列,实体,0,1,0
混沌时间序列相空间重构,模型,0,0,1
混淆矩阵,性能指标,1,0,0
清洁天空2项目,计划,0,1,0
渐变退化,故障类型,0,1,0
渐进式故障预测,算法,0,1,0
渐进式故障预测方法,算法,0,0,1
温室气体排放,性能指标,1,1,0
温度,参数,0,2,1
温度,性能指标,1,0,1
温度、应力分析技术,技术,1,0,0
温度仪表,设备,1,0,0
温度传感器,传感器,0,1,0
温度传感器,设备,1,0,0
温度传感器及温度硬通道,参数,0,0,1
温度参数,参数,0,1,0
温度变化,性能指标,0,1,0
温度应力,参数,1,1,0
温度测试,测试项,0,1,0
温度监控模型,模型,0,0,1
温度监测,模型,0,0,1
温度计量技术,技术,1,1,1
温度误差不大于30K,研究结果,1,0,0
温度通道,设备,1,0,0
湾流III试车机,飞机型号,0,0,1
湿度,参数,0,1,0
湿度,物理量,1,0,0
湿度传感器,传感器,0,1,0
源领域,实体,0,1,0
滑动时间窗口,方法,0,1,0
滑动时间窗口,算法,1,0,0
滑动重构方法,方法,0,1,0
滑模函数,参数,0,1,0
滑模变结构控制,方法,1,0,0
滑模变结构控制,算法,0,1,1
滑模观测器,算法,0,2,0
滑模观测器理论,算法,0,0,1
滑油/燃油系统传感器,传感器,0,1,0
滑油光谱数据,概念,1,0,0
滑油压力,参数,1,1,0
滑油和碎屑监控,功能,0,1,0
滑油和碎屑监控,技术,0,0,1
滑油回油温度,参数,0,0,1
滑油泵故障,实体,0,1,0
滑油泵故障,研究对象,1,0,0
滑油温度,参数,0,1,0
滑油系统,系统,0,3,0
滑油系统仿真模型,模型,1,1,1
滑油系统健康管理,应用,0,1,0
滑油系统健康管理的应用,研究结果,0,0,1
滑油系统故障诊断技术,技术,1,0,0
滑油系统故障诊断技术,方法,0,1,0
滑油系统部件模型库和子系统模型库的构建,研究结果,0,0,1
滑油金属含量预测,应用,1,0,0
滚子,部件,0,1,0
滚转角φ,状态参量,0,1,0
滚转角速度p,状态参量,0,1,0
滞后误差,术语,1,0,0
滞后误差,缺陷,1,0,0
滤波器预测法,算法,0,1,0
滴滴出行,entity,0,1,0
漂移故障,故障类型,0,1,0
漏报,概念,1,0,0
漏报率,性能指标,1,1,0
漏报率低于2%,研究结果,0,1,0
漏检率,性能指标,1,1,0
漏警率(MAR),性能指标,1,0,0
漏警率,参数,0,0,1
漏警率,性能指标,1,2,0
潘国庆,人物,0,1,0
潘泉,作者,0,1,0
激光通信系统,技术,0,0,1
激光雷达原理,技术,0,1,0
激励函数,函数,0,1,0
瀑布图,方法,0,1,0
火控信号,parameter,0,1,0
灯光系统,系统,0,1,0
灰色GM(1,1)预测模型,模型,1,0,1
灰色GM(l,1)模型,模型,1,0,0
灰色GM(l，1)模型,模型,1,0,0
灰色信息理论,算法,0,0,1
灰色关联分析,方法,1,1,0
灰色关联分析,算法,2,0,2
灰色关联度,性能指标,1,0,0
灰色关联度,技术,0,0,1
灰色关联法,方法,0,1,0
灰色关联法,算法,1,0,1
灰色关联算法,算法,0,1,0
灰色故障识别方法,方法,0,1,0
灰色故障识别方法,算法,1,0,0
灰色故障识别方法可以得到较好的故障诊断结果,研究结果,1,0,0
灰色模型,方法,0,1,0
灰色模型,模型,3,0,1
灰色模型,算法,0,2,1
灰色波形,模型,1,0,0
灰色波形,算法,0,0,1
灰色波形方法,方法,0,1,0
灰色波形预测方法,算法,1,0,0
灰色理论,技术,0,0,1
灰色理论,模型,0,1,0
灰色理论,理论,4,1,1
灰色理论,算法,1,1,1
灰色理论预测法,算法,1,1,0
灰色白化理论,理论,1,0,0
灰色白化理论,算法,0,0,1
灰色系统,系统,0,1,0
灰色系统理论,理论,2,1,0
灰色组合预测模型,模型,0,1,0
灰色组合预测模型,算法,0,1,0
灰色聚类法,算法,0,0,1
灰色预测,算法,1,1,0
灰色预测建模,方法,1,0,1
灰色预测建模,模型,1,0,1
灰色预测建模理论,理论,1,0,0
灰色预测模型,模型,2,3,2
灰色预测模型,算法,0,0,1
灵敏度,参数,1,0,0
灵敏度,性能指标,0,1,1
灵敏度（SN）,性能指标,1,0,1
烧蚀和断裂故障,故障,1,0,0
热交换器,部件,1,1,0
热交换器健康评估和故障诊断方法,技术,0,0,1
热交换器在翼清洁,维修任务,1,0,0
热交换器最符合2段Weibull分步模型,研究结果,1,0,0
热交换器的平均失效时间为207.21飞行小时,研究结果,1,0,1
热交换器计划拆换,维修任务,1,0,0
热传导分析,函数,0,0,1
热储备,模型,1,0,0
热储备,设计,0,1,0
热力图,方法,0,1,0
热力子系统模型,模型,1,1,1
热力模型,模型,0,1,0
热备份,备份,0,1,0
热效应模型,模型,1,1,0
热散失,参数,0,1,0
热机械疲劳,失效模式,0,1,0
热机械疲劳,概念/理论,1,0,0
热沉,部件,1,0,0
热疲劳,失效模式,0,1,0
热疲劳,概念/理论,1,0,0
热载流子,损伤,0,1,0
热释光个人剂量计,仪器,0,1,0
焊点故障预测技术,技术,1,0,0
焦晓璇,人物,0,0,1
熄火检查,性能指标,1,0,0
熊龙,人物,0,1,1
熔凝石英,材料,0,1,0
燃料传感器,传感器,0,1,0
燃料敲缸系数,参数,0,1,1
燃料敲缸系数,特征参数,1,0,0
燃气“超温”问题,问题,1,0,0
燃气温度,参数,0,1,0
燃气温度,物理量,1,0,0
燃气温度超出理想状态30°C,现象,1,0,0
燃气轮机,研究对象,1,0,0
燃气轮机,设备,0,1,0
燃气轮机状态趋势预测,技术,1,0,0
燃油,部件,1,0,0
燃油中含有杂质,故障,0,1,0
燃油喷油器堵塞,故障类型,0,1,0
燃油密度,参数,0,0,1
燃油效率,性能指标,1,1,0
燃油油压,参数,0,0,1
燃油油量,参数,0,1,0
燃油泵,部件,0,1,0
燃油流量,参数,0,3,1
燃油流量偏差,参数,0,0,1
燃油测量系统,系统,0,0,1
燃油消耗,性能指标,0,1,0
燃油消耗速率,参数,0,1,0
燃油温度,参数,0,3,1
燃油系统,系统,0,2,0
燃油系统常见故障,概念,1,0,0
燃油系统机械液压模型,模型,1,0,1
燃油系统模型,模型,0,1,0
燃油计量装置,系统,0,1,0
燃烧室,部件,0,2,0
燃烧室出口温度,关键参数,1,0,0
燃烧室出口温度,参数,0,1,0
燃烧室裂纹,实体,0,1,0
燃烧室裂纹,故障模式,0,1,0
燃烧室裂纹,研究对象,1,0,0
燃烧室裂纹每次飞行风险为1.18×10^-9,研究结果,0,0,1
燃烧室重新设计,实体,0,1,0
燕山大学机械工程学院,机构,0,0,1
爬升,状态,0,1,0
爱国者地空导弹,装备,0,1,1
牛文生,人物,0,0,1
牛顿-拉夫逊法,算法,1,1,0
牛顿-拉夫逊算法,算法,0,0,1
物料申领系统,系统,1,1,1
物理失效模型,模型,2,1,0
物理实体(PE),组成部分,1,0,0
物理实体,模型,0,0,1
物理实体,组件,0,1,0
物理损伤模型复杂,挑战,0,1,0
物理损伤模型复杂,问题,0,0,1
物理模型,方法,1,1,0
物理模型,模型,2,2,2
物联网,技术,1,0,1
物联网技术,技术,1,0,0
物联网监测系统,技术,0,0,1
特定算法程序,算法,0,1,0
特异性指标,性能指标,1,1,0
特异性指标低于3%,研究结果,0,1,0
特征信息提取,技术,0,1,0
特征分析,研究领域,1,0,0
特征分类器,网络,0,1,0
特征参数,参数,0,0,2
特征参数,性能指标,1,0,0
特征参数不易获取,挑战,0,1,0
特征参数不易获取,问题,0,0,1
特征参数法,方法,1,1,1
特征参数监测和处理,技术,0,0,1
特征参数趋势预测和故障识别,技术,0,0,1
特征可视化,方法,0,1,0
特征可视化方法,方法,1,0,0
特征向量,实体,0,1,0
特征提取,任务,1,0,0
特征提取,功能,0,1,0
特征提取,技术,0,0,1
特征提取服务,服务,0,1,0
特征提取框架,模型,0,0,1
特征波形,性能指标,1,0,0
特殊信令输入,技术,0,0,1
特种飞机,设备,0,1,0
特种飞机综合化任务系统PHM设计与实现,研究领域,0,0,1
特种飞机综合化任务系统,系统,1,0,0
状态与使用监测系统,技术,0,0,1
状态与使用监测系统,系统,1,0,1
状态与使用监测系统和机舱声音与飞行数据记录仪（HUMS/CVFDR）,系统,1,0,0
状态与使用管理系统,系统,1,0,1
状态估计器能够快速、较为准确地估计发动机的性能退化系数,研究结果,1,0,0
状态估计方法,方法,1,0,0
状态判别模型,模型,1,0,0
状态变量模型,模型,0,1,0
状态数据库矩阵,数据/资源,1,0,0
状态方程,模型,1,0,0
状态显示,功能,0,1,0
状态机图,图,0,1,0
状态检修模型,模型,1,0,0
状态检测,概念,0,1,1
状态检测层,组件,0,1,0
状态模式,模型,0,1,0
状态的维修(CBM),概念,1,0,0
状态监控,功能,1,3,0
状态监控,应用,1,0,0
状态监控,技术,2,1,0
状态监控,概念,0,1,0
状态监控和故障诊断技术,技术,1,0,1
状态监控系统(EUMS),系统,1,0,0
状态监测Agent,Agent,0,1,0
状态监测Agent,组件,1,0,0
状态监测,功能,1,4,0
状态监测,功能维度,0,1,0
状态监测,技术,3,2,3
状态监测,概念,0,2,0
状态监测与管理,技术领域,0,1,0
状态监测及故障报文生成模块,模块,0,1,0
状态监测多Agent子系统,系统,0,1,0
状态监测子系统,子系统,0,1,0
状态监测技术,技术,1,0,0
状态监测数据,数据,0,1,0
状态监测服务,服务,0,0,1
状态策略,技术,0,1,3
状态编码,数据,1,0,0
状态评估,功能,1,0,0
状态评估与寿命预测,技术,0,0,1
状态趋势预测,功能,1,0,0
状态趋势预测,性能指标,0,1,0
独立功能子系统,架构,1,0,0
独立发动机诊断单元(CEDU),系统,0,1,0
独立式方案,架构,1,1,0
独立式航空电子系统,系统/架构,1,0,0
独立成分分析,方法,0,1,0
独立成分分析,算法,1,0,1
王倩营,人物,0,0,1
王健,人物,1,0,0
王健教授,人物,0,1,1
王其亮,研究者,0,0,1
王其亮等,研究者,1,0,0
王卓健,作者,0,0,1
王友清,人物,1,0,0
王友清教授,人物,0,1,1
王威风,人物,0,0,1
王学奇,人物,0,1,1
王少萍,人物,0,1,0
王建锋,作者,0,0,1
王彬文,人物,0,1,0
王湘念,人物,0,1,1
王礼沅,作者,0,0,1
王秋生,人物,0,0,1
王莉,人物,1,0,0
王莉教授,人物,0,1,1
王超杰,人物,0,1,0
王邑,作者,0,0,1
环控系统,系统,0,1,0
现代信息技术,技术,0,0,1
现代惯性导航技术,研究方向,1,1,1
现代高新技术条件下空战模式,技术背景,0,0,1
现场可更换单元,概念,1,0,0
现场可更换模块,概念,1,0,0
现场总线,技术,0,1,0
理事,职位,1,0,0
理论应力集中系数,系数,1,1,0
瑞航技术公司,公司,0,1,0
甘油三酯,体检项目,0,0,1
生产制造,过程,0,1,0
生产工艺数字孪生体,模型,0,1,0
生成器,模型,1,0,0
生成器,组件,1,0,0
生成器,网络,0,1,0
生成对抗网络(GAN),算法,1,0,0
生成对抗网络,模型,1,1,0
生成对抗网络,算法,0,0,1
生成报表,功能,0,1,0
生成报表,技术,0,0,1
生理亚健康,疾病/健康问题,1,0,0
生理模型,模型,0,0,1
用例图,图,0,1,0
用例图,图表类型,1,0,0
用例图,模型,1,0,0
用户接口Agent,Agent,0,1,0
用户接口Agent,组件,1,0,0
用来进行故障预测预报的部件的确定,问题,0,1,0
用电设备,系统,0,1,0
用电设备,设备,1,0,0
田口方法,理论,1,0,0
电传操纵,技术,0,0,1
电传操纵,技术/概念,1,0,0
电光与控制,技术,0,0,1
电刹车系统,系统/部件,1,0,0
电力作动,技术,1,1,1
电力电子,概念,0,1,0
电力系统,系统,1,1,0
电力系统,领域,0,1,0
电力系统故障诊断和健康管理,技术,0,0,1
电动静液作动器,作动器类型,0,0,1
电动静液作动器,系统/部件,1,0,0
电励磁双凸极电机,部件,1,0,0
电厂发电机组智能健康管理,应用,0,1,0
电厂发电机组智能健康管理,技术,0,0,1
电厂智能管控系统,系统,0,0,1
电压,参数,1,1,0
电压测试,测试项,0,1,0
电台信号,参数,0,1,0
电备份式液压作动器,作动器类型,0,0,1
电备份式液压作动器,系统/部件,1,0,0
电备份液压作动器（Electrical backup hydraulic actuator, EBHA）,部件,1,0,0
电子与计算机技术,技术,0,0,1
电子信息技术,技术,0,0,1
电子元器件质量参差不齐,挑战,0,1,0
电子元器件质量参差不齐,问题,0,0,1
电子刹车技术,技术,1,0,0
电子力矩限制技术,技术,1,1,1
电子化功能,技术,1,1,0
电子化功能,系统,0,0,1
电子工单管理系统,系统,1,0,1
电子战信号,parameter,0,1,0
电子战飞机,设备,0,1,0
电子控制,技术,0,0,1
电子控制单元(DECDU),部件,1,0,0
电子测试技术重点实验室,机构,0,0,1
电子盘,系统,1,0,0
电子科技大学,机构,0,1,0
电子系统PHM技术,研究,0,0,1
电子系统PHM技术发展,研究,0,0,1
电子系统PHM技术实现方法,研究,0,0,1
电子系统PHM的支撑技术,研究,0,0,1
电子系统故障预测,研究对象,1,0,0
电子装备故障预测模型,模型,0,0,1
电子装备故障预测系统,系统,0,0,1
电子装备测试性验证与评估系统,模型,1,0,0
电子装备测试性验证与评估系统,系统,0,1,0
电子装备网络化测试诊断,技术,0,0,1
电子记录本,系统,0,1,0
电子记录本（ELB）,技术,0,0,1
电子设备,设备,0,1,0
电子设备自动测试系统的环绕BIT设计,技术,0,0,1
电子预测,技术,2,0,0
电子预测技术,技术,0,3,0
电子飞机维修手册,系统,0,0,1
电子飞行包,系统,0,1,0
电子飞行包（EFB）,技术,0,0,1
电容值,参数,0,1,0
电机,部件/模块,1,0,0
电机堵转故障,故障模式,0,1,0
电机械(EMA)技术,技术,1,0,0
电气工程学院,机构,0,1,0
电气故障,故障类型,1,0,0
电气故障诊断,研究,0,0,1
电气特性,性能指标,1,0,0
电气特性仿真分析,研究,0,0,1
电池动力驱动技术,技术,1,1,1
电流-速度增益曲线,参数,0,1,0
电流,参数,1,0,0
电流测试,测试项,0,1,0
电涡流传感器,传感器,0,1,0
电液伺服作动器,技术,0,0,1
电液伺服作动器,系统/部件,1,0,0
电液伺服阀,参数,0,1,0
电液伺服阀,部件,0,2,0
电液作动器(EHA),系统/部件,1,0,0
电液作动器（Electric- hydraulic actuator, EHA）,部件,1,0,0
电液执行机构,系统,0,1,0
电液换向阀,元件,0,0,1
电液换向阀,组件,0,1,0
电液换向阀,部件,1,0,0
电液换向阀中位内泄漏方程,方程,0,1,0
电液换向阀内泄漏故障,故障,0,0,1
电液换向阀内泄漏故障预测,预测,0,0,1
电液换向阀内泄漏方程,模型,1,0,0
电液换向阀内泄漏无法实施检测,问题,1,0,0
电液换向阀内泄漏量无法预测的问题,问题,1,0,0
电液换向阀右位内泄漏方程,方程,0,1,0
电液换向阀左位内泄漏方程,方程,0,1,0
电液换向阀新阀存在内泄漏量,研究结果,1,1,0
电液换向阀泄漏量预测实验,实验,0,0,1
电液换向阀随着使用时间的延长，内泄漏量明显加剧,研究结果,0,1,0
电源模块,模块,0,1,0
电源模块,组件,1,0,0
电源模块冗余热备份对可靠性的影响,研究,0,0,1
电源系统,系统,2,1,0
电源系统,能源系统,0,1,0
电源转换模块,模块,0,2,0
电源转换模块,组件,0,1,0
电滑行,技术,0,1,1
电热防除冰,技术,1,0,0
电环控,技术,1,1,0
电环控系统,系统,1,0,0
电磁开关法,方法,1,0,0
电磁式传感器,传感器,0,1,0
电磁换向阀开口量不足,故障,1,0,0
电磁换向阀开口量不足,故障模式,0,1,0
电磁散射测量技术,技术,1,1,0
电离成分,剂量成分,0,1,0
电离成分,概念,1,0,0
电缆故障,故障类型,1,1,1
电能,技术,1,0,0
电致变色玻璃,entity,0,1,0
电致变色玻璃,材料,1,0,0
电解电容器,组件,0,1,0
电迁移,损伤,0,1,0
电阻应变片,传感器,1,0,0
界面单元法,方法,1,0,0
留一交叉验证,技术,0,1,0
留一交叉验证误差,性能指标,1,0,0
疫苗接种单元,组件,1,0,0
疲劳,概念,0,1,0
疲劳,物理量,1,0,0
疲劳剥落扩展模型,模型,0,1,0
疲劳寿命,性能指标,0,1,0
疲劳寿命,概念,1,0,0
疲劳寿命分散系数,系数,0,1,0
疲劳寿命模型,方法,0,1,0
疲劳寿命模型,模型,0,0,1
疲劳寿命消耗指数,参数,0,1,0
疲劳强度指数,系数,1,0,0
疲劳损伤指数,性能指标,1,0,0
疲劳缺口敏感系数,系数,0,1,0
疲劳缺口系数,系数,1,1,1
疲劳载荷和试件几何数据,参数,0,0,1
疲劳载荷和连接件几何数据,参数,0,0,1
白噪声,参数,0,1,0
白生宝,人物,0,1,0
白盒仿真,技术,0,0,1
百度,entity,0,1,0
皮尔森相关系数(PCC),性能指标,1,0,0
皮尔森相关系数,性能指标,0,1,0
皮尔逊相关,方法,0,1,0
监控效率,性能指标,0,0,1
监测,应用,0,1,0
监视参数,参数,1,0,1
监视器,组件,0,1,0
目标特性测试,技术,0,0,1
目标特性综合隐身效能评估体系,框架,1,0,0
目标电磁散射特性测试,技术,0,0,1
目标领域,实体,0,1,0
盲源分离,算法,0,0,1
直升机HUMS系统,系统,1,0,0
直升机,飞机,0,1,0
直升机传动系统,研究对象,1,0,0
直升机传动系统,系统,0,1,0
直升机健康与使用监测系统,技术,0,0,1
直升机健康管理系统,系统,1,1,1
直升机动力学与控制、直升机设计,研究领域,0,0,1
直升机完好性与使用监测系统（HUMS）,系统,1,0,1
直升机故障诊断专家系统,系统,1,0,0
直升机故障诊断数据库,数据库,1,0,0
直升机旋翼,设备,0,1,0
直升机旋翼系统,系统,0,1,0
直升机旋翼系统失效机理与故障模式分析,研究,0,0,1
直升机涡轮发动机,实体,0,1,0
直升机涡轮发动机健康管理,研究领域,1,0,0
直接影响飞机安全运行与机务检修效率,研究结果,0,0,1
直接推动民机运行体系的一体化、信息化建设,研究结果,0,0,1
直接法,方法,1,0,0
直接测量法,方法,0,1,0
直推学习,算法,0,0,1
直流化,发展趋势,1,0,0
直流化,概念,0,1,0
相似度,性能指标,2,1,1
相似度函数,函数,0,1,0
相似度提取,技术,0,1,0
相似性寿命预测方法,方法,1,0,0
相似性寿命预测模型,模型,0,1,0
相似搜索,方法,0,1,0
相关分析法,算法,0,0,1
相关向量回归,模型,1,0,0
相关向量回归,算法,0,1,0
相关向量机 (RVM),模型,1,0,0
相关向量机,技术,0,0,1
相关向量机,模型,0,1,0
相关向量机,算法,4,4,1
相关向量机一自回归模型 (RVM-AR),模型,1,0,0
相关向量机预测方法,算法,0,0,1
相关向量机（RVM）,算法,0,0,1
相关度,性能指标,1,1,1
相关度为0.9647,研究结果,1,0,0
相关性,概念,0,1,0
相关性分析,方法,0,1,0
相关性分析,算法,1,1,0
相关性模型,模型,1,1,0
相关性模型方法,技术,1,0,0
相关性系数,指标,0,1,0
相关矩阵,参数,0,0,1
相关系数(r²),性能指标,0,0,1
相关系数,参数,0,0,1
相关系数,性能指标,3,1,1
相关系数为0.965,研究结果,1,0,0
相关系数为0.976,研究结果,1,0,0
相关系数为0.997193,研究结果,1,0,0
相关系数为1,研究结果,1,0,0
相关速度,参数,0,1,0
相关速度值,概念,1,0,0
相同故障模式之间的灰色关联度总体上明显较大,研究结果,1,0,0
相对损伤类比法,技术,1,0,0
相对误差,性能指标,8,4,3
相对误差为0.0011%至0.0017%,研究结果,1,0,0
相对误差为0.12%,研究结果,1,0,0
相对误差为0.25%,研究结果,1,0,0
相对误差为5%,研究结果,1,0,0
相对误差均值,性能指标,0,0,1
相干通信体制,技术,0,0,1
相比传统方法大幅降低,研究结果,0,0,1
相电阻,参数,0,0,1
相空间重构,实体,0,1,0
相空间重构,理论方法,1,0,0
省油12%,研究结果,1,0,0
省油30%,研究结果,1,0,0
真正率（TPR）,性能指标,0,0,1
真空比较监测(CVM)方法,技术,0,0,1
真空比较监测传感器,传感器,0,1,0
瞬态现象和过程记录,技术,0,0,1
瞬态（超）高速激光摄影系统,技术,0,1,0
瞬态（超）高速激光摄影系统,系统,1,0,0
瞬时预测精度（RA）,性能指标,0,0,1
矢量喷管,部件,1,1,0
知识发现,技术,1,0,0
知识图谱,技术,1,1,0
知识图谱,方法,0,1,0
知识图谱,模型,0,0,4
知识图谱,算法,1,0,0
知识库,服务资源,0,1,0
知识库,组件,2,0,0
知识查询与操作通讯语言,技术,0,0,1
知识获取,技术,0,1,0
知识表示,技术,0,1,0
知识表达方式,概念,1,0,0
知识逻辑可视化,设计思想,1,0,0
矩阵开关,技术,0,0,1
短截线电缆,组件,0,1,0
短时傅里叶变换,算法,1,0,0
短期预测准确率达到85%,研究结果,1,0,0
短期预测准确率达到了85%,研究结果,0,0,1
短路,故障,1,0,0
短路故障,故障,0,1,0
短路故障,故障类型,0,1,0
研发设计,过程,0,1,0
破损安全设计,概念,0,1,0
硅加速度计,传感器,1,0,0
硅微陀螺,传感器,1,0,0
硬件加密,技术,0,0,1
硬件在环仿真,技术,0,0,1
硬件实时仿真平台,系统,1,0,0
硬件层,组件,0,1,0
硬件故障注入,技术,1,0,0
硬实时偶发通信任务的端到端延迟保证路径分配方法,技术,0,0,1
硬故障,故障类型,0,1,0
确定性因子,指标,1,0,0
确定性推理,技术,0,0,1
确定性推理,算法,0,1,0
确诊率,性能指标,1,0,0
碳化硅SiC,硬件/部件,1,0,0
碳化硅,材料,1,0,0
磁传感器,传感器,0,1,0
社会亚健康,疾病/健康问题,1,0,0
神经元结构,结构,1,0,0
神经网络,技术,3,1,3
神经网络,方法,0,3,1
神经网络,模型,8,5,2
神经网络,算法,15,9,6
神经网络,算法/模型,1,0,0
神经网络回归BP算法,算法,1,1,1
神经网络技术,技术,2,2,0
神经网络技术,算法,0,1,0
神经网络故障诊断方法,方法,0,1,0
神经网络故障预测方法,方法,0,0,1
神经网络故障预测方法,算法,1,0,0
神经网络故障预测模型,模型,1,0,1
神经网络故障预测算法,算法,1,0,0
神经网络故障预测系统,系统,0,1,0
神经网络方法,算法,1,1,0
神经网络模型,模型,0,1,1
神经网络法,模型,0,1,0
神经网络算法,算法,2,0,1
神经网络组合体,模型,0,0,1
神经网络融合,算法,0,1,0
神经网络补偿模块,算法,1,0,0
神经网络补偿算法,算法,1,1,0
神经网络训练,技术,0,0,1
神经网络预测模型,模型,1,0,1
神经网络预测模型和训练算法是可行的,研究结果,1,0,1
神经网络预测算法,算法,0,1,0
离婚或丧偶、行政职务、不良生活习惯是飞行人员亚健康状态的重要危险因素,研究结果,1,0,1
离婚或丧偶军事飞行人员社会亚健康得分较其他组高,研究结果,0,0,1
离婚或丧偶者亚健康得分高,研究结果,0,1,0
离散事件仿真算法,模型,0,1,0
离散事件仿真软件Arena,工具,1,0,0
离散事件模型,模型,1,0,0
离散傅立叶变换,算法,1,0,1
离散傅里叶变换,算法,1,2,2
离散时间序列卷积神经网络(DTCNN),模型,1,0,0
离散波let变换,算法,0,0,1
离线PHM系统,系统,1,1,0
离线修正后，估计值的相对误差最大值从69%缩小5%,研究结果,1,0,0
离线平均故障预测准确度,性能指标,1,0,0
离线故障预测,方法,1,0,0
离线校准方法,方法,0,1,0
离线监测系统,系统,0,0,1
离线系统,系统,1,0,0
私有云,平台,1,1,0
科大讯飞,entity,0,1,0
秦宝霞,研究者,0,0,1
积碳,故障,0,1,0
移动平均模型,模型,1,1,1
移动平均法,算法,0,1,0
稀疏性,性能指标,1,0,0
稀疏表示模型,模型,1,1,0
程荣辉,作者,0,0,1
稳定性,性能指标,2,1,1
稳定性,指标,0,1,0
稳定性评估指标,性能指标,0,0,1
稳定电压,参数,0,0,1
稳定电压,性能指标,0,1,0
稳态,状态,0,1,0
稳态可用度,性能指标,1,1,0
稳态可用度,概念,0,0,1
稳态性能恢复控制,方法,1,0,0
稳态条件,发动机状态,0,1,0
稳态漂移故障隔离平均正确率提高19.1%,研究结果,1,0,0
稳态阶跃故障隔离平均正确率提高1.7%,研究结果,1,0,0
空中停车,故障类型,0,1,0
空中发动机状态监视系统(IECMS),系统,0,1,0
空中客车,公司,0,1,1
空中客车公司,组织,0,1,1
空中移动微网,概念,1,0,0
空乘人员,人员,0,1,0
空军工程大学,机构,1,1,0
空军工程大学,组织,0,0,1
空军工程大学工程学院,机构,0,1,1
空军工程大学航空工程学院,机构,0,0,1
空军工程大学航空航天工程学院PHM实验室,机构,1,1,1
空军工程大学航空航天工程学院,机构,1,0,0
空军指挥学院,机构,0,0,1
空军航空大学航空军械工程系,机构,0,0,1
空军装备研究院,机构,0,0,1
空勤人员,研究对象,1,0,0
空勤人员总体健康水平较低,研究结果,1,0,0
空地一体的PHM通信网络,技术,0,1,0
空地一体的PHM通信网络设计,技术,1,0,1
空地一体通信网络,概念,0,0,1
空地数据链,组件,0,1,0
空地数据链接,接口,0,1,1
空地数据链系统,系统,0,1,0
空地通信系统,系统,0,1,0
空客A380,产品,1,1,0
空客A380,组织,0,0,1
空客A380,飞机型号,1,0,0
空客,公司,0,0,1
空客公司,公司,0,0,1
空客公司,机构,2,1,0
空客公司,组织,1,2,0
空客公司,组织机构,1,0,0
空气压缩机,设备,0,1,0
空气压缩机,部件,1,0,0
空气循环机,部件,1,1,0
空气系统,系统,0,1,0
空腹血糖,体检项目,0,0,1
空装“十三五”预研重点项目,项目,1,1,1
空调冷却子系统失效发生率无明显特定变化趋势,研究结果,1,0,0
空调冷却子系统每年该有21次非例行维修任务,研究结果,0,0,1
空调和增压系统,系统,0,0,1
空调系统PHM模型,模型,1,0,0
空调系统,系统,2,3,1
空调系统散热器HI,性能指标,1,0,0
空速,参数,0,1,0
空间激光通信技术,技术,0,0,1
突发故障,故障类型,0,1,0
突发故障预测,任务,1,0,0
突变故障,故障类型,0,1,0
立体仓库,应用领域,1,0,0
立体仓库,领域,0,1,0
端到端延迟保证路径分配方法,技术,1,0,0
端点效应,概念,1,0,0
符合技术要求,研究结果,1,0,0
第18届全国信息存储技术学术会议,会议,0,0,1
第一代HUMS,产品,1,0,0
第三代HUMS,产品,1,0,0
第三梯队测试系统,设备,1,0,0
第三梯队测试系统（TETS系统）,设备,0,0,1
第二代HUMS,产品,1,0,0
第二十一届测试与故障诊断技术研讨会,事件,0,1,0
第二十一届测试与故障诊断技术研讨会,会议,0,0,1
第二十二届测试与故障诊断技术研讨会,会议,0,0,1
第五代战机,战机,0,1,1
第四代产品,产品,1,0,0
等价空间法,算法,1,0,0
等效串联电阻,参数,0,1,0
等效质量,参数,0,1,0
等距离映射,算法,1,1,0
策略网络,算法,1,0,0
签派可靠率,性能指标,0,1,0
算法优化,方法,1,0,0
算法在两步内检测出故障,研究结果,1,0,0
算法展开,方法,1,0,0
算法展开,算法,0,1,1
算法的有效性,概念,1,0,0
算法的稳定性,性能指标,0,0,1
算法计算量较大，仿真时间较长,研究结果,0,0,1
管体数字孪生体,模型,0,1,0
管理Agent,Agent,0,1,0
管理Agent,组件,1,0,0
管理计算机(DMC),系统,0,1,0
管用,概念,0,1,0
管用、好用、耐用,发展趋势,1,0,0
管路堵塞,故障类型,0,1,0
管道全生命周期管理,应用,0,1,0
管道全生命周期管理,技术,0,0,1
管道数字孪生体,模型,0,1,0
管道温度检查,维修任务,1,0,0
管道行业,行业,0,1,0
管道设备运行维护,应用,0,1,0
管道设备运行维护,应用领域,1,0,0
管道设备运行维护,技术,0,0,1
管道设计,应用,0,1,0
管道设计,应用领域,1,0,0
管道设计,技术,0,0,1
箭地一体数字化测发控系统,模型,1,0,0
箭地一体数字化测发控系统,系统,0,1,0
粒子束滤波,算法,1,1,0
粒子滤波 (PF),算法,1,0,0
粒子滤波,技术,0,1,0
粒子滤波,方法,0,1,0
粒子滤波,算法,7,7,4
粒子滤波,算法/模型,1,0,0
粒子滤波技术（PF）,算法,1,0,0
粒子滤波法,技术,0,0,1
粒子滤波法和人工神经网络法结合的发动机性能预测方法,技术,0,0,1
粒子滤波算法,算法,1,1,0
粒子群,算法,2,0,0
粒子群优化,算法,0,2,2
粒子群优化方法,算法,2,0,0
粒子群核极限学习机,算法,1,0,0
粒子群算法,算法,5,2,1
粒子群算法具有较好的收敛性与优化效果,研究结果,1,0,0
粒子群粗糙集约简,算法,0,1,0
粒子群粗糙集约简的故障诊断方法,算法,1,0,1
粒子退化,问题,1,0,0
粗糙神经元,结构,1,0,0
粗糙神经网络,模型,3,2,2
粗糙神经网络,算法,1,2,2
粗糙神经网络可以较准确地预测故障发生的时间,研究结果,1,0,0
粗糙神经网络训练速度较BP神经网络慢,研究结果,1,0,0
粗糙神经网络预测结果与实际监测结果相吻合,研究结果,0,0,1
粗糙集RS理论,算法,1,0,1
粗糙集,模型,0,1,0
粗糙集,理论,2,0,1
粗糙集,算法,1,1,0
粗糙集理论,理论,1,1,0
粗糙集理论,算法,0,2,1
粗糙集神经网络,算法,0,0,1
精准故障诊断,研究结果,0,1,0
精准进行故障部件定位,研究结果,1,0,1
精度,性能指标,2,2,1
精度,研究结果,0,1,0
精度下降故障,故障,0,1,0
精度可达到“最后一米”,性能指标,1,0,0
精度计算,模型,0,0,1
精益六西格玛管理,系统,0,1,0
精确制导武器系统,系统,0,0,1
精确度,性能指标,2,1,1
精确率,性能指标,1,1,0
精确维修,应用领域,1,0,0
精确维修,概念,0,1,0
精神紧张,影响因素,1,0,0
精细化增升,技术,1,1,1
精细化的健康管理措施,解决方案,1,0,0
系数a,参数,0,1,0
系数b,参数,0,1,0
系统/结构健康监测技术,技术,0,0,1
系统仿真模型,模型,1,0,0
系统伸缩性,性能指标,0,1,0
系统健康实时显示与控制,功能,0,1,0
系统健康实时显示与控制,技术,0,0,1
系统健康管理,技术,1,1,1
系统健康管理,方法,1,0,0
系统健康管理设计,技术,0,0,1
系统初始MFOPS达到0.96,研究结果,1,0,0
系统初始的MFOPS为0.94,研究结果,1,0,0
系统可用性,性能指标,1,0,0
系统可靠性,概念,0,1,0
系统噪声,参数,1,1,0
系统复用性,性能指标,0,1,0
系统安全性,概念,0,0,1
系统工程,技术,1,1,2
系统工程,方法,1,0,0
系统工程与并行工程,技术,0,1,0
系统工程与电子技术,期刊,0,0,1
系统工程方法,概念,0,1,0
系统建模技术,技术,0,1,0
系统建模语言(Systems Modeling Language，SysML),技术,1,0,0
系统建模语言SysML,语言,0,1,0
系统态势估计技术,技术,0,0,1
系统性能预测技术,技术,0,0,1
系统总线,组件,0,1,0
系统扩展性,性能指标,0,1,0
系统拓展性,性能指标,0,1,0
系统故障早期预警方法,技术,0,0,1
系统最大重构次数,参数,0,0,1
系统有效性,研究结果,0,1,0
系统服务的优先级,技术,0,0,1
系统模型,模型,1,1,2
系统流量需求减少约50%,研究结果,1,0,0
系统状态模型（SVM）,模型,1,0,0
系统用例图,模型,1,0,0
系统的动态恢复与重构,技术,0,0,1
系统监控,技术,0,1,0
系统管理,技术,1,0,0
系统管理技术,技术,1,0,0
系统管理服务,服务,0,0,1
系统级,层次,0,1,0
系统级,结构维度,0,1,0
系统级健康评估算法,技术,0,1,0
系统级故障预测,概念,0,1,0
系统级故障预测,研究方向,1,0,0
系统级测试,结构,0,1,0
系统级维修计划决策支持方法,技术,0,0,1
系统综合健康管理系统ISHM,技术,0,0,1
系统综合误差,性能指标,1,0,0
系统综合误差,指标,0,1,0
系统综合误差校准,方法,1,0,0
系统设计的指导性文档,文档,0,0,1
系统试验与评价,技术,0,1,0
系统软件测试性调试,研究,0,0,1
系统重构,因素,0,0,1
系统重构,技术,0,0,2
系统重构,方法,0,1,0
系统重构,组件,0,1,0
系统重构系统,系统,0,0,1
系统重构能力,性能指标,1,0,0
系统集成,技术,1,0,0
系统集成技术,技术,0,0,1
系统预计在第31个工作循环达到失效条件,研究结果,1,0,0
系统验证,模型,1,0,0
系统验证与评价技术,技术,1,1,1
系统验证及仿真技术,技术,0,1,1
紧缺备件分配优先级难以确定,缺陷,0,1,0
紧缺备件分配优先级难以确定,问题,1,0,1
累积损伤模型,模型,1,0,0
累积损伤模型法,方法,1,1,1
累积损伤预测法,技术,1,0,0
累积损伤预测法,方法,1,1,0
累积概率分布函数,函数,0,0,1
累积概率失效曲线,性能指标,0,0,1
累积相对精度,性能指标,1,0,0
累计贡献率,性能指标,1,1,0
红外信号,信号,1,0,0
红外搜索信号,parameter,0,1,0
约束权函数法,算法,0,0,1
级比计算,模型,0,0,1
纯机械操纵,系统/部件,1,0,0
纯线性函数,函数,1,1,0
纳米材料,材料,0,1,0
纵向数据流,信息流,0,1,1
纵向数据流,数据流,0,1,0
纵向数据流,概念,1,0,0
纵向集成测试策略,策略,0,1,0
纹波电压,参数,0,1,0
纹波电压,性能指标,1,0,0
线基识别技术,技术,0,0,1
线性 ε 不敏感损失函数,函数,1,0,0
线性ε不敏感损失函数,函数,0,1,0
线性判别分析,算法,0,1,0
线性化模型,模型,1,0,1
线性卡尔曼滤波 (LKF),算法,1,0,0
线性卡尔曼滤波器（LKF）,算法,1,0,0
线性参数变化模型,算法,0,1,0
线性回归模型,模型,1,2,1
线性回归算法,算法,0,1,0
线性拟合,方法,0,1,0
线性最小方差预测法,方法,1,0,0
线性最小方差预测法,算法,0,0,1
线性模型,模型,2,4,0
线性气动模型,模型,1,1,0
线性状态方程,模型,0,1,0
线性独立测量信息,概念,1,0,0
线性辨别分析,技术,0,1,0
线性辨别分析,算法,0,1,0
线性退化模型,模型,1,1,1
组件模式,技术/方法,1,0,0
组件级,结构维度,0,1,0
组合不变矩,技术,0,0,1
组合包线法,方法,1,0,0
组合赋权法,算法,0,0,1
组合预测,算法,1,1,0
组合预测效果更好,研究结果,0,1,0
组合预测方法,方法,2,1,0
组合预测方法,算法,0,0,1
组合预测方法较单项预测方法具有更强的鲁棒性和稳定性,研究结果,1,1,0
组合预测模型,模型,1,1,0
终端电阻,组件,0,1,1
终端电阻超差,故障类型,1,0,0
终端电阻超差故障,故障类型,0,1,1
经典LSTM,模型,1,0,0
经典LSTM模型,模型,0,1,0
经典型波音737,飞机型号,0,0,1
经济可承受性,性能指标,1,0,0
经济可承受性,技术,0,0,1
经济可承受性,指标,0,1,0
经济可承受性,研究结果,0,1,0
经济性,性能指标,2,1,1
经济性评估,指标,0,1,0
经济有效地检测和准确隔离故障,目标,0,1,0
经验模型,模型,1,0,0
经验模态分解 (EMD),算法,1,0,0
经验模态分解,技术,0,0,1
经验模态分解,方法,0,1,0
经验模态分解,算法,1,1,1
经验模态分解（EMD）,算法,0,0,1
经验模态法,算法,1,1,0
结合国产民机的运行QAR数据，在构建逻辑图与贝叶斯网络基础上实现基于数据故障实时诊断与故障部件快速定位,研究结果,0,0,1
结构SHM,系统,0,1,0
结构SHM验证方法,方法,1,0,0
结构主承力框,结构,1,0,0
结构优化设计,应用,0,1,0
结构使用载荷/环境谱获取,技术,0,0,1
结构健康监控,技术,0,0,1
结构健康监测(SHM),技术,1,0,0
结构健康监测/管理（Structural Health Monitoring/Management，SHM）,技术,0,0,1
结构健康监测,应用,1,0,0
结构健康监测,技术,1,1,1
结构健康监测,模型,1,0,0
结构健康监测与管理,技术,0,0,1
结构健康监测技术,技术,0,0,1
结构健康监测系统,系统,1,0,0
结构健康监测（Structural health monitoring，SHM）,技术,0,0,1
结构健康管理,技术,1,0,0
结构分析技术,技术,0,0,1
结构化分析概念,概念/术语,1,0,0
结构化数据,数据,0,1,0
结构完整性,概念,0,2,0
结构完整性,理论,1,0,0
结构完整性大纲任务,技术,0,0,1
结构完整性要求,技术,0,0,1
结构强度设计/分析/验证,技术,0,0,1
结构损伤传感器,技术,0,0,1
结构损伤监测技术,技术,0,0,1
结构损伤评估,技术,0,0,1
结构故障预测与健康管理,技术,0,0,1
结构故障预测与健康管理系统 (SPHM),系统,1,0,0
结构故障预测与健康管理系统设计,技术,0,0,1
结构故障预测与健康管理（Structural Prognostics and Health Management，SPHM）,技术,0,0,1
结构数字孪生体,模型,1,1,0
结构有限元模型,技术,0,0,1
结构维修计划,技术,0,0,1
结构评估传感器,传感器,0,1,0
结构载荷筛选技术,技术,0,0,1
结构载荷识别,技术,0,0,1
结构风险最小化原则,原理,1,0,0
结构风险最小化原则,理论,1,0,0
绕组匝间短路,故障,0,1,0
绕组匝间短路,故障类型,0,0,1
绕组匝间短路故障,故障模式,1,1,0
绕组正端输出接地,故障,0,1,0
绕组正端输出接地,故障类型,0,0,1
绕组短路,故障,0,1,0
绕组短路,故障类型,0,0,1
绝对平均误差,性能指标,0,1,0
绝对误差,性能指标,0,2,0
绝缘击穿时间模型,模型,1,1,0
统一建模语言,方法,0,1,0
统一建模语言,语言,2,1,0
统一建模语言（UML）,技术,0,0,2
统一有限元模型,模型,1,0,0
统一模型的全机内力分析技术,技术,0,0,1
统计学习理论,理论,1,1,0
统计学习理论,算法,0,0,1
统计数据驱动方法,方法,1,0,0
统计滤波,方法,0,1,0
统计滤波法,方法,1,0,0
统计滤波法,算法,0,0,1
维修与后勤保障Agent,Agent,0,1,0
维修与后勤保障Agent,组件,1,0,0
维修人力,性能指标,1,0,0
维修人力减少20% ~ 40%,研究结果,1,0,0
维修人力减少20%~40%,性能指标,0,1,0
维修人员减少 20% ~ 40%,研究结果,1,0,0
维修人员减少20%~40%,性能指标,0,1,0
维修任务预测算法,算法,1,1,1
维修保障信息交互,问题,0,1,0
维修保障决策,技术,0,1,0
维修保障性,性能指标,0,1,0
维修保障策划与自动生成技术,技术,0,0,1
维修保障费用,性能指标,1,0,0
维修信息系统,系统,1,0,0
维修停飞期缩短了50%,研究结果,1,0,0
维修决策,功能,0,1,0
维修决策,功能模块,0,1,0
维修决策,概念,0,0,1
维修决策支持子模块,系统,0,0,1
维修决策方法,技术,0,1,1
维修决策方法,算法,1,0,0
维修决策服务,服务,0,0,1
维修周期,实体,0,1,0
维修周期,性能指标,1,0,0
维修工时,性能指标,1,0,1
维修建议信息,信息,0,1,0
维修建议（AG）,信息,1,0,0
维修性,性能指标,0,1,0
维修性,概念,0,1,0
维修成本,性能指标,4,1,2
维修成本,成本,2,0,0
维修成本降低,性能指标,0,1,0
维修成本降低约15%,研究结果,1,0,0
维修接口板,组件,0,1,0
维修控制与显示面板 (MCDP),系统,0,1,0
维修控制与显示面板,系统,1,0,0
维修控制与显示面板（Maintenance Control and Display Panel，简称MCDP）,技术,0,0,1
维修效率,性能指标,2,0,1
维修效率,指标,0,1,0
维修时间,性能指标,0,1,0
维修时间间隔越短，故障发生风险也越小,研究结果,1,0,0
维修的效率,性能指标,1,0,0
维修策略制定,问题,0,1,0
维修系统,系统,1,0,0
维修调度算法,算法,1,0,1
维修调度算法组件,子系统,0,1,0
维修资源利用率,性能指标,1,0,0
维修间隔越大维修间隔的风险水平越高,研究结果,1,0,1
维修间隔风险水平与实际情况吻合,研究结果,1,0,1
维护人员减少20%~40%,研究结果,1,0,0
维护信息,数据,1,0,0
维护决策与优化,技术领域,0,1,0
维护性,性能指标,0,0,1
维护成本,性能指标,0,1,0
维护数据,数据维度,0,1,0
维护方案库,数据,1,0,0
维护方案库,数据库,0,1,0
维护方案模块,模块,1,1,0
维护方案生成模块,模块,1,1,1
综合PHM,概念,0,1,0
综合保障及健康状态管理,功能,0,1,0
综合信息自主保障系统,系统,1,0,0
综合信息自主保障系统技术,技术,0,0,1
综合健康管理,概念,0,1,0
综合决策,功能,1,0,0
综合化,技术,0,0,1
综合化,概念,0,1,0
综合化任务系统PHM设计,技术,0,0,1
综合化任务系统,系统,1,1,0
综合化航空电子的系统管理实现方法,技术,1,0,0
综合化航空电子的系统管理技术,技术,0,0,1
综合化航空电子的软件体系结构,架构,1,0,0
综合化航空电子系统,概念,0,0,1
综合化航空电子系统,系统,2,3,1
综合化航空电子系统可信软件体系结构,系统,1,0,0
综合化航空电子系统可信软件技术,技术,1,0,0
综合化高,发展趋势,1,0,0
综合区级,层次,0,1,0
综合区级,层级,1,0,0
综合发动机诊断单元(CEDU),系统,1,0,0
综合可用性,性能指标,1,0,0
综合处理单元,系统,1,0,0
综合处理机,系统,0,0,1
综合天线孔径,模块,0,1,0
综合射频系统,系统,0,1,0
综合度量,性能指标,1,0,1
综合式航空电子系统,系统/架构,1,0,0
综合强度系数,参数,0,1,0
综合性能,性能指标,1,0,0
综合控温技术,技术,1,1,1
综合推理策略,方法,1,1,0
综合推理管理器,推理机,0,1,0
综合推理管理器,系统,1,0,1
综合故障诊断、预测与健康管理(PHM),技术,0,0,1
综合智能故障诊断方法,算法,1,1,1
综合核心处理(Integrated Core Processor, ICP),组件,0,0,1
综合核心处理,处理器,0,1,0
综合核心处理机(ICP),系统,0,1,0
综合核心处理机(ICP),系统/架构,1,0,0
综合核心处理机,系统,1,0,0
综合核心处理机,设备,0,1,0
综合模块化,技术,0,0,1
综合模块化航电系统,系统,1,1,0
综合模块化航空电子(IMA),系统/架构,1,0,0
综合模块化航空电子,技术,1,0,0
综合模块化航空电子系统,系统,0,3,1
综合模块化航空电子（IMA）系统,技术,0,0,1
综合模型,技术,0,1,0
综合模型剩余寿命预测模型,技术,0,0,1
综合法,方法,1,1,1
综合测试设备系列,设备,1,0,0
综合测试设备系列（IFTE系统）,设备,0,0,1
综合热管理,技术,1,1,0
综合热管理和能量优化,技术,0,0,1
综合状态监测与故障诊断系统,系统,1,0,0
综合状态评估系统(ICAS),技术,0,1,0
综合状态评估系统（ICAS）,技术,0,1,0
综合电光系统,系统,0,1,0
综合的故障诊断、预测与健康管理(PHM),技术,1,0,0
综合的故障诊断、预测与健康管理(PHM)技术,技术,0,1,0
综合系统健康工程和管理 (ISHEM),技术,1,0,0
综合系统健康工程和管理(ISHEM),技术,1,1,1
综合系统健康工程和管理,技术,0,2,0
综合系统健康工程和管理（ISHEM）,技术,0,1,1
综合系统健康监控,技术,0,1,0
综合系统健康监测,模型,1,0,0
综合系统健康管理 (ISHM),技术,1,0,0
综合系统健康管理(ISHM),技术,1,1,1
综合系统健康管理（ISHM）,技术,0,1,1
综合系统健康管理（ISHM）方案,技术,0,0,1
综合结构,方法,0,0,1
综合结构,模型,1,0,0
综合维护管理服务,系统,0,1,0
综合航电PHM系统,模型,1,0,0
综合航电PHM系统,系统/架构,1,0,0
综合航电系统,系统,0,0,1
综合航电系统故障预测结构和方法研究面临的挑战,挑战,0,0,1
综合航电系统故障预测面临的问题,问题,0,0,1
综合航电系统的复杂性,挑战,1,0,0
综合航空电子系统,系统,1,3,1
综合航空电子系统,系统/架构,1,0,0
综合航空电子系统故障预测,研究领域,0,0,1
综合航行驾驶,功能,1,1,0
综合解决方案,技术,1,1,0
综合诊断,关键词,0,1,0
综合诊断,技术,5,3,3
综合诊断,技术手段,0,0,1
综合诊断,方法,1,0,0
综合诊断,概念,0,2,0
综合诊断开放系统方法演示验证(OSAIDD),项目,0,1,0
综合诊断方案,概念,0,1,0
综合试验与验证平台,平台,0,1,0
综合运载器健康管理(IVHM),技术,0,1,1
综合运载器健康管理,技术,1,0,0
综合运载器健康管理系统,系统,1,1,0
综合预测结构,结构,0,1,0
综合预警指数,指标,0,1,0
综合飞行/推进控制,技术,1,0,0
综合飞行/推进控制系统,系统,0,1,0
综合飞行/推进控制（IFPC）,技术,0,0,1
综合飞行/火力/推进控制,技术,1,0,0
综合飞行/火力/推进控制系统,系统,0,1,0
综合飞行/火力/推进控制（IFFPC）,技术,0,0,1
综合飞行/火力控制,技术,1,0,0
综合飞行/火力控制系统,系统,0,1,0
综合飞行/火力控制（IFFC）,技术,0,0,1
综合飞行器健康监控,技术,0,1,0
综合飞行器健康管理,技术,0,1,0
综合飞行器健康管理,系统,0,1,0
综合飞行器健康管理（IVHM）,技术,0,0,1
综合飞行器管理技术,技术,0,0,1
综合飞行器管理系统,系统,1,1,0
综合飞行器管理系统（IVMS）,系统,0,0,1
绿液压系统,能源系统,0,1,0
绿色制造技术,技术,0,0,1
绿色发动机,技术,1,1,0
绿色多电技术,技术,0,0,1
绿色气动技术,技术,0,0,1
绿色滑行,概念,1,0,0
绿色维修技术,技术,0,0,1
绿色航空,技术,0,0,1
绿色航空,概念,1,1,0
绿色航空技术,技术,0,1,1
缓冲算子,算法,1,0,0
缓变性故障,故障类型,0,1,0
编码器,网络,0,1,0
编辑距离,算法,1,0,0
编辑距离算法,算法,0,1,0
缝翼,部件,0,1,0
缩放指数型线性单元,函数,1,0,0
缩放系数,函数,0,1,0
缩短了开发时间,研究结果,1,0,0
缩短了系统迭代周期，降低了系统设计成本,研究结果,0,0,1
缩短地面维修时间,性能指标,0,0,1
缩短地面维修时间,研究结果,0,1,0
缩短开发时间,研究结果,0,1,0
缩短系统开发周期,研究结果,0,1,0
缩短维修和供应保障过程,目标,0,1,0
缺乏700℃以上的校准手段,问题,1,0,1
缺乏必要的信息共享,问题,0,1,0
缺乏系统实时故障诊断预测研究,问题,0,1,0
缺少系统综合误差的判定方法,问题,1,0,1
缺陷探测率,性能指标,1,0,0
网格搜索算法,算法,1,1,1
网络,技术,0,1,0
网络化,概念,0,1,0
网络化制造,过程,0,1,0
网络化制造联盟,技术,0,0,1
网络化实时在线监测诊断系统,系统,0,0,1
网络化设计平台,技术,0,0,1
网络带宽,性能指标,0,1,0
网络总线技术,技术,0,0,1
网络支持模块,模块,0,2,0
网络管理模块,模块,0,1,0
网络结构的复杂度,性能指标,1,0,0
网络训练时间,性能指标,1,0,0
网络输出代码与状态编码的差值只有1个点超出1,研究结果,1,0,1
网络速率,性能指标,0,1,0
罗-罗公司,公司,0,1,1
罗·罗公司,机构,1,0,0
罗·罗公司,组织,1,2,0
罗尔斯- 罗伊斯公司,机构,1,0,0
罗罗公司,公司,0,1,0
罗罗公司,组织机构,1,0,0
置信下限,性能指标,1,0,0
置信下限,指标,0,1,0
置信度,参数,0,1,0
置信度,性能指标,0,1,0
置信度,指标,0,1,0
置信度分数,性能指标,1,0,1
置信水平,性能指标,0,0,1
置信水平,概念,0,1,0
置信规则库,模型,1,1,0
美军,组织,1,0,0
美国DDC公司,组织,0,0,1
美国Impact公司,公司,0,0,1
美国Impact公司,机构/公司,1,0,0
美国,组织,0,0,1
美国伊利诺伊芝加哥分校,机构,0,1,0
美国佛罗里达州立大学,机构,0,1,0
美国军方的航空工程指挥部,组织,0,0,1
美国军方航空工程指挥部 (AED),机构,1,0,0
美国国家仪器公司,公司,0,0,1
美国国家标准与技术研究院,机构,0,1,0
美国国家标准与技术研究院,组织,0,0,1
美国国家航空航天局(NASA)埃姆斯研究中心,机构,1,0,0
美国国家航空航天局,机构,0,1,1
美国国家航空航天局,研究机构,0,0,1
美国国家航空航天局,组织,0,0,1
美国国家航空航天局（NASA）,机构,1,0,0
美国国家航空航天局（NASA）,组织机构,1,0,0
美国国防工业协会NDIA,组织,0,0,1
美国国防工业协会NDIA,组织机构,1,0,0
美国国防部,机构,1,1,0
美国国防部,组织,0,3,5
美国国防部,组织机构,2,0,0
美国国防部（DoD）,组织,0,1,0
美国圣地亚国家实验室,组织,0,1,1
美国宾州州立大学,组织,0,0,1
美国政府,组织,1,0,0
美国政府问责局,机构,1,0,0
美国政府问责局,组织,0,1,0
美国政府问责局,组织机构,0,0,1
美国汽车工程师学会,机构,1,0,0
美国波音公司,组织/机构,1,0,0
美国海军,机构,1,0,0
美国海军,组织,0,1,1
美国海军陆战队,机构,1,0,0
美国空军,机构,2,0,0
美国空军,组织,0,0,2
美国空军,组织机构,0,0,1
美国空军研究实验室,机构,0,1,0
美国空军研究实验室,组织,0,0,1
美国空军罗姆航空发展中心,机构,0,1,0
美国罗切斯特理工大学,机构,0,1,0
美国联合技术公司,公司,0,0,1
美国联邦航空局,实体,0,1,0
美国联邦航空局,机构,0,0,1
美国航空无线电通信公司(ARINC),组织,0,0,1
美国航空管理局,组织,0,1,0
美国航空航天局,组织/机构,1,0,0
美国航空航天局（NASA）格伦研究中心,机构,0,0,1
美国航空运输协会,组织,0,1,0
美国西南研究院,机构,0,0,1
美国陆军,机构,1,0,0
美国陆军,组织,0,1,0
美国马里兰大学,研究机构,1,0,0
群体智能,算法,0,1,0
群体智能化,概念,0,1,0
考虑不确定性的支持向量机,模型,1,0,0
考虑预测与健康管理的民机维修成本效益仿真评估方法,方法,1,0,0
耐久性设计,技术,0,0,1
耐用,概念,0,1,0
耐高温电子器件,器件,0,1,0
耐高温电子器件,技术,1,0,1
耦合变压器,组件,0,1,1
耦合器故障,故障类型,1,1,1
职业照射,概念,1,0,0
联合使用支持向量数据描述（SVDD）和改进K-Means的聚类算法,方法,1,0,0
联合先进的预测与状态管理系统,技术,0,0,1
联合共享备件配置机制,机制,0,1,0
联合共享备件配置机制框架,机制,1,0,0
联合共享备件配置流程,流程,0,0,1
联合分布式信息系统,技术,0,0,1
联合分布式信息系统,组件,0,1,0
联合参谋部,机构,1,0,0
联合参谋部,组织机构,0,0,1
联合国原子辐射效应科学委员会,组织,0,1,1
联合大学综合诊断研究中心,组织,0,1,0
联合学习,算法,0,1,0
联合导航研究中心,机构,1,1,0
联合式航空电子系统,系统/架构,1,0,0
联合技术公司（UTC）,机构,1,0,0
联合攻击战斗机JSF,项目,1,0,0
联合攻击战斗机JSF项目中的故障预测与健康管理系统,技术,0,0,1
联合攻击战斗机,装备,0,0,1
联合攻击机（JSF）开发计划,项目,1,0,0
联合标准化航电系统架构协会,组织,0,0,1
联合标准化航电系统架构协会（ASAAC）,组织,0,0,1
联合自动化支持系统,设备,1,0,0
联合自动化支持系统（CASS系统）,设备,0,0,1
联合防御公司,机构,0,1,0
联邦航空管理局,机构,0,1,0
联邦航空管理局,组织,0,0,1
聚类,技术,0,1,0
聚类,方法,1,0,0
聚类分析,方法,0,1,0
聚类分析,算法,1,0,0
聚类图,方法,0,1,0
聚集,技术,0,0,1
聚集,方法,1,1,0
聚集算法,算法,0,0,1
肌酐,体检项目,0,0,1
肖先勇,人物,1,1,1
肖志河,人物,0,1,0
肖志河研究员,人物,0,0,1
肖明清,作者,0,0,1
肖迎春,人物,0,1,0
背景值,参数,1,0,0
背景值构造,方法,0,1,0
胡晓青,人物,0,1,0
胡汉纯,作者,0,0,1
胶囊网络,模型,1,1,1
能够实现对突发故障的预测,研究结果,1,0,0
能有效地检测出歼击机的各种结构故障,研究结果,1,0,0
能源,行业,0,1,1
能源负载自适应,技术,1,1,0
能耗缩减,性能指标,0,0,1
能量优化WSNs非均匀分簇路由协议,技术,0,0,1
能量优化,技术,1,1,0
能量均衡有效的WSN分簇路由算法,技术,0,0,1
能量均衡的无线传感器网络分解路由协议,技术,0,0,1
脂肪肝,疾病,1,1,1
脏堵原因是热交换器失效的主要原因,研究结果,1,0,0
腐蚀,失效模式,0,1,0
腐蚀,故障,0,1,0
腐蚀传感器,传感器,0,1,0
腐蚀损伤/老化预测,技术,0,0,1
腐蚀疲劳,失效模式,0,1,0
腹部B超,体检项目,0,0,1
腾讯,entity,0,1,0
自主保障,性能指标,0,0,1
自主保障,概念,0,0,1
自主保障事件链,概念,0,0,1
自主保障信息系统 (ALIS),模型,1,0,0
自主保障信息系统(ALIS),系统,1,0,0
自主保障信息系统,系统,0,2,1
自主保障（AL）,技术,1,0,1
自主分析系统异常,算法,0,0,1
自主化,发展趋势,1,0,0
自主后勤信息系统(ALIS),系统,1,0,0
自主后勤信息系统,技术,0,0,1
自主式保障,技术,2,1,1
自主式保障,概念,1,2,1
自主式保障信息系统,系统,1,2,1
自主式保障信息系统（ALIS）,系统,1,0,1
自主式保障系统,系统,1,1,1
自主式保障（AL）,技术,0,1,0
自主式后勤保障,概念,1,1,0
自主式后勤保障系统,系统,0,1,0
自主式后勤信息系统(ALIS),技术,0,1,1
自主式故障预测技术,技术,0,0,1
自主式维修保障系统,系统,1,0,0
自主维修保障过程,技术,0,0,1
自修复,概念,0,1,0
自修复飞控系统的可靠性估计,研究,0,0,1
自修复飞行控制系统,系统,1,1,0
自动代码生成,技术,0,0,1
自动代码生成,方法,0,1,0
自动化后勤信息系统(ALIS),系统,0,1,0
自动化后勤信息系统(ALIS),系统/产品,1,0,0
自动化后勤信息系统,系统,1,1,0
自动化后勤信息系统（ALIS，Automatic Logistics Information System）,系统,0,0,1
自动化学院,机构,0,1,0
自动化测试,技术,0,1,0
自动化程度有限,问题,0,0,1
自动攻击导引,功能,1,1,0
自动攻击导引,技术,0,0,1
自动油门,子系统,0,1,0
自动测试技术,技术,0,1,1
自动测试标记语言(ATML),技术,0,2,1
自动测试标记语言,技术,1,0,0
自动测试系统,系统,0,1,0
自动测试系统中测试信息数据交换标准ATML,技术,0,0,1
自动测试系统平台软件,技术,0,0,1
自动测试系统平台软件,系统,0,1,0
自动测试设备,设备,0,1,0
自动测试设备（ATE),技术,0,0,1
自动铺带,工艺,0,1,0
自动铺带及树脂转移模塑,技术,0,0,1
自动隔离故障到单个外场可更换部件,目标,0,1,0
自动驾驶仪,子系统,0,1,0
自回归(AR)模型,模型,0,0,1
自回归与支持向量机结合模型,算法,0,1,0
自回归与支持向量机结合的模型,模型,1,0,0
自回归模型 (AR),模型,1,0,0
自回归模型,模型,3,3,1
自回归模型,算法,0,1,1
自回归模型系数,参数,0,0,1
自回归模型（AR）,算法,0,0,1
自回归求和移动平均(ARIMA)模型,模型,1,0,0
自回归滑动平均,算法,0,0,1
自回归滑动平均模型,方法,0,1,0
自回归滑动平均模型,算法,1,1,0
自回归滑动平均（ARMA）模型,算法,0,0,1
自回归积分移动平均模型,模型,1,1,1
自回归移动平均,算法,0,0,1
自回归移动平均模型,模型,1,1,1
自回归系数,参数,0,0,1
自增压油箱,技术,0,1,0
自增压油箱,技术术语,0,0,1
自增压油箱技术,技术,1,0,0
自学习算法,技术,0,0,1
自我管理健康能力,解决方案,1,0,0
自更新模型,模型,1,0,0
自治后勤,关键词,0,1,0
自治后勤,技术,1,1,1
自治后勤链中的信息综合模型,技术,0,0,1
自治后勤链中的信息综合模型,问题,0,1,0
自注意力机制,机制,0,1,1
自注意力机制,模型,0,0,2
自注意力机制,算法,1,1,0
自监测技术,技术,0,0,1
自组织映射(SOM),算法,0,1,1
自组织映射(SOM)方法,算法,1,0,0
自组织映照模型,模型,0,1,1
自组织特征映射网,model,0,1,0
自组织神经网络(SOM),算法,1,0,1
自编码器,模型,2,1,0
自编码神经网络,模型,1,1,0
自耦变压整流器（Auto transformer rectifier unit， ATRU),部件,1,0,0
自联想神经网络,模型,1,0,0
自联想神经网络,算法,0,1,0
自联想网络,model,0,1,0
自解释模型,模型,0,0,1
自训练,算法,0,0,1
自训练权重,算法,1,1,0
自训练权重的多尺度注意力双向长短期记忆神经网络模型,算法,0,0,1
自训练权重算法,算法,0,0,1
自诊断,概念,0,1,0
自适应,概念,0,1,0
自适应下沉式铰链襟翼,技术,1,0,0
自适应下沉式铰链襟翼和扰流板下偏技术,技术,0,0,1
自适应下沉式铰链襟翼技术,技术,0,1,0
自适应二步无迹卡尔曼滤波方法,算法,1,0,0
自适应健康状态在线估计,方法,1,1,0
自适应光学,技术,0,0,1
自适应发动机模型,技术,0,0,1
自适应发动机模型,模型,1,1,0
自适应变循环发动机,产品/发动机型号,1,0,0
自适应变循环发动机,发动机,0,1,0
自适应多小波网络,模型,0,1,1
自适应多小波网络,算法,1,0,0
自适应多小波网络具有泛化性强、收敛较快、诊断较准确等优点,研究结果,0,0,1
自适应多小波网络预测模型,模型,1,0,0
自适应多小波网络预测模型,算法,0,0,1
自适应批量归一化算法,模型,0,0,1
自适应控制,技术,1,0,1
自适应时频分析,技术,0,0,1
自适应模型,model,0,1,0
自适应模型,模型,0,1,0
自适应的交叉率,技术,1,0,0
自适应的变异率,技术,1,0,0
自适应翼型,概念,1,0,0
航向,参数,0,1,0
航向角,参数,0,1,0
航天器综合健康管理(IVHM),技术,0,0,1
航天器综合健康管理(IVHM)系统,技术,0,1,0
航天器综合健康管理概念,概念,1,0,0
航天器综合测试系统,模型,1,0,0
航天器综合测试系统,系统,0,1,0
航天飞机X- 38,装备,1,0,0
航天飞机,设备,1,0,0
航天飞机,项目,0,1,0
航天飞机防热系统健康管理方法,方法,1,0,0
航天飞行器综合健康管理,技术,0,0,1
航材备品备件,服务资源,0,1,0
航班正点率,性能指标,1,0,1
航电PHM,系统,0,1,0
航电系统 PHM,系统,1,0,0
航电设备故障诊断与预测系统,系统,1,1,1
航电设备故障诊断与预测系统软件,软件,1,0,0
航空产品,产品,0,1,0
航空产品全生命周期管理,概念,0,0,1
航空仪表制造专科,机构,1,1,0
航空公司,利益相关方,0,1,0
航空制造业,行业,1,0,0
航空制造业,领域,0,0,1
航空发动机PHM,应用领域,0,0,1
航空发动机PHM,系统,0,1,0
航空发动机PHM技术,技术,0,1,0
航空发动机,产品,0,1,0
航空发动机,实体,0,4,0
航空发动机,对象,1,0,0
航空发动机,技术领域,1,0,0
航空发动机,物理对象,1,0,0
航空发动机,研究对象,5,0,0
航空发动机,研究领域,0,0,1
航空发动机,系统,0,6,0
航空发动机,设备,0,3,0
航空发动机中介轴承故障诊断,研究,0,0,1
航空发动机传感器,传感器,0,1,0
航空发动机传感器数据预处理,应用,1,0,0
航空发动机健康参数估计,概念,1,0,0
航空发动机健康管理 (EHM),概念/术语,1,0,0
航空发动机健康管理,应用领域,1,0,0
航空发动机健康管理,技术,1,0,0
航空发动机健康管理,技术领域,1,0,0
航空发动机健康管理,概念,0,0,1
航空发动机健康管理,研究,0,0,1
航空发动机健康管理技术,技术,0,0,1
航空发动机健康管理正向设计流程平台,系统/平台,1,0,0
航空发动机健康管理系统(Engine Health Management，EHM),系统,0,0,1
航空发动机健康管理系统,技术,0,0,1
航空发动机健康管理系统,系统,4,7,1
航空发动机健康管理系统功能架构分析与研究,论文,0,0,1
航空发动机健康管理系统的全生命周期建模范式,成果,0,0,1
航空发动机全权限数字电子控制系统(FADEC),系统,1,0,0
航空发动机剩余寿命预估,任务,1,0,0
航空发动机剩余寿命预测,研究问题,1,0,0
航空发动机喘振故障,研究对象,1,0,0
航空发动机在线综合诊断结构,系统,1,0,0
航空发动机多故障模式诊断,挑战,0,0,1
航空发动机性能参数,性能参数,0,0,1
航空发动机排气温度基线模型,模型,1,0,0
航空发动机故障快速诊断模型,模型,1,0,1
航空发动机故障预测,研究,0,0,1
航空发动机故障预测与健康管理（PHM）系统,模型,1,0,0
航空发动机故障预测与健康管理（PHM）系统,系统,0,0,1
航空发动机故障预测技术研究,研究,1,0,0
航空发动机故障风险仿真模型,模型,0,1,0
航空发动机故障风险评估方法,方法,1,0,0
航空发动机故障风险预测方法,算法,1,0,0
航空发动机数学模型,模型,0,1,0
航空发动机整体仿真模型,模型,0,0,1
航空发动机机载健康管理系统,系统/平台,1,0,0
航空发动机机队寿命周期维修任务优化方法,方法,1,0,0
航空发动机模型,模型,0,1,1
航空发动机气路动态性能诊断,挑战,0,0,1
航空发动机气路故障诊断,方法,1,0,0
航空发动机气路故障诊断研究,研究,0,0,1
航空发动机涡轮出口总温测控系统在线校准方法,文献,0,0,1
航空发动机燃油系统,系统,0,1,0
航空发动机磨损故障预测,应用,0,1,0
航空发动机综合控温系统,系统,1,0,0
航空发动机试车台,设备,1,1,0
航空发动机试车台健康管理,应用领域,1,0,1
航空发动机轴承故障诊断,技术,1,0,0
航空发动机限寿件使用寿命监视,概念,0,1,0
航空发动机限寿件使用寿命监视技术,技术,1,0,0
航空发动机飞行试验实时监控,应用,1,0,0
航空发动机高隐身总体构型设计技术,技术,1,0,0
航空大数据分析技术,技术,1,0,0
航空大数据技术,技术,0,1,0
航空大数据技术的发展与应用,文献,0,0,1
航空学报,期刊,0,0,1
航空宇航科学与技术,研究领域,0,0,1
航空宇航科学与技术学科,学科,0,1,0
航空安全中长期研究计划（AVSP）,项目,0,0,1
航空工业强度所,机构,1,0,0
航空工业成都飞机工业（集团）有限责任公司,机构,0,1,0
航空工业成都飞机工业（集团）有限责任公司,组织,0,0,1
航空数据挖掘及平台构建,问题,0,1,0
航空无线电通信公司 (ARINC),组织机构,1,0,0
航空无线电通信公司,公司,0,1,0
航空无线电通信公司,研究机构,1,0,0
航空无线电通信公司（ARINC）,组织,0,1,1
航空机电作动器,部件/模块,1,0,0
航空机电作动器健康管理验证系统,系统,0,1,1
航空机电作动器健康管理验证系统,系统/平台,1,0,0
航空机组人员,人员,0,1,0
航空机组人员,研究对象,0,0,1
航空机载设备,设备,0,1,0
航空柱塞泵故障预测模型,模型,0,1,1
航空状态监测传感器,传感器,1,0,0
航空状态监测传感器技术,技术,0,0,1
航空电力系统,系统,1,0,0
航空电子产品,产品,0,1,0
航空电子产品故障预测,研究问题,1,0,0
航空电子产品故障预测结构,结构,0,0,1
航空电子全双工交换式以太网,技术,1,0,0
航空电子全双工交换式以太网（AFDX）,技术,0,0,1
航空电子系统,应用领域,1,0,0
航空电子系统,系统,1,11,1
航空电子系统,系统/架构,1,0,0
航空电子系统健康管理专家系统,技术,0,0,1
航空电子系统健康管理专家系统,系统,1,0,0
航空电子系统综合化特征,特征,0,0,1
航空电子统一网络,网络,0,1,0
航空电子统一网络（UAN）,系统,0,0,1
航空电子综合化,技术,0,0,1
航空电子设备,设备,0,2,0
航空电子设备在线测试系统,系统,1,1,0
航空电子设备性能退化趋势,概念,0,0,1
航空电子设备故障诊断与综合预测,研究,0,0,1
航空电子设备故障诊断与预测系统,系统,0,1,0
航空电子设备故障预测,应用,1,0,0
航空电子设备故障预测框架与方法,方法,1,0,0
航空电子设备特性分析,研究,0,0,1
航空电源故障诊断与预测系统,系统,1,0,0
航空维修,领域,0,0,1
航空维修保障,应用领域,0,1,0
航空编码,技术,0,0,1
航空航天,应用领域,1,0,0
航空航天,研究领域,0,1,0
航空航天,行业,0,1,1
航空航天,领域,0,1,1
航空航天、国防军事以及工业,领域,0,0,1
航空航天领域智能健康管理技术,技术领域,1,0,0
航空蓄电池,产品,0,1,0
航空蓄电池,设备,0,1,0
航空装备,研究对象,1,0,0
航空装备,系统,1,1,0
航空装备,设备,0,1,0
航空装备与信息标准化管理技术,概念,0,0,1
航空装备可用度,概念,0,0,1
航空装备故障预测系统,系统,0,1,0
航空设备,研究对象,1,0,0
航空设备,设备,0,1,0
航空设备故障预测,任务,1,0,0
航空部件及故障信息管理,问题,0,1,0
航空预测性维修研究进展,论文,0,0,1
航线区域,因素,0,1,1
舰舶综合状态评估与健康管理系统,技术,0,0,1
舰舶综合状态评估与健康管理系统,模型,1,0,0
舰舶综合状态评估与健康管理系统,系统,0,1,0
舰船,领域,0,1,0
舰船红外隐身虚拟试验体系结构,框架,1,0,0
舰船红外隐身虚拟试验技术,技术,0,1,0
舰船综合状态评估系统(ICAS),系统,1,0,0
舰船综合状态评估系统,技术,0,0,1
舵卡死,故障,1,0,0
舵机响应时间过慢,故障类型,0,1,0
舵面偏转,参数,0,1,0
舵面损伤,技术术语,1,0,0
舵面损伤,故障,0,1,0
舵面损伤故障,故障类型,0,1,0
舵面损伤故障检测系统,系统,0,1,0
船舶,应用领域,1,0,0
船舶,领域,0,1,0
节流状态,状态,0,1,0
节流阀堵塞,故障,0,1,0
节流阀堵塞置信度分数为91,研究结果,1,0,0
节省约25%因航班延误及取消而导致的费用,研究结果,1,0,0
节省约25%的因航班延误和取消而导致的费用,研究结果,1,0,0
节省约25%的费用,研究结果,0,1,0
节约48%,研究结果,1,0,0
节约60%的维修成本,研究结果,1,0,0
节约9000Φ维修成本,研究结果,1,0,0
苏-22,飞机,0,1,0
苏-22,飞机型号,0,0,1
苗强,人物,1,0,0
苗强教授,人物,0,1,1
英国北海空难,事件,0,1,0
英国史密斯公司,组织机构,1,0,0
英国史密斯宇航公司,公司,0,0,1
英国史密斯宇航公司,机构/公司,1,0,0
英国国防部,组织,0,1,1
英国空军,机构,1,0,0
范围检验,方法,0,1,0
获取结构使用载荷的方法,方法,1,0,0
获益原则,理论,1,0,0
获益原则融合算法,算法,1,0,1
葛盛秋,研究者,0,0,1
董斌,人物,0,2,1
蒙特卡洛仿真,方法,0,1,0
蒙特卡洛仿真,算法,2,0,1
蒙特卡洛仿真方法,技术,0,0,1
蒙特卡洛仿真方法,方法,1,0,0
蒙特卡洛仿真模型,模型,1,1,0
蒙特卡洛抽样,方法,0,1,0
蒙特卡洛抽样,算法,1,0,1
蒙特卡罗,方法,0,1,0
蒙特卡罗,算法,0,0,1
蒙特卡罗仿真,方法,1,3,0
蒙特卡罗仿真,算法,2,0,2
蒙特卡罗仿真方法,算法,1,1,0
蒙特卡罗方法,方法,1,0,0
蒙特卡罗模拟,算法,1,1,0
蒙特卡罗模拟方法,算法,1,0,0
蒙特卡罗模拟算法,算法,0,0,1
蒲建军,人物,0,1,0
蓝图配置,技术,0,0,1
蓝液压系统,能源系统,0,1,0
蓝牙,技术,1,0,0
蓝牙技术,技术,1,0,0
虎泊函数,函数,0,1,0
虚拟仪器技术,技术,1,1,1
虚拟仪器技术为燃油系统的故障监控提供了演示验证的手段,研究结果,1,0,0
虚拟仪器技术模拟,技术,0,0,1
虚拟化制造,过程,0,1,0
虚拟化制造模型,技术,0,0,1
虚拟化技术,技术,0,1,0
虚拟实体(VE),组成部分,1,0,0
虚拟实体,模型,0,0,1
虚拟实体,组件,0,1,0
虚拟实验技术,技术,1,1,1
虚拟库存,概念,1,0,0
虚拟库存理论,理论,1,1,1
虚拟现实(VR),技术,1,0,0
虚拟现实技术,技术,1,1,1
虚拟现实技术,概念,0,1,0
虚拟现实（VR),技术,0,0,1
虚警率(FAR),性能指标,1,0,0
虚警率(FPR),性能指标,1,0,0
虚警率,参数,0,0,1
虚警率,性能指标,15,9,5
虚警率,指标,0,3,0
虚警率,概念,0,1,0
虚警率,问题,0,1,0
虚警率低于2%,研究结果,0,1,0
虚警率降低,研究结果,0,0,1
虚警率降至0.32%,研究结果,1,0,0
虚警率降至0.32%,结果,0,1,0
虚通道,组件,0,1,0
虚通道技术,技术,0,0,1
虞健飞,作者,0,0,1
蚁群算法,技术,0,0,1
蜂群概括图,方法,0,1,0
蜕化参数模糊化的D-S,算法,1,0,0
融合健康状态在线估计,方法,1,1,0
融合型方法,方法,1,1,0
融合效果好,研究结果,0,1,0
融合方法,技术,0,1,0
融合算法,算法,0,1,0
融合诊断,研究结果,0,1,0
蠕变,失效模式,0,1,0
蠕变,概念/理论,1,0,0
血压测量,体检项目,0,0,1
血尿酸,体检项目,0,0,1
行业标准,政策,0,0,1
行为模型,模型,2,0,0
行政职务,影响因素,1,1,0
表1原始数据,数据,0,0,1
表2模型的拟合值及相对误差,数据,0,0,1
表3模型的预测值及相对误差,数据,0,0,1
表示层,层,0,1,1
表示层,组件,0,1,0
表面加工系数,系数,0,1,0
袁慎芳,人物,0,1,0
袁海文,人物,0,0,1
被动监测,技术,0,1,0
裂纹严重指数,性能指标,1,0,0
裂纹扩展,概念,0,1,0
裂纹监测传感器的验证环境,平台,1,0,0
装备成熟度与保障性之间的矛盾,原因,1,1,0
装备故障预测与健康管理(PHM),技术,1,0,0
装备测试性设计与验证,概念,0,0,1
装备测试技术,技术领域,1,0,0
装备测试技术,概念,0,1,0
装备的可靠性MTBF是影响基本作战单元可用度的主要因素之一,研究结果,1,0,0
装甲装备综合电子信息系统,模型,1,0,0
装甲装备综合电子信息系统,系统,0,1,1
襟翼,子系统,0,1,0
襟翼,系统,1,0,0
襟翼,部件,0,1,0
襟翼不对称风险预测模型,模型,1,0,0
襟翼位置,参数,0,1,0
襟翼动作耗时,故障类型,1,1,0
襟翼差动,技术,1,0,0
襟翼打开时间快/慢,故障类型,1,1,0
襟翼状态预测模型,模型,1,0,0
西北工业大学,机构,1,1,0
西北工业大学,组织,0,1,0
西北工业大学自动化学院,机构,0,1,0
西南交通大学电气工程学院,组织,0,0,1
西安,地点,1,0,1
西安交通大学,机构,1,0,1
覆盖率,参数,0,0,1
覆盖率,性能指标,1,1,0
观察-判断-决策-行动环时间,概念,1,0,0
规则归纳,技术,0,0,1
规则归纳,方法,1,1,0
规则归纳算法,算法,0,0,1
规则推理,方法,0,1,0
规则模型,模型,2,0,0
规范架构,技术,0,0,1
视力不良,疾病,1,1,1
视情拆换,维修任务,1,0,0
视情清洁,维修任务,1,0,0
视情维修 (Condition- Based Maintenance, CBM),技术,1,0,0
视情维修(CBM),策略,1,0,0
视情维修,应用,1,0,0
视情维修,技术,6,3,2
视情维修,方法,2,0,0
视情维修,概念,4,5,6
视情维修,维修方式,0,1,0
视情维修,维修模式,1,0,0
视情维修,过程,0,1,0
视情维修方式CBM,方法,1,0,0
视情维修的实现,技术,0,0,1
视情维修策略（Condition Based Maintenance，CBM）,策略,1,0,0
视情维护,方法,1,0,0
视情维护,概念,0,1,0
视觉仿真技术实验室,实验室,1,1,1
解决了飞机电液换向阀内泄漏量无法预测的问题,研究结果,0,1,0
解析余度估算,算法,1,0,0
解析冗余检验,算法,1,0,0
解析冗余检验模块,系统,0,1,0
解析算法,概念,0,0,1
解析算法,算法,1,0,0
解析网络检验,方法,0,1,0
解析计算公式,算法,1,0,0
解码器,网络,0,1,0
詹柯倩，黄维娜，淳道勇，桂咏涛，张椿林,作者,0,0,1
计划维修,概念,0,1,1
计划维修优化模型,模型,1,1,0
计划维修模式,方法,0,0,1
计划维修模式,维修模式,1,0,0
计数器模型,模型,1,0,0
计算中心,服务资源,0,1,0
计算占用时间,性能指标,1,0,0
计算占用时间为0.97s,研究结果,1,0,0
计算占用时间为1.56s,研究结果,1,0,0
计算复杂度,研究结果,0,1,0
计算性能标尺,指标,0,1,0
计算时间,性能指标,0,0,1
计算机仿真,技术/方法,1,0,0
计算机仿真技术,技术,1,0,0
计算机仿真技术,方法,0,0,1
计算机学科,学科,0,1,0
计算机技术,技术,0,1,0
计算机控制和数字通信,技术,0,0,1
计算机智能故障诊断方法,技术,0,1,0
计算机测量与控制,期刊,0,0,1
计算机科学与技术,研究领域,0,0,1
计算机网络,技术,0,1,1
计算机视觉技术,概念,0,1,0
计算流体力学模型,模型,1,0,0
计算结果与发动机传感器实际输出基本吻合,研究结果,1,0,0
计算量,性能指标,2,0,1
计量活门,部件,0,1,0
计量活门直径,参数,0,1,0
订阅接口,接口,0,1,0
训练数据样本量小,研究问题,1,0,0
训练数据越多，相关系数越大，平均平方误差越小,研究结果,1,0,0
训练时间,性能指标,0,1,0
训练精度,性能指标,0,0,1
训练误差 J_test,性能指标,1,0,0
训练误差,性能指标,0,1,0
训练误差百分比,性能指标,1,0,0
训练误差百分比小于5%,研究结果,1,0,0
训练速度,性能指标,1,0,0
训练速度较慢,研究结果,0,1,0
记忆模块,组件,1,0,0
许丽佳等,研究人员,1,0,0
设备冷却状态,参数,0,1,0
设备剩余寿命预测误差,性能指标,1,0,0
设备剩余寿命预测误差为3.23%,研究结果,1,0,0
设备剩余能力评估,概念,1,0,0
设备数字孪生体,模型,0,1,0
设备装饰系统,系统,0,1,0
设计影响因素,影响因素,1,0,0
设计数据,数据维度,0,1,0
设计阶段数据,数据,0,1,0
访问控制表,技术,0,0,1
证据理论,方法,0,0,1
证据理论,算法,2,1,1
证据理论故障诊断方法,方法,0,1,0
证据融合,方法,0,1,0
证明了半物理演示验证实验的可行性,研究结果,1,0,0
证明了本文提出模型的优良性,研究结果,1,0,0
评价函数,函数,0,1,0
评价结果,技术,0,0,1
评分函数(Score),性能指标,1,0,0
评分函数,性能指标,0,1,0
识别率,性能指标,0,0,1
识别率,指标,1,0,0
诊断,功能,0,1,0
诊断,应用,0,1,0
诊断,技术,0,1,0
诊断与健康管理(DHM),技术,0,0,1
诊断任务分解Agent,Agent,0,1,0
诊断元Agent,Agent,0,1,0
诊断元Agent,组件,1,0,0
诊断准确度,性能指标,1,0,0
诊断准确率,性能指标,0,36,12
诊断准确率,指标,0,3,0
诊断和预测算法,技术,0,1,0
诊断和预测算法,算法,0,0,1
诊断多Agent子系统,系统,0,1,0
诊断性能度量,性能指标,1,0,1
诊断推理,功能,1,1,0
诊断改进计划(ADIP),技术,0,1,0
诊断改进计划（ADIP）,技术,0,1,0
诊断效率,性能指标,1,0,0
诊断正确率,性能指标,2,2,0
诊断正确率为91.39%,研究结果,1,0,0
诊断正确率为93.01%,研究结果,1,0,0
诊断正确率均超过90%,研究结果,1,0,0
诊断率,性能指标,1,0,0
诊断的准确性,性能指标,1,0,0
诊断策略协调机构,组件,1,1,0
诊断算法,算法,0,1,0
诊断算法的性能,概念,1,0,0
诊断精度,性能指标,2,0,0
诊断能力差,问题,0,1,0
诊断资源管理和调度Agent,Agent,0,1,0
诊断预测模块,模块,1,0,0
诊断预测模块,组件,0,1,0
诊断预测模型,模型,1,0,0
诊断验证,研究结果,0,1,0
试飞机载测试系统,系统,1,1,0
试飞机载测试系统综合试验与验证平台,平台,1,0,0
试飞机载测试系统综合试验与验证平台初步构想,研究,0,0,1
试飞阶段数据,数据,0,1,0
试验⁺验证平台,平台,1,0,0
试验寿命和计算寿命,结果,0,0,1
试验或半实物验证,方法,1,0,0
该体系架构可提高PHM系统的通用性和知识利用率,研究结果,1,0,0
该体系结构可满足航空电子系统标准化、层次化、模块化、开放性的要求,研究结果,1,0,0
该方法能够实现飞机液压泵故障预测,研究结果,0,0,1
该模型可以有效识别该型直升机的飞行状态,研究结果,0,0,1
详细设计,过程,0,1,0
语义网络表示法,方法,1,0,0
误判和误诊的概率,性能指标,1,0,0
误差下降33.58%,研究结果,1,1,1
误差反向传播算法(BP算法),算法,1,0,0
误差在10%以内,研究结果,1,0,0
误差均值为-4.6671,研究结果,1,0,0
误差小于17%,研究结果,1,1,0
误差得分5486.14,研究结果,0,1,0
误差得分,性能指标,1,0,0
误差得分为5486.14,研究结果,1,0,0
误差得分函数,函数,1,1,0
误差得分函数,算法,0,0,1
误差百分比,性能指标,0,0,1
误差量,性能指标,0,0,1
误差量低于3%,研究结果,1,0,1
误差项,参数,0,1,0
误报,概念,1,0,0
误报率,性能指标,0,2,1
误报率（POFA）,性能指标,1,0,1
误检率,性能指标,1,0,0
诸于汉大学的学者,机构,1,0,0
诺斯罗普·格鲁门公司,组织,0,1,1
调度优化,应用,0,1,0
调度优化,应用领域,1,0,0
调度优化,技术,0,0,1
谐波传动,技术,0,0,1
谓词逻辑表示法,方法,1,0,0
谱分析,技术,0,1,0
谱分析,方法,0,1,0
谱分析,算法,0,1,1
谷丙转氨酶,体检项目,0,0,1
谷歌文件系统(GFS),系统,1,0,0
贝叶斯优化LSTM,算法,1,0,0
贝叶斯优化LSTM模型,模型,0,1,0
贝叶斯优化LSTM算法,研究结果,0,0,1
贝叶斯优化,算法,0,1,1
贝叶斯优化算法,算法,1,0,0
贝叶斯信息准则值 BIC,性能指标,1,0,0
贝叶斯动态线性模型,模型,0,1,1
贝叶斯多层感知网络,模型,1,1,0
贝叶斯学习理论,理论,1,0,0
贝叶斯推理,算法,0,2,0
贝叶斯推论,技术,0,0,1
贝叶斯推论,算法,1,1,0
贝叶斯方法,方法,0,0,1
贝叶斯更新过程,方法,1,0,0
贝叶斯理论,模型,1,0,0
贝叶斯算法,算法,1,0,0
贝叶斯网络,模型,5,5,1
贝叶斯网络,算法,2,2,4
贝叶斯网络计算方法,技术,1,0,0
贝叶斯融合,方法,1,0,0
贝叶斯融合,算法,0,2,2
贝叶斯证据网络,算法,0,1,0
贝叶斯评估方法,技术,0,1,0
贝叶斯评估方法,算法,1,0,0
贝塔分布,函数,1,0,0
贝塔分布,分布,0,1,0
负载排气温度（GLA）,参数,0,0,1
负载电阻,参数,0,0,1
负载管理中心,组件,0,1,0
负载自动管理技术,技术,1,0,0
负迁移效果,性能指标,1,0,0
负迁移效果降低,研究结果,0,1,0
财务与采供系统,系统,1,1,1
质子,粒子,0,1,0
质量与可靠性,文献,0,0,1
质量功能展开 (QFD),工具,1,0,0
质量功能展开,技术,0,0,1
质量功能配置(QFD),模型,1,0,0
质量屋(HOQ),模型,1,0,0
质量屋,工具,0,1,0
质量屋,模型,0,0,1
质量惯量,参数,0,1,0
质量方法,技术,0,1,0
费效比,性能指标,1,0,0
费效比,指标,0,1,0
费用高,问题,1,0,0
资源共享,目标,1,0,0
资源准备时间,性能指标,0,1,0
资源分类,技术,0,0,1
资源管理,概念,0,1,0
资源级,层次,0,1,0
资源级,层级,1,0,0
赛峰集团,机构,1,0,0
赛峰集团,组织,0,0,1
赛斯纳公司,公司,0,1,0
赵红美，杨成刚，唐杰，董玟，赵士明,作者,0,0,1
起动发电,技术,1,0,0
起动发电一体化,技术,1,1,1
起始模组,模型,1,0,0
起始模组,组件,0,1,0
起落架,设备,0,1,1
起落架减震器,设备,0,1,0
起落架工作状态,参数,0,1,0
起落架收放液压系统,系统,1,0,0
起落架收放系统,系统,1,1,0
起落架液压收放系统,系统,0,1,1
起落架系统,系统,0,2,0
起落架系统故障频率,研究对象,1,0,0
起落架系统数字孪生模型,模型,0,0,1
起落架结构优化设计,应用,1,0,0
起降功能,功能,0,1,0
起飞条件,发动机状态,0,1,0
超前近似动态规划方法,方法,1,0,0
超前预测分值(score),性能指标,1,0,0
超前预测分值(score）落在区间[48.69,204.98],研究结果,1,0,1
超前预测分值,性能指标,0,1,1
超前预测分值落在区间[48.69,204.98],研究结果,0,1,0
超参数,参数,0,0,1
超声速巡航、超机动性以及隐身性能,技术,0,0,1
超椭圆卡尔曼滤波器组,技术,0,0,1
超算平台,技术,0,1,1
超级HUMS,技术,0,1,0
超转故障,故障,1,1,0
超过90%的准确率,研究结果,0,1,0
超重,疾病,1,1,1
趋势分析,功能,1,2,0
趋势分析,技术,0,1,0
趋势分析,方法,0,1,0
趋势分析及预测方法,技术,0,1,1
趋势建模,功能,0,1,0
趋势拟合度,性能指标,1,1,1
趋势预测,概念,0,1,0
趋势预测,研究结果,0,0,1
距离,物理量,1,0,0
距离函数,函数,0,1,0
距离函数法,方法,1,0,0
跟踪误差,参数,0,1,0
跨域迁移训练,技术,0,0,1
身份认证,技术,0,0,1
车辆,应用领域,1,0,0
车辆,领域,0,2,0
车辆健康管理系统(VHMS),系统,1,0,0
车辆健康管理系统,技术,0,0,1
轨道交通,领域,0,1,0
转子不对中,故障,1,1,0
转子不对中故障的诊断功能分配,任务,1,0,0
转子不对中故障的诊断功能分配至地面系统,研究结果,0,0,1
转子叶片,部件,0,1,0
转子极弧,参数,0,0,1
转子结构系统稳健性技术,技术,1,1,1
转子转速,参数,0,1,0
转换误差大故障,故障,0,1,0
转盘控制法,方法,1,0,0
转速,参数,0,1,1
转速变化,性能指标,0,1,0
轮循算法,算法,0,1,0
轮循（RoundRobin，RR）算法,算法,1,0,1
轮盘,部件,0,1,0
软件加密,技术,0,0,1
软件可信运行环境构建方法,技术,1,0,0
软件可靠性,概念,0,0,1
软件工具开发和实用经验方面与先进国家还有差距,问题,0,1,0
软件开发周期长、成本高,问题,1,0,0
软件恢复过程的可行性,技术,0,0,1
软件技术,技术,0,0,1
软件故障恢复与重构,机制,0,1,0
软件故障恢复与重构技术,技术,1,0,1
软件故障注入,技术,1,0,0
软件标准,文档,0,0,1
软件的恢复技术,技术,1,0,0
软件系统健康管理,技术,1,0,0
软件系统的抽象表示,技术,0,0,1
软件缺陷预测模型,技术,0,0,1
软件运行环境,部件/模块,1,0,0
软件运行覆盖率,性能指标,1,0,0
软开关技术,技术,1,1,0
软故障,故障类型,0,1,0
软硬件协同,技术,0,1,0
软硬件协同加速,技术,1,0,0
软硬件协同加速的实时化设计架构,架构,0,0,1
软硬件故障检测方法,方法,1,0,0
软硬件故障注入,技术,0,0,1
软硬件故障诊断,技术,0,1,1
软硬件设计方案,设计,0,1,0
软阈值函数,函数,0,1,0
轴对称矢量喷管,构型,1,0,0
轴对称矢量喷管技术,技术,0,0,1
轴心轨迹自动识别方法,技术,0,0,1
轴承,实体,0,1,0
轴承,设备,0,1,0
轴承包络分析法,算法,0,1,0
轴承包络分析法（BEA）,算法,1,0,0
轴承外圈与低涡轴支承结构一体化结构,构型,1,0,0
轴承故障,故障模式,1,0,0
轴承故障诊断系统,系统,0,2,0
轻型飞机,产品,1,0,0
轻型飞机,飞机类型,0,1,0
载荷/应变方程,技术,0,1,0
载荷/环境谱测量,技术,0,0,1
载荷压气机进口温度（LCIT）,参数,0,0,1
载荷实测监控,技术,0,0,1
载荷实测监控,方法,0,1,0
载荷监测,技术,0,1,1
载荷筛选方法,技术,0,0,1
载荷谱,概念,0,1,0
载荷预测误差,性能指标,1,0,0
载荷预测误差控制在10%以内,研究结果,1,0,0
较BP神经网络预测性能有较大改善,研究结果,1,0,0
较CNN模型RMSE降低了20.87%,研究结果,1,0,0
较好拟合精度,研究结果,1,0,0
较好的推理效果,研究结果,0,1,0
较好的预测效果,研究结果,1,1,0
较高的执行效率,研究结果,0,1,0
较高的预测准确性,研究结果,1,0,0
较高的预测正确率,研究结果,0,1,0
较高的预测精度,研究结果,1,0,0
辅助决策,概念,0,1,0
辅助动力装置,研究对象,1,0,0
辅助动力装置,系统,0,1,0
辅助动力装置,设备,0,1,0
辅助动力装置,部件,1,1,0
辅助动力装置（APU）,部件,0,0,1
辅助控制系统,系统,1,0,0
辅助电源,系统,0,1,0
辅助诊断技术,技术,1,0,0
辐射损伤,损伤,0,1,0
输入向量,概念,1,0,0
输入门,组件,0,1,0
输出可调I/V隔离转换电路设计及分析,文献,0,0,1
输出向量,概念,1,0,0
输出推力曲线重复性好,研究结果,1,0,0
输出残差,参数,0,1,0
输出电压,参数,0,1,1
输出电压信号,参数,1,0,0
输出门,组件,0,1,0
输油管堵塞,故障,0,1,0
输油管扭折堵塞,故障,1,1,0
输油管连接不牢固或松脱,故障,0,1,0
辨识模型,模型,1,0,0
边界扫描技术,技术,1,2,2
边界扫描测试,技术,1,0,0
达到更好的拟合效果,研究结果,1,0,0
达特茅斯会议,entity,0,1,0
迁移学习,技术,0,0,2
迁移学习,方法,2,1,0
迁移学习,算法,2,4,1
迁移学习的支持向量机,模型,1,0,0
迁移学习的极限学习机,模型,1,0,0
迁移成分分析,算法,0,1,0
迁移精度,性能指标,1,1,0
过冲现象,性能指标,0,1,0
过冲现象,现象,0,0,1
过拟合,性能指标,1,0,0
过拟合,研究问题,1,0,0
过拟合,问题,2,0,0
过拟合效果,性能指标,0,1,0
过渡态,发动机状态,0,1,0
过渡态故障诊断,技术,1,1,0
过渡态模型,模型,0,1,0
过渡态气路故障诊断,方法,1,0,0
过热,故障模式,0,1,0
过程的神经网络,模型,1,0,0
过程监控,过程,0,1,0
过程神经网络,模型,1,0,0
过程神经网络法,方法,0,1,0
运-7,飞机型号,0,0,1
运-8,飞机型号,0,0,1
运算时间,性能指标,1,0,0
运营可靠性数据,数据,1,0,0
运营可靠性数据,数据源,0,1,0
运营可靠性数据,数据类型,0,0,1
运营成本,性能指标,1,1,0
运营成本降低20%,研究结果,1,0,0
运行时蓝图,技术,0,0,1
运行时蓝图,概念,1,0,0
运行时蓝图,系统,0,1,0
运行环境影响因子,特征,1,0,0
运行环境影响因子,输入向量,0,1,0
运行维护数据,数据,1,0,0
运行维护数据,数据源,0,1,0
运行维护数据,数据类型,0,0,1
运载器故障诊断系统,系统,1,0,0
运载器综合健康管理,模型,1,0,0
运载工具健康监测,技术,0,1,0
运载工具健康监测（Vehicle Health Monitoring，VHM）,技术,0,0,1
近场扫描测试,技术,1,0,0
近端梯度算法,算法,0,1,0
近端算子,函数,0,1,0
近远场传递关系,理论,1,0,0
进化傅里叶变换算法,算法,1,1,0
进化神经网络,模型,1,0,0
进化神经网络,算法,0,1,0
进化计算理论,理论,1,0,0
进口压力,参数,0,1,0
进口压力（P2A）,参数,0,0,1
进口总温,参数,0,1,0
进气温度、滑油进油温度、滑油回油温度、轴承温度等,参数,0,0,1
进气碎屑检测系统(IDMS),系统,1,0,0
远程多路复合器,设备,0,1,0
远程实时监控系统,系统,0,0,1
远程故障诊断,技术,0,0,1
远程终端,组件,0,1,0
远程诊断,过程,0,1,0
连接(CN),组成部分,1,0,0
连接,组件,0,1,0
连接,连接,0,0,1
连接件,研究对象,1,0,0
连接件疲劳寿命的预测方法,方法,1,0,0
迟滞时间,性能指标,1,0,0
迭代图像配准技术,技术,0,0,1
迭代软阈值算法(ISTA),算法,1,0,0
迭代软阈值算法,算法,0,1,0
退化模型,模型,0,0,1
退化趋势差异大,研究问题,1,0,0
退化量分布,方法,0,1,0
退化量分布法,算法,0,0,1
适应度函数,函数,2,1,0
适应性检验,方法,0,1,0
适用于中短期预测,研究结果,0,0,1
适航规范,政策,0,0,1
适航认证,概念,1,0,0
逆变器,设备,0,1,0
逆向传输（BP）网络,模型,1,0,0
逆循环方法,算法,0,1,0
逆模型,模型,1,1,1
逆模型在线辨识,方法,1,0,0
逆模型在线辨识,算法,0,1,0
逆流阀故障,故障模式,1,1,0
逆跟踪修正系统,模型,1,0,0
逆跟踪控制,方法,1,0,0
逆跟踪控制,算法,0,0,1
逆跟踪控制系统,系统,0,1,0
选择阀开口不足故障、作动筒内漏故障和液压泵内漏,故障类型,0,0,1
透明供应链,技术,1,1,0
递归最小二乘,算法,0,1,1
递归最小二乘,算法/模型,1,0,0
递归滤波器方法,方法,1,1,0
递归特征消除,算法,1,1,0
递归神经网络,模型,2,0,0
递归神经网络（RNN）,算法,0,0,1
递推式最小二乘支持向量机,算法,1,0,0
递推贝叶斯估计,方法,1,0,0
通信,技术,0,1,1
通信与网络标准,文档,0,0,1
通信传输模块,模块,0,1,0
通信导航功能,功能,0,1,0
通信报文寻址系统,系统,0,0,1
通信检测仪,设备,0,1,0
通信系统,系统,1,1,0
通信网络支持包,组件,0,1,0
通用功能模块,模块,0,1,0
通用功能模块,组件,0,1,0
通用功能模块标准,文档,0,0,1
通用功能模块（Common Function Module, CFM）,组件,0,0,1
通用发动机公司,机构,1,0,0
通用型机载采集与记录系统,技术,0,0,1
通用射频电路模块自动测试设备,设备,1,1,0
通用性,概念,0,1,0
通用性强,发展趋势,1,0,0
通用电气,公司,0,0,1
通用电气公司,公司,0,1,1
通用电气公司,组织,1,0,0
通用电气公司（GE）,机构,1,0,0
通用系统管理(GSM),软件,1,0,0
通用系统管理,技术,0,0,1
通用系统管理,系统,0,1,0
通用系统管理,组件,1,0,0
通用系统管理健康监控器,服务,0,1,0
通用系统管理模型,模型,1,0,0
通用细化的EHM系统功能架构,架构,1,0,0
通航飞机起落架系统故障频率预测模型,模型,1,0,0
通讯系统,系统,0,1,0
通过增加约束的方式使得利用SMO算法对模型进行求解,研究结果,0,0,1
通风子系统模型,模型,1,1,1
速度,参数,0,2,0
速率检验,方法,0,1,0
逻辑体系架构,架构,1,0,0
逻辑决断图,方法,0,1,0
逻辑决断图法,方法,1,0,0
逻辑决断图法,算法,0,0,1
逻辑决断法,方法,1,0,0
逻辑回归,方法,0,1,0
逻辑回归,模型,1,0,0
逻辑回归,算法,1,1,1
逻辑图,模型,1,1,1
逻辑接口,组件,0,1,0
逻辑推理,方法,1,1,0
逻辑推理,模型,0,0,1
遗传神经网络,模型,2,1,1
遗传神经网络,算法,1,2,2
遗传神经网络可在故障发生前实现故障预测,研究结果,1,0,0
遗传神经网络预测精度显著提高,研究结果,0,0,1
遗传算法,技术,0,0,1
遗传算法,方法,0,1,1
遗传算法,算法,15,12,7
遗传算法优化,方法,0,1,0
遗传算法优化的BP神经网络,算法,0,0,1
遗传算法优化的反向传播(BP)神经网络,模型,1,0,0
遗传算法优化的最小二乘支持向量回归模型,模型,1,0,0
遗传算法（GA）,算法,1,0,0
遗忘门,组件,0,1,0
遥测战备器材预测/诊断系统 (RRAPDS),模型,1,0,0
遥测战备器材预测/诊断系统,系统,0,1,1
避免了88%的非计划维修事件,研究结果,1,0,0
邱雷,人物,0,1,0
邻近保持嵌入,算法,0,1,0
邻近保持投影,算法,0,1,0
部件,设备,0,1,0
部件健康参数,参数,0,0,1
部件故障,故障类型,0,1,0
部件故障预测与机队风险评估模型,模型,1,0,0
部件模态综合法(CMS),算法,0,1,0
部件模态综合法,算法,1,0,0
部件状况监测系统,技术,0,0,1
部长,职位,1,0,0
郭丞皓,人物,0,1,0
配合间隙,参数,1,0,1
配电管理,功能,1,0,0
配电系统,系统,1,1,0
配置管理,技术,0,0,1
配置管理,管理,0,2,0
配置管理,组件,1,1,0
配置管理器,系统,0,1,0
采用epsilon_SVR类型和RBF核函数，相关系数大同时总体误差要小一些,研究结果,1,0,0
采用贝叶斯网络进行正向推理实现故障诊断，进行反向推理实现故障部件定位,研究结果,0,0,1
重复故障库,数据,1,0,0
重复故障库,数据库,1,0,0
重心过载,参数,0,1,0
重新设计燃烧室后每次飞行风险为0.912×10^-9,研究结果,0,0,1
重构成功率,参数,0,1,1
重构成功率,性能指标,1,0,0
重构损失,函数,0,1,0
重要性重采样,算法,1,0,0
重量,性能指标,1,1,1
量子粒子群优化算法 (QPSO),算法,1,0,0
量子粒子群优化算法,算法,0,1,1
金属材料,材料,0,1,0
鉴别器,组件,1,0,0
鉴别器,网络,0,1,0
钛合金,材料,0,1,0
钟咏兵,作者,0,0,1
铜鸟试验台,设备,0,1,0
铜鸟（Copper bird）试验台,设备,1,0,0
铝合金,材料,0,1,0
锂离子电池,设备,0,1,0
锂离子航空蓄电池,产品,0,1,0
锐拓集团,机构,1,0,0
错接故障,故障类型,0,1,0
键合图,方法,0,1,0
键合图模型,模型,1,0,0
镜像延拓法,技术,0,1,0
镜像延拓法,算法,1,0,0
长期短期记忆(LSTM)模型,模型,1,0,0
长期趋势项,数据,1,0,0
长短时记忆神经网络(LSTM),模型,1,0,0
长短时记忆神经网络,算法,1,0,0
长短时记忆网络,模型,1,0,0
长短时记忆网络,算法,0,0,1
长短期记忆(LSTM)网络,模型,1,0,0
长短期记忆,算法,0,0,1
长短期记忆人工神经网络,模型,0,1,0
长短期记忆神经网络,模型,1,0,0
长短期记忆神经网络,算法,0,1,1
长短期记忆网络 (LSTM),模型,1,0,0
长短期记忆网络(LSTM),模型,1,0,0
长短期记忆网络,算法,0,2,0
长短期记忆网络算法(LSTM),算法,1,0,0
长短期记忆网络自编码器(Long- Short Term Memory- Autoencoder,LSTM- AE),模型,1,0,0
长短期记忆网络（LSTM）,算法,0,0,1
长短期记忆递归神经网络(LSTM),模型,1,0,0
长短期记忆（LSTM）神经网络,算法,0,0,1
长短记忆神经网络模型,算法,0,0,1
长短记忆（LSTM）神经网络,算法,1,0,0
门控循环单元（GRU）,模型,1,0,0
闫洪胜,作者,0,0,1
闫洪胜,研究人员,1,0,0
闫洪胜等,研究人员,1,0,0
闭环检测,技术,0,1,1
问卷调查,研究方法,1,0,1
间接法,方法,1,0,0
间歇性故障,故障,0,1,0
间歇故障,故障类型,0,1,0
间歇故障,问题,1,0,0
间隙,参数,0,1,0
阈值THRES.F.D.为1.5,研究结果,0,0,1
阈值为1.5,研究结果,1,0,0
阈值函数,函数,0,1,0
阈值选取原则,方法,0,1,0
队列条形图,方法,0,1,0
队列模式发送,技术,0,0,1
阮文博,作者,0,0,1
防热瓦,部件,1,0,0
防热瓦一维连续热辐射与导热复合传热能量守恒控制方程组,模型,1,0,0
防热瓦温度能准确明显地反映出防热瓦的损伤情况,研究结果,1,0,0
防热系统,模型,0,0,1
防热系统,系统,1,0,0
阴极电流,参数,0,1,0
阴极电流,性能指标,1,0,0
阵列相参宽带测试方案,技术,0,1,1
阵列相参宽度测试方案,方案,1,0,0
阵风,飞机,0,1,0
阵风战斗机,飞机,0,1,0
阶跃故障,故障类型,0,1,0
阿帕奇AH-64D直升机,装备,0,1,1
阿帕奇直升机,装备,1,0,0
阿波罗项目,项目,1,0,0
阿里巴巴,entity,0,1,0
陆清,人物,0,0,1
陈云翔,作者,0,1,0
陈晓明,人物,0,1,1
陈知华,人物,0,1,0
陈肖楠，王奕首，卿新林,作者,0,0,1
陈英民,研究者,0,0,1
陈银超,人物,1,1,1
降低40%以上的成本,研究结果,1,0,0
降低使用与保障费用,成果,0,0,1
降低发动机/飞机运行成本,研究结果,0,1,0
降低发动机全寿命周期费用,研究结果,0,1,0
降低成本,研究结果,0,1,0
降低排故时间,研究结果,1,0,0
降低系统间的耦合性,目标,1,0,0
降低约30%的维修保障费用,研究结果,0,1,0
降低维修成本,目标,0,1,0
降低维修成本,研究结果,1,0,0
降低虚警率,研究,0,1,0
降低设计成本,研究目标,1,0,0
降低误检率,研究结果,0,1,0
降低飞机再次出动执行任务的间隔时间,性能指标,0,0,1
降低飞机再次出动执行任务的间隔时间,研究结果,0,1,0
降噪31分贝,研究结果,1,0,0
降噪自编码神经网络,模型,1,1,0
降噪自编码神经网络方法,算法,0,0,1
降级,研究结果,1,0,0
降级状态,研究结果,0,1,0
限制活门,部件,0,1,0
陕西师范大学计算机科学学院,组织,0,0,1
院长,职位,1,0,0
除噪,应用,1,0,0
陶氏反坦克导弹,装备,0,1,1
随机一致性比率 CR,性能指标,1,0,0
随机抽样,概念,1,0,0
随机损伤模型,方法,0,1,0
随机损伤模型,模型,0,0,1
随机搜索算法,算法,1,0,0
随机斜率/截距模型,算法,0,0,1
随机森林 (RF),模型,1,0,0
随机森林,方法,0,2,0
随机森林,算法,3,1,1
随机森林支持向量回归,算法,1,0,1
随机森林模型,模型,1,0,0
随机森林法,方法,0,1,0
随机森林法,模型,1,0,0
随机森林特征选择算法,算法,1,0,0
随机滤波,算法,0,1,1
随机系数回归模型,算法,0,0,1
随机过程法,算法,0,0,1
隐含层激励函数,函数,1,0,0
隐藏层数,参数,0,1,0
隐藏层数,超参数,1,0,0
隐马尔可夫,算法,1,0,0
隐马尔可夫健康状态评估模型,算法,0,0,1
隐马尔可夫模型 (HMM),模型,1,0,0
隐马尔可夫模型(HMM),模型,1,1,0
隐马尔可夫模型,模型,0,3,0
隐马尔可夫模型,算法,0,1,2
隐马尔可夫模型回归,模型,1,0,0
隐马尔可夫模型（HMM),模型,1,0,0
隐马尔科夫模型,模型,1,1,0
隐马尔科夫模型,算法,0,1,0
隐马尔科夫模型（HMM）,模型,1,0,0
隔离分类率,指标,0,1,0
隔离成功率,参数,0,1,1
隔离成功率,性能指标,1,0,0
隔离率,性能指标,1,1,1
隶属度函数,函数,2,2,1
隼达1000,飞机型号,0,1,0
隼达500,飞机型号,0,1,0
集中式PHM设计方案,方案,1,0,0
集中式体系结构,体系结构,0,1,1
集中式体系结构,系统,1,0,0
集中式控制架构,技术,1,0,0
集中式系统,系统,1,0,0
集体剂量,性能指标,1,0,0
集成产品与过程设计 (IPD),方法,1,0,0
集成产品与过程设计,技术,0,0,1
集成健康管理,技术,0,1,0
集成健康管理和能源负载自适应的智能化控制,技术,0,0,1
集成健康管理系统(Integrated System Health Management，ISHM)架构,架构,1,0,0
集成健康管理系统,系统,0,1,0
集成化,发展趋势,1,0,0
集成化,概念,0,1,0
集成化,研究结果,0,1,0
集成化电力系统,技术,0,0,1
集成学习,算法,1,1,0
集成学习框架,模型,1,1,0
集成学习法,算法,0,0,1
集成学习策略,方法,0,1,0
集成学习算法,算法,1,1,0
集成式方案,架构,0,1,0
集成深度自编码器与极限学习机模型,模型,1,0,0
集成神经网络,模型,1,0,0
集成神经网络,系统,0,1,0
集成系统的健康管理 (ISHM),模型/架构,1,0,0
集成置信规则库,模型,1,1,0
集成置信规则库,算法,0,0,1
集成融合,方法,1,0,0
集成融合,算法,0,1,1
集成飞机健康管理,技术,0,0,1
集成飞机健康管理,系统,1,0,0
集散式体系架构,架构,0,1,0
雨流计数法,算法,1,0,0
零偏减小,性能衰退模式,0,1,0
零偏增大,性能衰退模式,0,1,0
雷达Agent,Agent,0,1,1
雷达信号,parameter,0,1,0
雷达信号,信号,1,0,0
雷达发射机多注速调管,研究对象,1,0,0
雷达发射机高压电源,研究对象,1,0,0
雷达智能BIT中整机性能监测系统,技术,0,0,1
雷达检测仪,设备,0,1,0
雷达检飞,技术,0,0,1
雷达检飞精度,性能指标,1,0,0
雷达辐射源识别专家系统,模型,0,0,1
雷达辐射源识别专家系统中的推理机设计,研究,0,0,1
雷达辐射源识别系统,系统,0,0,1
需加强面向安全保障与实际维修方面的需求,研究结果,0,1,0
需求分析,概念/术语,1,0,0
需求图RD,图,0,1,0
需求图,图表类型,1,0,0
需求重要度,性能指标,1,0,0
需求重要度排序为 CR3 > CR4 > CR5 > CR6,研究结果,1,0,0
霍尼韦尔,公司,1,1,1
霍尼韦尔,机构,0,1,0
霍尼韦尔,组织,0,0,1
霍尼韦尔公司,公司,1,1,1
霍尼韦尔公司,机构,0,1,0
霍尼韦尔公司,组织,1,0,0
霍特林检验,算法,1,1,1
静态故障树,模型,1,0,0
静态状态,状态,0,1,0
静态结构模型,模型,1,0,0
静态重构策略,技术,0,0,1
静态重构策略,概念,1,0,0
静摩擦增大,性能衰退模式,0,1,0
静电互相关灵敏度加权,方法,0,1,0
静电互相关（CC）灵敏度,概念,1,0,0
静电传感器,传感器,1,0,0
静电传感器,概念,0,1,0
静电传感器阵列,传感器,0,1,0
静电传感器阵列（ESA）,传感器,0,0,1
静电传感器阵列（ESA）,模型,1,0,0
静电传感技术,技术,1,0,1
静电层析成像（EST）技术,方法,1,0,0
静电感应,原理,1,0,0
静电感应,技术,0,1,0
静电损伤(ESD),损伤,0,1,0
静电排气碎片检测,技术,0,1,1
静电气路监测法,方法,1,0,0
非传统检测技术,技术,0,1,1
非参数模型,模型,0,1,0
非参数模型法,方法,1,0,0
非周期任务,任务,1,1,0
非实时故障预测,研究阶段,1,0,0
非对称指标,性能指标,1,0,0
非对称评分,性能指标,0,1,1
非对称评分下降71.22%,研究结果,1,1,1
非对称评分函数,性能指标,1,0,0
非法数据输入,技术,0,0,1
非稳态结果平均偏差,性能指标,1,0,0
非线性GPA模型,模型,0,1,0
非线性Wiener过程,模型,0,1,1
非线性动力学系统模型,模型,0,0,1
非线性动力模型,模型,1,0,1
非线性回归模型,模型,0,1,0
非线性回归算法,算法,1,1,0
非线性实时模型,模型,1,1,1
非线性实时模型与卡尔曼滤波器的混合结构,技术,1,0,0
非线性支持向量机,方法,1,0,0
非线性支持向量机,算法,0,0,1
非线性支持向量机模型,模型,0,1,0
非线性映射,研究结果,0,1,0
非线性模型,模型,2,3,0
非线性模型的故障估计精度是线性模型的2.5~37倍,研究结果,1,1,0
非线性气动模型,模型,0,1,1
非线性气动热力学方程,模型,0,0,1
非线性气路分析方法,方法,1,0,0
非线性气路分析模型,模型,0,1,0
非线性混沌时间序列,模型,0,0,1
非线性混沌时间序列,研究对象,1,0,0
非线性系统,系统,0,1,0
非线性结电阻,参数,0,1,0
非线性运动模型,模型,1,0,1
非线性逼近能力,性能指标,1,0,0
非线性部件级数学模型,模型,0,1,1
非线性部件级模型,模型,0,0,1
非结构化数据,数据,0,1,0
非计划维修事件数,性能指标,1,0,1
非计划维修可控模型,模型,1,1,0
面向军用飞机任务能力的健康评估方法,算法,1,0,0
面向对象技术,技术,0,1,1
面向对象技术,方法,1,0,0
面向对象的工程设计思路,方法,1,0,0
面向对象的系统工程方法 (OOSEM),方法,1,0,0
面向对象的系统工程方法,方法,0,1,0
面向对象的系统工程方法,概念,0,0,1
面向对象设计方法,方法,1,1,0
面向对象软件测试框架,模型,0,0,1
面向对象软件测试系统,系统,0,0,1
面向新一代战斗机强度设计与验证的规范架构,规范,1,0,0
面向服务架构,技术,1,0,0
面向服务的架构（SOA）,架构,1,0,0
面向服务的架构（SOA）,架构模型,0,0,1
面向服务的装甲装备PHM体系结构,体系结构,0,1,1
面向服务的装甲装备PHM体系结构,模型,1,0,0
面向机载PHM的分层融合式体系结构,模型,1,0,0
面向过程的传统程序设计方法,方法,1,0,0
靶场网络化测试技术,技术,0,1,1
韩国直升机项目,飞机,0,1,0
韩国直升机项目（KHP）,项目,0,1,0
韩西龙,研究者,1,0,0
项目经济效益约1500万元,效益,0,0,1
项目经济效益约1500万元,研究结果,1,0,0
顺序推理,方法,1,0,0
顺序推理,算法,0,1,1
顺序蒙特卡洛方法,技术,0,0,2
预冷器控制活门,系统,0,0,1
预处理模块,模块,0,1,0
预处理模块,组件,1,0,0
预测,功能,0,1,0
预测,应用,0,1,0
预测,技术,0,2,0
预测,方法,1,0,0
预测与健康管理 (PHM),技术,1,0,0
预测与健康管理 (PHM),概念,1,0,0
预测与健康管理(PHM),技术,2,0,1
预测与健康管理(PHM),概念,0,1,0
预测与健康管理(PHM),模型,1,0,1
预测与健康管理(PHM)创优中心(COE),组织,0,1,0
预测与健康管理(PHM)技术,技术,0,1,0
预测与健康管理(PHM)系统,技术,0,1,0
预测与健康管理(PHM)系统,系统,0,1,0
预测与健康管理,实体,0,1,0
预测与健康管理,技术,2,3,1
预测与健康管理,概念,1,2,1
预测与健康管理,模型,1,0,0
预测与健康管理,系统,0,2,0
预测与健康管理技术,技术,1,1,0
预测与健康管理技术（PHM）,技术,1,0,1
预测与健康管理系统 (PHM),系统,1,0,0
预测与健康管理系统,模型,0,1,0
预测与健康管理系统（PHM）,系统,0,0,1
预测与健康管理（PHM),技术,0,0,1
预测与健康管理（PHM）,技术,0,1,2
预测与健康管理（PHM）技术,技术,0,0,1
预测与健康管理（PHM）研讨会,会议,0,1,0
预测与健康管理（PHM）系统,系统,1,0,0
预测与健康管理（PHM，Prognostics and Health Management）,技术,0,0,1
预测与健康管理（Prognostics and Health Management PHM）,技术,0,0,1
预测信息,信息,0,1,0
预测值7.6608,结果,0,1,0
预测值与实际值基本吻合,研究结果,0,1,0
预测准确度大大降低,研究结果,0,1,0
预测准确度提高,研究结果,0,1,0
预测准确性,性能指标,2,2,0
预测准确性,指标,0,1,0
预测准确性相比Gru模型提升9.95%,研究结果,1,0,0
预测准确率,性能指标,2,2,0
预测及时性,性能指标,1,1,1
预测可靠性相比CNN模型提升8.44%,研究结果,1,0,0
预测和健康管理(PHM),技术,1,0,0
预测和健康管理(PHM)系统,技术,0,1,0
预测和健康管理(PHM)系统,系统,0,0,1
预测和健康管理技术,技术,0,0,1
预测和健康管理系统,模型,1,0,0
预测和健康管理系统,系统,0,1,0
预测和概率性单机跟踪,技术,1,1,0
预测和概率性单机跟踪（Prognostic and Probabilistic Individual Aircraft Tracking，P2IAT）,技术,0,0,1
预测和统计方法,技术,0,1,0
预测增强诊断系统(PEDS),技术,0,1,0
预测层,组件,0,1,0
预测平均相对误差,性能指标,0,1,0
预测性维修,概念,0,0,1
预测性维修,策略,1,0,0
预测性维修对策,技术,1,0,0
预测性维护,技术,0,1,0
预测性维护模型,模型,0,1,0
预测性能,性能指标,1,0,0
预测性能优于粗糙神经网络,研究结果,1,0,0
预测性能度量,性能指标,1,0,1
预测性能提高,结果,0,1,0
预测成功概率,参数,0,1,1
预测成功概率,性能指标,1,0,0
预测技术,技术,1,3,2
预测拆换,维修任务,1,0,0
预测推理,功能,1,1,0
预测推理,概念,0,0,1
预测故障发生时间,研究结果,0,1,0
预测效率,性能指标,1,0,0
预测效率,指标,0,1,0
预测时间,性能指标,1,0,1
预测模型,技术,0,1,0
预测模型具有较高的预测准确性,研究结果,0,0,1
预测正确率,性能指标,1,1,1
预测水平,性能指标,1,0,0
预测状态为Deg1的概率为96.43%,研究结果,1,0,0
预测的准确性,性能指标,3,0,0
预测的精度,性能指标,1,0,0
预测的精确性,性能指标,1,0,0
预测的结果与实际相符,研究结果,1,0,0
预测神经网络,模型,1,1,0
预测神经网络,算法,0,0,1
预测算法,算法,0,1,0
预测算法的误差,性能指标,1,0,0
预测算法的误差在8%以内,研究结果,1,0,0
预测精度,性能指标,15,5,10
预测精度,指标,1,1,0
预测精度,研究结果,0,0,1
预测精度一级,结果,0,1,0
预测精度为一级,研究结果,0,0,1
预测精度得到提高,研究结果,1,0,0
预测精度提高,研究结果,0,6,1
预测精度更佳,研究结果,0,1,0
预测精度高于单一DBN模型和支持向量机,研究结果,0,0,1
预测精确性,指标,0,1,0
预测结果,性能指标,0,0,1
预测结果与实际相符,研究结果,0,1,0
预测结果为液压泵输油故障,研究结果,1,0,0
预测结果准确,研究结果,0,0,1
预测结果准确性提升了8.55%和3.62%,研究结果,0,0,1
预测结果分别提升了78.16%和75.25%,研究结果,1,0,1
预测结果可靠性,性能指标,1,0,0
预测结果的MAE和RMSE提升了51.19%和48.71%,研究结果,0,0,1
预测结果的MAE和RMSE提升了8.55%和3.62%,研究结果,0,0,1
预测结果符合标准预测指标要求,研究结果,0,0,1
预测结果表明，本文提出的改进方法相对于传统模糊时间序列方法预测效果更好,研究结果,0,0,1
预测维修减少飞机停场时间,目标,0,1,0
预测维修模式,维修模式,1,0,0
预测置信区间,性能指标,1,1,0
预测置信度,性能指标,1,1,1
预测能力,模型,1,0,0
预测覆盖率,性能指标,0,1,0
预测覆盖率（PCR）,性能指标,1,0,1
预测评估PA,功能,1,0,0
预测评估PA,概念,0,0,1
预测评估,功能,0,1,0
预测评估（PA）,信息,1,0,0
预测误差,性能指标,2,3,1
预测误差分别减少 13.053% 、 31.328% 、 74.602%,研究结果,1,0,0
预测误差在后期稳定后能够控制在5%之内,研究结果,1,0,0
预测误差平均值,性能指标,1,1,1
预测误差平均值为1.41,研究结果,1,0,0
预测误差平均值为3.80,研究结果,1,0,0
预测误差的平均值,性能指标,1,0,0
预测误差的标准差,性能指标,1,1,1
预测误差的标准差在3种运行周期下分别减少了约1.84、3.46、4.23,研究结果,1,0,0
预测起落架故障频率合理有效,研究结果,0,0,1
预紧舱门基本原理,技术,0,0,1
预紧舱门强度设计关键技术,技术,0,0,1
预言性数据挖掘,概念,1,0,0
预警与决策 Agent,Agent,0,0,1
预警与决策Agent,Agent,0,1,0
预警机,设备,0,1,0
预警电路(canary),概念/组件,1,0,0
预警电路,方法,1,1,1
预警电路（canary),技术,0,0,1
预警装置,技术,0,0,1
预警装置,系统,1,0,0
预警装置,设备,0,1,0
预诊断Agent,Agent,0,1,0
预防性维修,技术,1,0,0
预防性维修,方法,0,1,0
预防性维修,概念,0,1,1
预防性维修,研究任务,1,0,0
预防性维修,策略,2,0,0
预防性维修,算法,1,0,0
预防性维修一共造成寿命损失约合7837.5元,研究结果,1,0,0
预防性维护,概念,0,1,0
预防灾难性故障的发生,目标,0,1,0
领航员,人员,0,1,0
频域分析,技术,0,0,1
频域分析,算法,0,1,1
频率范围,性能指标,1,0,0
频率范围直接覆盖到26.5GHz,研究结果,1,0,0
颗粒落体实验装置,实验装置,0,0,1
颗粒落体实验装置,模型,1,0,0
颗粒落体实验装置,装置,0,1,0
额定条件,发动机状态,0,1,0
风扇,部件,0,1,0
风扇叶片,设备,0,1,0
风扇故障,故障,0,1,0
风扇流量退化参数,参数,0,0,1
风扇流量退化参数,性能指标,1,0,0
风扇转速,参数,0,2,0
风扇转速控制器,控制器,0,1,0
风扇转速控制回路,回路,0,1,0
风扇转速控制回路,系统,1,0,0
风扇转速是关键参数,研究结果,0,1,0
风险共担,概念,0,1,0
风险准则,实体,0,1,0
风险因子,实体,0,1,0
风险因子,性能指标,2,1,1
风险因子为1.18,研究结果,1,0,0
风险因子为2.28,研究结果,1,0,0
风险因子为2.31,研究结果,1,0,0
风险指数,性能指标,0,0,1
风险指数,指标,0,1,0
风险指数为23,研究结果,1,0,0
风险指数矩阵法,算法,1,0,0
飞参数据,数据,1,1,0
飞发综合热管理技术,技术,1,1,1
飞发综合热管理系统,系统,0,1,0
飞控作动系统,系统/部件,1,0,0
飞控系统,系统,1,2,0
飞机MFOP概念与应用研究,研究,0,0,1
飞机PHM,应用,1,0,0
飞机PHM海量数据挖掘平台,研究结果,0,0,1
飞机PHM系统,系统,1,2,3
飞机PHM系统体系结构,技术,0,0,1
飞机PHM系统体系结构,模型,0,1,0
飞机PHM系统工作过程,技术,0,0,1
飞机,应用领域,1,0,0
飞机,领域,0,1,0
飞机主油泵故障数预测,应用,1,0,0
飞机主油泵故障数预测,应用领域,0,1,0
飞机主舵面位置,参数,0,1,0
飞机作动器,部件,2,0,0
飞机供水系统仿真模型,模型,0,0,1
飞机供电系统,系统,2,2,1
飞机健康状态实时评估模型,模型,1,0,0
飞机健康状态监测系统,系统,0,0,1
飞机健康状态评估结果,研究结果,0,0,1
飞机健康监测,技术,1,0,0
飞机健康监测技术,技术,0,0,1
飞机健康监测系统 (AHMS),技术,1,0,0
飞机健康监测系统（AHMS),技术,0,0,1
飞机健康监测系统（AHMS）,技术,0,0,1
飞机健康管理 (AHM) 系统,系统,1,0,0
飞机健康管理 (AHM)系统,系统,1,0,0
飞机健康管理(Aircraft Health Management，AHM)系统,系统,0,0,1
飞机健康管理,技术,2,0,1
飞机健康管理,概念,0,1,0
飞机健康管理专家系统,系统,0,0,1
飞机健康管理功能,功能,1,0,0
飞机健康管理平台,平台,0,1,0
飞机健康管理研究,研究,0,0,1
飞机健康管理系统(AHM),系统,1,0,0
飞机健康管理系统AHM,技术,0,0,1
飞机健康管理系统,技术,0,0,1
飞机健康管理系统,模型,1,0,0
飞机健康管理系统,系统,4,4,4
飞机健康管理（AHM）,技术,0,0,1
飞机健康管理（AHM）系统,平台,0,1,0
飞机健康管理（AHM）系统,技术,0,0,1
飞机健康管理（AHM）系统,系统,1,0,0
飞机健康管理（Aircraft Health Management，简称AHM）系统,系统,1,0,0
飞机健康评估模型,模型,0,1,0
飞机健康评估结果,研究结果,0,1,0
飞机典型机电子系统,系统,0,0,1
飞机再次出动执行任务的间隔时间,性能指标,1,0,0
飞机利用率,性能指标,1,0,2
飞机制造商,利益相关方,0,1,0
飞机原有的总体PHM系统,系统,0,0,1
飞机发动机故障,研究对象,1,0,0
飞机发动机故障的多参数预测模型,模型,1,0,0
飞机发动机滑油散热器温度时间序列,实体,0,1,0
飞机发动机滑油散热器温度时间序列数据,研究对象,1,0,0
飞机可靠性,性能指标,0,0,1
飞机多机种一体化自主式保障设计方向,技术,0,0,1
飞机多机种自主式保障设计,技术,0,0,1
飞机平均故障间隔飞行时间,性能指标,1,0,0
飞机引擎,应用领域,1,0,0
飞机引气系统,研究对象,1,0,0
飞机引气系统,系统,0,0,1
飞机性能,参数,0,1,0
飞机性能参数,研究对象,1,0,0
飞机性能参数预测的不确定性问题,研究结果,0,0,1
飞机总体PHM系统,系统,0,1,0
飞机总体减重62.8kg,研究结果,1,0,0
飞机战备完好率,性能指标,0,0,1
飞机推进系统,系统,1,0,0
飞机操纵面故障,故障,0,1,0
飞机操纵面故障趋势预测,任务,1,0,0
飞机操纵面故障预测,研究问题,1,0,0
飞机故障诊断和健康管理(PHM),概念,1,0,0
飞机故障预测,应用,0,1,0
飞机故障预测,应用领域,1,0,0
飞机故障预测,技术,0,0,1
飞机故障预测,研究问题,1,0,0
飞机故障预测与健康管理主要关键技术,技术,0,0,1
飞机故障预测和状态管理系统（PHM）,系统,1,0,1
飞机数据获取系统,系统,0,0,1
飞机机体数字孪生,技术,0,1,0
飞机机体数字孪生（Aircraft Digital Twin，ADT）,技术,0,0,1
飞机机体结构,结构,0,0,1
飞机机电系统,系统,0,1,0
飞机机电系统部件,部件,1,0,1
飞机水/废水系统,系统,1,1,0
飞机液压、起落架系统甚至机载设备的健康管理,研究,0,0,1
飞机液压泵,研究对象,1,0,0
飞机液压泵故障预测模型,模型,1,1,1
飞机液压系统,系统,0,1,0
飞机液压能源系统,系统/部件,1,0,0
飞机燃油供油系统,系统,0,1,0
飞机燃油系统,对象,0,0,1
飞机燃油系统,系统,1,1,0
飞机状态分析与管理系统 (ACAMS),技术,1,0,0
飞机状态分析与管理系统(ACAMS),技术,0,1,1
飞机状态分析与管理系统,技术,0,0,1
飞机状态分析与管理系统（ACAMS）,技术,0,1,2
飞机状态分析与管理系统（ACAMS）,系统,1,0,0
飞机状态分析与管理系统（CAAMS）,技术,0,0,1
飞机状态监控功能（ACMF）,功能,1,0,0
飞机状态监控系统 (ACMS),系统/平台,1,0,0
飞机状态监控系统,系统,1,1,0
飞机状态监控系统（AHM）,技术,0,0,1
飞机状态监测功能模块 (ACMF),系统,0,1,0
飞机状态监测功能模块,模块,1,0,0
飞机状态监测功能模块（AircraftConditionMonitoringFunction，简称ACMF）,技术,0,0,1
飞机状态监测系统 (ACMS),系统,1,0,0
飞机状态管理 (AHM) 系统,模型,1,0,0
飞机状态管理 (AHM),技术,1,0,0
飞机状态管理(AHM),技术,0,0,1
飞机状态管理(AHM)系统,技术,0,1,0
飞机状态管理(AHM)系统,系统/产品,1,0,0
飞机状态管理,系统,0,0,1
飞机状态管理系统,系统,0,1,1
飞机状态管理系统（AHM）,技术,0,0,1
飞机状态管理系统（AHM）,系统,1,0,0
飞机状态管理（AHM）,技术,0,1,1
飞机状态管理（AHM）系统,技术,0,0,1
飞机状态预测与维修作业管理平台,平台,1,0,0
飞机电源PHM技术,技术,0,1,0
飞机电源,技术领域,1,0,0
飞机电源多Agent预测与健康管理系统,模型,1,0,0
飞机电源故障诊断与预测系统,技术,0,0,1
飞机电源故障诊断与预测系统,系统,0,1,0
飞机电源系统,系统,2,2,1
飞机电源系统,设备,0,1,0
飞机电源系统健康管理系统的架构,研究结果,0,0,1
飞机电源系统故障诊断发展趋势,研究结果,0,0,1
飞机电源系统故障诊断技术综述,研究结果,0,0,1
飞机电源系统故障诊断方法研究进展,研究结果,0,0,1
飞机的使用与保障费用比过去的机种减少了50%以上,成果,0,0,1
飞机空调冷却子系统,系统,0,1,0
飞机空调系统工作状态预测方法,技术,0,0,1
飞机管理器,组件,1,0,0
飞机管理器,部件,1,0,0
飞机系统健康管理,研究,0,0,1
飞机系统级管理器,系统,0,1,0
飞机级PHM管理器,架构组成部分,1,0,0
飞机级PHM管理器,管理器,0,1,0
飞机级,层次,0,1,0
飞机级,层级,1,0,0
飞机结构PHM技术,技术,0,1,0
飞机结构,技术领域,1,0,0
飞机结构健康监测,技术,1,1,1
飞机结构健康监测与管理技术,技术,1,0,1
飞机结构健康监测及寿命预计的流程,研究,0,0,1
飞机结构健康监测技术,技术,0,0,1
飞机结构健康监测方法研究及应用情况,研究,0,0,1
飞机结构健康监测系统和技术应用,研究,0,0,1
飞机结构健康管理,技术,0,1,1
飞机结构健康管理技术,技术,0,0,1
飞机结构完整性大纲 (ASIP),大纲,1,0,0
飞机结构完整性大纲,技术,0,0,1
飞机结构寿命监控与寿命管理,研究,0,0,1
飞机结构载荷监测系统,技术,0,0,1
飞机维修分析(Aircraft Maintenance Analysis，AIRMAN)系统,系统,0,0,1
飞机维修分析（Aircraft Maintenance Analysis，简称AIRMAN）系统,系统,1,0,0
飞机维修分析（Airman）系统,平台,0,1,0
飞机维修分析（Airman）系统,技术,0,0,1
飞机维修分析（Airman）系统,系统,1,0,0
飞机维护分析管理系统,技术,0,0,1
飞机维护分析管理系统,系统,1,0,0
飞机维护分析系统(AIRMAN),系统,1,0,0
飞机维护技术文档,技术文档,0,0,1
飞机维护技术文档,数据,1,0,0
飞机维护技术文档,数据源,0,2,0
飞机维护技术文档,文档,1,0,1
飞机综合数据系统,系统,1,1,1
飞机舵面,研究对象,1,0,0
飞机舵面故障诊断系统,系统,0,1,0
飞机舵面故障趋势预测系统,系统,0,1,0
飞机襟缝翼系统,应用领域,1,0,0
飞机襟缝翼系统,系统,0,1,0
飞机设计方,利益相关方,0,1,0
飞机调度维护问题,问题,1,0,0
飞机起落架,模型,0,0,1
飞机起落架,部件,1,0,0
飞机起落架收放系统仿真与健康评估,研究,0,0,1
飞机起落架收放过程及故障的仿真,研究,0,0,1
飞机起落架液压收放系统,系统,1,0,0
飞机起落架液压收放系统的健康评估,研究,0,0,1
飞机起落架液压系统,系统,1,1,0
飞机起落架液压系统电液换向阀内泄漏无法实施检测,问题,0,0,1
飞机起落架电液换向阀内泄漏故障预测方法,方法,1,0,0
飞机起落架系统,系统,0,1,0
飞机辅助动力装置,设备,0,1,0
飞机运营第583周，即11.2年，供油系统故障,研究结果,1,0,0
飞机运行和维护费用,性能指标,0,0,1
飞机远程实时监控技术,技术,1,0,0
飞机远程诊断系统,模型,1,0,0
飞机通信寻址和报告系统,模型,1,0,0
飞机通信寻址系统（ACARS）,平台,0,1,0
飞机通信寻址系统（ACARS）,技术,0,0,1
飞机通信寻址系统（ACARS）,系统,1,0,0
飞机通信报文寻址系统,系统,0,0,1
飞机非线性动力模型,模型,0,1,0
飞机非线性运动模型,模型,0,1,0
飞行中的BIT技术,技术,0,0,1
飞行事故率,性能指标,1,1,1
飞行人员,研究对象,1,1,1
飞行参数,参数,0,1,0
飞行员,人员,0,1,0
飞行员,利益相关方,0,1,0
飞行员组微核率为(5.86±2.24),研究结果,1,0,0
飞行和使用管理软件FUMS64,软件,1,0,0
飞行器,产品,0,1,0
飞行器使用可靠性、安全性与故障诊断实验室,实验室,0,1,1
飞行器使用可靠性、安全性与故障诊断实验室,机构,1,0,0
飞行器健康监控 (VHM),技术,1,0,0
飞行器健康监控,技术,0,1,1
飞行器健康管理,技术,0,1,1
飞行器健康管理系统,系统,1,1,0
飞行器导航与控制实验室,实验室,1,1,1
飞行器管理系统,系统,1,0,0
飞行器管理系统（VMS）,系统,0,0,1
飞行器综合健康管理(IVHM),系统,1,0,0
飞行器综合健康管理,技术,0,0,1
飞行器综合健康管理,系统,2,0,0
飞行器综合健康管理（PHM）系统,技术,0,1,0
飞行器自主控制技术教育部工程中心,机构,0,1,0
飞行器自主控制技术教育部工程中心,科研基地,0,0,1
飞行器远程实时健康监控,技术,0,0,1
飞行器集成健康管理（Integrated Vehicle Health Management，IVHM）,技术,0,0,1
飞行器飞行管理仿真实验室,实验室,1,1,1
飞行姿态,参数,0,1,0
飞行安全,性能指标,0,0,1
飞行安全,目标,0,1,0
飞行安全性,性能指标,1,0,1
飞行指引,子系统,0,1,0
飞行控制,功能,0,1,0
飞行控制,技术,0,0,1
飞行控制功能,功能,0,1,0
飞行控制系统,系统,1,1,0
飞行数据,数据,1,0,0
飞行数据记录,技术,0,1,0
飞行数据记录仪,模型,1,0,0
飞行时间,因素,0,1,1
飞行状态识别,技术,1,0,0
飞行试验,概念,0,1,0
飞行载荷与环境数字孪生体,模型,0,1,0
飞行马赫数,参数,0,1,0
飞行高度,参数,0,2,0
飞行高度,因素,0,1,1
飞行高度,概念,1,0,0
首批国防特色学科,学科定性,1,0,0
香港理工大学,机构,1,1,0
马尔可夫决策模型,方法,0,1,0
马尔可夫决策模型,模型,1,0,0
马尔可夫决策过程,模型,1,1,0
马尔可夫模型(HMM),模型,0,1,0
马尔可夫模型（HMM）计算方法,技术,1,0,0
马尔可夫状态转移图,模型,1,0,0
马尔科夫模型,模型,1,1,0
马尔科夫模型,算法,0,0,1
马尔科夫模型（HMM）,模型,0,0,1
马尔科夫链,算法,1,0,1
马建峰,人物,0,0,1
马氏距离,方法,0,1,0
马氏距离,算法,2,1,0
马里兰大学,机构,0,1,0
马里兰大学,组织,1,1,1
马里兰大学预测与健康管理联合会,组织,0,1,0
驱动层,组件,0,1,0
驻波,参数,1,0,0
驾驶员,研究对象,1,0,1
驾驶员,职业,0,1,0
驾驶员患病率均高于安全员,研究结果,1,0,0
驾驶机型,影响因素,1,1,0
验证与评估模块,模块,0,0,1
验证与评估模块,部件/模块,1,0,0
验证技术,技术,1,1,0
验证方法,方法,0,1,0
验证流程,流程,0,1,0
验证系统硬件平台,硬件平台,0,0,1
验证评估,技术,0,1,1
验证评估,问题,0,1,0
验证评估及标准制定,概念,0,0,1
验证评估平台,系统,1,0,0
验证误差,性能指标,0,1,0
高保真物理模型,模型,1,0,0
高升力系统,技术,1,0,1
高升力系统,系统,0,1,0
高升力系统控制方式,技术,1,0,0
高压、直流化,技术,0,0,1
高压化,发展趋势,1,0,0
高压化,技术,1,1,0
高压化,技术术语,0,0,1
高压化,概念,0,1,0
高压压气机出口压力,参数,0,0,1
高压压气机模块性能衰退,故障类型,0,1,1
高压压缩机出口压力,参数,0,1,0
高压压缩机出口温度,参数,0,1,0
高压压缩机出口燃料流量与静压比,参数,0,1,0
高压压缩机出口燃料流量与静压比是关键参数,研究结果,0,1,0
高压压缩机出口静态压力,参数,0,1,0
高压涡轮,研究对象,1,0,0
高压涡轮,部件,0,1,0
高压涡轮不正常,故障,0,1,0
高压涡轮效率退化参数,参数,0,0,1
高压涡轮效率退化参数,性能指标,1,0,0
高压涡轮模块性能衰退,故障类型,0,1,1
高压直流,供电体制,1,0,0
高压直流,技术,0,1,0
高压直流电力系统,供电体制,1,0,0
高压直流电源,技术,0,0,1
高压级活门,系统,0,0,1
高压级调节器,系统,0,0,1
高压转子,研究对象,1,0,0
高压转子振动大,故障,1,0,0
高压转子转速,参数,1,1,1
高压转子转速百分比,参数,0,0,1
高压转速,参数,0,1,0
高可靠嵌入式实时操作系统,技术,0,0,1
高可靠嵌入式实时操作系统,组件,0,1,0
高可靠性作动器,关键技术,0,1,0
高可靠性作动器研制,技术/概念,1,0,0
高可靠性液压系统设计,关键技术,0,1,0
高可靠性液压系统设计,问题,1,0,0
高周疲劳,失效模式,0,1,0
高周疲劳,概念,1,0,0
高噪声,影响因素,1,0,0
高密度脂蛋白胆固醇,体检项目,0,0,1
高尿酸血症,疾病,1,1,1
高层次故障检测与故障预测算法,算法,0,0,1
高层次物理模型,模型,1,0,0
高度,参数,0,2,0
高度综合化的航空电子系统,架构,1,0,0
高度集成化,技术,0,0,1
高度集成化,技术/概念,1,0,0
高度集成化,趋势,0,1,0
高性能大量通道采集系统,模型,1,0,0
高换热效率燃油散热器技术,技术,1,0,0
高故障率问题,研究问题,1,0,0
高效中继节点快速选择算法,技术,0,0,1
高效维护和管理,研究结果,0,1,0
高效高功率密度功率变换,技术,1,0,0
高斯函数,函数,2,0,0
高斯函数,模型,0,0,1
高斯回归过程,技术,0,0,1
高斯回归过程,算法,1,1,0
高斯型函数,函数,1,0,0
高斯径向基函数,函数,1,1,0
高斯朴素贝叶斯分类器 (Gaussian NB),模型,1,0,0
高斯朴素贝叶斯分类器,方法,0,1,0
高斯核函数,函数,1,1,0
高斯核函数,模型,0,0,1
高斯核函数,算法,0,1,0
高斯概率密度函数,函数,0,0,1
高斯混合模型,模型,0,0,1
高斯聚类模型,模型,1,1,1
高斯过程,算法,1,1,0
高斯过程回归(GPR),算法,1,0,0
高斯过程回归,技术,0,0,1
高斯过程回归,方法,1,1,0
高斯过程回归,模型,0,1,0
高斯过程回归,算法,1,1,3
高斯隐马尔科夫模型,模型,1,1,0
高斯隐马尔科夫模型,算法,0,1,0
高斯隶属度函数,函数,1,0,0
高涵道比民用涡扇发动机,研究对象,1,0,0
高温泵转速,parameter,0,1,0
高温燃气与周围冷气的掺混,现象,1,0,0
高热负荷下全环冷却热防护设计技术,技术,1,0,0
高甘油三脂血症,疾病,0,0,1
高甘油三酯血症,疾病,1,1,0
高确保安全体系结构MLS- PCA,模型,1,0,0
高精度快速细节应力分析技术,技术,1,0,1
高精度热管理飞发联合仿真技术,技术,1,0,0
高精度热管理飞发联合仿真技术,方法,0,1,0
高能效数据收集协议,技术,0,0,1
高脂血症,疾病,1,1,1
高速容错技术的数据网络技术,技术,0,0,1
高速微处理机技术,技术,0,0,1
高速数字电路故障隔离方法,方法,1,0,0
高速数字电路测试,技术,0,0,1
高速数据处理技术,技术,0,1,0
高隐身技术,技术,1,1,1
高频气流喷嘴,硬件/部件,1,0,0
高频燃油调节器,硬件/部件,1,0,0
鬼怪工厂,实体,0,1,0
鲁峰,组织/人名,1,0,0
鲁棒性,性能指标,6,1,0
鲁棒性,研究结果,0,1,0
鲁棒故障特征提取,技术,0,1,0
鹰,飞机,0,1,0
鹰教练机,飞机,0,1,0
麻省理工大学,机构,1,0,0
麻雀搜索算法(SSA),算法,1,0,0
麻雀搜索算法,算法,0,1,0
黄以锋,人物,0,0,1
黄志尧,人物,1,0,0
黄志尧教授,人物,0,1,1
黄液压系统,能源系统,0,1,0
黄雅琳,人物,0,1,1
黄鹤,人物,0,0,1
黑盒仿真,技术,0,0,1
黑箱模型,模型,1,0,0
黑箱特性,问题,1,0,0
黑箱算法,概念,0,1,0
黑鹰直升机,飞机,0,1,0
鼻锥,部件,1,0,0
齿轮,设备,0,1,0
齿轮传动风扇发动机,技术,1,1,1
齿轮减速器,部件/模块,1,0,0
齿轮减速器故障,故障模式,0,1,0
齿轮断齿故障,故障模式,1,0,0
齿轮箱,对象,1,0,0
齿轮箱故障,故障,0,1,0
