semantic_pattern,syntactic_key,display_path,example,path_len,title,subject,object
会议 → 在...召开 → 地点,nn->conj->punct->root->prep->pobj,"2017(nn) — 预测(conj) — ,(punct) — 召开(root) — 在(prep) — 西安(pobj)",[2017预测与健康管理(PHM)研讨会] → [西安],6,2017预测与健康管理(PHM)研讨会在西安召开,2017预测与健康管理(PHM)研讨会,西安
会议 → 于...召开 → 日期,nn->conj->punct->root->tmod->nn->nn,"2017(nn) — 预测(conj) — ,(punct) — 召开(root) — 19日(tmod) — 2017年(nn) — 5月(nn)",[2017预测与健康管理(PHM)研讨会] → [2017年5月19日],7,2017预测与健康管理(PHM)研讨会在西安召开,2017预测与健康管理(PHM)研讨会,2017年5月19日
会议 → 由...主办 → 机构,punct->nn->conj->root->root->prep->pobj->conj->nn->nn->nn->nn->conj,",(punct) — 2017(nn) — 预测(conj) — 召开(root) — 主办(root) — 由(prep) — 分会(pobj) — 分会(conj) — 学会(nn) — 中国(nn) — 电子(nn) — 电子(nn) — 测量(conj)",[2017预测与健康管理(PHM)研讨会] → [中国电子学会电子测量与仪器分会],13,2017预测与健康管理(PHM)研讨会在西安召开,2017预测与健康管理(PHM)研讨会,中国电子学会电子测量与仪器分会
会议 → 由...主办 → 机构,punct->nn->conj->root->root->prep->pobj->nn->nn->nn->nn->conj,",(punct) — 2017(nn) — 预测(conj) — 召开(root) — 主办(root) — 由(prep) — 分会(pobj) — 学会(nn) — 仪器(nn) — 仪表(nn) — 电子(nn) — 测量(conj)",[2017预测与健康管理(PHM)研讨会] → [中国仪器仪表学会电子测量与仪器分会],12,2017预测与健康管理(PHM)研讨会在西安召开,2017预测与健康管理(PHM)研讨会,中国仪器仪表学会电子测量与仪器分会
会议 → 由...承办 → 机构,nn->conj->punct->root->conj->dobj->nn->conj->nn->nn,"2017(nn) — 预测(conj) — ,(punct) — 召开(root) — 来自(conj) — 单位(dobj) — 大学(nn) — 大学(conj) — 空军(nn) — 工程(nn)",[2017预测与健康管理(PHM)研讨会] → [空军工程大学航空航天工程学院PHM实验室],10,2017预测与健康管理(PHM)研讨会在西安召开,2017预测与健康管理(PHM)研讨会,空军工程大学航空航天工程学院PHM实验室
机构 → 参加 → 会议,nn->nn->conj->nn->dobj->conj->root->punct->nn->conj,"空军(nn) — 工程(nn) — 大学(conj) — 大学(nn) — 单位(dobj) — 来自(conj) — 召开(root) — ,(punct) — 2017(nn) — 预测(conj)",[空军工程大学] → [2017预测与健康管理(PHM)研讨会],10,2017预测与健康管理(PHM)研讨会在西安召开,空军工程大学,2017预测与健康管理(PHM)研讨会
机构 → 参加 → 会议,nn->conj->nn->dobj->conj->root->punct->nn->conj,"浙江(nn) — 大学(conj) — 大学(nn) — 单位(dobj) — 来自(conj) — 召开(root) — ,(punct) — 2017(nn) — 预测(conj)",[浙江大学] → [2017预测与健康管理(PHM)研讨会],9,2017预测与健康管理(PHM)研讨会在西安召开,浙江大学,2017预测与健康管理(PHM)研讨会
机构 → 参加 → 会议,nn->nn->conj->nn->dobj->conj->root->punct->nn->conj,"哈尔滨(nn) — 工业(nn) — 大学(conj) — 大学(nn) — 单位(dobj) — 来自(conj) — 召开(root) — ,(punct) — 2017(nn) — 预测(conj)",[哈尔滨工业大学] → [2017预测与健康管理(PHM)研讨会],10,2017预测与健康管理(PHM)研讨会在西安召开,哈尔滨工业大学,2017预测与健康管理(PHM)研讨会
机构 → 参加 → 会议,nn->nn->nn->conj->nn->dobj->conj->root->punct->nn->conj,"北京(nn) — 航空(nn) — 航天(nn) — 大学(conj) — 大学(nn) — 单位(dobj) — 来自(conj) — 召开(root) — ,(punct) — 2017(nn) — 预测(conj)",[北京航空航天大学] → [2017预测与健康管理(PHM)研讨会],11,2017预测与健康管理(PHM)研讨会在西安召开,北京航空航天大学,2017预测与健康管理(PHM)研讨会
机构 → 参加 → 会议,nn->nn->nn->nn->dobj->conj->root->punct->nn->conj,"南京(nn) — 航空(nn) — 航天(nn) — 大学(nn) — 单位(dobj) — 来自(conj) — 召开(root) — ,(punct) — 2017(nn) — 预测(conj)",[南京航空航天大学] → [2017预测与健康管理(PHM)研讨会],10,2017预测与健康管理(PHM)研讨会在西安召开,南京航空航天大学,2017预测与健康管理(PHM)研讨会
机构 → 隶属于 → 机构,nn->nn->conj,空军(nn) — 工程(nn) — 大学(conj),[空军工程大学航空航天工程学院PHM实验室] → [空军工程大学],3,2017预测与健康管理(PHM)研讨会在西安召开,空军工程大学航空航天工程学院PHM实验室,空军工程大学
会议 → 得到...支持 → 期刊,punct->nn->conj->root->root->dep->conj->punct->nn->nn,",(punct) — 2017(nn) — 预测(conj) — 召开(root) — 主办(root) — 电(dep) — 学报(conj) — 《(punct) — 仪器(nn) — 仪表(nn)",[2017预测与健康管理(PHM)研讨会] → [《仪器仪表学报》],10,2017预测与健康管理(PHM)研讨会在西安召开,2017预测与健康管理(PHM)研讨会,《仪器仪表学报》
会议 → 得到...支持 → 期刊,punct->nn->conj->root->root->prep->pobj->conj->nn->conj,",(punct) — 2017(nn) — 预测(conj) — 召开(root) — 主办(root) — 由(prep) — 分会(pobj) — 分会(conj) — 电子(nn) — 测量(conj)",[2017预测与健康管理(PHM)研讨会] → [《电子测量与仪器学报》],10,2017预测与健康管理(PHM)研讨会在西安召开,2017预测与健康管理(PHM)研讨会,《电子测量与仪器学报》
会议 → 得到...支持 → 期刊,punct->nn->conj->root->root->dep->conj,",(punct) — 2017(nn) — 预测(conj) — 召开(root) — 主办(root) — 电(dep) — INSTRUMENTATION(conj)",[2017预测与健康管理(PHM)研讨会] → [INSTRUMENTATION],7,2017预测与健康管理(PHM)研讨会在西安召开,2017预测与健康管理(PHM)研讨会,INSTRUMENTATION
任务 → 支持 → 任务,nn->nsubj->root->prep->pobj->nn->nn->assmod->assm,故障(nn) — 预测(nsubj) — 具有(root) — 对(prep) — 维护(pobj) — 飞机(nn) — 空调(nn) — 系统(assmod) — 的(assm),[故障预测] → [飞机空调系统维护],9,A320飞机空调系统故障预测模型研究,故障预测,飞机空调系统维护
Model → 基于 → 理论,nsubj,预测(nsubj),"[传统GM(1,1)预测模型] → [灰色预测建模理论]",1,A320飞机空调系统故障预测模型研究,"传统GM(1,1)预测模型",灰色预测建模理论
Model → 适用于 → 数据类型,nsubj->root->root->ccomp->prep->pobj->nn->nn,预测(nsubj) — 具有(root) — 适用于(root) — 进行(ccomp) — 对(prep) — 序列(pobj) — 指数(nn) — 规律(nn),"[传统GM(1,1)预测模型] → [指数规律序列]",8,A320飞机空调系统故障预测模型研究,"传统GM(1,1)预测模型",指数规律序列
Model → 不适用于 → 数据类型,nsubj->root->root->dep->dobj->nn,预测(nsubj) — 具有(root) — 适用于(root) — 适合(dep) — 序列(dobj) — 波动(nn),"[传统GM(1,1)预测模型] → [波动序列]",6,A320飞机空调系统故障预测模型研究,"传统GM(1,1)预测模型",波动序列
参数 → 具有 → 特性,nn->nn->assmod->pobj->prep->root->root->dep->dobj->nn,飞机(nn) — 空调(nn) — 系统(assmod) — 维护(pobj) — 对(prep) — 具有(root) — 适用于(root) — 适合(dep) — 序列(dobj) — 波动(nn),[A320飞机空调系统参数] → [波动性],10,A320飞机空调系统故障预测模型研究,A320飞机空调系统参数,波动性
参数 → 具有 → 特性,assmod->assm->nn->dobj->top->root->root->dobj,飞机(assmod) — 的(assm) — 性能(nn) — 参数(dobj) — 利用(top) — 重要(root) — 具有(root) — 非线性(dobj),[飞机性能参数] → [非线性],8,飞机性能参数预测的不确定性处理,飞机性能参数,非线性
Model → 采用 → 方法,nsubj->root->root->conj->dobj->nummod->clf,预测(nsubj) — 具有(root) — 具有(root) — 采用(conj) — 均值法(dobj) — 3(nummod) — 点(clf),"[改进的GM(1,1)预测模型] → [3点均值法]",7,A320飞机空调系统故障预测模型研究,"改进的GM(1,1)预测模型",3点均值法
方法 → 预处理 → 数据类型,nummod->clf->dobj->conj->root->root->dep->dobj->nn,3(nummod) — 点(clf) — 均值法(dobj) — 采用(conj) — 具有(root) — 适用于(root) — 适合(dep) — 序列(dobj) — 波动(nn),[3点均值法] → [原始波动序列],9,A320飞机空调系统故障预测模型研究,3点均值法,原始波动序列
Model → 修正 → 参数,nsubj->root->root->conj->conj->dobj,预测(nsubj) — 具有(root) — 具有(root) — 采用(conj) — 修正(conj) — 背景值(dobj),"[改进的GM(1,1)预测模型] → [背景值]",6,A320飞机空调系统故障预测模型研究,"改进的GM(1,1)预测模型",背景值
Model → 提高 → 指标,nsubj,预测(nsubj),"[改进的GM(1,1)预测模型] → [预测精度]",1,A320飞机空调系统故障预测模型研究,"改进的GM(1,1)预测模型",预测精度
Model → 提高 → 指标,nn->nsubj,故障(nn) — 预测(nsubj),[双向LSTM故障预测模型] → [预测精度],2,双向LSTM神经网络的航空发动机故障预测,双向LSTM故障预测模型,预测精度
Model → 提高 → 指标,nsubj->conj->dobj->assmod->assm,预测(nsubj) — 使得(conj) — 准确性(dobj) — 预测(assmod) — 的(assm),[多参数预测模型] → [预测的准确性],5,飞机发动机故障的多参数预测模型,多参数预测模型,预测的准确性
Model → 验证于 → 参数,nsubj->root->root->prep->pobj->nn->nn,预测(nsubj) — 具有(root) — 为(root) — 以(prep) — 温度(pobj) — 水分离器(nn) — 出口(nn),"[改进的GM(1,1)预测模型] → [水分离器出口温度]",7,A320飞机空调系统故障预测模型研究,"改进的GM(1,1)预测模型",水分离器出口温度
参数 → 属于 → 系统,nn->nn->pobj->prep->root->root->prep->pobj->assmod->nn,水分离器(nn) — 出口(nn) — 温度(pobj) — 以(prep) — 为(root) — 具有(root) — 对(prep) — 维护(pobj) — 系统(assmod) — 空调(nn),[水分离器出口温度] → [A320空调系统],10,A320飞机空调系统故障预测模型研究,水分离器出口温度,A320空调系统
技术 → 提高 → Performance Metric,amod->nn->nn->nn->top->root->attr->rcmod->dobj->conj,综合(amod) — 运载器(nn) — 健康(nn) — 管理(nn) — 技术(top) — 是(root) — 途径(attr) — 提高(rcmod) — 可维护性(dobj) — 安全性(conj),[综合运载器健康管理(IVHM)技术] → [安全性],10,ATML在综合运载器健康管理系统中的应用,综合运载器健康管理(IVHM)技术,安全性
技术 → 提高 → Performance Metric,amod->nn->nn->nn->top->root->attr->rcmod->dobj->conj,综合(amod) — 运载器(nn) — 健康(nn) — 管理(nn) — 技术(top) — 是(root) — 途径(attr) — 提高(rcmod) — 可维护性(dobj) — 可靠性(conj),[综合运载器健康管理(IVHM)技术] → [可靠性],10,ATML在综合运载器健康管理系统中的应用,综合运载器健康管理(IVHM)技术,可靠性
技术 → 提高 → Performance Metric,amod->nn->nn->nn->top->root->attr->rcmod->dobj,综合(amod) — 运载器(nn) — 健康(nn) — 管理(nn) — 技术(top) — 是(root) — 途径(attr) — 提高(rcmod) — 可维护性(dobj),[综合运载器健康管理(IVHM)技术] → [可维护性],9,ATML在综合运载器健康管理系统中的应用,综合运载器健康管理(IVHM)技术,可维护性
技术 → 提高 → Performance Metric,nn->nn->nn->assmod->pobj->root->root->prep->pobj->rcmod->dobj->nn,气路(nn) — 故障(nn) — 诊断(nn) — 技术(assmod) — 进步(pobj) — 随着(root) — 出发(root) — 从(prep) — 角度(pobj) — 提高(rcmod) — 安全性(dobj) — 飞行(nn),[气路故障诊断技术] → [飞行安全性],12,军用航空发动机气路故障诊断技术进展,气路故障诊断技术,飞行安全性
技术 → 提高 → Performance Metric,cc->nn->nn->nsubj->conj->prep->pobj->rcmod->dobj->amod->nn->punct->nummod,"与(cc) — 健康(nn) — 管理(nn) — 技术(nsubj) — 回顾(conj) — 作为(prep) — 技术(pobj) — 提高(rcmod) — 性(dobj) — 复杂(amod) — 系统(nn) — ""(punct) — 五(nummod)",[综合诊断、预测与健康管理(PHM)技术] → [复杂系统五性],13,国外综合诊断、预测与健康管理技术的发展及应用,综合诊断、预测与健康管理(PHM)技术,复杂系统五性
技术 → 提高 → Performance Metric,nn->nn->nn->dobj->nn,航空(nn) — 健康(nn) — 管理(nn) — 技术(dobj) — 发动机(nn),[航空发动机健康管理技术] → [发动机安全],5,基于混合驱动的航空发动机气路故障诊断技术综述,航空发动机健康管理技术,发动机安全
技术 → 提高 → Performance Metric,conj->nn->nsubj->root->conj->conj->dobj->nn->conj,预测(conj) — 故障(nn) — 技术(nsubj) — 是(root) — 降低(conj) — 提高(conj) — 可用性(dobj) — 战备(nn) — 完好率(conj),[故障预测与管理技术(PHM)] → [战备完好率],9,基于综合PHM方法的导弹维修保障综述,故障预测与管理技术(PHM),战备完好率
技术 → 提高 → Performance Metric,conj->nn->nsubj->root->conj->conj->dobj->nn->conj,预测(conj) — 故障(nn) — 技术(nsubj) — 是(root) — 降低(conj) — 提高(conj) — 可用性(dobj) — 任务(nn) — 成功率(conj),[故障预测与管理技术(PHM)] → [任务成功率],9,基于综合PHM方法的导弹维修保障综述,故障预测与管理技术(PHM),任务成功率
技术 → 提高 → Performance Metric,conj->nn->nsubj->root->conj->conj->dobj->conj,预测(conj) — 故障(nn) — 技术(nsubj) — 是(root) — 降低(conj) — 提高(conj) — 可用性(dobj) — 安全性(conj),[故障预测与管理技术(PHM)] → [安全性和可用性],8,基于综合PHM方法的导弹维修保障综述,故障预测与管理技术(PHM),安全性和可用性
技术 → 提高 → Performance Metric,nsubj->root->attr->rcmod->dobj->nn->conj,PHM(nsubj) — 是(root) — 手段(attr) — 提高(rcmod) — 效率(dobj) — 系统(nn) — 可用性(conj),[PHM] → [系统可用性],7,新一代航空电子故障预测与健康管理系统综述,PHM,系统可用性
技术 → 提高 → Performance Metric,nsubj->root->attr->rcmod->dobj->nn,PHM(nsubj) — 是(root) — 手段(attr) — 提高(rcmod) — 效率(dobj) — 维修(nn),[PHM] → [维修效率],6,新一代航空电子故障预测与健康管理系统综述,PHM,维修效率
技术 → 提高 → Performance Metric,punct->prnmod->nn->nsubj->root->attr->rcmod->dobj->nn->conj,)(punct) — PHM(prnmod) — 管理(nn) — 技术(nsubj) — 是(root) — 手段(attr) — 提高(rcmod) — 效率(dobj) — 系统(nn) — 可用性(conj),[PHM技术] → [系统可用性],10,综合航空电子系统故障诊断与健康管理技术发展,PHM技术,系统可用性
技术 → 提高 → Performance Metric,punct->prnmod->nn->nsubj->root->attr->rcmod->dobj->nn,)(punct) — PHM(prnmod) — 管理(nn) — 技术(nsubj) — 是(root) — 手段(attr) — 提高(rcmod) — 效率(dobj) — 维修(nn),[PHM技术] → [维修效率],9,综合航空电子系统故障诊断与健康管理技术发展,PHM技术,维修效率
技术 → 降低 → 成本,amod->nn->nn->nn->top->root->attr->rcmod->conj->dobj,综合(amod) — 运载器(nn) — 健康(nn) — 管理(nn) — 技术(top) — 是(root) — 途径(attr) — 提高(rcmod) — 降低(conj) — 成本(dobj),[综合运载器健康管理(IVHM)技术] → [成本],10,ATML在综合运载器健康管理系统中的应用,综合运载器健康管理(IVHM)技术,成本
技术 → 降低 → 成本,nn->nsubj->conj->root->conj->conj->dobj->cc->nn,PHM(nn) — 技术(nsubj) — 用于(conj) — 发生(root) — 实现(conj) — 降低(conj) — 费用(dobj) — 和(cc) — 保障(nn),[PHM技术] → [使用和保障费用],9,PHM技术在航空结构疲劳寿命预测中的应用,PHM技术,使用和保障费用
技术 → 降低 → 成本,nn->nn->nn->assmod->pobj->root->root->prep->pobj->rcmod->conj->dobj->nn->nn,气路(nn) — 故障(nn) — 诊断(nn) — 技术(assmod) — 进步(pobj) — 随着(root) — 出发(root) — 从(prep) — 角度(pobj) — 提高(rcmod) — 降低(conj) — 成本(dobj) — 视情(nn) — 维修(nn),[气路故障诊断技术] → [视情维修成本],14,军用航空发动机气路故障诊断技术进展,气路故障诊断技术,视情维修成本
技术 → 降低 → 成本,cc->nn->nn->nsubj->conj->prep->pobj->rcmod->conj->dobj->nn->nn->nn,与(cc) — 健康(nn) — 管理(nn) — 技术(nsubj) — 回顾(conj) — 作为(prep) — 技术(pobj) — 提高(rcmod) — 降低(conj) — 费用(dobj) — 系统(nn) — 寿命(nn) — 周期(nn),[综合诊断、预测与健康管理(PHM)技术] → [系统寿命周期费用],13,国外综合诊断、预测与健康管理技术的发展及应用,综合诊断、预测与健康管理(PHM)技术,系统寿命周期费用
技术 → 降低 → 成本,nn->nn->nn->nn->dobj->root->root->prep->pccomp->conj->dobj->nn,航空(nn) — 发动机(nn) — 健康(nn) — 管理(nn) — 技术(dobj) — 发展(root) — 具有(root) — 对于(prep) — 提高(pccomp) — 降低(conj) — 成本(dobj) — 维修(nn),[航空发动机健康管理技术] → [维修成本],12,基于混合驱动的航空发动机气路故障诊断技术综述,航空发动机健康管理技术,维修成本
技术 → 降低 → 成本,conj->nn->nsubj->root->conj->dobj->cc->nn,预测(conj) — 故障(nn) — 技术(nsubj) — 是(root) — 降低(conj) — 费用(dobj) — 和(cc) — 保障(nn),[故障预测与管理技术(PHM)] → [维修、使用和保障费用],8,基于综合PHM方法的导弹维修保障综述,故障预测与管理技术(PHM),维修、使用和保障费用
技术 → 降低 → 成本,nsubj->root->attr->rcmod->conj->dobj->nn->nn,PHM(nsubj) — 是(root) — 手段(attr) — 提高(rcmod) — 降低(conj) — 成本(dobj) — 寿命(nn) — 周期(nn),[PHM] → [寿命周期成本],8,新一代航空电子故障预测与健康管理系统综述,PHM,寿命周期成本
技术 → 降低 → 成本,punct->prnmod->nn->nsubj->root->attr->rcmod->conj->dobj->nn->nn,)(punct) — PHM(prnmod) — 管理(nn) — 技术(nsubj) — 是(root) — 手段(attr) — 提高(rcmod) — 降低(conj) — 成本(dobj) — 寿命(nn) — 周期(nn),[PHM技术] → [寿命周期成本],11,综合航空电子系统故障诊断与健康管理技术发展,PHM技术,寿命周期成本
技术 → 降低 → 成本,nn->nn->nn->nn->nsubj->root->conj->attr->rcmod->conj->dobj->nn->nn,航空(nn) — 发动机(nn) — 气路(nn) — 故障(nn) — 诊断(nsubj) — 是(root) — 是(conj) — 途径(attr) — 提高(rcmod) — 降低(conj) — 成本(dobj) — 发动机(nn) — 维修(nn),[航空发动机气路故障诊断] → [发动机维修成本],13,航空发动机气路故障诊断研究现状与展望,航空发动机气路故障诊断,发动机维修成本
技术 → 降低 → 成本,assm->nn->conj->assmod->nsubj->root->root->prep->pobj,的(assm) — 健康(nn) — 管理(conj) — 飞机(assmod) — 技术(nsubj) — 重要(root) — 面临(root) — 随着(prep) — 使用(pobj),[健康管理与预测(PHM)技术] → [使用成本],9,轻型飞机健康管理与故障预测的应用,健康管理与预测(PHM)技术,使用成本
技术 → 降低 → 成本,nn->nsubj->root->root->conj->attr->rcmod->conj->dobj->nn,飞机(nn) — 结构(nsubj) — 是(root) — 具有(root) — 是(conj) — 之一(attr) — 保证(rcmod) — 降低(conj) — 费用(dobj) — 维护(nn),[飞机结构健康监测与管理技术] → [维护费用],10,飞机结构健康监测与管理技术研究进展和展望,飞机结构健康监测与管理技术,维护费用
系统 → 具有 → 特性,punct->prnmod->nn->top->root->root->prep->pobj->conj->amod,((punct) — IVHM(prnmod) — 管理(nn) — 技术(top) — 是(root) — 提出(root) — 针对(prep) — 特点(pobj) — 互操作性(conj) — 高(amod),[IVHM系统] → [高互操作性],10,ATML在综合运载器健康管理系统中的应用,IVHM系统,高互操作性
系统 → 具有 → 特性,punct->prnmod->nn->top->root->root->prep->pobj->amod->nn->nn,((punct) — IVHM(prnmod) — 管理(nn) — 技术(top) — 是(root) — 提出(root) — 针对(prep) — 特点(pobj) — 复杂(amod) — 数据(nn) — 交换(nn),[IVHM系统] → [复杂数据交换特点],11,ATML在综合运载器健康管理系统中的应用,IVHM系统,复杂数据交换特点
标准/语言 → 用于描述 → 设备,amod->nn->nn->dobj->ccomp->conj->prep->pobj->nn->amod,自动(amod) — 测试(nn) — 标记(nn) — 语言(dobj) — 采用(ccomp) — 进行(conj) — 对(prep) — 设备(pobj) — 航空(nn) — 机载(amod),[自动测试标记语言(ATML)] → [航空机载设备],10,ATML在综合运载器健康管理系统中的应用,自动测试标记语言(ATML),航空机载设备
标准/语言 → 实现 → 目标,amod->nn->nn->dobj->ccomp->conj->ccomp->dobj->conj->assmod->assm->amod,自动(amod) — 测试(nn) — 标记(nn) — 语言(dobj) — 采用(ccomp) — 有利于(conj) — 实现(ccomp) — 可扩展性(dobj) — 集成(conj) — 系统(assmod) — 的(assm) — 高度(amod),[自动测试标记语言(ATML)] → [系统的高度集成],12,ATML在综合运载器健康管理系统中的应用,自动测试标记语言(ATML),系统的高度集成
标准/语言 → 实现 → 目标,amod->nn->nn->dobj->ccomp->conj->ccomp->dobj,自动(amod) — 测试(nn) — 标记(nn) — 语言(dobj) — 采用(ccomp) — 有利于(conj) — 实现(ccomp) — 可扩展性(dobj),[自动测试标记语言(ATML)] → [可扩展性],8,ATML在综合运载器健康管理系统中的应用,自动测试标记语言(ATML),可扩展性
标准/语言 → 应用于 → 系统,amod->nn->nn->dobj->ccomp->root->root->top->nn->amod->nn->nn,自动(amod) — 测试(nn) — 标记(nn) — 语言(dobj) — 采用(ccomp) — 提出(root) — 是(root) — 技术(top) — 管理(nn) — 综合(amod) — 运载器(nn) — 健康(nn),[自动测试标记语言(ATML)] → [综合运载器健康管理系统],12,ATML在综合运载器健康管理系统中的应用,自动测试标记语言(ATML),综合运载器健康管理系统
应用实例 → 是...的实例 → 系统,nn->nn->nn->conj->assmod->dobj->conj->ccomp->root->root->top->nn->amod->nn->nn,航空(nn) — 电源(nn) — 故障(nn) — 诊断(conj) — 系统(assmod) — 实例(dobj) — 结合(conj) — 采用(ccomp) — 提出(root) — 是(root) — 技术(top) — 管理(nn) — 综合(amod) — 运载器(nn) — 健康(nn),[航空电源故障诊断与预测系统] → [综合运载器健康管理系统],15,ATML在综合运载器健康管理系统中的应用,航空电源故障诊断与预测系统,综合运载器健康管理系统
保障系统 → 存在缺陷 → 缺陷,amod->nn->assmod,自主式(amod) — 保障(nn) — 系统(assmod),[F-35自主式保障系统] → [信息系统自动化程度有限],3,F-35飞机自主式保障系统缺陷及原因分析,F-35自主式保障系统,信息系统自动化程度有限
保障系统 → 存在缺陷 → 缺陷,amod->nn->assmod->conj->dobj->root->root->ccomp->conj->prtmod->rcmod->nsubj->neg->cc->conj,自主式(amod) — 保障(nn) — 系统(assmod) — 缺陷(conj) — 原因(dobj) — 分析(root) — 包括(root) — 有限(ccomp) — 完整(conj) — 所(prtmod) — 需(rcmod) — 数据(nsubj) — 不(neg) — 或(cc) — 错误(conj),[F-35自主式保障系统] → [所需数据不完整或错误],15,F-35飞机自主式保障系统缺陷及原因分析,F-35自主式保障系统,所需数据不完整或错误
保障系统 → 存在缺陷 → 缺陷,amod->nn->assmod->conj->dobj->root->root->ccomp->conj->nsubj->advmod,自主式(amod) — 保障(nn) — 系统(assmod) — 缺陷(conj) — 原因(dobj) — 分析(root) — 包括(root) — 有限(ccomp) — 弱(conj) — 可部署性(nsubj) — 较(advmod),[F-35自主式保障系统] → [可部署性较弱],11,F-35飞机自主式保障系统缺陷及原因分析,F-35自主式保障系统,可部署性较弱
保障系统 → 存在缺陷 → 缺陷,amod->nn->assmod->conj->dobj->root->root->ccomp->conj->nn->nsubj->neg,自主式(amod) — 保障(nn) — 系统(assmod) — 缺陷(conj) — 原因(dobj) — 分析(root) — 包括(root) — 有限(ccomp) — 顺畅(conj) — 信息(nn) — 交流(nsubj) — 不(neg),[F-35自主式保障系统] → [信息交流不顺畅],12,F-35飞机自主式保障系统缺陷及原因分析,F-35自主式保障系统,信息交流不顺畅
保障系统 → 存在缺陷 → 缺陷,amod->nn->assmod->conj->dobj->root->root->ccomp->conj->nsubj,自主式(amod) — 保障(nn) — 系统(assmod) — 缺陷(conj) — 原因(dobj) — 分析(root) — 包括(root) — 有限(ccomp) — 短缺(conj) — 备件(nsubj),[F-35自主式保障系统] → [备件短缺和不匹配],10,F-35飞机自主式保障系统缺陷及原因分析,F-35自主式保障系统,备件短缺和不匹配
保障系统 → 存在缺陷 → 缺陷,amod->nn->assmod->conj->dobj->root->root->ccomp->conj->nn->nsubj,自主式(amod) — 保障(nn) — 系统(assmod) — 缺陷(conj) — 原因(dobj) — 分析(root) — 包括(root) — 有限(ccomp) — 困难(conj) — 备件(nn) — 运输(nsubj),[F-35自主式保障系统] → [备件运输困难],11,F-35飞机自主式保障系统缺陷及原因分析,F-35自主式保障系统,备件运输困难
保障系统 → 存在缺陷 → 缺陷,amod->nn->assmod->conj->dobj->root->punct->prtmod,"自主式(amod) — 保障(nn) — 系统(assmod) — 缺陷(conj) — 原因(dobj) — 分析(root) — ,(punct) — 以(prtmod)",[F-35自主式保障系统] → [紧缺备件分配优先级难以确定],8,F-35飞机自主式保障系统缺陷及原因分析,F-35自主式保障系统,紧缺备件分配优先级难以确定
保障系统 → 存在缺陷 → 缺陷,amod->nn->assmod->conj->dobj->root->root->ccomp->conj->nn->nsubj,自主式(amod) — 保障(nn) — 系统(assmod) — 缺陷(conj) — 原因(dobj) — 分析(root) — 包括(root) — 有限(ccomp) — 混乱(conj) — 备件(nn) — 管理(nsubj),[F-35自主式保障系统] → [备件管理混乱],11,F-35飞机自主式保障系统缺陷及原因分析,F-35自主式保障系统,备件管理混乱
问题 → 原因为 → 原因,amod->nn->assmod->assm->conj->dobj->root->prep->pccomp->dobj->assmod->pobj,自主式(amod) — 保障(nn) — 系统(assmod) — 的(assm) — 缺陷(conj) — 原因(dobj) — 分析(root) — 通过(prep) — 研究(pccomp) — 报告(dobj) — 关于(assmod) — 保障(pobj),[F-35自主式保障系统缺陷] → [装备成熟度与保障性之间的矛盾],12,F-35飞机自主式保障系统缺陷及原因分析,F-35自主式保障系统缺陷,装备成熟度与保障性之间的矛盾
问题 → 原因为 → 原因,amod->nn->assmod->assm->conj->dobj->root->prep->pccomp->dobj->assmod->pobj,自主式(amod) — 保障(nn) — 系统(assmod) — 的(assm) — 缺陷(conj) — 原因(dobj) — 分析(root) — 通过(prep) — 研究(pccomp) — 报告(dobj) — 关于(assmod) — 保障(pobj),[F-35自主式保障系统缺陷] → [保障管理的组织架构有待完善],12,F-35飞机自主式保障系统缺陷及原因分析,F-35自主式保障系统缺陷,保障管理的组织架构有待完善
问题 → 原因为 → 原因,amod->nn->assmod->assm->conj->dobj->root->root->ccomp->conj,自主式(amod) — 保障(nn) — 系统(assmod) — 的(assm) — 缺陷(conj) — 原因(dobj) — 分析(root) — 包括(root) — 有限(ccomp) — 困难(conj),[F-35自主式保障系统缺陷] → [全球供应链建设方面的困难估计不足],10,F-35飞机自主式保障系统缺陷及原因分析,F-35自主式保障系统缺陷,全球供应链建设方面的困难估计不足
问题 → 原因为 → 原因,amod->nn->assmod->assm->conj->dobj->root->prep->pccomp->dobj->assmod->pobj,自主式(amod) — 保障(nn) — 系统(assmod) — 的(assm) — 缺陷(conj) — 原因(dobj) — 分析(root) — 通过(prep) — 研究(pccomp) — 报告(dobj) — 关于(assmod) — 保障(pobj),[F-35自主式保障系统缺陷] → [保障管理方面的政策法规不完备],12,F-35飞机自主式保障系统缺陷及原因分析,F-35自主式保障系统缺陷,保障管理方面的政策法规不完备
组织机构 → 发布 → 报告,nn->nn->nsubj->rcmod->dobj->assmod->pobj->nn->nn,美国(nn) — 政府(nn) — 问责局(nsubj) — 发布(rcmod) — 报告(dobj) — 关于(assmod) — 保障(pobj) — F-35(nn) — 飞机(nn),[美国政府问责局(GAO)] → [F-35飞机保障的系列调查报告],9,F-35飞机自主式保障系统缺陷及原因分析,美国政府问责局(GAO),F-35飞机保障的系列调查报告
系统 → 影响 → 目标,assmod->assm->nn->assmod->nsubj->root->prep->pobj->assmod->assm,飞机(assmod) — 的(assm) — 引气(nn) — 系统(assmod) — 运行(nsubj) — 起(root) — 对(prep) — 安全(pobj) — 飞机(assmod) — 的(assm),[飞机引气系统] → [飞机安全],10,GA-WNN在飞机引气系统故障预测的研究,飞机引气系统,飞机安全
系统 → 具有 → 现象,assmod->assm->nn->assmod->nsubj->root->conj->nsubj->amod->nn,飞机(assmod) — 的(assm) — 引气(nn) — 系统(assmod) — 运行(nsubj) — 起(root) — 表现(conj) — 变化(nsubj) — 关键(amod) — 参数(nn),[飞机引气系统] → [关键参数变化],10,GA-WNN在飞机引气系统故障预测的研究,飞机引气系统,关键参数变化
现象 → 表现为 → 特性,amod->nn->nsubj->conj->dobj->amod,关键(amod) — 参数(nn) — 变化(nsubj) — 表现(conj) — 特性(dobj) — 非线性(amod),[关键参数变化] → [非线性特性],6,GA-WNN在飞机引气系统故障预测的研究,关键参数变化,非线性特性
特性 → 提高 → 问题,amod->dobj->conj->root->conj->dobj->nn->assmod->assm,非线性(amod) — 特性(dobj) — 表现(conj) — 起(root) — 提高(conj) — 难度(dobj) — 故障(nn) — 预测(assmod) — 的(assm),[非线性特性] → [故障预测难度],9,GA-WNN在飞机引气系统故障预测的研究,非线性特性,故障预测难度
Model → 用于 → 任务,cpm->nn->nn->nn->rcmod->dobj->dep->root->root->conj->dobj->assmod->nn->nn->nn,的(cpm) — 小波(nn) — 神经(nn) — 网络(nn) — 基于(rcmod) — 模型(dobj) — 提出(dep) — 建立(root) — 起(root) — 提高(conj) — 难度(dobj) — 预测(assmod) — 引气(nn) — 系统(nn) — 故障(nn),[遗传算法-小波神经网络模型] → [飞机引气系统故障预测],15,GA-WNN在飞机引气系统故障预测的研究,遗传算法-小波神经网络模型,飞机引气系统故障预测
Model → 用于 → 任务,punct->prnmod->dobj->root->root->pobj->rcmod->nsubj,((punct) — Caps-BiGRU-Attention(prnmod) — 模型(dobj) — 提出(root) — 针对(root) — 问题(pobj) — 识别(rcmod) — 故障(nsubj),[Caps-BiGRU-Attention模型] → [故障模式识别],8,基于Caps-BiGRU-Attention的直升机涡轮发动机健康管理方法,Caps-BiGRU-Attention模型,故障模式识别
Model → 用于 → 任务,punct->prnmod->dobj->root->dep->dobj->nn->nn,((punct) — Caps-BiGRU-Attention(prnmod) — 模型(dobj) — 提出(root) — 进行(dep) — 预测(dobj) — 扭矩(nn) — 裕度(nn),[Caps-BiGRU-Attention模型] → [扭矩裕度预测],8,基于Caps-BiGRU-Attention的直升机涡轮发动机健康管理方法,Caps-BiGRU-Attention模型,扭矩裕度预测
Model → 用于 → 任务,prnmod->punct->dobj->nn->rcmod->dobj->root->root->attr->assmod->conj,LSTM(prnmod) — )(punct) — 分类器(dobj) — 网络(nn) — 基于(rcmod) — 模型(dobj) — 提出(root) — 是(root) — 问题(attr) — 管理(assmod) — 预测(conj),[LSTM分类器] → [时间序列预测],11,基于LSTM分类器的航空发动机预测性维护模型,LSTM分类器,时间序列预测
Model → 用于 → 任务,nn->nn->dobj->conj->root->root->prep->pccomp->dobj->rcmod->nsubj->nn,免疫(nn) — 神经(nn) — 网络(dobj) — 得到(conj) — 采用(root) — 开展(root) — 为(prep) — 解决(pccomp) — 难题(dobj) — 高(rcmod) — 费用(nsubj) — 装备(nn),[免疫神经网络] → [装备特征参数跟踪预测],12,基于免疫神经网络的航空设备故障预测研究,免疫神经网络,装备特征参数跟踪预测
Model → 用于 → 任务,nn->nsubj->rcmod->dobj->conj->root->root->nsubj->assmod->lobj,LSTM(nn) — 模型(nsubj) — 用于(rcmod) — 有效性(dobj) — 验证(conj) — 分析(root) — 破坏(root) — 喘(nsubj) — 中(assmod) — 故障(lobj),[LSTM模型] → [喘振故障关键参量预测],10,基于模型的发动机喘振故障关键参量仿真与预测,LSTM模型,喘振故障关键参量预测
Model → 用于 → 任务,nn->nn->nn->nn->cpm->rcmod->dobj->dep->root->prep->pobj->nn->nn->nn,模糊(nn) — BP(nn) — 神经(nn) — 网络(nn) — 的(cpm) — 改进(rcmod) — 模型(dobj) — 提出(dep) — 展开(root) — 针对(prep) — 问题(pobj) — 飞机(nn) — 故障(nn) — 预测(nn),[改进的模糊BP神经网络] → [飞机故障预测],14,改进FBPNN在飞机系统故障预测中的应用,改进的模糊BP神经网络,飞机故障预测
Model → 用于 → 任务,nn->dobj->root->root->dobj->nn,自回归(nn) — 模型(dobj) — 采用(root) — 进行(root) — 预测(dobj) — 趋势(nn),[自回归模型] → [趋势预测],6,监视参数预测和故障识别法,自回归模型,趋势预测
Model → 用于 → 任务,dobj->conj->dep->root->root->conj->conj->dobj->nn,模型(dobj) — 建立(conj) — 利用(dep) — 研究(root) — 给出(root) — 利用(conj) — 进行(conj) — 预测(dobj) — 故障(nn),[灰色预测模型] → [故障预测],9,飞机燃油供油系统性能退化与故障预测,灰色预测模型,故障预测
Model → 用于 → 任务,amod->pobj->assmod->dobj->root->root->conj->dobj->nn,失效(amod) — 模型(pobj) — 基于(assmod) — 方法(dobj) — 提出(root) — 运用(root) — 进行(conj) — 预测(dobj) — 故障(nn),[失效模型] → [故障预测],9,飞机空调冷却子系统故障预测,失效模型,故障预测
Model → 结合 → 算法,nn->nn->nn->cpm->rcmod->dobj->amod,小波(nn) — 神经(nn) — 网络(nn) — 的(cpm) — 基于(rcmod) — 算法(dobj) — 遗传(amod),[遗传算法-小波神经网络模型] → [遗传算法],7,GA-WNN在飞机引气系统故障预测的研究,遗传算法-小波神经网络模型,遗传算法
Model → 结合 → Model,nn->nn->cpm->rcmod->dobj->nn,神经(nn) — 网络(nn) — 的(cpm) — 基于(rcmod) — 模型(dobj) — 小波(nn),[遗传算法-小波神经网络模型] → [小波神经网络],6,GA-WNN在飞机引气系统故障预测的研究,遗传算法-小波神经网络模型,小波神经网络
算法 → 具有 → 能力,amod->dobj->rcmod->dobj->dep->root->root->dobj->conj->nn->nn->nn,遗传(amod) — 算法(dobj) — 基于(rcmod) — 模型(dobj) — 提出(dep) — 建立(root) — 结合(root) — 特性(dobj) — 能力(conj) — 全局(nn) — 优化(nn) — 搜索(nn),[遗传算法] → [全局优化搜索能力],12,GA-WNN在飞机引气系统故障预测的研究,遗传算法,全局优化搜索能力
Model → 具有 → 特性,nn->nn->nn->dobj->dep->root->root->conj->dobj,小波(nn) — 神经(nn) — 网络(nn) — 模型(dobj) — 提出(dep) — 建立(root) — 起(root) — 表现(conj) — 特性(dobj),[小波神经网络] → [良好局部特性],9,GA-WNN在飞机引气系统故障预测的研究,小波神经网络,良好局部特性
Model → 避免 → 缺陷,nn->nn->cpm->rcmod->dobj->nn,小波(nn) — 网络(nn) — 的(cpm) — 基于(rcmod) — 模型(dobj) — 神经(nn),[遗传算法-小波神经网络模型] → [BP神经网络缺陷],6,GA-WNN在飞机引气系统故障预测的研究,遗传算法-小波神经网络模型,BP神经网络缺陷
方法 → 验证 → Performance Metric,nn->pobj->prep->root->root->conj->dobj->assmod->nn,MATLAB(nn) — 仿真(pobj) — 通过(prep) — 验证(root) — 起(root) — 提高(conj) — 难度(dobj) — 预测(assmod) — 故障(nn),[MATLAB仿真] → [故障预测模型的准确性],9,GA-WNN在飞机引气系统故障预测的研究,MATLAB仿真,故障预测模型的准确性
方法 → 验证 → Performance Metric,nn->nsubj->rcmod->pobj->prep->root->dobj->assmod->pobj,维修(nn) — 次数(nsubj) — 超(rcmod) — 问题(pobj) — 针对(prep) — 提出(root) — 方法(dobj) — 基于(assmod) — 模型(pobj),[理论计算与实际维修资料对比] → [模型准确性],9,飞机空调冷却子系统故障预测,理论计算与实际维修资料对比,模型准确性
Model → 提高 → Performance Metric,cpm->nn->nn->nn->rcmod->dobj->dep->root->root->conj->dobj->assmod,的(cpm) — 小波(nn) — 神经(nn) — 网络(nn) — 基于(rcmod) — 模型(dobj) — 提出(dep) — 建立(root) — 起(root) — 提高(conj) — 难度(dobj) — 预测(assmod),[遗传算法-小波神经网络模型] → [预测精度],12,GA-WNN在飞机引气系统故障预测的研究,遗传算法-小波神经网络模型,预测精度
Model → 提高 → Performance Metric,punct->prnmod->dobj->root->root->pobj->rcmod->nsubj,((punct) — Caps-BiGRU-Attention(prnmod) — 模型(dobj) — 提出(root) — 针对(root) — 问题(pobj) — 识别(rcmod) — 故障(nsubj),[Caps-BiGRU-Attention模型] → [故障诊断准确率],8,基于Caps-BiGRU-Attention的直升机涡轮发动机健康管理方法,Caps-BiGRU-Attention模型,故障诊断准确率
Model → 提高 → Performance Metric,nn->punct->prnmod->nn->lobj,故障(nn) — )(punct) — APU(prnmod) — 装置(nn) — 预测(lobj),[多参数故障预测模型] → [预测正确率],5,基于SVM方法的APU故障预测方法,多参数故障预测模型,预测正确率
Model → 提高 → Performance Metric,amod->nn->nn->dobj->conj->conj->conj->ccomp->dobj->nn,混沌(amod) — 神经(nn) — 网络(nn) — 模型(dobj) — 构建(conj) — 利用(conj) — 表明(conj) — 提高(ccomp) — 精度(dobj) — 预测(nn),[混沌神经网络模型] → [预测精度],10,基于改进混沌神经网络的飞机舵面故障预测研究,混沌神经网络模型,预测精度
Model → 提高 → Performance Metric,nn->nn->dobj->conj->pccomp->dobj->nn,故障(nn) — 诊断(nn) — 依赖(dobj) — 降低(conj) — 提高(pccomp) — 效率(dobj) — 诊断(nn),[多参数快速故障诊断模型] → [诊断效率],7,航空发动机的多参数快速故障诊断模型,多参数快速故障诊断模型,诊断效率
Model → 提高 → Performance Metric,nn->nn->dobj->conj->pccomp->prep->root->dobj->nn->amod,故障(nn) — 诊断(nn) — 依赖(dobj) — 降低(conj) — 提高(pccomp) — 为了(prep) — 建立(root) — 模型(dobj) — 诊断(nn) — 快速(amod),[多参数快速故障诊断模型] → [快速性],10,航空发动机的多参数快速故障诊断模型,多参数快速故障诊断模型,快速性
Model → 提高 → Performance Metric,nn->nn->dobj->conj->pccomp->prep->root->root->ccomp->dep->dobj,故障(nn) — 诊断(nn) — 依赖(dobj) — 降低(conj) — 提高(pccomp) — 为了(prep) — 建立(root) — 表明(root) — 减少(ccomp) — 提高(dep) — 实时性(dobj),[多参数快速故障诊断模型] → [实时性],11,航空发动机的多参数快速故障诊断模型,多参数快速故障诊断模型,实时性
标准总线 → 实现 → 功能,nn->nsubj->root->ccomp->dobj->assmod->lobj->nn->nn,GJB289A(nn) — 总线(nsubj) — 用(root) — 实现(ccomp) — 连接(dobj) — 之间(assmod) — 设备(lobj) — 航空(nn) — 电子(nn),[GJB289A总线] → [航空电子设备物理连接],9,GJB289A总线网络电气特性仿真及故障分析,GJB289A总线,航空电子设备物理连接
标准总线 → 影响 → 系统,nn->nsubj->root->root->dobj->assmod->nn->nn,GJB289A(nn) — 总线(nsubj) — 用(root) — 影响(root) — 运行(dobj) — 系统(assmod) — 飞机(nn) — 航电(nn),[GJB289A总线] → [飞机航电系统],8,GJB289A总线网络电气特性仿真及故障分析,GJB289A总线,飞机航电系统
Model → 构建于 → 软件,nn->nsubj->root->root->prep->plmod->lobj->nn,GJB289A(nn) — 总线(nsubj) — 用(root) — 构建(root) — 在(prep) — 中(plmod) — 软件(lobj) — ADS(nn),[两端口GJB289A总线网络模型] → [ADS软件],8,GJB289A总线网络电气特性仿真及故障分析,两端口GJB289A总线网络模型,ADS软件
Model → 基于 → Model,nn->nsubj->root->root->prep->pobj->amod->nn->nn,GJB289A(nn) — 总线(nsubj) — 用(root) — 构建(root) — 根据(prep) — 模型(pobj) — 有损(amod) — 耦合(nn) — 传输线(nn),[两端口GJB289A总线网络模型] → [有损耦合传输线模型],9,GJB289A总线网络电气特性仿真及故障分析,两端口GJB289A总线网络模型,有损耦合传输线模型
Model → 用于分析 → 属性,nn->nsubj->root->root->prep->pccomp->dobj->nn->nn,GJB289A(nn) — 总线(nsubj) — 用(root) — 构建(root) — 为了(prep) — 分析(pccomp) — 特性(dobj) — 电气(nn) — 故障(nn),[两端口GJB289A总线网络模型] → [电气故障特性],9,GJB289A总线网络电气特性仿真及故障分析,两端口GJB289A总线网络模型,电气故障特性
方法 → 验证 → Model,nn->conj->pobj->prep->root->root->nsubj->nn,理论(nn) — 推导(conj) — 分析(pobj) — 通过(prep) — 验证(root) — 用(root) — 总线(nsubj) — GJB289A(nn),[理论推导] → [两端口GJB289A总线网络模型],8,GJB289A总线网络电气特性仿真及故障分析,理论推导,两端口GJB289A总线网络模型
方法 → 验证 → Model,nn->nn->pobj->prep->root->root->nsubj->nn,实验室(nn) — 实测(nn) — 分析(pobj) — 通过(prep) — 验证(root) — 用(root) — 总线(nsubj) — GJB289A(nn),[实验室实测] → [两端口GJB289A总线网络模型],8,GJB289A总线网络电气特性仿真及故障分析,实验室实测,两端口GJB289A总线网络模型
方法 → 验证 → Model,nn->dobj->conj->conj->conj->dobj->amod->nn->nn,仿真(nn) — 实验(dobj) — 进行(conj) — 利用(conj) — 构建(conj) — 模型(dobj) — 混沌(amod) — 神经(nn) — 网络(nn),[仿真实验] → [混沌神经网络模型],9,基于改进混沌神经网络的飞机舵面故障预测研究,仿真实验,混沌神经网络模型
Model → 实现 → 功能,nn->nsubj->root->root->prep->pccomp->dobj->nn->nn,GJB289A(nn) — 总线(nsubj) — 用(root) — 构建(root) — 为了(prep) — 分析(pccomp) — 特性(dobj) — 电气(nn) — 故障(nn),[两端口GJB289A总线网络模型] → [电气故障快速判断],9,GJB289A总线网络电气特性仿真及故障分析,两端口GJB289A总线网络模型,电气故障快速判断
Model → 实现 → 功能,nn->nn->cpm->rcmod->dobj->conj->root->dobj->rcmod->prep->pobj->nn->amod->nn,AANN(nn) — 神经(nn) — 的(cpm) — 优化(rcmod) — 网络(dobj) — 利用(conj) — 搭建(root) — 模型(dobj) — 为(rcmod) — 以(prep) — 模块(pobj) — 解析(nn) — 冗余(amod) — 检验(nn),[GA-AANN神经网络] → [解析冗余检验],14,基于GA-AANN神经网络的SDQ算法的航空发动机传感器数据预处理,GA-AANN神经网络,解析冗余检验
Model → 实现 → 功能,cc->nsubj->vmod->dobj->root->root->dobj->assmod->nn,和(cc) — 模型(nsubj) — 完备(vmod) — 问题(dobj) — 存在(root) — 开展(root) — 研究(dobj) — 驱动(assmod) — 数字(nn),[孪生模型] → [数字映射],9,基于数字孪生的飞机起落架健康管理技术,孪生模型,数字映射
Model → 仿真获取 → 参数,nn->nsubj->root->root->prep->pccomp->dobj->nn->nn,GJB289A(nn) — 总线(nsubj) — 用(root) — 构建(root) — 为了(prep) — 分析(pccomp) — 特性(dobj) — 电气(nn) — 故障(nn),[两端口GJB289A总线网络模型] → [电气故障的特征参数],9,GJB289A总线网络电气特性仿真及故障分析,两端口GJB289A总线网络模型,电气故障的特征参数
Model → 提供技术支撑 → 应用,nn->nsubj,GJB289A(nn) — 总线(nsubj),[两端口GJB289A总线网络模型] → [总线检测设备优化设计],2,GJB289A总线网络电气特性仿真及故障分析,两端口GJB289A总线网络模型,总线检测设备优化设计
Model → 提供技术支撑 → 应用,nn->nsubj,GJB289A(nn) — 总线(nsubj),[两端口GJB289A总线网络模型] → [总线网络状态健康管理],2,GJB289A总线网络电气特性仿真及故障分析,两端口GJB289A总线网络模型,总线网络状态健康管理
任务 → 需要转向 → 维修模式,nn->nsubj->rcmod->prep->pobj->prep->nn,飞机(nn) — 保障(nsubj) — 转变(rcmod) — 向(prep) — 维修(pobj) — 基于(prep) — 状态(nn),[飞机保障] → [基于状态维修],7,PHM与保障信息系统信息集成使用方法研究,飞机保障,基于状态维修
缩写 → 全称是 → 术语,nn->conj->prnmod->conj->cc->nn,PHM(nn) — 系统(conj) — Management(prnmod) — Prognostics(conj) — and(cc) — Health(nn),[PHM] → [Prognostics and Health Management],6,PHM与保障信息系统信息集成使用方法研究,PHM,Prognostics and Health Management
缩写 → 中文全称是 → 术语,nn->conj->dobj->cc->nn->nn,PHM(nn) — 系统(conj) — 组成(dobj) — 与(cc) — 健康(nn) — 管理(nn),[PHM] → [预测与健康管理],6,PHM与保障信息系统信息集成使用方法研究,PHM,预测与健康管理
研究 → 提出 → 过程,dobj->root->root->dobj->nn->nn->nn->nn,研究(dobj) — 进行(root) — 提出(root) — 过程(dobj) — PHM(nn) — 信息(nn) — 集成(nn) — 使用(nn),[本研究] → [PHM信息集成使用过程],8,PHM与保障信息系统信息集成使用方法研究,本研究,PHM信息集成使用过程
研究 → 研究 → 信息,dobj->root->root->dep->dobj->cc->nn->nn->assmod,研究(dobj) — 进行(root) — 提出(root) — 分析(dep) — 组成(dobj) — 及(cc) — 保障(nn) — 信息(nn) — 系统(assmod),[本研究] → [PHM与保障信息系统的接口信息内容],9,PHM与保障信息系统信息集成使用方法研究,本研究,PHM与保障信息系统的接口信息内容
研究 → 研究 → 方法,dobj->root->root->dep->dobj->assmod->nn,研究(dobj) — 进行(root) — 提出(root) — 分析(dep) — 组成(dobj) — 系统(assmod) — 信息(nn),[本研究] → [信息传递方式],7,PHM与保障信息系统信息集成使用方法研究,本研究,信息传递方式
研究 → 研究 → 类型,dobj->root->prep->pobj->conj->nn->nn,研究(dobj) — 进行(root) — 对(prep) — 步骤(pobj) — 类型(conj) — 接口(nn) — 通信(nn),[本研究] → [接口通信类型],7,PHM与保障信息系统信息集成使用方法研究,本研究,接口通信类型
研究 → 研究 → 步骤,dobj->root->root->prep->pobj->assmod->nn->nn,研究(dobj) — 进行(root) — 提出(root) — 依据(prep) — 需求(pobj) — 使用(assmod) — 信息(nn) — 集成(nn),[本研究] → [信息集成使用的交互步骤],8,PHM与保障信息系统信息集成使用方法研究,本研究,信息集成使用的交互步骤
结果 → 提供 → 技术方法,dobj->root->root->prep->pobj->assmod->nn->nn,研究(dobj) — 进行(root) — 提出(root) — 依据(prep) — 需求(pobj) — 使用(assmod) — 信息(nn) — 集成(nn),[研究结果] → [信息集成使用的技术方法],8,PHM与保障信息系统信息集成使用方法研究,研究结果,信息集成使用的技术方法
技术方法 → 用于实现 → 保障模式,nn->nn->assmod->pobj->prep->root->prep->pccomp->dobj->rcmod->nsubj->nn,信息(nn) — 集成(nn) — 使用(assmod) — 需求(pobj) — 依据(prep) — 提出(root) — 为了(prep) — 满足(pccomp) — 需要(dobj) — 转变(rcmod) — 保障(nsubj) — 飞机(nn),[信息集成使用的技术方法] → [飞机主动式自主保障],12,PHM与保障信息系统信息集成使用方法研究,信息集成使用的技术方法,飞机主动式自主保障
保障模式 → 由...使用 → 系统,nn->nsubj->rcmod->dobj->pccomp->prep->root->dep->dobj->conj->nn,飞机(nn) — 保障(nsubj) — 转变(rcmod) — 需要(dobj) — 满足(pccomp) — 为了(prep) — 提出(root) — 分析(dep) — 组成(dobj) — 系统(conj) — PHM(nn),[飞机主动式自主保障] → [PHM系统],11,PHM与保障信息系统信息集成使用方法研究,飞机主动式自主保障,PHM系统
技术 → 用于 → 应用,nn->nsubj->conj->root->nsubj->nn,PHM(nn) — 技术(nsubj) — 用于(conj) — 发生(root) — 失效(nsubj) — 疲劳(nn),[PHM技术] → [疲劳寿命预测],6,PHM技术在航空结构疲劳寿命预测中的应用,PHM技术,疲劳寿命预测
技术 → 用于 → 应用,nn->nn->nn->nsubj->nn,飞机(nn) — 健康(nn) — 监测(nn) — 技术(nsubj) — 结构(nn),[飞机结构健康监测技术] → [结构健康状况预判],5,基于健康监测的飞机结构寿命预测技术,飞机结构健康监测技术,结构健康状况预判
技术 → 用于 → 应用,nn->nn->nn->nn->nsubj->root->prep->plmod->lobj->nn->cc,飞机(nn) — 结构(nn) — 健康(nn) — 监测(nn) — 技术(nsubj) — 发挥(root) — 在(prep) — 中(plmod) — 过程(lobj) — 维护(nn) — 及(cc),[飞机结构健康监测技术] → [辅助维修与维护决策],11,基于健康监测的飞机结构寿命预测技术,飞机结构健康监测技术,辅助维修与维护决策
技术 → 用于 → 应用,nn->pobj->assmod->dobj->conj->root->attr->assmod->nn->nn,马氏(nn) — 距离(pobj) — 基于(assmod) — 方法(dobj) — 提出(conj) — 是(root) — 环节(attr) — 系统(assmod) — 装备(nn) — 航空(nn),[马氏距离] → [航空装备的故障预测],10,基于马氏距离的航空装备故障预测研究,马氏距离,航空装备的故障预测
技术 → 预报 → 故障,nn->nsubj->conj->ccomp->ccomp->nsubj->nn,PHM(nn) — 技术(nsubj) — 用于(conj) — 预报(ccomp) — 发生(ccomp) — 故障(nsubj) — 疲劳(nn),[PHM技术] → [疲劳故障],7,PHM技术在航空结构疲劳寿命预测中的应用,PHM技术,疲劳故障
事件 → 发生于 → 位置,nn->nn->nn->nn->nsubj->root->prep->pobj->assmod->nn,飞机(nn) — 机体(nn) — 结构(nn) — 疲劳(nn) — 失效(nsubj) — 发生(root) — 在(prep) — 位置(pobj) — 孔(assmod) — 紧固件(nn),[飞机机体结构疲劳失效] → [紧固件孔的孔边位置],10,PHM技术在航空结构疲劳寿命预测中的应用,飞机机体结构疲劳失效,紧固件孔的孔边位置
事件 → 导致 → 事件,nn->nn->nsubj->conj->ccomp->dobj->assmod,结构(nn) — 疲劳(nn) — 断裂(nsubj) — 导致(conj) — 出现(ccomp) — 事故(dobj) — 灾难性(assmod),[结构疲劳断裂] → [灾难性的事故],7,PHM技术在航空结构疲劳寿命预测中的应用,结构疲劳断裂,灾难性的事故
方法 → 基于 → Model,nn->nsubj,疲劳(nn) — 失效(nsubj),[疲劳寿命预测方法] → [失效物理模型],2,PHM技术在航空结构疲劳寿命预测中的应用,疲劳寿命预测方法,失效物理模型
方法 → 基于 → Model,nn->nn->dobj->rcmod->dobj->cc->nn,故障(nn) — 分析(nn) — 方法(dobj) — 基于(rcmod) — average(dobj) — 和(cc) — ARIMA(nn),[故障分析方法] → [ARIMA模型],7,基于ARIMA模型的民用航空发动机低压转子振动故障分析,故障分析方法,ARIMA模型
方法 → 基于 → Model,dvpm->dep->dvpmod->root->root->dobj->rcmod->pobj->prnmod->punct->nn->nn->pobj,地(dvpm) — 预测(dep) — 有效(dvpmod) — 具有(root) — 提出(root) — 方法(dobj) — 基于(rcmod) — 记忆(pobj) — LSTM(prnmod) — )(punct) — 循环(nn) — 神经(nn) — 网络(pobj),[故障时间序列预测方法] → [LSTM循环神经网络],13,基于LSTM循环神经网络的故障时间序列预测,故障时间序列预测方法,LSTM循环神经网络
方法 → 基于 → Model,nn->nn->dobj->rcmod->dobj->amod->nummod->amod->nn->nn,故障(nn) — 诊断(nn) — 方法(dobj) — 基于(rcmod) — 模型(dobj) — 自适应(amod) — 多(nummod) — 小波(amod) — 网络(nn) — 预测(nn),[故障诊断方法] → [自适应多小波网络预测模型],10,基于自适应多小波网络预测模型的飞控系统故障诊断仿真研究,故障诊断方法,自适应多小波网络预测模型
方法 → 基于 → Model,nn->nn->conj->dobj->rcmod->pobj->nn->nn,健康(nn) — 表征(nn) — 方法(conj) — 应用(dobj) — 基于(rcmod) — 贝叶斯(pobj) — 模型(nn) — 隐马尔可夫(nn),[健康表征方法] → [隐马尔可夫模型],8,机载航电系统射频信道健康表征及影响评估,健康表征方法,隐马尔可夫模型
方法 → 基于 → Model,cc->attr->root->root->dep->dobj->dep->rcmod->dobj->amod,和(cc) — 方法(attr) — 是(root) — 进行(root) — 分析(dep) — 方法(dobj) — 方法(dep) — 基于(rcmod) — 模型(dobj) — 测试性(amod),[多信号增强诊断方法] → [测试性模型],10,综合化航空电子系统PHM应用与设计,多信号增强诊断方法,测试性模型
方法 → 基于 → Model,cc->nn->nn->top->root->root->dep->dobj->rcmod->dobj->nn->conj,与(cc) — 健康(nn) — 管理(nn) — 应用(top) — 是(root) — 进行(root) — 分析(dep) — 方法(dobj) — 基于(rcmod) — 网络(dobj) — 贝叶斯(nn) — 马尔科夫(conj),[健康评估方法] → [马尔科夫网络],12,综合化航空电子系统PHM应用与设计,健康评估方法,马尔科夫网络
方法 → 基于 → Model,cc->nn->nn->top->root->root->dep->dobj->rcmod->dobj->nn,与(cc) — 健康(nn) — 管理(nn) — 应用(top) — 是(root) — 进行(root) — 分析(dep) — 方法(dobj) — 基于(rcmod) — 网络(dobj) — 贝叶斯(nn),[健康评估方法] → [贝叶斯网络],11,综合化航空电子系统PHM应用与设计,健康评估方法,贝叶斯网络
方法 → 基于 → Model,nn->nn->nn->dobj->rcmod->dobj->conj,卡尔曼(nn) — 滤波(nn) — 估计(nn) — 方法(dobj) — 基于(rcmod) — 模型(dobj) — 线性(conj),[卡尔曼滤波估计方法] → [线性模型],7,航空发动机健康参数的卡尔曼滤波估计方法分析,卡尔曼滤波估计方法,线性模型
方法 → 基于 → Model,nn->nn->nn->dobj->rcmod->dobj->amod,卡尔曼(nn) — 滤波(nn) — 估计(nn) — 方法(dobj) — 基于(rcmod) — 模型(dobj) — 非线性(amod),[卡尔曼滤波估计方法] → [非线性模型],7,航空发动机健康参数的卡尔曼滤波估计方法分析,卡尔曼滤波估计方法,非线性模型
方法 → 基于 → Model,nn->nn->nn->dobj->rcmod->dobj->amod->nn->amod,气路(nn) — 故障(nn) — 诊断(nn) — 方法(dobj) — 基于(rcmod) — 模型(dobj) — 增强型(amod) — 机载(nn) — 自适应(amod),[气路故障诊断方法] → [增强型机载自适应模型],9,航空发动机增强型机载自适应模型气路故障诊断方法,气路故障诊断方法,增强型机载自适应模型
方法 → 基于 → Model,nn->amod->nn->assmod->assm->dobj->root->dobj->assmod->amod->conj->nn->nn,机上(nn) — 在线(amod) — 异常(nn) — 检测(assmod) — 的(assm) — 方法(dobj) — 提出(root) — 保障(dobj) — 网络(assmod) — 混合(amod) — SOM-(conj) — RBF(nn) — 神经(nn),[机上在线异常检测方法] → [混合SOM-RBF神经网络],13,面向自主保障的航空电子设备在线测试系统,机上在线异常检测方法,混合SOM-RBF神经网络
方法 → 求解 → 参数,nn->nsubj->root->root->conj->dobj->nn->nn->conj,疲劳(nn) — 失效(nsubj) — 发生(root) — 建立(root) — 求解(conj) — 系数(dobj) — 应力(nn) — 严重(nn) — 系数(conj),[疲劳寿命预测方法] → [应力严重系数],9,PHM技术在航空结构疲劳寿命预测中的应用,疲劳寿命预测方法,应力严重系数
方法 → 求解 → 参数,nn,疲劳(nn),[疲劳寿命预测方法] → [疲劳缺口系数],1,PHM技术在航空结构疲劳寿命预测中的应用,疲劳寿命预测方法,疲劳缺口系数
方法 → 修正 → Model,nn->nsubj->root->root->conj->conj->prep->pobj->assmod->punct->nn,疲劳(nn) — 失效(nsubj) — 发生(root) — 建立(root) — 求解(conj) — 进行(conj) — 对(prep) — 弹性段(pobj) — 曲线(assmod) — -(punct) — 寿命(nn),[疲劳寿命预测方法] → [应变-寿命曲线],11,PHM技术在航空结构疲劳寿命预测中的应用,疲劳寿命预测方法,应变-寿命曲线
方法 → 适用於 → 应用,amod->nn->nn->dobj->conj->conj->root->root->nsubj->nn,局部(amod) — 应力(nn) — 应变(nn) — 法(dobj) — 使(conj) — 求解(conj) — 建立(root) — 发生(root) — 失效(nsubj) — 疲劳(nn),[局部应力应变法] → [高、低周疲劳寿命的预测],10,PHM技术在航空结构疲劳寿命预测中的应用,局部应力应变法,高、低周疲劳寿命的预测
系统 → 服务于 → 组织,nn->nn->nn->dobj->root->prep->pobj->rcmod->nsubj->nn,发动机(nn) — 健康(nn) — 管理(nn) — 系统(dobj) — 建立(root) — 针对(prep) — 需求(pobj) — 进行(rcmod) — 公司(nsubj) — 航空(nn),[云环境下的发动机健康管理系统] → [航空公司],10,一种云环境下的发动机健康管理系统及其应用,云环境下的发动机健康管理系统,航空公司
系统 → 包含 → 组件,nn->nn->nn->dobj->root->prep->pccomp->dobj->nn->nn->nn->nn->nn,发动机(nn) — 健康(nn) — 管理(nn) — 系统(dobj) — 建立(root) — 通过(prep) — 建立(pccomp) — 中心(dobj) — 发动机(nn) — 健康(nn) — 管理(nn) — 云端(nn) — 数据(nn),[云环境下的发动机健康管理系统] → [发动机健康管理云端数据中心],13,一种云环境下的发动机健康管理系统及其应用,云环境下的发动机健康管理系统,发动机健康管理云端数据中心
系统 → 包含 → 组件,nn->nn->nn->dobj->pccomp->prep->ccomp->root->dep->conj->dobj->conj->nn->nn,直升机(nn) — 健康(nn) — 管理(nn) — 系统(dobj) — 构建(pccomp) — 通过(prep) — 进行(ccomp) — 提出(root) — 介绍(dep) — 设计(conj) — 系统(dobj) — 单元(conj) — HUMS(nn) — 处理(nn),[直升机健康管理系统] → [HUMS处理单元],14,直升机健康管理系统体系结构研究,直升机健康管理系统,HUMS处理单元
系统 → 包含 → 组件,nn->nn->nn->dobj->pccomp->prep->ccomp->root->dep->conj->dobj->conj,直升机(nn) — 健康(nn) — 管理(nn) — 系统(dobj) — 构建(pccomp) — 通过(prep) — 进行(ccomp) — 提出(root) — 介绍(dep) — 设计(conj) — 系统(dobj) — 地面站(conj),[直升机健康管理系统] → [地面站],12,直升机健康管理系统体系结构研究,直升机健康管理系统,地面站
系统 → 包含 → 组件,nn->nn->nn->dobj->pccomp->prep->ccomp->root->dep->conj->dobj->amod->nn->nn->nn,直升机(nn) — 健康(nn) — 管理(nn) — 系统(dobj) — 构建(pccomp) — 通过(prep) — 进行(ccomp) — 提出(root) — 介绍(dep) — 设计(conj) — 系统(dobj) — 无线(amod) — 数据(nn) — 传输(nn) — 通信(nn),[直升机健康管理系统] → [无线数据传输通信系统],15,直升机健康管理系统体系结构研究,直升机健康管理系统,无线数据传输通信系统
系统 → 验证 → 方法,nn->nn->nn->dobj->root->conj->prep->pccomp->dobj->assmod->nn->nn->nn,发动机(nn) — 健康(nn) — 管理(nn) — 系统(dobj) — 建立(root) — 具有(conj) — 对于(prep) — 验证(pccomp) — 有效性(dobj) — 方法(assmod) — 发动机(nn) — 故障(nn) — 诊断(nn),[云环境下的发动机健康管理系统] → [发动机故障诊断方法],13,一种云环境下的发动机健康管理系统及其应用,云环境下的发动机健康管理系统,发动机故障诊断方法
系统 → 支持 → 任务,nn->nn->nn->dobj->root->conj->prep->pccomp->dobj->assmod->nn->nn,发动机(nn) — 健康(nn) — 管理(nn) — 系统(dobj) — 建立(root) — 具有(conj) — 对于(prep) — 验证(pccomp) — 有效性(dobj) — 方法(assmod) — 故障(nn) — 诊断(nn),[云环境下的发动机健康管理系统] → [协同故障诊断],12,一种云环境下的发动机健康管理系统及其应用,云环境下的发动机健康管理系统,协同故障诊断
方法 → 基于 → 技术,amod->nn->nn->dobj->rcmod->pobj->amod->nn,灰色(amod) — 故障(nn) — 识别(nn) — 方法(dobj) — 基于(rcmod) — 分析(pobj) — 灰色(amod) — 关联(nn),[灰色故障识别方法] → [灰色关联分析],8,一种云环境下的发动机健康管理系统及其应用,灰色故障识别方法,灰色关联分析
方法 → 基于 → 技术,assmod->dobj->conj->root->nsubj->rcmod->dobj,系统(assmod) — 模型(dobj) — 提出(conj) — 引入(root) — 架构(nsubj) — 面向(rcmod) — 服务(dobj),[系统集成方法] → [面向服务的架构(SOA)],7,基于SOA的航空发动机健康管理系统设计,系统集成方法,面向服务的架构(SOA)
方法 → 基于 → 技术,nn->nn->dobj->cpm->rcmod->dobj->nn->nn,组合(nn) — 预测(nn) — 方法(dobj) — 的(cpm) — 基于(rcmod) — 分解(dobj) — 时间(nn) — 序列(nn),[基于时序分解的组合预测方法] → [时间序列分解],8,基于时序分解的飞机平均故障间隔飞行时间组合预测,基于时序分解的组合预测方法,时间序列分解
方法 → 基于 → 技术,nn->nn->nn->dobj->rcmod->dobj->nn,故障(nn) — 预测(nn) — 算法(nn) — 研究(dobj) — 基于(rcmod) — 驱动(dobj) — 数据(nn),[故障预测算法] → [数据驱动],7,基于神经网络的飞机供水系统故障预测研究,故障预测算法,数据驱动
方法 → 基于 → 技术,nn->nn->assm->assmod->pobj->prep->conj->conj->root->dobj->rcmod->dobj->nn->nn,故障(nn) — 检测(nn) — 的(assm) — 系统(assmod) — 方法(pobj) — 与(prep) — 相比(conj) — 有(conj) — 提出(root) — 方法(dobj) — 基于(rcmod) — 网络(dobj) — 预测(nn) — 神经(nn),[神经网络预测模型故障检测方法] → [预测神经网络],14,基于神经网络预测模型的歼击机结构故障检测方法,神经网络预测模型故障检测方法,预测神经网络
方法 → 基于 → 技术,nn->nn->nn->nn->nn->dobj->root->prep->pobj->nn->nn,航空(nn) — 发动机(nn) — 故障(nn) — 风险(nn) — 预测(nn) — 方法(dobj) — 给出(root) — 基于(prep) — 技术(pobj) — 蒙特卡罗(nn) — 模拟(nn),[航空发动机故障风险预测方法] → [蒙特卡罗模拟技术],11,基于蒙特卡罗模拟的航空发动机故障风险预测,航空发动机故障风险预测方法,蒙特卡罗模拟技术
方法 → 基于 → 技术,nn->nn->nn->nn->dobj->rcmod->prep->pobj,维修(nn) — 间隔(nn) — 风险(nn) — 评估(nn) — 方法(dobj) — 仿真(rcmod) — 基于(prep) — 蒙特卡罗(pobj),[民用飞机维修间隔风险评估方法] → [蒙特卡罗仿真],8,民用飞机维修间隔风险评估方法研究,民用飞机维修间隔风险评估方法,蒙特卡罗仿真
方法 → 基于 → 技术,nn->amod->nn->assmod->assm->dobj->root->dobj->rcmod->pobj->amod->nn,机上(nn) — 在线(amod) — 异常(nn) — 检测(assmod) — 的(assm) — 方法(dobj) — 提出(root) — 保障(dobj) — 基于(rcmod) — 分析(pobj) — 多元(amod) — 统计(nn),[机上在线异常检测方法] → [多元统计分析],12,面向自主保障的航空电子设备在线测试系统,机上在线异常检测方法,多元统计分析
方法 → 基于 → 技术,nn->cpm->nn->dobj->dobj->pccomp->nn->nn,性能(nn) — 的(cpm) — 扩增(nn) — 方法(dobj) — 参数(dobj) — 生成(pccomp) — 对抗(nn) — 网络(nn),[性能参数扩增方法] → [生成对抗网络],8,面向飞机辅助动力装置在翼剩余寿命预测的性能参数扩增方法,性能参数扩增方法,生成对抗网络
方法 → 应用于 → 设备型号,amod->nn->nn->dobj->conj->root->conj->nn->assmod->nn,灰色(amod) — 故障(nn) — 识别(nn) — 方法(dobj) — 提出(conj) — 建立(root) — 为(conj) — 诊断(nn) — 发动机(assmod) — JT9D-7R4(nn),[灰色故障识别方法] → [JT9D-7R4发动机],10,一种云环境下的发动机健康管理系统及其应用,灰色故障识别方法,JT9D-7R4发动机
系统 → 执行 → 任务,nn->nn->nn->dobj->root->conj->ccomp->dobj->nn->nn->nn,发动机(nn) — 健康(nn) — 管理(nn) — 系统(dobj) — 建立(root) — 表明(conj) — 进行(ccomp) — 诊断(dobj) — 航空(nn) — 发动机(nn) — 故障(nn),[云环境下的发动机健康管理系统] → [航空发动机故障诊断],11,一种云环境下的发动机健康管理系统及其应用,云环境下的发动机健康管理系统,航空发动机故障诊断
方法 → 基于 → 数据,nn->nn,发动机(nn) — 故障(nn),[发动机风险预测] → [故障统计数据],2,一种基于故障统计数据的发动机风险预测,发动机风险预测,故障统计数据
方法 → 基于 → 数据,nn->nn->nn->dobj->cpm->rcmod->dobj->amod->nn,APU(nn) — 故障(nn) — 预测(nn) — 方法(dobj) — 的(cpm) — 基于(rcmod) — 数据(dobj) — 实时(amod) — 报文(nn),[基于实时报文数据的APU故障预测方法] → [实时报文数据],9,基于SVM方法的APU故障预测方法,基于实时报文数据的APU故障预测方法,实时报文数据
方法 → 基于 → 数据,amod->vmod->amod->dobj->pobj->assmod->pobj->nn->amod,失效(amod) — 建立(vmod) — 新(amod) — 方法(dobj) — 模型(pobj) — 基于(assmod) — 数据(pobj) — 系统(nn) — 失效(amod),[失效模型建立新方法] → [系统失效数据],9,飞机空调冷却子系统故障预测,失效模型建立新方法,系统失效数据
流程 → 基于 → 技术,nn->nummod->nn->nn->nn->nn->dobj->rcmod->pobj->rcmod,发动机(nn) — 多(nummod) — 故障(nn) — 模式(nn) — 风险(nn) — 评估(nn) — 流程(dobj) — 基于(rcmod) — 蒙特卡罗(pobj) — 仿真(rcmod),[发动机多故障模式风险评估流程] → [蒙特卡罗仿真],10,一种基于故障统计数据的发动机风险预测,发动机多故障模式风险评估流程,蒙特卡罗仿真
流程 → 用于预测 → 故障,nn->nummod->nn->nn->nn->nn->dobj->conj->root->dobj->assmod->conj->nn->nn,发动机(nn) — 多(nummod) — 故障(nn) — 模式(nn) — 风险(nn) — 评估(nn) — 流程(dobj) — 建立(conj) — 给出(root) — 方法(dobj) — 风险(assmod) — 划分(conj) — 故障(nn) — 发动机(nn),[发动机多故障模式风险评估流程] → [发动机故障],14,一种基于故障统计数据的发动机风险预测,发动机多故障模式风险评估流程,发动机故障
流程 → 用于评估 → 风险,nn->nummod->nn->nn->nn->nn->dobj->conj->root->conj->conj->dobj->nn,发动机(nn) — 多(nummod) — 故障(nn) — 模式(nn) — 风险(nn) — 评估(nn) — 流程(dobj) — 建立(conj) — 给出(root) — 预测(conj) — 评估(conj) — 风险(dobj) — 故障(nn),[发动机多故障模式风险评估流程] → [故障风险],13,一种基于故障统计数据的发动机风险预测,发动机多故障模式风险评估流程,故障风险
方法 → 包含 → 方法,nn->punct->conj,风险(nn) — 、(punct) — 因子(conj),[风险预测方法] → [风险因子计算方法],3,一种基于故障统计数据的发动机风险预测,风险预测方法,风险因子计算方法
方法 → 包含 → 方法,nn->punct->assmod->dobj->nn->assm->nn,风险(nn) — 、(punct) — 风险(assmod) — 方法(dobj) — 飞行(nn) — 的(assm) — 计算(nn),[风险预测方法] → [飞行风险计算方法],7,一种基于故障统计数据的发动机风险预测,风险预测方法,飞行风险计算方法
方法 → 包含 → 方法,nn->nn->nn->dobj->rcmod->attr->root->top->nsubj,金属(nn) — 结构(nn) — 飞机(nn) — 寿命(dobj) — 影响(rcmod) — 因素(attr) — 是(root) — 失效(top) — 疲劳(nsubj),[飞机金属结构疲劳分析方法] → [唯象疲劳分析方法],9,从金属材料疲劳性能的力学描述到飞机结构疲劳寿命评定：现状与展望,飞机金属结构疲劳分析方法,唯象疲劳分析方法
方法 → 包含 → 方法,nn->nn->nn->dobj->rcmod->attr->root->root->dobj->assmod->nn,飞机(nn) — 金属(nn) — 结构(nn) — 寿命(dobj) — 影响(rcmod) — 因素(attr) — 是(root) — 综述(root) — 思路(dobj) — 方法(assmod) — 分析(nn),[飞机金属结构疲劳分析方法] → [以断裂力学为基础的分析方法],11,从金属材料疲劳性能的力学描述到飞机结构疲劳寿命评定：现状与展望,飞机金属结构疲劳分析方法,以断裂力学为基础的分析方法
方法 → 包含 → 方法,etc->nn->dobj->conj->root->conj->prep->pccomp->dobj->nn->amod,等(etc) — 分解(nn) — 方法(dobj) — 采用(conj) — 是(root) — 混叠(conj) — 由于(prep) — 属于(pccomp) — 电路(dobj) — 规模(nn) — 大(amod),[新方法] → [极大似然法],11,航空电子设备故障预测特征参数提取方法研究,新方法,极大似然法
方法 → 包含 → 方法,etc->dobj->nn->conj->root->root->ccomp->nsubj->rcmod->dobj->advmod->vmod->nn->nn,等(etc) — 方法(dobj) — 分解(nn) — 采用(conj) — 是(root) — 提出(root) — 提取(ccomp) — 方法(nsubj) — 基于(rcmod) — 降噪(dobj) — 自(advmod) — 编码(vmod) — 神经(nn) — 网络(nn),[新方法] → [降噪自编码神经网络],14,航空电子设备故障预测特征参数提取方法研究,新方法,降噪自编码神经网络
方法 → 包含 → 方法,nn->dobj->cpm,健康(nn) — 状态(dobj) — 的(cpm),[健康状态估计方法] → [数据驱动健康状态在线估计方法],3,飞机机电系统部件数据驱动健康状态在线估计方法综述,健康状态估计方法,数据驱动健康状态在线估计方法
方法 → 包含 → 方法,assm->nn->nn->assmod->dobj->conj->root->root->dobj->nn->rcmod->dobj,的(assm) — 故障(nn) — 诊断(nn) — 系统(assmod) — 技术(dobj) — 研究(conj) — 具有(root) — 综述(root) — 进展(dobj) — 方法(nn) — 基于(rcmod) — 模型(dobj),[故障诊断方法] → [基于模型的方法],12,飞机电源系统故障诊断方法综述及发展趋势,故障诊断方法,基于模型的方法
方法 → 包含 → 方法,assm->nn->nn->assmod->dobj->conj->root->root->dobj->nn->rcmod->cc->conj->dobj,的(assm) — 故障(nn) — 诊断(nn) — 系统(assmod) — 技术(dobj) — 研究(conj) — 具有(root) — 综述(root) — 进展(dobj) — 方法(nn) — 基于(rcmod) — 和(cc) — 基于(conj) — 数据(dobj),[故障诊断方法] → [基于数据的方法],14,飞机电源系统故障诊断方法综述及发展趋势,故障诊断方法,基于数据的方法
任务 → 基于 → 数据,nn->punct->assmod->conj->nn,风险(nn) — 、(punct) — 风险(assmod) — 划分(conj) — 故障(nn),[风险预测] → [历史故障数据],5,一种基于故障统计数据的发动机风险预测,风险预测,历史故障数据
任务 → 基于 → 数据,nn->nn->nn->nn->pobj->assmod->dobj->pccomp->prep->root->dobj->nn->nn->nn,飞行(nn) — 控制(nn) — 系统(nn) — 故障(nn) — 分析(pobj) — 对(assmod) — 现状(dobj) — 梳理(pccomp) — 为(prep) — 总结(root) — 过程(dobj) — 提取(nn) — QAR(nn) — 数据(nn),[飞行控制系统故障分析] → [QAR数据],14,基于QAR数据的飞行控制系统故障研究综述,飞行控制系统故障分析,QAR数据
任务 → 针对 → 故障,nn->punct->assmod->dobj->root->conj->dobj->nn->nn,风险(nn) — 、(punct) — 风险(assmod) — 方法(dobj) — 给出(root) — 建立(conj) — 流程(dobj) — 模式(nn) — 故障(nn),[风险预测] → [多种故障模式],9,一种基于故障统计数据的发动机风险预测,风险预测,多种故障模式
参数 → 影响 → 指标,nn->nn->dobj->conj->root->root->dobj->assmod->conj->nn,维修(nn) — 周期(nn) — 影响(dobj) — 分析(conj) — 进行(root) — 给出(root) — 方法(dobj) — 风险(assmod) — 因子(conj) — 风险(nn),[维修周期] → [风险因子],10,一种基于故障统计数据的发动机风险预测,维修周期,风险因子
方案 → 用于降低 → 风险,nn->punct->assmod->nn,风险(nn) — 、(punct) — 风险(assmod) — 飞行(nn),[降低风险的方案] → [飞行风险],4,一种基于故障统计数据的发动机风险预测,降低风险的方案,飞行风险
方法 → 解决 → 问题,amod->nn->cpm->dobj->rcmod->dobj->root->prep->pobj->vmod->loc->lobj->nn->nn->amod->nn,剩余(amod) — 寿命(nn) — 的(cpm) — 预估(dobj) — 进行(rcmod) — 方法(dobj) — 提出(root) — 针对(prep) — 问题(pobj) — 困难(vmod) — 中(loc) — 预估(lobj) — 航空(nn) — 发动机(nn) — 剩余(amod) — 寿命(nn),[基于CNN和LSTM的剩余寿命预估方法] → [航空发动机剩余寿命预估问题],16,一种基于神经网络的航空发动机剩余寿命预估方法,基于CNN和LSTM的剩余寿命预估方法,航空发动机剩余寿命预估问题
方法 → 解决 → 问题,nn->assm->nn->assmod->dobj->dep->root->prep->pobj->rcmod->punct->nn->punct->nsubj->advmod,"MFOP(nn) — 的(assm) — 分解(nn) — 参数(assmod) — 方法(dobj) — 提出(dep) — 进行(root) — 针对(prep) — 问题(pobj) — 分解(rcmod) — ,(punct) — MFOP(nn) — )(punct) — 指标(nsubj) — 无法(advmod)",[MFOP参数分解方法] → [MFOP指标无法分解和落实的问题],15,军用飞机无维修工作期参数分解方法研究,MFOP参数分解方法,MFOP指标无法分解和落实的问题
方法 → 解决 → 问题,rcmod->nn->dobj->dobj->root->root->prep->pccomp->nsubj->nsubj,基于(rcmod) — Copula(nn) — 相似性(dobj) — 方法(dobj) — 提出(root) — 众多(root) — 针对(prep) — 退化(pccomp) — 性能(nsubj) — 特征(nsubj),[基于Copula相似性的RUL预测方法] → [性能退化特征众多问题],10,基于Copula相似性的航空发动机RUL预测,基于Copula相似性的RUL预测方法,性能退化特征众多问题
方法 → 解决 → 问题,rcmod->nn->dobj->dobj->root->root->nsubj,基于(rcmod) — Copula(nn) — 相似性(dobj) — 方法(dobj) — 提出(root) — 众多(root) — 特征(nsubj),[基于Copula相似性的RUL预测方法] → [特征相互影响问题],7,基于Copula相似性的航空发动机RUL预测,基于Copula相似性的RUL预测方法,特征相互影响问题
方法 → 解决 → 问题,nn->assmod->pobj->conj->assmod->nn->nn->assm->amod->amod,预测(nn) — 方法(assmod) — 不足(pobj) — 特性(conj) — 数据(assmod) — 滑油(nn) — 光谱(nn) — 的(assm) — 非线性(amod) — 非平稳(amod),[基于EMD和RVM-AR的预测方法] → [滑油光谱数据非线性非平稳问题],10,基于EMD和RVM-AR的航空发动机磨损故障预测模型,基于EMD和RVM-AR的预测方法,滑油光谱数据非线性非平稳问题
方法 → 解决 → 问题,nn->nn->nn->cpm->rcmod->dobj->root->prep->pccomp->nsubj->nn->prnmod->punct->punct,"APU(nn) — 故障(nn) — 预测(nn) — 的(cpm) — 基于(rcmod) — 方法(dobj) — 提出(root) — 基于(prep) — 存在(pccomp) — 数据(nsubj) — 记录器(nn) — QAR(prnmod) — ,(punct) — )(punct)",[基于实时报文数据的APU故障预测方法] → [QAR数据实时性欠缺问题],14,基于SVM方法的APU故障预测方法,基于实时报文数据的APU故障预测方法,QAR数据实时性欠缺问题
方法 → 解决 → 问题,nn->nn->nn->cpm->rcmod->dobj->root->prep->pccomp->dobj->rcmod->conj->nsubj->cpm,APU(nn) — 故障(nn) — 预测(nn) — 的(cpm) — 基于(rcmod) — 方法(dobj) — 提出(root) — 基于(prep) — 存在(pccomp) — 问题(dobj) — 欠缺(rcmod) — 不足(conj) — 精度(nsubj) — 的(cpm),[基于实时报文数据的APU故障预测方法] → [QAR数据精度不足问题],14,基于SVM方法的APU故障预测方法,基于实时报文数据的APU故障预测方法,QAR数据精度不足问题
方法 → 解决 → 问题,amod->pobj->prep->ccomp->dep->root->root->prep->pccomp->dobj->rcmod->cpm,相关性(amod) — 分析(pobj) — 通过(prep) — 选取(ccomp) — 提出(dep) — 进行(root) — 提出(root) — 基于(prep) — 存在(pccomp) — 问题(dobj) — 欠缺(rcmod) — 的(cpm),[相关性分析] → [特征选择算法解释性差的问题],12,基于SVM方法的APU故障预测方法,相关性分析,特征选择算法解释性差的问题
方法 → 解决 → 问题,nn->nn->nn->lobj->loc->rcmod->nn->nsubj->neg,轴承(nn) — 诊断(nn) — 故障(nn) — 过程(lobj) — 中(loc) — 足(rcmod) — 预测(nn) — 精度(nsubj) — 不(neg),[基于半监督迁移学习的轴承故障诊断方法] → [预测精度不足],9,基于半监督迁移学习的轴承故障诊断方法,基于半监督迁移学习的轴承故障诊断方法,预测精度不足
方法 → 解决 → 问题,nn->nn->nn->lobj->loc->rcmod->conj->neg,轴承(nn) — 诊断(nn) — 故障(nn) — 过程(lobj) — 中(loc) — 足(rcmod) — 拟合(conj) — 过(neg),[基于半监督迁移学习的轴承故障诊断方法] → [过拟合],8,基于半监督迁移学习的轴承故障诊断方法,基于半监督迁移学习的轴承故障诊断方法,过拟合
方法 → 解决 → 问题,nummod->nn->amod->nn->dobj->rcmod->dobj->root->prep->pobj->nn->nn->nn->nn->nn,多(nummod) — 因子(nn) — 高阶(amod) — 模糊(nn) — 变动(dobj) — 基于(rcmod) — 方法(dobj) — 提出(root) — 针对(prep) — 问题(pobj) — 飞机(nn) — 操纵面(nn) — 故障(nn) — 趋势(nn) — 预测(nn),[基于多因子高阶模糊变动的方法] → [飞机操纵面故障趋势预测问题],15,基于多因子高阶模糊变动的飞机操纵面故障趋势预测,基于多因子高阶模糊变动的方法,飞机操纵面故障趋势预测问题
方法 → 解决 → 问题,nn->nn->nn->lobj->loc->vmod->nn->nn->dobj->root->prep->pobj->rcmod->nn->lobj->loc->nsubj->advmod->dobj,飞机(nn) — 起落架(nn) — 电液(nn) — 换向阀(lobj) — 内(loc) — 泄漏(vmod) — 故障(nn) — 预测(nn) — 方法(dobj) — 提出(root) — 针对(prep) — 问题(pobj) — 实施(rcmod) — 电液(nn) — 换向阀(lobj) — 内(loc) — 泄漏(nsubj) — 无法(advmod) — 检测(dobj),[飞机起落架电液换向阀内泄漏故障预测方法] → [电液换向阀内泄漏无法实施检测的问题],19,基于有源液压测试的电液换向阀泄漏预测理论与应用研究,飞机起落架电液换向阀内泄漏故障预测方法,电液换向阀内泄漏无法实施检测的问题
方法 → 解决 → 问题,amod->nn->nn->nn->cpm->rcmod->dobj->dep->root->prep->pobj->rcmod->amod->nn->nn->nsubj,产生式(amod) — 规则(nn) — 知识(nn) — 表示(nn) — 的(cpm) — 基于(rcmod) — 方法(dobj) — 设计(dep) — 为(root) — 针对(prep) — 问题(pobj) — 低下(rcmod) — 产生式(amod) — 规则(nn) — 推理(nn) — 效率(nsubj),[梯次推理获益原则的产生式规则知识表示方法] → [产生式规则推理效率低下],16,基于梯次推理获益原则的故障预测方法,梯次推理获益原则的产生式规则知识表示方法,产生式规则推理效率低下
方法 → 解决 → 问题,amod->nn->nn->nn->cpm->rcmod->dobj->dep->root->prep->pobj->rcmod->nn->nsubj->amod->nsubj,产生式(amod) — 规则(nn) — 知识(nn) — 表示(nn) — 的(cpm) — 基于(rcmod) — 方法(dobj) — 设计(dep) — 为(root) — 针对(prep) — 问题(pobj) — 困难(rcmod) — 知识(nn) — 元权(nsubj) — 重(amod) — 分配(nsubj),[梯次推理获益原则的产生式规则知识表示方法] → [知识元权重分配困难],16,基于梯次推理获益原则的故障预测方法,梯次推理获益原则的产生式规则知识表示方法,知识元权重分配困难
方法 → 解决 → 问题,amod->dobj->rcmod->dobj->root->prep->pobj->amod->nn,灰色(amod) — 理论(dobj) — 基于(rcmod) — 方法(dobj) — 提出(root) — 针对(prep) — 问题(pobj) — 高(amod) — 故障率(nn),[基于灰色理论的故障预测方法] → [高故障率问题],9,基于灰色理论的172飞机故障预测方法,基于灰色理论的故障预测方法,高故障率问题
方法 → 解决 → 问题,nn->nn->nn->nsubj->pccomp->nn->nn->nn->assmod,航空(nn) — 气路(nn) — 发动机(nn) — 监控(nsubj) — 缺乏(pccomp) — 部件(nn) — 状态(nn) — 故障(nn) — 样本(assmod),[航空发动机气路健康参数估计修正方法] → [航空发动机气路部件状态监控缺乏故障样本],9,基于逆跟踪控制的航空发动机气路健康参数估计修正方法研究,航空发动机气路健康参数估计修正方法,航空发动机气路部件状态监控缺乏故障样本
方法 → 解决 → 问题,nn->pobj->assmod->dobj->conj->prep->pobj->nn->assmod->assm->nn->nn->nn,马氏(nn) — 距离(pobj) — 基于(assmod) — 方法(dobj) — 提出(conj) — 针对(prep) — 问题(pobj) — 类型(nn) — 装备(assmod) — 的(assm) — 故障(nn) — 状态(nn) — 判别(nn),[基于马氏距离的故障预测方法] → [航空装备的故障状态类型判别问题],13,基于马氏距离的航空装备故障预测研究,基于马氏距离的故障预测方法,航空装备的故障状态类型判别问题
方法 → 解决 → 问题,nn->nn->nn->nn->dobj->conj->root->prep->pobj->assmod->nn->nn,维修(nn) — 间隔(nn) — 风险(nn) — 评估(nn) — 方法(dobj) — 提出(conj) — 结合(root) — 针对(prep) — 问题(pobj) — 间隔(assmod) — 民机(nn) — 维修(nn),[民用飞机维修间隔风险评估方法] → [民机维修间隔的风险评估问题],12,民用飞机维修间隔风险评估方法研究,民用飞机维修间隔风险评估方法,民机维修间隔的风险评估问题
方法 → 解决 → 问题,nn->nn->nn->dobj->root->prep->pobj->nn->nn->nn->nn->nn->nn->nn,卡尔曼(nn) — 滤波(nn) — 估计(nn) — 方法(dobj) — 研究(root) — 针对(prep) — 问题(pobj) — 航空(nn) — 发动机(nn) — 气路(nn) — 部件(nn) — 健康(nn) — 参数(nn) — 估计(nn),[卡尔曼滤波估计方法] → [航空发动机气路部件健康参数估计问题],14,航空发动机健康参数的卡尔曼滤波估计方法分析,卡尔曼滤波估计方法,航空发动机气路部件健康参数估计问题
方法 → 解决 → 问题,nn->nn->nn->dobj->root->prep->pobj->nn->nn->assmod->assm->nn,气路(nn) — 故障(nn) — 诊断(nn) — 方法(dobj) — 提出(root) — 针对(prep) — 问题(pobj) — 气路(nn) — 健康(nn) — 状态(assmod) — 的(assm) — 评估(nn),[气路故障诊断方法] → [气路健康状态评估问题],12,航空发动机增强型机载自适应模型气路故障诊断方法,气路故障诊断方法,气路健康状态评估问题
方法 → 解决 → 问题,nn->nn->amod->nn->nn->nsubj->rcmod->nn->nsubj->neg->rcmod,航空(nn) — 发动机(nn) — 机载(amod) — 健康(nn) — 管理(nn) — 系统(nsubj) — 正向(rcmod) — 设计(nn) — 流程(nsubj) — 不(neg) — 清晰(rcmod),[航空发动机机载健康管理系统设计方法] → [正向设计流程不清晰],11,航空发动机机载健康管理系统设计方法,航空发动机机载健康管理系统设计方法,正向设计流程不清晰
方法 → 解决 → 问题,nn->nn->amod->nn->nn->nsubj->rcmod->dobj->rcmod->conj->nn->nsubj->neg,航空(nn) — 发动机(nn) — 机载(amod) — 健康(nn) — 管理(nn) — 系统(nsubj) — 正向(rcmod) — 问题(dobj) — 清晰(rcmod) — 明确(conj) — 设计(nn) — 需求(nsubj) — 不(neg),[航空发动机机载健康管理系统设计方法] → [设计需求不明确],13,航空发动机机载健康管理系统设计方法,航空发动机机载健康管理系统设计方法,设计需求不明确
方法 → 解决 → 问题,nn->nn->amod->nn->nn->nsubj->rcmod->dobj->rcmod->punct->nn->nn->conj,航空(nn) — 发动机(nn) — 机载(amod) — 健康(nn) — 管理(nn) — 系统(nsubj) — 正向(rcmod) — 问题(dobj) — 清晰(rcmod) — 、(punct) — 需求(nn) — 设计(nn) — 对应(conj),[航空发动机机载健康管理系统设计方法] → [需求设计对应及追溯不规范],13,航空发动机机载健康管理系统设计方法,航空发动机机载健康管理系统设计方法,需求设计对应及追溯不规范
方法 → 解决 → 问题,nn->nsubj->rcmod,向量机(nn) — 方法(nsubj) — 支持(rcmod),[相关向量机] → [支持向量机问题],3,航空发动机油液磨粒与故障关系RVM预测方法,相关向量机,支持向量机问题
方法 → 解决 → 问题,nn->cpm->nn->dobj->pccomp->rcmod->dobj->root->prep->pccomp->dobj->rcmod->nsubj->nn->prnmod->punct->punct->prep->pobj->nn->nn,性能(nn) — 的(cpm) — 扩增(nn) — 参数(dobj) — 生成(pccomp) — 基于(rcmod) — 方法(dobj) — 提出(root) — 为(prep) — 解决(pccomp) — 问题(dobj) — 低(rcmod) — 维度(nsubj) — 装置(nn) — APU(prnmod) — ((punct) — )(punct) — 在(prep) — 翼(pobj) — 性能(nn) — 参数(nn),[性能参数扩增方法] → [APU在翼性能参数维度低问题],21,面向飞机辅助动力装置在翼剩余寿命预测的性能参数扩增方法,性能参数扩增方法,APU在翼性能参数维度低问题
方法 → 解决 → 问题,dobj->root->conj->dobj->nn,非线性(dobj) — 具有(root) — 使得(conj) — 结果(dobj) — 预测(nn),[非线性支持向量机] → [大数据量预测问题],5,飞机性能参数预测的不确定性处理,非线性支持向量机,大数据量预测问题
方法 → 使用 → Model,amod->nn->cpm->dobj->dobj->rcmod->prep->pobj->conj->nn->nn,剩余(amod) — 寿命(nn) — 的(cpm) — 方法(dobj) — 预估(dobj) — 进行(rcmod) — 基于(prep) — 网络(pobj) — 网络(conj) — 卷积(nn) — 神经(nn),[基于CNN和LSTM的剩余寿命预估方法] → [卷积神经网络],11,一种基于神经网络的航空发动机剩余寿命预估方法,基于CNN和LSTM的剩余寿命预估方法,卷积神经网络
方法 → 使用 → Model,amod->nn->cpm->dobj->dobj->rcmod->prep->pobj->amod->nn->nn,剩余(amod) — 寿命(nn) — 的(cpm) — 方法(dobj) — 预估(dobj) — 进行(rcmod) — 基于(prep) — 网络(pobj) — 长短期(amod) — 记忆(nn) — 神经(nn),[基于CNN和LSTM的剩余寿命预估方法] → [长短期记忆神经网络],11,一种基于神经网络的航空发动机剩余寿命预估方法,基于CNN和LSTM的剩余寿命预估方法,长短期记忆神经网络
Model → 提取 → 数据,nn->nn->conj->pobj->prep->rcmod->dobj->root->root->conj->dobj,卷积(nn) — 神经(nn) — 网络(conj) — 网络(pobj) — 基于(prep) — 进行(rcmod) — 方法(dobj) — 提出(root) — 利用(root) — 提取(conj) — 特征(dobj),[卷积神经网络] → [特征],11,一种基于神经网络的航空发动机剩余寿命预估方法,卷积神经网络,特征
数据 → 来源于 → 数据,dobj->assmod->lobj->nn,特征(dobj) — 中(assmod) — 数据(lobj) — 传感器(nn),[特征] → [传感器数据],4,一种基于神经网络的航空发动机剩余寿命预估方法,特征,传感器数据
Model → 进行 → 任务,amod->nn->nn->pobj->prep->rcmod->dobj->root->root->conj->conj->dobj->nn->nn,长短期(amod) — 记忆(nn) — 神经(nn) — 网络(pobj) — 基于(prep) — 进行(rcmod) — 方法(dobj) — 提出(root) — 利用(root) — 利用(conj) — 进行(conj) — 预测(dobj) — 时间(nn) — 序列(nn),[长短期记忆神经网络] → [时间序列预测],14,一种基于神经网络的航空发动机剩余寿命预估方法,长短期记忆神经网络,时间序列预测
Model → 进行 → 任务,amod->amod->nn->nn->nn->dobj->dep->conj->dobj->nn->nn->nn,长(amod) — 短(amod) — 记忆(nn) — 神经(nn) — 网络(nn) — 模型(dobj) — 利用(dep) — 进行(conj) — 预测(dobj) — 数据(nn) — 变化(nn) — 趋势(nn),[长短记忆神经网络模型] → [数据变化趋势预测],12,基于模型的发动机喘振故障关键参量仿真与预测,长短记忆神经网络模型,数据变化趋势预测
Model → 进行 → 任务,amod->nn->dobj->conj->conj->root->root->dobj->nn,改进(amod) — 神经(nn) — 网络(dobj) — 采用(conj) — 采用(conj) — 提出(root) — 提出(root) — 方法(dobj) — 预测(nn),[改进神经网络] → [趋势预测],9,航空电子设备故障预测框架与方法,改进神经网络,趋势预测
模型组件 → 输出 → 预测目标,amod->dobj->conj->root->root->prep->pobj->vmod->loc->lobj->nn->nn->amod->nn,全(amod) — 连接层(dobj) — 使用(conj) — 利用(root) — 提出(root) — 针对(prep) — 问题(pobj) — 困难(vmod) — 中(loc) — 预估(lobj) — 发动机(nn) — 航空(nn) — 剩余(amod) — 寿命(nn),[全连接层] → [航空发动机剩余寿命],14,一种基于神经网络的航空发动机剩余寿命预估方法,全连接层,航空发动机剩余寿命
方法 → 验证于 → Dataset,amod->nn->dobj->cpm->dobj->rcmod->root->root->conj->dobj->assmod->lobj,剩余(amod) — 寿命(nn) — 预估(dobj) — 的(cpm) — 方法(dobj) — 进行(rcmod) — 提出(root) — 利用(root) — 提取(conj) — 特征(dobj) — 中(assmod) — 数据(lobj),[基于CNN和LSTM的剩余寿命预估方法] → [C-MAPSS数据集],12,一种基于神经网络的航空发动机剩余寿命预估方法,基于CNN和LSTM的剩余寿命预估方法,C-MAPSS数据集
方法 → 发出 → 信号,amod->nn->dobj->cpm->dobj->rcmod->root->root->ccomp->dep->dobj->nn->nn,剩余(amod) — 寿命(nn) — 预估(dobj) — 的(cpm) — 方法(dobj) — 进行(rcmod) — 提出(root) — 表明(root) — 进行(ccomp) — 发出(dep) — 信号(dobj) — 故障(nn) — 预警(nn),[基于CNN和LSTM的剩余寿命预估方法] → [故障预警信号],13,一种基于神经网络的航空发动机剩余寿命预估方法,基于CNN和LSTM的剩余寿命预估方法,故障预警信号
方法 → 提高 → 目标,amod->nn->dobj->cpm->dobj->rcmod->root->root->conj->dobj->amod,剩余(amod) — 寿命(nn) — 预估(dobj) — 的(cpm) — 方法(dobj) — 进行(rcmod) — 提出(root) — 利用(root) — 使用(conj) — 连接层(dobj) — 全(amod),[基于CNN和LSTM的剩余寿命预估方法] → [飞行的安全性],11,一种基于神经网络的航空发动机剩余寿命预估方法,基于CNN和LSTM的剩余寿命预估方法,飞行的安全性
方法 → 提高 → 目标,dobj->root->root->top->dobj->assmod,非线性(dobj) — 具有(root) — 重要(root) — 利用(top) — 参数(dobj) — 飞机(assmod),[非线性支持向量机] → [飞机安全性],6,飞机性能参数预测的不确定性处理,非线性支持向量机,飞机安全性
方法 → 服务于 → 系统,amod->nn->cpm->dobj->rcmod->dobj->root->prep->pobj->vmod->loc->lobj->nn->nn,剩余(amod) — 寿命(nn) — 的(cpm) — 预估(dobj) — 进行(rcmod) — 方法(dobj) — 提出(root) — 针对(prep) — 问题(pobj) — 困难(vmod) — 中(loc) — 预估(lobj) — 发动机(nn) — 航空(nn),[基于CNN和LSTM的剩余寿命预估方法] → [航空发动机健康管理系统],14,一种基于神经网络的航空发动机剩余寿命预估方法,基于CNN和LSTM的剩余寿命预估方法,航空发动机健康管理系统
方法 → 优于 → 方法,amod->nn->cpm->dobj->rcmod->dobj->root->punct,"剩余(amod) — 寿命(nn) — 的(cpm) — 预估(dobj) — 进行(rcmod) — 方法(dobj) — 提出(root) — ,(punct)",[基于CNN和LSTM的剩余寿命预估方法] → [此前提出的方法],8,一种基于神经网络的航空发动机剩余寿命预估方法,基于CNN和LSTM的剩余寿命预估方法,此前提出的方法
方法 → 优于 → 方法,nn->dobj->rcmod->dobj,Copula(nn) — 相似性(dobj) — 基于(rcmod) — 方法(dobj),[基于Copula相似性的RUL预测方法] → [传统方法],4,基于Copula相似性的航空发动机RUL预测,基于Copula相似性的RUL预测方法,传统方法
方法 → 优于 → 方法,rcmod->dobj,基于(rcmod) — 网络(dobj),[基于KPCA和DBN的建模方法] → [传统神经网络建模方法],2,基于KPCA和DBN的航空发动机排气温度基线模型,基于KPCA和DBN的建模方法,传统神经网络建模方法
方法 → 优于 → 方法,nn->nn->nsubj->conj->conj->prep->pobj->assmod->assm->nn->nn,神经(nn) — 网络(nn) — 方法(nsubj) — 有(conj) — 相比(conj) — 与(prep) — 方法(pobj) — 系统(assmod) — 的(assm) — 故障(nn) — 检测(nn),[神经网络方法] → [传统故障检测方法],11,基于神经网络预测模型的歼击机结构故障检测方法,神经网络方法,传统故障检测方法
方法 → 优于 → 方法,nn->nsubj->rcmod,向量机(nn) — 方法(nsubj) — 支持(rcmod),[相关向量机] → [最小二乘支持向量机],3,航空发动机油液磨粒与故障关系RVM预测方法,相关向量机,最小二乘支持向量机
方法 → 优于 → 方法,nn->nsubj->lccomp->loc->root->root->conj->dobj->rcmod->advmod->nn->nn,向量机(nn) — 方法(nsubj) — 应用(lccomp) — 时(loc) — 出现(root) — 采用(root) — 支持(conj) — 方法(dobj) — 传播(rcmod) — 反向(advmod) — 神经(nn) — 网络(nn),[相关向量机] → [反向传播神经网络],12,航空发动机油液磨粒与故障关系RVM预测方法,相关向量机,反向传播神经网络
方法 → 优于 → 方法,nn,预测(nn),[组合预测方法] → [单项预测方法],1,航空电子设备故障预测框架与方法,组合预测方法,单项预测方法
方法 → 优于 → 方法,dobj,数据(dobj),[融合数据的故障诊断方法] → [传统单一数据来源的故障诊断分析方法],1,融合多源异构数据的飞机故障诊断方法研究进展,融合数据的故障诊断方法,传统单一数据来源的故障诊断分析方法
供应链 → 呈现 → 趋势,nn->nn->nsubj->ccomp->dobj->nn,航空(nn) — 产品(nn) — 供应链(nsubj) — 呈现(ccomp) — 趋势(dobj) — 发展(nn),[航空产品供应链] → [发展趋势],6,为未来做好准备,航空产品供应链,发展趋势
趋势 → 涉及 → 领域,nn->dobj->ccomp->conj->dobj->assmod,发展(nn) — 趋势(dobj) — 呈现(ccomp) — 涉及(conj) — 创新(dobj) — 原材料(assmod),[发展趋势] → [原材料的生产],6,为未来做好准备,发展趋势,原材料的生产
趋势 → 涉及 → 技术,nn->dobj->ccomp->conj->dobj->nn->conj,发展(nn) — 趋势(dobj) — 呈现(ccomp) — 涉及(conj) — 创新(dobj) — 信息(nn) — 技术(conj),[发展趋势] → [信息技术],7,为未来做好准备,发展趋势,信息技术
趋势 → 涉及 → 方法,nn->dobj->ccomp->conj->dobj->nn,发展(nn) — 趋势(dobj) — 呈现(ccomp) — 涉及(conj) — 创新(dobj) — 管理(nn),[发展趋势] → [管理创新],6,为未来做好准备,发展趋势,管理创新
趋势 → 带来 → 影响,nn->dobj->ccomp->root->root->attr->assmod->nn->nn,发展(nn) — 趋势(dobj) — 呈现(ccomp) — 指出(root) — 是(root) — 改变(attr) — 理念(assmod) — 飞机(nn) — 设计(nn),[发展趋势] → [飞机设计理念的改变],9,为未来做好准备,发展趋势,飞机设计理念的改变
趋势 → 带来 → 影响,nn->dobj->ccomp->root->root->dep->dobj->assmod->nn->det->conj,发展(nn) — 趋势(dobj) — 呈现(ccomp) — 指出(root) — 是(root) — 带来(dep) — 变化(dobj) — 优势(assmod) — 行业(nn) — 全(det) — 价值(conj),[发展趋势] → [全行业价值的变化],11,为未来做好准备,发展趋势,全行业价值的变化
趋势 → 带来 → 影响,nn->dobj->ccomp->root->root->dep->dobj->assmod->cc->nn,发展(nn) — 趋势(dobj) — 呈现(ccomp) — 指出(root) — 是(root) — 带来(dep) — 变化(dobj) — 优势(assmod) — 和(cc) — 竞争(nn),[发展趋势] → [竞争优势的变化],10,为未来做好准备,发展趋势,竞争优势的变化
趋势 → 决定 → 结果,nn->dobj->ccomp->root->root->dep->dobj->assmod,发展(nn) — 趋势(dobj) — 呈现(ccomp) — 指出(root) — 是(root) — 决定(dep) — 成败(dobj) — 企业(assmod),[发展趋势] → [企业的成败],8,为未来做好准备,发展趋势,企业的成败
公司 → 参与 → 项目,nn->nn->nn->nummod->nn->nn->nsubj->root->dobj->amod->nn->nn->nn,航天(nn) — 科工(nn) — 集团(nn) — 一(nummod) — 院(nn) — 测控(nn) — 公司(nsubj) — 参与(root) — 项目(dobj) — 大(amod) — 飞机(nn) — 健康(nn) — 管理(nn),[航天科工集团一院测控公司] → [大飞机健康管理项目],13,产品新闻发布,航天科工集团一院测控公司,大飞机健康管理项目
公司 → 组成 → 团队,nn->nn->nn->nummod->nn->nn->nsubj->root->conj->nsubj->amod->nn,航天(nn) — 科工(nn) — 集团(nn) — 一(nummod) — 院(nn) — 测控(nn) — 公司(nsubj) — 参与(root) — 加以(conj) — 团队(nsubj) — 联合(amod) — 攻关(nn),[航天科工集团一院测控公司] → [联合攻关团队],12,产品新闻发布,航天科工集团一院测控公司,联合攻关团队
公司 → 组成 → 团队,nn->nn->nn->nn->nn->nn->amod->nsubj->rcmod->nsubj->amod->nn,中国(nn) — 商飞(nn) — 上海(nn) — 飞机(nn) — 客户(nn) — 服务(nn) — 有限(amod) — 公司(nsubj) — 成立(rcmod) — 团队(nsubj) — 联合(amod) — 攻关(nn),[中国商飞上海飞机客户服务有限公司] → [联合攻关团队],12,产品新闻发布,中国商飞上海飞机客户服务有限公司,联合攻关团队
团队 → 确定 → 方案,amod->nn->nsubj->conj->prep->pobj->nn,联合(amod) — 攻关(nn) — 团队(nsubj) — 加以(conj) — 对(prep) — 方案(pobj) — 总体(nn),[联合攻关团队] → [总体方案],7,产品新闻发布,联合攻关团队,总体方案
方案 → 属于 → 项目,nn->pobj->assmod->nn->amod->amod->conj,总体(nn) — 方案(pobj) — 项目(assmod) — 飞机(nn) — 大(amod) — 实时(amod) — 监测(conj),[总体方案] → [大飞机实时监测与健康管理项目],7,产品新闻发布,总体方案,大飞机实时监测与健康管理项目
技术 → 应用于 → 产品,amod->nn->nsubj->conj->prep->pobj->nn,人工(amod) — 智能(nn) — 技术(nsubj) — 应用(conj) — 于(prep) — 民机(pobj) — 未来(nn),[人工智能技术] → [未来民机],7,人工智能在波音787上的应用与思考,人工智能技术,未来民机
技术 → 提升 → 能力,amod->nn->nsubj->conj->root->attr->rcmod->dobj->amod->nn->nn,人工(amod) — 智能(nn) — 技术(nsubj) — 应用(conj) — 是(root) — 手段(attr) — 提升(rcmod) — 竞争力(dobj) — 民用(amod) — 飞机(nn) — 国际(nn),[人工智能技术] → [民用飞机国际竞争力],11,人工智能在波音787上的应用与思考,人工智能技术,民用飞机国际竞争力
技术 → 应用于 → 飞机型号,nn->nsubj->conj->root->root->conj->dobj->assmod->plmod->lobj,智能(nn) — 技术(nsubj) — 应用(conj) — 是(root) — 是(root) — 研究(conj) — 应用(dobj) — 在(assmod) — 上(plmod) — 波音787(lobj),[智能装配技术] → [波音787],10,人工智能在波音787上的应用与思考,智能装配技术,波音787
技术 → 应用于 → 飞机型号,nn->nsubj->conj->root->root->conj->dobj->assmod->plmod->lobj,智能(nn) — 技术(nsubj) — 应用(conj) — 是(root) — 是(root) — 研究(conj) — 应用(dobj) — 在(assmod) — 上(plmod) — 波音787(lobj),[智能驾驶舱技术] → [波音787],10,人工智能在波音787上的应用与思考,智能驾驶舱技术,波音787
技术 → 应用于 → 飞机型号,nn->nsubj->conj->root->root->conj->dobj->assmod->plmod->lobj,智能(nn) — 技术(nsubj) — 应用(conj) — 是(root) — 是(root) — 研究(conj) — 应用(dobj) — 在(assmod) — 上(plmod) — 波音787(lobj),[智能飞控系统] → [波音787],10,人工智能在波音787上的应用与思考,智能飞控系统,波音787
技术 → 应用于 → 飞机型号,nn->nsubj->conj->root->root->conj->dobj->assmod->plmod->lobj,智能(nn) — 技术(nsubj) — 应用(conj) — 是(root) — 是(root) — 研究(conj) — 应用(dobj) — 在(assmod) — 上(plmod) — 波音787(lobj),[智能维护技术] → [波音787],10,人工智能在波音787上的应用与思考,智能维护技术,波音787
技术 → 应用于 → 飞机型号,nn->nsubj->conj->root->root->conj->dobj->assmod->plmod->lobj,智能(nn) — 技术(nsubj) — 应用(conj) — 是(root) — 是(root) — 研究(conj) — 应用(dobj) — 在(assmod) — 上(plmod) — 波音787(lobj),[智能材料和标签] → [波音787],10,人工智能在波音787上的应用与思考,智能材料和标签,波音787
组织 → 应进行变革 → 技术,pobj->prep->conj->nsubj->nn,民机(pobj) — 于(prep) — 应用(conj) — 技术(nsubj) — 智能(nn),[我国民机主制造商] → [智能技术],5,人工智能在波音787上的应用与思考,我国民机主制造商,智能技术
技术 → 应用于 → 领域,nn->nsubj->conj->root->root->dep->prep->pobj->nn->conj->nn->nn,智能(nn) — 技术(nsubj) — 应用(conj) — 是(root) — 把握(root) — 进行(dep) — 从(prep) — 方面(pobj) — 管理(nn) — 创新(conj) — 产品(nn) — 设计(nn),[智能技术] → [产品设计创新],12,人工智能在波音787上的应用与思考,智能技术,产品设计创新
技术 → 应用于 → 领域,nn->nsubj->conj->root->root->dep->prep->pobj->nn->conj->nn->nn,智能(nn) — 技术(nsubj) — 应用(conj) — 是(root) — 把握(root) — 进行(dep) — 从(prep) — 方面(pobj) — 管理(nn) — 优化(conj) — 生产(nn) — 制造(nn),[智能技术] → [生产制造优化],12,人工智能在波音787上的应用与思考,智能技术,生产制造优化
技术 → 应用于 → 领域,nn->nsubj->conj->root->attr->rcmod,智能(nn) — 技术(nsubj) — 应用(conj) — 是(root) — 手段(attr) — 提升(rcmod),[智能技术] → [管理效率提升],6,人工智能在波音787上的应用与思考,智能技术,管理效率提升
技术 → 应用于 → 领域,nn->nsubj->conj->root->root->dep->prep->pobj->nn->conj->amod->nn,智能(nn) — 技术(nsubj) — 应用(conj) — 是(root) — 把握(root) — 进行(dep) — 从(prep) — 方面(pobj) — 管理(nn) — 定制(conj) — 个性(amod) — 服务(nn),[智能技术] → [个性服务定制],12,人工智能在波音787上的应用与思考,智能技术,个性服务定制
技术 → 应用于 → 领域,nn->nsubj->conj->root->attr->rcmod->dobj->nn,智能(nn) — 技术(nsubj) — 应用(conj) — 是(root) — 手段(attr) — 提升(rcmod) — 竞争力(dobj) — 飞机(nn),[智能技术] → [飞机健康管理],8,人工智能在波音787上的应用与思考,智能技术,飞机健康管理
技术 → 应用于 → 领域,punct->prnmod->nn->nsubj->root->prep->pobj->amod->nn->nn->nn,)(punct) — RFID(prnmod) — 识别(nn) — 技术(nsubj) — 得到(root) — 在(prep) — 领域(pobj) — 民用(amod) — 航空(nn) — 机场(nn) — 运输(nn),[RFID技术] → [民用航空机场运输领域],11,基于RFID技术的机载设备维护管理系统,RFID技术,民用航空机场运输领域
技术 → 应用于 → 领域,nn->nn->nsubj->root->conj->prep->pobj->assmod->pobj->nn,数字(nn) — 孪生体(nn) — 概念(nsubj) — 发展(root) — 起到(conj) — 为(prep) — 发展(pobj) — 在(assmod) — 行业(pobj) — 管道(nn),[数字孪生体] → [油气管道],10,数字孪生体及其在智慧管网应用的可行性,数字孪生体,油气管道
技术 → 应用于 → 领域,nsubj->root->root->attr->rcmod->prep->pobj->nn->nn,智能化(nsubj) — 提升(root) — 是(root) — 问题(attr) — 应用(rcmod) — 在(prep) — 领域(pobj) — 航空(nn) — 发动机(nn),[智能化技术] → [航空发动机领域],9,智能航空发动机——本体智能化技术概述,智能化技术,航空发动机领域
技术 → 应用于 → 领域,prnmod->punct->nn->pobj->assmod->plmod->lobj->nn->nn,PHM(prnmod) — )(punct) — 技术(nn) — 问题(pobj) — 在(assmod) — 中(plmod) — 工程(lobj) — 民机(nn) — 维修(nn),[PHM技术] → [民机维修工程],9,民机PHM预测维修模式在空调系统的应用,PHM技术,民机维修工程
技术 → 应用于 → 领域,nn->nn->nsubj->rcmod->nsubj->nn->nn,监测(nn) — 静电(nn) — 信号(nsubj) — 获得(rcmod) — 实验(nsubj) — 试车台(nn) — 发动机(nn),[静电监测技术] → [航空发动机健康管理],7,涡轴发动机尾气静电监测信号影响因素分析,静电监测技术,航空发动机健康管理
组织 → 应储备 → 技术,pobj->prep->conj->nsubj->nn,民机(pobj) — 于(prep) — 应用(conj) — 技术(nsubj) — 智能(nn),[我国民机主制造商] → [新型智能技术],5,人工智能在波音787上的应用与思考,我国民机主制造商,新型智能技术
组织 → 应储备 → 技术,pobj->prep->conj->nsubj->nn,民机(pobj) — 于(prep) — 应用(conj) — 技术(nsubj) — 智能(nn),[我国民机主制造商] → [新型智能技术],5,人工智能在波音787上的应用与思考,我国民机主制造商,新型智能技术
问题 → 影响 → 结构,nsubj->top->root->attr->rcmod->dobj->nn->nn->nn,疲劳(nsubj) — 失效(top) — 是(root) — 因素(attr) — 影响(rcmod) — 寿命(dobj) — 飞机(nn) — 金属(nn) — 结构(nn),[疲劳失效] → [飞机金属结构],9,从金属材料疲劳性能的力学描述到飞机结构疲劳寿命评定：现状与展望,疲劳失效,飞机金属结构
问题 → 影响 → 属性,nsubj->top->root->attr->rcmod->dobj->conj,疲劳(nsubj) — 失效(top) — 是(root) — 因素(attr) — 影响(rcmod) — 寿命(dobj) — 安全性(conj),[疲劳失效] → [安全性],7,从金属材料疲劳性能的力学描述到飞机结构疲劳寿命评定：现状与展望,疲劳失效,安全性
问题 → 影响 → 属性,nsubj->top->root->attr->rcmod->dobj->nn,疲劳(nsubj) — 失效(top) — 是(root) — 因素(attr) — 影响(rcmod) — 寿命(dobj) — 使用(nn),[疲劳失效] → [使用寿命],7,从金属材料疲劳性能的力学描述到飞机结构疲劳寿命评定：现状与展望,疲劳失效,使用寿命
方法 → 基于 → 属性,nsubj,疲劳(nsubj),[唯象疲劳分析方法] → [材料疲劳性能],1,从金属材料疲劳性能的力学描述到飞机结构疲劳寿命评定：现状与展望,唯象疲劳分析方法,材料疲劳性能
方法 → 基于 → 属性,nsubj,疲劳(nsubj),[唯象疲劳分析方法] → [结构疲劳品质],1,从金属材料疲劳性能的力学描述到飞机结构疲劳寿命评定：现状与展望,唯象疲劳分析方法,结构疲劳品质
方法 → 基于 → 理论,nn->assmod->dobj->root->root->attr->rcmod->prep->pobj->nn,分析(nn) — 方法(assmod) — 思路(dobj) — 综述(root) — 即(root) — 方法(attr) — 为(rcmod) — 以(prep) — 力学(pobj) — 断裂(nn),[以断裂力学为基础的分析方法] → [断裂力学],10,从金属材料疲劳性能的力学描述到飞机结构疲劳寿命评定：现状与展望,以断裂力学为基础的分析方法,断裂力学
方法 → 基于 → 理论,amod->rcmod->dobj,灰色(amod) — 基于(rcmod) — 理论(dobj),[基于灰色理论的故障预测方法] → [灰色理论],3,基于灰色理论的172飞机故障预测方法,基于灰色理论的故障预测方法,灰色理论
活动 → 影响 → 策略,nn->conj->nsubj->root->root->top->nsubj,学术(nn) — 研究(conj) — 实践(nsubj) — 得以(root) — 是(root) — 失效(top) — 疲劳(nsubj),[学术研究] → [飞机结构抗疲劳保安全策略],7,从金属材料疲劳性能的力学描述到飞机结构疲劳寿命评定：现状与展望,学术研究,飞机结构抗疲劳保安全策略
方法 → 影响 → 策略,nn->assmod->dobj->root->root->top->nsubj,分析(nn) — 方法(assmod) — 思路(dobj) — 综述(root) — 是(root) — 失效(top) — 疲劳(nsubj),[分析方法] → [飞机结构抗疲劳保安全策略],7,从金属材料疲劳性能的力学描述到飞机结构疲劳寿命评定：现状与展望,分析方法,飞机结构抗疲劳保安全策略
材料 → 提出 → 问题,nn->pobj->prep->rcmod->attr->root->root->dep->conj->amod,材料(nn) — 性能(pobj) — 从(prep) — 出发(rcmod) — 方法(attr) — 即(root) — 需求(root) — 思路(dep) — 挑战(conj) — 新(amod),[先进材料] → [新挑战],10,从金属材料疲劳性能的力学描述到飞机结构疲劳寿命评定：现状与展望,先进材料,新挑战
结构 → 提出 → 问题,nn->dobj->rcmod->attr->root->root->dep->conj->amod,结构(nn) — 寿命(dobj) — 影响(rcmod) — 因素(attr) — 是(root) — 需求(root) — 思路(dep) — 挑战(conj) — 新(amod),[新型结构] → [新挑战],9,从金属材料疲劳性能的力学描述到飞机结构疲劳寿命评定：现状与展望,新型结构,新挑战
结构 → 需要 → 任务,nn->dobj->rcmod->attr->root->top->nsubj,飞机(nn) — 寿命(dobj) — 影响(rcmod) — 因素(attr) — 是(root) — 失效(top) — 疲劳(nsubj),[未来飞机结构] → [疲劳与损伤容限评价],7,从金属材料疲劳性能的力学描述到飞机结构疲劳寿命评定：现状与展望,未来飞机结构,疲劳与损伤容限评价
管理方法 → 综合应用 → 技术,amod->nn->nn->top->root->attr->assmod->nn->conj,复杂(amod) — 系统(nn) — 健康(nn) — 管理(top) — 是(root) — 应用(attr) — 技术(assmod) — 测试(nn) — 技术(conj),[复杂系统健康管理] → [测试技术],9,健康管理在机载雷达中的应用研究,复杂系统健康管理,测试技术
管理方法 → 综合应用 → 技术,amod->nn->nn->top->root->attr->assmod->amod->conj,复杂(amod) — 系统(nn) — 健康(nn) — 管理(top) — 是(root) — 应用(attr) — 技术(assmod) — 人工(amod) — 智能(conj),[复杂系统健康管理] → [人工智能],9,健康管理在机载雷达中的应用研究,复杂系统健康管理,人工智能
管理方法 → 综合应用 → 技术,amod->nn->nn->top->root->attr->assmod->nn,复杂(amod) — 系统(nn) — 健康(nn) — 管理(top) — 是(root) — 应用(attr) — 技术(assmod) — 信息(nn),[复杂系统健康管理] → [信息技术],8,健康管理在机载雷达中的应用研究,复杂系统健康管理,信息技术
管理方法 → 演变自 → 技术,amod->nn->nn->top->root->conj->prep->pobj->nn->prnmod->punct,复杂(amod) — 系统(nn) — 健康(nn) — 管理(top) — 是(root) — 演变(conj) — 由(prep) — 技术(pobj) — 重构(nn) — FDIR(prnmod) — )(punct),[复杂系统健康管理] → [FDIR技术],11,健康管理在机载雷达中的应用研究,复杂系统健康管理,FDIR技术
管理方法 → 运用 → 技术,amod->nn->nn->top->root->conj->dep->dobj->rcmod->cpm->nn,复杂(amod) — 系统(nn) — 健康(nn) — 管理(top) — 是(root) — 演变(conj) — 运用(dep) — 技术(dobj) — 先进(rcmod) — 的(cpm) — 推理(nn),[复杂系统健康管理] → [先进的推理技术],11,健康管理在机载雷达中的应用研究,复杂系统健康管理,先进的推理技术
管理方法 → 实现 → 功能,amod->nn->nn->top->root->conj->dep->conj->dobj->conj->nn->amod,复杂(amod) — 系统(nn) — 健康(nn) — 管理(top) — 是(root) — 演变(conj) — 运用(dep) — 扩充(conj) — 重组(dobj) — 重构(conj) — 系统(nn) — 自主(amod),[复杂系统健康管理] → [系统自主重构],12,健康管理在机载雷达中的应用研究,复杂系统健康管理,系统自主重构
管理方法 → 实现 → 功能,amod->nn->nn->top->root->conj->dep->conj->dobj->nn->nn,复杂(amod) — 系统(nn) — 健康(nn) — 管理(top) — 是(root) — 演变(conj) — 运用(dep) — 扩充(conj) — 重组(dobj) — 系统(nn) — 资源(nn),[复杂系统健康管理] → [系统资源重组],11,健康管理在机载雷达中的应用研究,复杂系统健康管理,系统资源重组
管理方法 → 实现 → 目标,amod->nn->nn->top->root->conj->dep->conj->dobj->nn->nn,复杂(amod) — 系统(nn) — 健康(nn) — 管理(top) — 是(root) — 演变(conj) — 运用(dep) — 实现(conj) — 目标(dobj) — 系统(nn) — 任务(nn),[复杂系统健康管理] → [系统任务目标],11,健康管理在机载雷达中的应用研究,复杂系统健康管理,系统任务目标
管理方法 → 减少 → 成本,amod->nn->nn->top->root->conj->dep->conj->conj->dobj->nn->conj,复杂(amod) — 系统(nn) — 健康(nn) — 管理(top) — 是(root) — 演变(conj) — 运用(dep) — 实现(conj) — 减少(conj) — 费用(dobj) — 维修(nn) — 人力(conj),[复杂系统健康管理] → [维修人力],12,健康管理在机载雷达中的应用研究,复杂系统健康管理,维修人力
管理方法 → 减少 → 成本,amod->nn->nn->top->root->conj->dep->conj->conj->dobj->nn,复杂(amod) — 系统(nn) — 健康(nn) — 管理(top) — 是(root) — 演变(conj) — 运用(dep) — 实现(conj) — 减少(conj) — 费用(dobj) — 保障(nn),[复杂系统健康管理] → [保障费用],11,健康管理在机载雷达中的应用研究,复杂系统健康管理,保障费用
管理方法 → 应用于 → 设备,nn->top->root->root->prep->pobj->assmod->plmod->lobj->amod,健康(nn) — 管理(top) — 是(root) — 进行(root) — 对(prep) — 应用(pobj) — 在(assmod) — 中(plmod) — 雷达(lobj) — 机载(amod),[健康管理] → [机载雷达],10,健康管理在机载雷达中的应用研究,健康管理,机载雷达
装备 → 要求 → Performance Metric,amod->nummod->clf->amod->nn->nsubj->root->dobj->conj->amod,新(amod) — 一(nummod) — 代(clf) — 先进(amod) — 战斗机(nn) — 要求(nsubj) — 总结(root) — 承载(dobj) — 重量(conj) — 轻(amod),[新一代先进战斗机] → [轻重量],10,先进战斗机强度设计技术发展与实践,新一代先进战斗机,轻重量
装备 → 要求 → Performance Metric,amod->nummod->clf->amod->nn->nsubj->root->dobj->conj->amod,新(amod) — 一(nummod) — 代(clf) — 先进(amod) — 战斗机(nn) — 要求(nsubj) — 总结(root) — 承载(dobj) — 寿命(conj) — 长(amod),[新一代先进战斗机] → [长寿命],10,先进战斗机强度设计技术发展与实践,新一代先进战斗机,长寿命
装备 → 要求 → Performance Metric,amod->nummod->clf->amod->nn->nsubj->root->dobj->conj->amod,新(amod) — 一(nummod) — 代(clf) — 先进(amod) — 战斗机(nn) — 要求(nsubj) — 总结(root) — 承载(dobj) — 功能(conj) — 多(amod),[新一代先进战斗机] → [多功能],10,先进战斗机强度设计技术发展与实践,新一代先进战斗机,多功能
装备 → 要求 → Performance Metric,amod->nummod->clf->amod->nn->nsubj->root->dobj->amod,新(amod) — 一(nummod) — 代(clf) — 先进(amod) — 战斗机(nn) — 要求(nsubj) — 总结(root) — 承载(dobj) — 高(amod),[新一代先进战斗机] → [高承载],9,先进战斗机强度设计技术发展与实践,新一代先进战斗机,高承载
技术领域 → 适应 → 要求,nn->conj->nsubj->root->root->nsubj->nn->amod,强度(nn) — 设计(conj) — 技术(nsubj) — 提升(root) — 总结(root) — 要求(nsubj) — 战斗机(nn) — 先进(amod),[强度设计技术] → [先进战斗机研制要求],8,先进战斗机强度设计技术发展与实践,强度设计技术,先进战斗机研制要求
技术领域 → 包括 → 技术,conj->nn->nsubj->root->prep->pobj->assmod->prnmod->conj,设计(conj) — 强度(nn) — 技术(nsubj) — 提升(root) — 除了(prep) — 贡献(pobj) — 制造(assmod) — 装配(prnmod) — 结构(conj),[强度设计技术] → [结构载荷筛选技术],9,先进战斗机强度设计技术发展与实践,强度设计技术,结构载荷筛选技术
技术领域 → 包括 → 技术,conj->nn->nsubj->nn->punct->conj,设计(conj) — 强度(nn) — 技术(nsubj) — 验证(nn) — /(punct) — 分析(conj),[强度设计技术] → [全机内力分析技术],6,先进战斗机强度设计技术发展与实践,强度设计技术,全机内力分析技术
技术领域 → 包括 → 技术,conj->nn->nsubj->root->prep->pobj->assmod->conj,设计(conj) — 强度(nn) — 技术(nsubj) — 提升(root) — 除了(prep) — 贡献(pobj) — 制造(assmod) — 材料(conj),[强度设计技术] → [复合材料整体化结构分析技术],8,先进战斗机强度设计技术发展与实践,强度设计技术,复合材料整体化结构分析技术
技术领域 → 包括 → 技术,nn->conj->nsubj->root->root->dobj->amod,强度(nn) — 设计(conj) — 技术(nsubj) — 提升(root) — 总结(root) — 承载(dobj) — 高(amod),[强度设计技术] → [高精度快速细节应力分析技术],7,先进战斗机强度设计技术发展与实践,强度设计技术,高精度快速细节应力分析技术
技术领域 → 包括 → 技术,conj->nn,设计(conj) — 强度(nn),[强度设计技术] → [内埋武器舱预紧舱门强度设计],2,先进战斗机强度设计技术发展与实践,强度设计技术,内埋武器舱预紧舱门强度设计
技术领域 → 包括 → 技术,conj->nn->nsubj->root->prep->pobj->assmod->prnmod->conj,设计(conj) — 强度(nn) — 技术(nsubj) — 提升(root) — 除了(prep) — 贡献(pobj) — 制造(assmod) — 装配(prnmod) — 结构(conj),[强度设计技术] → [结构故障预测与健康管理系统设计],9,先进战斗机强度设计技术发展与实践,强度设计技术,结构故障预测与健康管理系统设计
技术领域 → 包括 → 技术,amod->dobj->conj->root->root->prep->pobj->rcmod->cpm->amod,关键(amod) — 技术(dobj) — 包括(conj) — 阐述(root) — 是(root) — 作为(prep) — 系统(pobj) — 采用(rcmod) — 的(cpm) — 先进(amod),[关键技术] → [先进传感器技术],10,飞机健康监测与预测系统的发展及展望,关键技术,先进传感器技术
技术领域 → 包括 → 技术,amod->dobj->conj->root->root->punct->nn,"关键(amod) — 技术(dobj) — 包括(conj) — 阐述(root) — 是(root) — ,(punct) — 健康(nn)",[关键技术] → [故障诊断与健康评估技术],7,飞机健康监测与预测系统的发展及展望,关键技术,故障诊断与健康评估技术
技术领域 → 包括 → 技术,amod->dobj->conj->root->root->top->nn->cc,关键(amod) — 技术(dobj) — 包括(conj) — 阐述(root) — 是(root) — 系统(top) — 预测(nn) — 与(cc),[关键技术] → [故障预测技术],8,飞机健康监测与预测系统的发展及展望,关键技术,故障预测技术
技术领域 → 包括 → 技术,amod->dobj->conj->dobj->conj->nn->nn,关键(amod) — 技术(dobj) — 包括(conj) — 技术(dobj) — 技术(conj) — 数据(nn) — 融合(nn),[关键技术] → [数据融合技术],7,飞机健康监测与预测系统的发展及展望,关键技术,数据融合技术
技术领域 → 包括 → 技术,amod->dobj->conj->root->root->prep->pobj,关键(amod) — 技术(dobj) — 包括(conj) — 阐述(root) — 是(root) — 作为(prep) — 系统(pobj),[关键技术] → [系统验证与评价技术],7,飞机健康监测与预测系统的发展及展望,关键技术,系统验证与评价技术
技术领域 → 包括 → 方法,conj->nn->nsubj->nn->punct->conj,设计(conj) — 强度(nn) — 技术(nsubj) — 验证(nn) — /(punct) — 分析(conj),[强度设计技术] → [双曲面加筋壁板声疲劳分析方法],6,先进战斗机强度设计技术发展与实践,强度设计技术,双曲面加筋壁板声疲劳分析方法
成果 → 应用于 → 部件,nn->conj->nsubj->root->root->nsubj->assmod->pobj->nn,强度(nn) — 设计(conj) — 技术(nsubj) — 提升(root) — 总结(root) — 要求(nsubj) — 对(assmod) — 平台(pobj) — 机体(nn),[强度设计研究成果] → [新一代战斗机机体平台],9,先进战斗机强度设计技术发展与实践,强度设计研究成果,新一代战斗机机体平台
核心系统 → 提升 → 性能,nn->top->root->attr->rcmod->ccomp->nsubj->amod->nn->nn,航空(nn) — 发动机(top) — 是(root) — 关键(attr) — 实现(rcmod) — 提升(ccomp) — 能力(nsubj) — 先进(amod) — 战机(nn) — 作战(nn),[航空发动机] → [先进战机作战能力],10,先进航空发动机核心关键技术,航空发动机,先进战机作战能力
装备 → 要求 → 性能要求,amod->nn->nsubj->ccomp->rcmod->attr->root->root->nsubj->assmod->pobj->nn->conj->amod,先进(amod) — 战机(nn) — 能力(nsubj) — 提升(ccomp) — 实现(rcmod) — 关键(attr) — 是(root) — 提高(root) — 要求(nsubj) — 对(assmod) — 方面(pobj) — 维护性(nn) — 性能(conj) — 高(amod),[先进战机] → [高性能],14,先进航空发动机核心关键技术,先进战机,高性能
装备 → 要求 → 性能要求,amod->nn->nsubj->ccomp->rcmod->attr->root->root->nsubj->assmod->pobj->nn->conj->amod,先进(amod) — 战机(nn) — 能力(nsubj) — 提升(ccomp) — 实现(rcmod) — 关键(attr) — 是(root) — 提高(root) — 要求(nsubj) — 对(assmod) — 方面(pobj) — 维护性(nn) — 可靠性(conj) — 高(amod),[先进战机] → [高可靠性],14,先进航空发动机核心关键技术,先进战机,高可靠性
装备 → 要求 → 性能要求,amod->nn->nsubj->ccomp->rcmod->attr->root->root->nsubj->assmod->pobj->nn->conj->amod,先进(amod) — 战机(nn) — 能力(nsubj) — 提升(ccomp) — 实现(rcmod) — 关键(attr) — 是(root) — 提高(root) — 要求(nsubj) — 对(assmod) — 方面(pobj) — 维护性(nn) — 寿命(conj) — 长(amod),[先进战机] → [长寿命],14,先进航空发动机核心关键技术,先进战机,长寿命
装备 → 要求 → 性能要求,amod->nn->nsubj->ccomp->rcmod->attr->root->root->nsubj->assmod->pobj->nn->amod,先进(amod) — 战机(nn) — 能力(nsubj) — 提升(ccomp) — 实现(rcmod) — 关键(attr) — 是(root) — 提高(root) — 要求(nsubj) — 对(assmod) — 方面(pobj) — 维护性(nn) — 良好(amod),[先进战机] → [良好维护性],13,先进航空发动机核心关键技术,先进战机,良好维护性
核心系统 → 需要 → 关键技术,nn->top->root->root->dobj->assmod->pobj->nn->conj->amod,航空(nn) — 发动机(top) — 是(root) — 针对(root) — 需求(dobj) — 在(assmod) — 方面(pobj) — 隐身(nn) — 控温(conj) — 综合(amod),[航空发动机] → [综合控温],10,先进航空发动机核心关键技术,航空发动机,综合控温
核心系统 → 需要 → 关键技术,nn->top->root->root->dobj->assmod->pobj->nn->conj->nn->nn->nn,航空(nn) — 发动机(top) — 是(root) — 针对(root) — 需求(dobj) — 在(assmod) — 方面(pobj) — 隐身(nn) — 稳健性(conj) — 转子(nn) — 结构(nn) — 系统(nn),[航空发动机] → [转子结构系统稳健性],12,先进航空发动机核心关键技术,航空发动机,转子结构系统稳健性
核心系统 → 需要 → 关键技术,nn->top->root->root->dobj->assmod->pobj->nn->conj->amod->nn->nn,航空(nn) — 发动机(top) — 是(root) — 针对(root) — 需求(dobj) — 在(assmod) — 方面(pobj) — 隐身(nn) — 控制(conj) — 全(amod) — 权限(nn) — 数字(nn),[航空发动机] → [全权限数字控制],12,先进航空发动机核心关键技术,航空发动机,全权限数字控制
核心系统 → 需要 → 关键技术,nn->top->root->root->dobj->assmod->pobj->nn->conj->nn->amod->nn,航空(nn) — 发动机(top) — 是(root) — 针对(root) — 需求(dobj) — 在(assmod) — 方面(pobj) — 隐身(nn) — 管理(conj) — 飞发(nn) — 综合(amod) — 热(nn),[航空发动机] → [飞发综合热管理],12,先进航空发动机核心关键技术,航空发动机,飞发综合热管理
核心系统 → 需要 → 关键技术,nn->top->root->root->dobj->assmod->pobj->nn->conj->nn,航空(nn) — 发动机(top) — 是(root) — 针对(root) — 需求(dobj) — 在(assmod) — 方面(pobj) — 隐身(nn) — 管理(conj) — 健康(nn),[航空发动机] → [健康管理],10,先进航空发动机核心关键技术,航空发动机,健康管理
核心系统 → 需要 → 关键技术,nn->top->root->root->dobj->assmod->pobj->nn->conj->nn,航空(nn) — 发动机(top) — 是(root) — 针对(root) — 需求(dobj) — 在(assmod) — 方面(pobj) — 隐身(nn) — 矢量(conj) — 推力(nn),[航空发动机] → [推力矢量],10,先进航空发动机核心关键技术,航空发动机,推力矢量
核心系统 → 需要 → 关键技术,nn->top->root->root->nsubj->assmod->pobj->nn->conj->amod,航空(nn) — 发动机(top) — 是(root) — 提高(root) — 要求(nsubj) — 对(assmod) — 方面(pobj) — 维护性(nn) — 性能(conj) — 高(amod),[航空发动机] → [高隐身],10,先进航空发动机核心关键技术,航空发动机,高隐身
技术 → 支撑 → 目标,attr->root->top->nn,关键(attr) — 是(root) — 发动机(top) — 航空(nn),[关键技术] → [先进航空发动机发展],4,先进航空发动机核心关键技术,关键技术,先进航空发动机发展
技术 → 具有 → 概念,cc->nn->nn->nn->prnmod->punct->amod->conj,与(cc) — 健康(nn) — 管理(nn) — 技术(nn) — PHM(prnmod) — )(punct) — 基本(amod) — 概念(conj),[故障预测与健康管理技术(PHM)] → [基本概念与内涵],8,关于故障预测与健康管理技术的几点认识,故障预测与健康管理技术(PHM),基本概念与内涵
技术 → 具有 → 概念,nn->nn->cpm->rcmod->dobj->root,航空(nn) — 发动机(nn) — 的(cpm) — 基于(rcmod) — 技术(dobj) — 发展(root),[航空发动机气路故障诊断技术] → [发展趋势],6,基于混合驱动的航空发动机气路故障诊断技术综述,航空发动机气路故障诊断技术,发展趋势
技术 → 具有 → 概念,amod->nn->nsubj->root->dobj->rcmod->cpm->conj,大(amod) — 数据(nn) — 技术(nsubj) — 得到(root) — 扩充(dobj) — 大(rcmod) — 的(cpm) — 发展(conj),[航空大数据技术] → [发展趋势],8,航空大数据技术的发展与应用,航空大数据技术,发展趋势
技术 → 具有 → 概念,amod->assmod->pobj->prep->root->root->prep->pobj->rcmod->advmod,轻型(amod) — 飞机(assmod) — 使用(pobj) — 随着(prep) — 面临(root) — 进行(root) — 针对(prep) — 技术(pobj) — 成熟(rcmod) — 未(advmod),[轻型飞机PHM技术] → [未来发展方向],10,轻型飞机健康管理与故障预测的应用,轻型飞机PHM技术,未来发展方向
技术 → 具有 → 概念,nn->nn->top->root->root->plmod->lobj->assmod->nn,飞机(nn) — 电源(nn) — 系统(top) — 是(root) — 在(root) — 下(plmod) — 背景(lobj) — 需求(assmod) — 发展(nn),[飞机电源系统故障诊断技术] → [发展趋势],9,飞机电源系统故障诊断方法综述及发展趋势,飞机电源系统故障诊断技术,发展趋势
技术 → 应用于 → 设备,cc->nn->nn->nn->dobj->root->conj->dobj->nn->nn->nn->conj,与(cc) — 健康(nn) — 管理(nn) — 技术(nn) — 内涵(dobj) — 介绍(root) — 回顾(conj) — 现状(dobj) — 设备(nn) — 交通(nn) — 飞机(nn) — 发动机(conj),[故障预测与健康管理技术(PHM)] → [飞机发动机],12,关于故障预测与健康管理技术的几点认识,故障预测与健康管理技术(PHM),飞机发动机
技术 → 应用于 → 设备,cc->nn->nn->nn->dobj->root->conj->dobj->nn->nn->conj->amod,与(cc) — 健康(nn) — 管理(nn) — 技术(nn) — 内涵(dobj) — 介绍(root) — 回顾(conj) — 现状(dobj) — 设备(nn) — 交通(nn) — 飞机(conj) — 固定翼(amod),[故障预测与健康管理技术(PHM)] → [固定翼飞机],12,关于故障预测与健康管理技术的几点认识,故障预测与健康管理技术(PHM),固定翼飞机
技术 → 应用于 → 设备,cc->nn->nn->nn->dobj->root->conj->dobj->nn->nn->conj,与(cc) — 健康(nn) — 管理(nn) — 技术(nn) — 内涵(dobj) — 介绍(root) — 回顾(conj) — 现状(dobj) — 设备(nn) — 交通(nn) — 直升机(conj),[故障预测与健康管理技术(PHM)] → [直升机],11,关于故障预测与健康管理技术的几点认识,故障预测与健康管理技术(PHM),直升机
技术 → 应用于 → 设备,cc->nn->nn->nn->dobj->root->conj->dobj->nn->nn->conj->amod,与(cc) — 健康(nn) — 管理(nn) — 技术(nn) — 内涵(dobj) — 介绍(root) — 回顾(conj) — 现状(dobj) — 设备(nn) — 交通(nn) — 飞行器(conj) — 航天(amod),[故障预测与健康管理技术(PHM)] → [航天飞行器],12,关于故障预测与健康管理技术的几点认识,故障预测与健康管理技术(PHM),航天飞行器
技术 → 应用于 → 设备,cc->nn->nn->nn->dobj->root->conj->dobj->nn->nn->conj,与(cc) — 健康(nn) — 管理(nn) — 技术(nn) — 内涵(dobj) — 介绍(root) — 回顾(conj) — 现状(dobj) — 设备(nn) — 交通(nn) — 舰船(conj),[故障预测与健康管理技术(PHM)] → [舰船],11,关于故障预测与健康管理技术的几点认识,故障预测与健康管理技术(PHM),舰船
技术 → 应用于 → 设备,cc->nn->nn->nn->dobj->root->conj->dobj->nn->nn->conj,与(cc) — 健康(nn) — 管理(nn) — 技术(nn) — 内涵(dobj) — 介绍(root) — 回顾(conj) — 现状(dobj) — 设备(nn) — 交通(nn) — 车辆(conj),[故障预测与健康管理技术(PHM)] → [车辆],11,关于故障预测与健康管理技术的几点认识,故障预测与健康管理技术(PHM),车辆
技术 → 应用于 → 设备,cc->nn->nn->nn->dobj->root->conj->dobj->nn->nn->nn,与(cc) — 健康(nn) — 管理(nn) — 技术(nn) — 内涵(dobj) — 介绍(root) — 回顾(conj) — 现状(dobj) — 设备(nn) — 交通(nn) — 轨道(nn),[故障预测与健康管理技术(PHM)] → [轨道交通],11,关于故障预测与健康管理技术的几点认识,故障预测与健康管理技术(PHM),轨道交通
技术 → 具有 → 技术体系,cc->nn->nn->nn,与(cc) — 健康(nn) — 管理(nn) — 技术(nn),[故障预测与健康管理技术(PHM)] → [故障预测与健康管理技术体系架构],4,关于故障预测与健康管理技术的几点认识,故障预测与健康管理技术(PHM),故障预测与健康管理技术体系架构
技术体系 → 包含 → 关键技术,cc->nn->nn->nn->nn,与(cc) — 健康(nn) — 管理(nn) — 技术(nn) — 故障(nn),[故障预测与健康管理技术体系架构] → [故障模型],5,关于故障预测与健康管理技术的几点认识,故障预测与健康管理技术体系架构,故障模型
技术体系 → 包含 → 关键技术,cc->nn->nn->nn->dobj->root->root->conj->dobj->nn->conj->nn,与(cc) — 健康(nn) — 管理(nn) — 技术(nn) — 内涵(dobj) — 介绍(root) — 梳理(root) — 介绍(conj) — 技术(dobj) — 系统(nn) — 监测(conj) — 状态(nn),[故障预测与健康管理技术体系架构] → [状态监测],12,关于故障预测与健康管理技术的几点认识,故障预测与健康管理技术体系架构,状态监测
技术体系 → 包含 → 关键技术,cc->nn->nn->nn->dobj->root->root->conj->dobj->nn->conj->nn,与(cc) — 健康(nn) — 管理(nn) — 技术(nn) — 内涵(dobj) — 介绍(root) — 梳理(root) — 介绍(conj) — 技术(dobj) — 系统(nn) — 处理(conj) — 数据(nn),[故障预测与健康管理技术体系架构] → [数据处理],12,关于故障预测与健康管理技术的几点认识,故障预测与健康管理技术体系架构,数据处理
技术体系 → 包含 → 关键技术,cc->nn->nn->nn->dobj->root->root->conj->dobj->nn->conj->amod,与(cc) — 健康(nn) — 管理(nn) — 技术(nn) — 内涵(dobj) — 介绍(root) — 梳理(root) — 介绍(conj) — 技术(dobj) — 系统(nn) — 诊断(conj) — 综合(amod),[故障预测与健康管理技术体系架构] → [综合诊断],12,关于故障预测与健康管理技术的几点认识,故障预测与健康管理技术体系架构,综合诊断
技术体系 → 包含 → 关键技术,cc->nn->nn->nn,与(cc) — 健康(nn) — 技术(nn) — 管理(nn),[故障预测与健康管理技术体系架构] → [健康管理],4,关于故障预测与健康管理技术的几点认识,故障预测与健康管理技术体系架构,健康管理
技术体系 → 包含 → 关键技术,cc->nn->nn->nn->dobj->root->root->conj->dobj->nn->conj->nn,与(cc) — 健康(nn) — 管理(nn) — 技术(nn) — 内涵(dobj) — 介绍(root) — 梳理(root) — 介绍(conj) — 技术(dobj) — 系统(nn) — 决策(conj) — 维修(nn),[故障预测与健康管理技术体系架构] → [维修决策],12,关于故障预测与健康管理技术的几点认识,故障预测与健康管理技术体系架构,维修决策
技术体系 → 包含 → 关键技术,cc->nn->nn->nn->dobj->root->root->conj->dobj->nn->nn->nn->nn,与(cc) — 健康(nn) — 管理(nn) — 技术(nn) — 内涵(dobj) — 介绍(root) — 梳理(root) — 介绍(conj) — 技术(dobj) — 系统(nn) — 后勤(nn) — 支援(nn) — 信息(nn),[故障预测与健康管理技术体系架构] → [后勤支援信息系统],13,关于故障预测与健康管理技术的几点认识,故障预测与健康管理技术体系架构,后勤支援信息系统
系统 → 包含 → 技术,nn->nn->nn->nn->lobj->dep->assmod->nn->nn->nn,航空(nn) — 发动机(nn) — 健康(nn) — 管理(nn) — 系统(lobj) — 中(dep) — 技术(assmod) — 气路(nn) — 故障(nn) — 诊断(nn),[航空发动机健康管理系统] → [气路故障诊断技术],10,军用航空发动机气路故障诊断技术进展,航空发动机健康管理系统,气路故障诊断技术
装备 → 需要 → 设计,nn->nn->lobj->dep->assmod->nn->nn->nn,航空(nn) — 发动机(nn) — 系统(lobj) — 中(dep) — 技术(assmod) — 气路(nn) — 故障(nn) — 诊断(nn),[军用航空发动机] → [气路故障诊断设计],8,军用航空发动机气路故障诊断技术进展,军用航空发动机,气路故障诊断设计
设计 → 提升 → Performance Metric,nn->nn->nn->assmod->dep->lobj->nn,故障(nn) — 诊断(nn) — 气路(nn) — 技术(assmod) — 中(dep) — 系统(lobj) — 发动机(nn),[气路故障诊断设计] → [发动机工作安全性],7,军用航空发动机气路故障诊断技术进展,气路故障诊断设计,发动机工作安全性
技术 → 包含方法 → 方法,nn->nn->nn->assmod->pobj->root->root->dobj->rcmod->nn->conj,气路(nn) — 故障(nn) — 诊断(nn) — 技术(assmod) — 进步(pobj) — 随着(root) — 研究(root) — 优缺点(dobj) — 基于(rcmod) — 数学(nn) — 模型(conj),[气路故障诊断] → [基于数学模型的方法],11,军用航空发动机气路故障诊断技术进展,气路故障诊断,基于数学模型的方法
技术 → 包含方法 → 方法,nn->nn->nn->assmod->pobj->root->root->dobj->rcmod->dobj->punct->nn->conj,气路(nn) — 故障(nn) — 诊断(nn) — 技术(assmod) — 进步(pobj) — 随着(root) — 研究(root) — 优缺点(dobj) — 基于(rcmod) — 融合(dobj) — 、(punct) — 数据(nn) — 驱动(conj),[气路故障诊断] → [数据驱动的方法],13,军用航空发动机气路故障诊断技术进展,气路故障诊断,数据驱动的方法
技术 → 包含方法 → 方法,nn->nn->nn->assmod->pobj->root->root->dobj->rcmod->dobj->cc->nn,气路(nn) — 故障(nn) — 诊断(nn) — 技术(assmod) — 进步(pobj) — 随着(root) — 研究(root) — 优缺点(dobj) — 基于(rcmod) — 融合(dobj) — 和(cc) — 信息(nn),[气路故障诊断] → [信息融合的方法],12,军用航空发动机气路故障诊断技术进展,气路故障诊断,信息融合的方法
技术 → 包含方法 → 方法,nn->nn->nn->nsubj,发动机(nn) — 气路(nn) — 故障(nn) — 诊断(nsubj),[发动机气路故障诊断] → [基于线性/非线性模型的诊断方法],4,航空发动机气路故障诊断研究现状与展望,发动机气路故障诊断,基于线性/非线性模型的诊断方法
技术 → 包含方法 → 方法,nn->nn->nn->nsubj,发动机(nn) — 气路(nn) — 故障(nn) — 诊断(nsubj),[发动机气路故障诊断] → [基于数据驱动的诊断方法],4,航空发动机气路故障诊断研究现状与展望,发动机气路故障诊断,基于数据驱动的诊断方法
技术 → 包含方法 → 方法,nn->nn->nn->nsubj,发动机(nn) — 气路(nn) — 故障(nn) — 诊断(nsubj),[发动机气路故障诊断] → [基于信息融合的诊断方法],4,航空发动机气路故障诊断研究现状与展望,发动机气路故障诊断,基于信息融合的诊断方法
设计 → 针对 → 装备,nn->nn->nn->assmod->dep->lobj->nn,故障(nn) — 诊断(nn) — 气路(nn) — 技术(assmod) — 中(dep) — 系统(lobj) — 发动机(nn),[气路故障诊断设计] → [先进军用变循环发动机],7,军用航空发动机气路故障诊断技术进展,气路故障诊断设计,先进军用变循环发动机
Model → 用于 → 研究,conj->dobj->rcmod->dobj->root,模型(conj) — 融合(dobj) — 基于(rcmod) — 优缺点(dobj) — 研究(root),[机载实时模型] → [不可测参数与可测参数关联研究],5,军用航空发动机气路故障诊断技术进展,机载实时模型,不可测参数与可测参数关联研究
系统 → 存在功能分配关系 → 系统,lobj->nn->nn,系统(lobj) — 健康(nn) — 管理(nn),[控制系统] → [健康管理系统],3,军用航空发动机气路故障诊断技术进展,控制系统,健康管理系统
设计 → 需要加强 → 技术,nn->nn->nn,故障(nn) — 诊断(nn) — 气路(nn),[气路故障诊断设计] → [过渡态气路故障诊断],3,军用航空发动机气路故障诊断技术进展,气路故障诊断设计,过渡态气路故障诊断
研究 → 提供参考 → 设计,root->root->pobj->assmod->nn->nn->nn,研究(root) — 随着(root) — 进步(pobj) — 技术(assmod) — 气路(nn) — 故障(nn) — 诊断(nn),[本文研究] → [自适应循环发动机的气路故障诊断设计],7,军用航空发动机气路故障诊断技术进展,本文研究,自适应循环发动机的气路故障诊断设计
技术领域 → 面临 → 问题,amod->nn->nn->nsubj->rcmod->dobj->nn,军用(amod) — 飞机(nn) — PHM(nn) — 技术(nsubj) — 面临(rcmod) — 问题(dobj) — 瓶颈(nn),[军用飞机PHM技术] → [瓶颈问题],7,军用飞机PHM技术进展分析及问题研究,军用飞机PHM技术,瓶颈问题
技术领域 → 面临 → 问题,amod->nn->nn->nn->assmod->pobj->root->root->dobj,民用(amod) — 航空(nn) — 发动机(nn) — 健康(nn) — 管理(assmod) — 目标(pobj) — 基于(root) — 总结(root) — 挑战(dobj),[民用航空发动机健康管理] → [挑战],9,民用航空发动机故障诊断与健康管理现状、挑战与机遇Ⅱ：地面综合诊断、寿命管理和智能维护维修决策,民用航空发动机健康管理,挑战
问题 → 体现在 → 瓶颈问题领域,nn->dobj->conj->prep->pobj->nn->conj->nn->nn->conj,瓶颈(nn) — 问题(dobj) — 分析(conj) — 从(prep) — 方面(pobj) — 制定(nn) — 验证(conj) — 装备(nn) — 测试性(nn) — 设计(conj),[瓶颈问题] → [装备测试性设计与验证],10,军用飞机PHM技术进展分析及问题研究,瓶颈问题,装备测试性设计与验证
问题 → 体现在 → 瓶颈问题领域,nn->dobj->conj->prep->pobj->nn->punct->amod->clf->nn->nn->conj,瓶颈(nn) — 问题(dobj) — 分析(conj) — 从(prep) — 方面(pobj) — 制定(nn) — 、(punct) — 多(amod) — 源(clf) — 故障(nn) — 信息(nn) — 交互(conj),[瓶颈问题] → [多源故障信息交互与管理],12,军用飞机PHM技术进展分析及问题研究,瓶颈问题,多源故障信息交互与管理
问题 → 体现在 → 瓶颈问题领域,nn->dobj->conj->prep->pobj->nn->punct->nn->conj,瓶颈(nn) — 问题(dobj) — 分析(conj) — 从(prep) — 方面(pobj) — 制定(nn) — 、(punct) — 寿命(nn) — 预测(conj),[瓶颈问题] → [寿命预测与维修支持],9,军用飞机PHM技术进展分析及问题研究,瓶颈问题,寿命预测与维修支持
问题 → 体现在 → 瓶颈问题领域,nn->dobj->conj->root->prep->plmod->lobj->rcmod->dobj->nn->nn,瓶颈(nn) — 问题(dobj) — 分析(conj) — 结合(root) — 在(prep) — 上(plmod) — 基础(lobj) — 研究(rcmod) — 现状(dobj) — 评估(nn) — 验证(nn),[瓶颈问题] → [验证评估],11,军用飞机PHM技术进展分析及问题研究,瓶颈问题,验证评估
问题 → 体现在 → 瓶颈问题领域,nn->dobj->conj->prep->pobj->nn->nn,瓶颈(nn) — 问题(dobj) — 分析(conj) — 从(prep) — 方面(pobj) — 制定(nn) — 标准(nn),[瓶颈问题] → [标准制定],7,军用飞机PHM技术进展分析及问题研究,瓶颈问题,标准制定
技术领域 → 需要研究 → 关键技术,amod->nn->nn->nsubj->rcmod->dobj->conj->root->dobj->assmod->nn->conj->conj->amod->nn,军用(amod) — 飞机(nn) — PHM(nn) — 技术(nsubj) — 面临(rcmod) — 问题(dobj) — 分析(conj) — 结合(root) — 研究(dobj) — 方面(assmod) — 技术(nn) — 技术(conj) — 技术(conj) — 测试性(amod) — 试验(nn),[军用飞机PHM技术] → [测试性试验技术],15,军用飞机PHM技术进展分析及问题研究,军用飞机PHM技术,测试性试验技术
技术领域 → 需要研究 → 关键技术,amod->nn->nn->nsubj->rcmod->dobj->conj->root->dobj->assmod->nn->conj->punct->nn->nn->conj,军用(amod) — 飞机(nn) — PHM(nn) — 技术(nsubj) — 面临(rcmod) — 问题(dobj) — 分析(conj) — 结合(root) — 研究(dobj) — 方面(assmod) — 技术(nn) — 技术(conj) — 、(punct) — 智能(nn) — 信息(nn) — 处理(conj),[军用飞机PHM技术] → [智能信息处理与融合技术],16,军用飞机PHM技术进展分析及问题研究,军用飞机PHM技术,智能信息处理与融合技术
技术领域 → 需要研究 → 关键技术,amod->nn->nn->nsubj->rcmod->dobj->conj->root->dobj->assmod->nn->conj->cc->nn->nn->nn,军用(amod) — 飞机(nn) — PHM(nn) — 技术(nsubj) — 面临(rcmod) — 问题(dobj) — 分析(conj) — 结合(root) — 研究(dobj) — 方面(assmod) — 技术(nn) — 技术(conj) — 与(cc) — 信息(nn) — 标准化(nn) — 管理(nn),[军用飞机PHM技术] → [航空装备与信息标准化管理技术],16,军用飞机PHM技术进展分析及问题研究,军用飞机PHM技术,航空装备与信息标准化管理技术
技术领域 → 需要研究 → 关键技术,amod->nn->nn->nsubj->rcmod->dobj->conj->root->dobj->assmod->nn->cc->nn->nn,军用(amod) — 飞机(nn) — PHM(nn) — 技术(nsubj) — 面临(rcmod) — 问题(dobj) — 分析(conj) — 结合(root) — 研究(dobj) — 方面(assmod) — 技术(nn) — 与(cc) — 平台(nn) — 构建(nn),[军用飞机PHM技术] → [数据挖掘与平台构建技术],14,军用飞机PHM技术进展分析及问题研究,军用飞机PHM技术,数据挖掘与平台构建技术
技术领域 → 包含 → 技术组成,conj->nn->nn->conj->nn->nn,预测(conj) — 故障(nn) — 管理(nn) — 构建(conj) — 技术(nn) — 体系(nn),[故障预测与健康管理(PHM)技术] → [技术体系构建],6,军用飞机PHM技术进展分析及问题研究,故障预测与健康管理(PHM)技术,技术体系构建
技术领域 → 包含 → 技术组成,conj->nn->nn->conj->nn->punct->nn->conj,预测(conj) — 故障(nn) — 管理(nn) — 构建(conj) — 评估(nn) — 、(punct) — 数据(nn) — 采集(conj),[故障预测与健康管理(PHM)技术] → [数据采集与运用],8,军用飞机PHM技术进展分析及问题研究,故障预测与健康管理(PHM)技术,数据采集与运用
技术领域 → 包含 → 技术组成,conj->nn->nn->conj->nn->punct->nn->nn->conj,预测(conj) — 故障(nn) — 管理(nn) — 构建(conj) — 评估(nn) — 、(punct) — 系统(nn) — 状态(nn) — 监测(conj),[故障预测与健康管理(PHM)技术] → [系统状态监测与故障预测],9,军用飞机PHM技术进展分析及问题研究,故障预测与健康管理(PHM)技术,系统状态监测与故障预测
技术领域 → 包含 → 技术组成,conj->nn->nn->conj->nn->nn,预测(conj) — 故障(nn) — 管理(nn) — 构建(conj) — 评估(nn) — 验证(nn),[故障预测与健康管理(PHM)技术] → [验证评估],6,军用飞机PHM技术进展分析及问题研究,故障预测与健康管理(PHM)技术,验证评估
系统 → 存在 → 问题,punct->punct->nn->prnmod->nn->nsubj->root->dobj->vmod->nn->nsubj,（(punct) — ）(punct) — 系统(nn) — PHM(prnmod) — 管理(nn) — 应用(nsubj) — 存在(root) — 问题(dobj) — 缺失(vmod) — 设计(nn) — 标准(nsubj),[军用飞机PHM系统] → [设计标准缺失],11,军用飞机PHM系统一体化设计架构分析,军用飞机PHM系统,设计标准缺失
系统 → 存在 → 问题,punct->punct->nn->prnmod->nn->nsubj->root->dobj->vmod->conj->nsubj,（(punct) — ）(punct) — 系统(nn) — PHM(prnmod) — 管理(nn) — 应用(nsubj) — 存在(root) — 问题(dobj) — 缺失(vmod) — 高(conj) — 复杂度(nsubj),[军用飞机PHM系统] → [复杂度高],11,军用飞机PHM系统一体化设计架构分析,军用飞机PHM系统,复杂度高
系统 → 存在 → 问题,punct->punct->nn->prnmod->nn->nsubj->root->dobj->vmod->conj->nsubj,（(punct) — ）(punct) — 系统(nn) — PHM(prnmod) — 管理(nn) — 应用(nsubj) — 存在(root) — 问题(dobj) — 缺失(vmod) — 低(conj) — 准确率(nsubj),[军用飞机PHM系统] → [准确率低],11,军用飞机PHM系统一体化设计架构分析,军用飞机PHM系统,准确率低
系统 → 存在 → 问题,nn->amod->nn->nn->assmod->conj->dobj->nn->conj,飞机(nn) — 高(amod) — 升力(nn) — 系统(nn) — 技术(assmod) — 现状(conj) — 瓶颈(dobj) — 技术(nn) — 问题(conj),[飞机高升力系统] → [技术问题],9,民用飞机高升力系统先进技术及发展,飞机高升力系统,技术问题
系统 → 存在 → 问题,nn->amod->nn->nn->assmod->conj->dobj->nn,飞机(nn) — 高(amod) — 升力(nn) — 系统(nn) — 技术(assmod) — 现状(conj) — 瓶颈(dobj) — 技术(nn),[飞机高升力系统] → [技术瓶颈],8,民用飞机高升力系统先进技术及发展,飞机高升力系统,技术瓶颈
系统 → 存在 → 问题,amod->assmod->pobj->prep->root->root->dobj->amod,轻型(amod) — 飞机(assmod) — 使用(pobj) — 随着(prep) — 面临(root) — 讨论(root) — 问题(dobj) — 关键(amod),[轻型飞机PHM系统] → [关键问题],8,轻型飞机健康管理与故障预测的应用,轻型飞机PHM系统,关键问题
方法 → 提出 → 设计准则,conj,设计(conj),[设计需求分析] → [三维多相迭代设计准则],1,军用飞机PHM系统一体化设计架构分析,设计需求分析,三维多相迭代设计准则
设计准则 → 用于 → 任务,conj->nsubj->nn->prnmod->punct->punct->nn,设计(conj) — 应用(nsubj) — 管理(nn) — PHM(prnmod) — （(punct) — ）(punct) — 系统(nn),[三维多相迭代设计准则] → [PHM系统设计流程梳理],7,军用飞机PHM系统一体化设计架构分析,三维多相迭代设计准则,PHM系统设计流程梳理
设计架构 → 包含 → 技术方案,conj->nsubj->nn->cc->nn,设计(conj) — 应用(nsubj) — 管理(nn) — 与(cc) — 健康(nn),[三化一体设计架构] → [基于软硬件协同加速的健康管理实时化],5,军用飞机PHM系统一体化设计架构分析,三化一体设计架构,基于软硬件协同加速的健康管理实时化
设计架构 → 包含 → 技术方案,conj->nsubj->root->root->prep,设计(conj) — 应用(nsubj) — 存在(root) — 进行(root) — 基于(prep),[三化一体设计架构] → [基于知识图谱的知识逻辑可视化],5,军用飞机PHM系统一体化设计架构分析,三化一体设计架构,基于知识图谱的知识逻辑可视化
设计架构 → 包含 → 技术方案,conj->nsubj->nn->prnmod->punct->punct->nn,设计(conj) — 应用(nsubj) — 管理(nn) — PHM(prnmod) — （(punct) — ）(punct) — 系统(nn),[三化一体设计架构] → [基于MBSE的PHM系统模型化],7,军用飞机PHM系统一体化设计架构分析,三化一体设计架构,基于MBSE的PHM系统模型化
验证方法 → 验证 → 设计架构,nummod->dep->rcmod->dobj->root->root->nsubj->conj,多(nummod) — 相(dep) — 迭代(rcmod) — 准则(dobj) — 提出(root) — 存在(root) — 应用(nsubj) — 设计(conj),[多领域模型联合仿真] → [三化一体设计架构],8,军用飞机PHM系统一体化设计架构分析,多领域模型联合仿真,三化一体设计架构
设计架构 → 实现 → Performance Metric,conj->nsubj->root->root->dobj->rcmod->conj,设计(conj) — 应用(nsubj) — 存在(root) — 提出(root) — 架构(dobj) — 基于(rcmod) — 加速(conj),[三化一体设计架构] → [5.63倍的加速计算效果],7,军用飞机PHM系统一体化设计架构分析,三化一体设计架构,5.63倍的加速计算效果
设计架构 → 实现 → Performance Metric,conj->nsubj->root->root->ccomp->dobj->assmod->assm->nn->nn,设计(conj) — 应用(nsubj) — 存在(root) — 表明(root) — 实现(ccomp) — 缩减(dobj) — 82.7%(assmod) — 的(assm) — 计算(nn) — 功耗(nn),[三化一体设计架构] → [82.7%的计算功耗缩减],10,军用飞机PHM系统一体化设计架构分析,三化一体设计架构,82.7%的计算功耗缩减
设计架构 → 提升 → 属性,conj->nsubj->root->root->dobj,设计(conj) — 应用(nsubj) — 存在(root) — 提升(root) — 可追溯性(dobj),[三化一体设计架构] → [可追溯性],5,军用飞机PHM系统一体化设计架构分析,三化一体设计架构,可追溯性
维修体制 → 成为 → 保障模式,ordmod->clf->nn->nsubj->pccomp->dobj->assmod->det->nummod->dep->nn->nn->nn,二(ordmod) — 级(clf) — 维修(nn) — 体制(nsubj) — 成为(pccomp) — 方向(dobj) — 模式(assmod) — 下(det) — 一(nummod) — 代(dep) — 飞机(nn) — 维护(nn) — 保障(nn),[二级维修体制] → [下一代飞机维护保障模式],13,军用飞机二线测试设备现状及发展趋势,二级维修体制,下一代飞机维护保障模式
测试设备 → 基于 → 技术,nn->nn->nn->dobj->root->dep->ccomp->pobj->nn->amod->conj,二线(nn) — 测试(nn) — 设备(nn) — 情况(dobj) — 分析(root) — 提出(dep) — 基于(ccomp) — 技术(pobj) — 飞机(nn) — 可测试性(amod) — 设计(conj),[二线测试设备] → [飞机可测试性设计],11,军用飞机二线测试设备现状及发展趋势,二线测试设备,飞机可测试性设计
测试设备 → 基于 → 技术,nn->nn->nn->dobj->root->dep->ccomp->pobj->nn,二线(nn) — 测试(nn) — 设备(nn) — 情况(dobj) — 分析(root) — 提出(dep) — 基于(ccomp) — 技术(pobj) — PHM(nn),[二线测试设备] → [PHM技术],9,军用飞机二线测试设备现状及发展趋势,二线测试设备,PHM技术
测试设备 → 需要 → 功能需求,nn->nn->nn->dobj->root->dep->ccomp->punct->nsubj,"二线(nn) — 测试(nn) — 设备(nn) — 情况(dobj) — 分析(root) — 提出(dep) — 基于(ccomp) — ,(punct) — 功能(nsubj)",[二线测试设备] → [功能前移和后推],9,军用飞机二线测试设备现状及发展趋势,二线测试设备,功能前移和后推
测试设备 → 需要 → 能力需求,nn->nn->nn->dobj->root->dep->ccomp->conj->punct->nn->nsubj,"二线(nn) — 测试(nn) — 设备(nn) — 情况(dobj) — 分析(root) — 提出(dep) — 基于(ccomp) — 前移(conj) — ,(punct) — 故障(nn) — 定位(nsubj)",[二线测试设备] → [更强的故障定位能力],11,军用飞机二线测试设备现状及发展趋势,二线测试设备,更强的故障定位能力
测试设备 → 发展趋势为 → 特性,nn->nn->nn->dobj->root->root->dobj->rcmod->nsubj,二线(nn) — 测试(nn) — 设备(nn) — 情况(dobj) — 分析(root) — 提出(root) — 趋势(dobj) — 高(rcmod) — 综合化(nsubj),[二线测试设备] → [综合化高],9,军用飞机二线测试设备现状及发展趋势,二线测试设备,综合化高
测试设备 → 发展趋势为 → 特性,nn->nn->nn->dobj->root->dep->ccomp->conj->dep->rcmod,二线(nn) — 测试(nn) — 设备(nn) — 情况(dobj) — 分析(root) — 提出(dep) — 基于(ccomp) — 前移(conj) — 需求(dep) — 强(rcmod),[二线测试设备] → [通用性强],10,军用飞机二线测试设备现状及发展趋势,二线测试设备,通用性强
测试设备 → 发展趋势为 → 特性,nn->nn->nn->dobj->root->root->dobj->rcmod->conj,二线(nn) — 测试(nn) — 设备(nn) — 情况(dobj) — 分析(root) — 提出(root) — 趋势(dobj) — 高(rcmod) — 管用(conj),[二线测试设备] → [管用],9,军用飞机二线测试设备现状及发展趋势,二线测试设备,管用
测试设备 → 发展趋势为 → 特性,nn->nn->nn->dobj->root->root->dobj->rcmod->conj,二线(nn) — 测试(nn) — 设备(nn) — 情况(dobj) — 分析(root) — 提出(root) — 趋势(dobj) — 高(rcmod) — 好用(conj),[二线测试设备] → [好用],9,军用飞机二线测试设备现状及发展趋势,二线测试设备,好用
测试设备 → 发展趋势为 → 特性,nn->nn->nn->dobj->root->root->dobj->rcmod->conj,二线(nn) — 测试(nn) — 设备(nn) — 情况(dobj) — 分析(root) — 提出(root) — 趋势(dobj) — 高(rcmod) — 耐用(conj),[二线测试设备] → [耐用],9,军用飞机二线测试设备现状及发展趋势,二线测试设备,耐用
影响因素 → 影响 → Performance Metric,amod->conj->nn->pobj->prep->root->prep->pobj->rcmod->nn->dobj,基本(amod) — 可靠性(conj) — 设计(nn) — 因素(pobj) — 对(prep) — 进行(root) — 针对(prep) — 问题(pobj) — 无(rcmod) — 维修(nn) — 工作期(dobj),[基本可靠性] → [无维修工作期],11,军用飞机无维修工作期参数分解方法研究,基本可靠性,无维修工作期
影响因素 → 影响 → Performance Metric,nn->conj->nn->pobj->prep->root->prep->pobj->rcmod->nn->dobj,故障(nn) — 预测(conj) — 设计(nn) — 因素(pobj) — 对(prep) — 进行(root) — 针对(prep) — 问题(pobj) — 无(rcmod) — 维修(nn) — 工作期(dobj),[故障预测] → [无维修工作期],11,军用飞机无维修工作期参数分解方法研究,故障预测,无维修工作期
影响因素 → 影响 → Performance Metric,nn->conj->nn->pobj->prep->root->prep->pobj->rcmod->nn->dobj,系统(nn) — 重构(conj) — 设计(nn) — 因素(pobj) — 对(prep) — 进行(root) — 针对(prep) — 问题(pobj) — 无(rcmod) — 维修(nn) — 工作期(dobj),[系统重构] → [无维修工作期],11,军用飞机无维修工作期参数分解方法研究,系统重构,无维修工作期
影响因素 → 影响 → Performance Metric,amod->nn->pobj->prep->root->prep->pobj->rcmod->nn->dobj,冗余(amod) — 设计(nn) — 因素(pobj) — 对(prep) — 进行(root) — 针对(prep) — 问题(pobj) — 无(rcmod) — 维修(nn) — 工作期(dobj),[冗余设计] → [无维修工作期],10,军用飞机无维修工作期参数分解方法研究,冗余设计,无维修工作期
方法 → 提供 → 基础,nn->assm->nn->assmod->dobj->dep->root->dep->dobj->nn,MFOP(nn) — 的(assm) — 分解(nn) — 参数(assmod) — 方法(dobj) — 提出(dep) — 进行(root) — 提供(dep) — 基础(dobj) — 方法(nn),[MFOP参数分解方法] → [方法基础],10,军用飞机无维修工作期参数分解方法研究,MFOP参数分解方法,方法基础
过程 → 实现转化 → 目标,nn->assm->nn->assmod->dobj->dep->root->dep->prep->pobj->assmod->pobj->nn,MFOP(nn) — 的(assm) — 分解(nn) — 参数(assmod) — 方法(dobj) — 提出(dep) — 进行(root) — 提供(dep) — 为(prep) — 分解(pobj) — 由(assmod) — 参数(pobj) — 使用(nn),[MFOP参数分解] → [使用参数至合同参数],13,军用飞机无维修工作期参数分解方法研究,MFOP参数分解,使用参数至合同参数
方法 → 提供 → 指导,nn->assm->nn->assmod->dobj->dep->root->dep->dobj->nn,MFOP(nn) — 的(assm) — 分解(nn) — 参数(assmod) — 方法(dobj) — 提出(dep) — 进行(root) — 提供(dep) — 指导(dobj) — 理论(nn),[MFOP参数分解方法] → [理论指导],10,军用飞机无维修工作期参数分解方法研究,MFOP参数分解方法,理论指导
指导 → 用于 → 任务,nn->dobj->dep->prep->pobj->conj->nn->nn->nn,理论(nn) — 指导(dobj) — 提供(dep) — 为(prep) — 工作(pobj) — 论证(conj) — MFOP(nn) — 指标(nn) — 分析(nn),[理论指导] → [MFOP指标分析论证],9,军用飞机无维修工作期参数分解方法研究,理论指导,MFOP指标分析论证
指导 → 用于 → 任务,nn->dobj->dep->prep->pobj->nn->nn->nn,理论(nn) — 指导(dobj) — 提供(dep) — 为(prep) — 工作(pobj) — 可靠性(nn) — 飞机(nn) — 设计(nn),[理论指导] → [飞机可靠性设计],8,军用飞机无维修工作期参数分解方法研究,理论指导,飞机可靠性设计
技术 → 基于 → 概念,punct->prnmod->nn->assmod->pobj->prep->root->prep->pobj->nn->nn,)(punct) — PHM(prnmod) — 管理(nn) — 技术(assmod) — 需求(pobj) — 对(prep) — 进行(root) — 基于(prep) — 曲线(pobj) — 健康(nn) — 退化(nn),[PHM技术] → [健康退化曲线],11,军用飞机预测与健康管理系统性能度量体系研究,PHM技术,健康退化曲线
方法体系 → 源于 → 需求,nn->nn->nn->nn->nn->dobj->dep->dep->root->prep->pobj->nn,PHM(nn) — 系统(nn) — 性能(nn) — 度量(nn) — 方法(nn) — 体系(dobj) — 提出(dep) — 为(dep) — 进行(root) — 对(prep) — 需求(pobj) — 能力(nn),[PHM系统性能度量方法体系] → [能力需求],12,军用飞机预测与健康管理系统性能度量体系研究,PHM系统性能度量方法体系,能力需求
方法体系 → 评价 → 能力,nn->nn->nn->nn->dobj->nn,系统(nn) — 性能(nn) — 度量(nn) — 方法(nn) — 体系(dobj) — PHM(nn),[PHM系统性能度量方法体系] → [PHM系统的诊断和预测能力],6,军用飞机预测与健康管理系统性能度量体系研究,PHM系统性能度量方法体系,PHM系统的诊断和预测能力
方法体系 → 包括 → 度量方法,nn->nn->nn->nn->nn->dobj->prnmod->dobj->conj->nn->nn,PHM(nn) — 系统(nn) — 性能(nn) — 度量(nn) — 方法(nn) — 体系(dobj) — 包括(prnmod) — 度量(dobj) — 度量(conj) — 诊断(nn) — 性能(nn),[PHM系统性能度量方法体系] → [诊断性能度量],11,军用飞机预测与健康管理系统性能度量体系研究,PHM系统性能度量方法体系,诊断性能度量
方法体系 → 包括 → 度量方法,nn->nn->nn->nn->nn->dobj->prnmod->dobj->conj->nn->nn,PHM(nn) — 系统(nn) — 性能(nn) — 度量(nn) — 方法(nn) — 体系(dobj) — 包括(prnmod) — 度量(dobj) — 度量(conj) — 预测(nn) — 性能(nn),[PHM系统性能度量方法体系] → [预测性能度量],11,军用飞机预测与健康管理系统性能度量体系研究,PHM系统性能度量方法体系,预测性能度量
方法体系 → 包括 → 度量方法,nn->nn->nn->nn->nn->dobj->prnmod->dobj->amod,PHM(nn) — 系统(nn) — 性能(nn) — 度量(nn) — 方法(nn) — 体系(dobj) — 包括(prnmod) — 度量(dobj) — 综合(amod),[PHM系统性能度量方法体系] → [综合度量],9,军用飞机预测与健康管理系统性能度量体系研究,PHM系统性能度量方法体系,综合度量
方法体系 → 为...奠定基础 → 任务,nn->nn->nn->nn->dobj->nn,系统(nn) — 性能(nn) — 度量(nn) — 方法(nn) — 体系(dobj) — PHM(nn),[PHM系统性能度量方法体系] → [PHM系统算法设计],6,军用飞机预测与健康管理系统性能度量体系研究,PHM系统性能度量方法体系,PHM系统算法设计
方法体系 → 为...奠定基础 → 任务,nn->nn->nn->nn->nn->dobj->dep->dep->root->prep->pobj->cc->nn,PHM(nn) — 系统(nn) — 性能(nn) — 度量(nn) — 方法(nn) — 体系(dobj) — 提出(dep) — 为(dep) — 进行(root) — 对(prep) — 需求(pobj) — 和(cc) — 能力(nn),[PHM系统性能度量方法体系] → [系统能力验证],13,军用飞机预测与健康管理系统性能度量体系研究,PHM系统性能度量方法体系,系统能力验证
方法体系 → 具有 → 价值,nn->nn->nn->nn->nn->dobj->dep->dep->dep->prep->pobj->cc,PHM(nn) — 系统(nn) — 性能(nn) — 度量(nn) — 方法(nn) — 体系(dobj) — 提出(dep) — 为(dep) — 进行(dep) — 对(prep) — 应用(pobj) — 和(cc),[PHM系统性能度量方法体系] → [工程应用价值],12,军用飞机预测与健康管理系统性能度量体系研究,PHM系统性能度量方法体系,工程应用价值
研究中心 → 依托 → 学科平台,nn->nn->nn->nn->nn->dobj->cc->nn->punct->nn,"航空(nn) — 航天(nn) — 大学(nn) — 南京(nn) — 学院(nn) — 平台(dobj) — 与(cc) — 控制(nn) — ""(punct) — 学科(nn)",[南京航空航天大学导航研究中心] → [导航、制导与控制学科平台],10,南京航空航天大学导航研究中心,南京航空航天大学导航研究中心,导航、制导与控制学科平台
研究中心 → 依托 → 学院,nn->nn->nn->nn->nn->nn,航空(nn) — 航天(nn) — 大学(nn) — 南京(nn) — 学院(nn) — 自动化(nn),[南京航空航天大学导航研究中心] → [南京航空航天大学自动化学院],6,南京航空航天大学导航研究中心,南京航空航天大学导航研究中心,南京航空航天大学自动化学院
学科 → 是 → 学科类别,cc->punct->nn->nn->dobj->root->nsubj->nn,"与(cc) — ""(punct) — 学科(nn) — 控制(nn) — 平台(dobj) — 依托(root) — 中心(nsubj) — 学科(nn)",[导航、制导与控制学科] → [国家重点(培育)学科],8,南京航空航天大学导航研究中心,导航、制导与控制学科,国家重点(培育)学科
学科 → 是 → 学科类别,cc->punct->nn->nn->dobj->root->nsubj->nn,"与(cc) — ""(punct) — 学科(nn) — 控制(nn) — 平台(dobj) — 依托(root) — 中心(nsubj) — 学科(nn)",[导航、制导与控制学科] → [国防重点学科],8,南京航空航天大学导航研究中心,导航、制导与控制学科,国防重点学科
学科 → 是 → 学科类别,cc->punct->nn->nn->dobj->root->nsubj->nn,"与(cc) — ""(punct) — 学科(nn) — 控制(nn) — 平台(dobj) — 依托(root) — 中心(nsubj) — 学科(nn)",[导航、制导与控制学科] → [首批国防特色学科],8,南京航空航天大学导航研究中心,导航、制导与控制学科,首批国防特色学科
研究中心 → 建有 → 科研基地,nn->nn->nn->nn->nn->dobj->root->nsubj,航空(nn) — 航天(nn) — 大学(nn) — 南京(nn) — 学院(nn) — 平台(dobj) — 依托(root) — 中心(nsubj),[南京航空航天大学导航研究中心] → [飞行器自主控制技术教育部工程中心],8,南京航空航天大学导航研究中心,南京航空航天大学导航研究中心,飞行器自主控制技术教育部工程中心
研究中心 → 建有 → 科研基地,nn->nn->nn->nn->nn->dobj->nn->punct->conj,"航空(nn) — 航天(nn) — 大学(nn) — 南京(nn) — 学院(nn) — 平台(dobj) — 控制(nn) — ""(punct) — 导航(conj)",[南京航空航天大学导航研究中心] → [先进飞行器导航、控制与健康管理工信部重点实验室],9,南京航空航天大学导航研究中心,南京航空航天大学导航研究中心,先进飞行器导航、控制与健康管理工信部重点实验室
任务 → 提供依据 → 目标,nn->nn->nn->nsubj->root->prep->pobj->nn,航空(nn) — 发动机(nn) — 故障(nn) — 预测(nsubj) — 提供(root) — 为(prep) — 决策(pobj) — 维修(nn),[航空发动机故障预测] → [维修决策],8,双向LSTM神经网络的航空发动机故障预测,航空发动机故障预测,维修决策
任务 → 提高 → 指标,nn->nn->nn->nsubj->root->dep->dobj->nn,航空(nn) — 发动机(nn) — 故障(nn) — 预测(nsubj) — 提供(root) — 提高(dep) — 完好率(dobj) — 装备(nn),[航空发动机故障预测] → [装备完好率],8,双向LSTM神经网络的航空发动机故障预测,航空发动机故障预测,装备完好率
任务 → 避免 → 风险,nn->nn->nn->nsubj->root->conj->dobj->amod,航空(nn) — 发动机(nn) — 故障(nn) — 预测(nsubj) — 提供(root) — 避免(conj) — 故障(dobj) — 灾难性(amod),[航空发动机故障预测] → [灾难性故障],8,双向LSTM神经网络的航空发动机故障预测,航空发动机故障预测,灾难性故障
任务 → 最小化 → 风险,nn->nn->nn->nsubj->root->conj->conj->dobj->nn,航空(nn) — 发动机(nn) — 故障(nn) — 预测(nsubj) — 提供(root) — 避免(conj) — 最小化(conj) — 损失(dobj) — 经济(nn),[航空发动机故障预测] → [经济损失],9,双向LSTM神经网络的航空发动机故障预测,航空发动机故障预测,经济损失
方法 → 用于 → 任务,amod->amod->amod->nn->dobj->rcmod->dobj->root->root->nsubj->nn->nn->nn,双向(amod) — 长(amod) — 短期(amod) — 记忆(nn) — 网络(dobj) — 基于(rcmod) — 方法(dobj) — 提出(root) — 提供(root) — 预测(nsubj) — 航空(nn) — 发动机(nn) — 故障(nn),[双向长短期记忆(LSTM)神经网络] → [航空发动机故障预测],13,双向LSTM神经网络的航空发动机故障预测,双向长短期记忆(LSTM)神经网络,航空发动机故障预测
方法 → 用于 → 任务,rcmod->nn->dobj->dobj->root->root->prep->pccomp->nsubj->nn->nn,基于(rcmod) — Copula(nn) — 相似性(dobj) — 方法(dobj) — 提出(root) — 众多(root) — 针对(prep) — 退化(pccomp) — 性能(nsubj) — 发动机(nn) — 航空(nn),[基于Copula相似性的RUL预测方法] → [航空发动机剩余寿命预测],11,基于Copula相似性的航空发动机RUL预测,基于Copula相似性的RUL预测方法,航空发动机剩余寿命预测
方法 → 用于 → 任务,dobj->root->prep->pccomp->ccomp->prep,方法(dobj) — 提出(root) — 为(prep) — 实现(pccomp) — 进行(ccomp) — 对(prep),[蒙特卡罗仿真方法] → [对比仿真验证],6,基于GA-AANN神经网络的SDQ算法的航空发动机传感器数据预处理,蒙特卡罗仿真方法,对比仿真验证
方法 → 用于 → 任务,punct->prnmod->pobj->rcmod->dobj->nn->nn->nn->nn,((punct) — LSSVM(prnmod) — 网络(pobj) — 基于(rcmod) — 方法(dobj) — 趋势(nn) — 燃气轮机(nn) — 状态(nn) — 预测(nn),[LSSVM与WNN组合预测方法] → [燃气轮机状态趋势预测],9,基于LSSVM与WNN的燃气轮机状态趋势预测,LSSVM与WNN组合预测方法,燃气轮机状态趋势预测
方法 → 用于 → 任务,amod->nn->amod->cpm->rcmod->nsubj->ccomp->dobj->nn->nn->nn,半(amod) — 监督(nn) — 集成(amod) — 的(cpm) — 基于(rcmod) — 学习器(nsubj) — 用以(ccomp) — 预测(dobj) — 发动机(nn) — 轴承(nn) — 故障(nn),[半监督集成学习器(SSIT)] → [发动机轴承故障预测],11,基于半监督迁移学习的轴承故障诊断方法,半监督集成学习器(SSIT),发动机轴承故障预测
方法 → 用于 → 任务,amod->nn->amod->cpm->rcmod->nsubj->ccomp->root->prep->pobj->rcmod->loc->lobj->nn,半(amod) — 监督(nn) — 集成(amod) — 的(cpm) — 基于(rcmod) — 学习器(nsubj) — 用以(ccomp) — 提出(root) — 针对(prep) — 问题(pobj) — 足(rcmod) — 中(loc) — 过程(lobj) — 故障(nn),[半监督集成学习器(SSIT)] → [故障识别],14,基于半监督迁移学习的轴承故障诊断方法,半监督集成学习器(SSIT),故障识别
方法 → 用于 → 任务,nn->nn,故障(nn) — 诊断(nn),[故障诊断方法] → [飞控系统故障诊断],2,基于自适应多小波网络预测模型的飞控系统故障诊断仿真研究,故障诊断方法,飞控系统故障诊断
方法 → 用于 → 任务,advmod->nn->assmod->rcmod->dobj->pccomp->prep->root->conj->nsubj->nn->nn,直接(advmod) — 向量(nn) — 回归机(assmod) — 支持(rcmod) — 稀疏性(dobj) — 改善(pccomp) — 为(prep) — 提出(root) — 表明(conj) — 实例(nsubj) — 故障率(nn) — 预测(nn),[稀疏直接支持向量回归机方法] → [故障率预测],12,故障率预测的稀疏直接支持向量回归机方法,稀疏直接支持向量回归机方法,故障率预测
Model → 基于 → 方法,nn->nsubj->root->root->dobj->rcmod->dobj->nn->amod->amod->amod,故障(nn) — 预测(nsubj) — 提供(root) — 提出(root) — 方法(dobj) — 基于(rcmod) — 网络(dobj) — 记忆(nn) — 双向(amod) — 长(amod) — 短期(amod),[故障预测模型] → [双向长短期记忆(LSTM)神经网络],11,双向LSTM神经网络的航空发动机故障预测,故障预测模型,双向长短期记忆(LSTM)神经网络
Model → 基于 → 方法,amod->nn->nn->dobj->rcmod->dobj->nn->nn,混沌(amod) — 神经(nn) — 网络(nn) — 模型(dobj) — 基于(rcmod) — 预测(dobj) — 时间(nn) — 序列(nn),[混沌神经网络模型] → [时间序列预测],8,基于改进混沌神经网络的飞机舵面故障预测研究,混沌神经网络模型,时间序列预测
Model → 基于 → 方法,nn->nn->nn->dobj->rcmod->dobj->amod->nn,硬件(nn) — 损伤(nn) — 发展(nn) — 模型(dobj) — 基于(rcmod) — 轨道(dobj) — 线性(amod) — 退化(nn),[硬件损伤发展模型] → [线性退化轨道],8,面向MRO的民航发动机拆发日期预测系统,硬件损伤发展模型,线性退化轨道
Model → 基于 → 方法,nn->nn->dobj->rcmod->pccomp->dobj->nn->amod,诊断(nn) — 预测(nn) — 模型(dobj) — 基于(rcmod) — 扩展(pccomp) — 评判(dobj) — 模糊(nn) — 综合(amod),[诊断预测模型] → [模糊综合评判],8,飞机供电系统的改进型PHM方案,诊断预测模型,模糊综合评判
Model → 包含 → 步骤,nn->nsubj->root->root->conj->dobj->conj->nn,故障(nn) — 预测(nsubj) — 提供(root) — 提出(root) — 包括(conj) — 测试(dobj) — 预处理(conj) — 数据(nn),[故障预测模型] → [数据预处理],8,双向LSTM神经网络的航空发动机故障预测,故障预测模型,数据预处理
Model → 包含 → 步骤,nn->nsubj->root->root->conj->dobj->nn->nn->conj,故障(nn) — 预测(nsubj) — 提供(root) — 提出(root) — 包括(conj) — 测试(dobj) — 网络(nn) — 模型(nn) — 设计(conj),[故障预测模型] → [网络模型设计],9,双向LSTM神经网络的航空发动机故障预测,故障预测模型,网络模型设计
Model → 包含 → 步骤,nn->nsubj->root->root->conj->dobj->punct->conj,故障(nn) — 预测(nsubj) — 提供(root) — 提出(root) — 包括(conj) — 测试(dobj) — 、(punct) — 训练(conj),[故障预测模型] → [训练与测试],8,双向LSTM神经网络的航空发动机故障预测,故障预测模型,训练与测试
Model → 使用 → Dataset,nn->nsubj->root->root->prep->pobj->nn,故障(nn) — 预测(nsubj) — 提供(root) — 提出(root) — 根据(prep) — 特点(pobj) — 数据(nn),[双向LSTM故障预测模型] → [C-MAPSS数据集],7,双向LSTM神经网络的航空发动机故障预测,双向LSTM故障预测模型,C-MAPSS数据集
Dataset → 用于验证 → Model,nn->pobj->prep->root->root->nsubj->nn,数据(nn) — 特点(pobj) — 根据(prep) — 提出(root) — 提供(root) — 预测(nsubj) — 故障(nn),[C-MAPSS数据集] → [双向LSTM故障预测模型],7,双向LSTM神经网络的航空发动机故障预测,C-MAPSS数据集,双向LSTM故障预测模型
Model → 优于 → Model,nn->nsubj->root->root->dep->prep->pccomp->prep->pobj->nn->conj,故障(nn) — 预测(nsubj) — 提供(root) — 使用(root) — 下降(dep) — 通过(prep) — 对比(pccomp) — 与(prep) — 模型(pobj) — LSTM(nn) — RNN(conj),[双向LSTM故障预测模型] → [RNN],11,双向LSTM神经网络的航空发动机故障预测,双向LSTM故障预测模型,RNN
Model → 优于 → Model,nn->nsubj->root->root->dep->prep->pccomp->prep->pobj->nn->conj,故障(nn) — 预测(nsubj) — 提供(root) — 使用(root) — 下降(dep) — 通过(prep) — 对比(pccomp) — 与(prep) — 模型(pobj) — LSTM(nn) — GRU(conj),[双向LSTM故障预测模型] → [GRU],11,双向LSTM神经网络的航空发动机故障预测,双向LSTM故障预测模型,GRU
Model → 优于 → Model,nn->nsubj->root->root->dobj->rcmod->dobj->nn->prnmod->punct,故障(nn) — 预测(nsubj) — 提供(root) — 提出(root) — 方法(dobj) — 基于(rcmod) — 网络(dobj) — 记忆(nn) — LSTM(prnmod) — ((punct),[双向LSTM故障预测模型] → [LSTM时间序列模型],10,双向LSTM神经网络的航空发动机故障预测,双向LSTM故障预测模型,LSTM时间序列模型
Model → 优于 → Model,nn->nn->dobj->conj->root->dep->ccomp->conj->prep->pobj->nn->nn,免疫(nn) — 神经(nn) — 网络(dobj) — 得到(conj) — 采用(root) — 表明(dep) — 实现(ccomp) — 有(conj) — 较(prep) — 性能(pobj) — BP(nn) — 网络(nn),[免疫神经网络] → [BP网络],12,基于免疫神经网络的航空设备故障预测研究,免疫神经网络,BP网络
Model → 优于 → Model,amod->nn->pobj,遗传(amod) — 神经(nn) — 网络(pobj),[遗传神经网络] → [基本神经网络],3,基于遗传神经网络的航空装备故障预测,遗传神经网络,基本神经网络
Model → 优于 → Model,punct->prnmod,",(punct) — FBPNN(prnmod)",[改进的FBPNN] → [传统FBPNN],2,改进FBPNN在飞机系统故障预测中的应用,改进的FBPNN,传统FBPNN
Model → 降低 → 指标,nn->nsubj->root->root->dep->conj->nsubj->amod,故障(nn) — 预测(nsubj) — 提供(root) — 使用(root) — 下降(dep) — 下降(conj) — 评分(nsubj) — 非对称(amod),[双向LSTM故障预测模型] → [非对称评分],8,双向LSTM神经网络的航空发动机故障预测,双向LSTM故障预测模型,非对称评分
策略 → 应用于 → 系统,nn->dobj->root->prep->plmod->lobj->nn->nn->nn,应用(nn) — 策略(dobj) — 提出(root) — 在(prep) — 中(plmod) — 系统(lobj) — 发动机(nn) — 健康(nn) — 管理(nn),[应用策略] → [发动机健康管理系统],9,发动机数据监视和存储策略,应用策略,发动机健康管理系统
设备 → 具有 → 需求,amod->nsubj->vmod->pobj->vmod->amod,机载(amod) — 设备(nsubj) — 具有(vmod) — 要求(pobj) — 监测(vmod) — 在线(amod),[机载设备] → [在线监测],6,发动机数据监视和存储策略,机载设备,在线监测
设备 → 具有 → 需求,amod->nsubj->vmod->pobj->vmod->dep->amod->dep->nn->nn->dobj,机载(amod) — 设备(nsubj) — 具有(vmod) — 要求(pobj) — 监测(vmod) — 存储(dep) — 大(amod) — 容量(dep) — 发动机(nn) — 工作(nn) — 数据(dobj),[机载设备] → [大容量存储发动机工作数据],11,发动机数据监视和存储策略,机载设备,大容量存储发动机工作数据
策略 → 包含 → 技术,nn->dobj->assmod->nn->nummod->conj,应用(nn) — 策略(dobj) — 管理(assmod) — 任务(nn) — 多(nummod) — 管理(conj),[应用策略] → [多任务管理],6,发动机数据监视和存储策略,应用策略,多任务管理
策略 → 包含 → 技术,nn->dobj->assmod->nn,应用(nn) — 策略(dobj) — 管理(assmod) — 存储(nn),[应用策略] → [存储管理],4,发动机数据监视和存储策略,应用策略,存储管理
技术 → 采用 → 机制,nummod->conj->nn->assmod->dobj->root->conj->dobj->nn->nn,多(nummod) — 管理(conj) — 任务(nn) — 管理(assmod) — 策略(dobj) — 提出(root) — 采用(conj) — 机制(dobj) — 优先级(nn) — 抢占(nn),[多任务管理] → [优先级抢占机制],10,发动机数据监视和存储策略,多任务管理,优先级抢占机制
技术 → 采用 → 模式,nn->assmod->dobj->root->conj->conj->dobj->ordmod->clf->nn,存储(nn) — 管理(assmod) — 策略(dobj) — 提出(root) — 采用(conj) — 采用(conj) — 模式(dobj) — 二(ordmod) — 级(clf) — 缓存(nn),[存储管理] → [二级缓存模式],10,发动机数据监视和存储策略,存储管理,二级缓存模式
策略 → 实现于 → 操作系统,dobj->root->prep->plmod->lobj,策略(dobj) — 提出(root) — 在(prep) — 中(plmod) — 系统(lobj),[设计策略] → [VxWorks操作系统],5,发动机数据监视和存储策略,设计策略,VxWorks操作系统
策略 → 实现于 → 文件系统,dobj->root->prep->plmod->lobj,策略(dobj) — 提出(root) — 在(prep) — 中(plmod) — 系统(lobj),[设计策略] → [HRFS文件系统],5,发动机数据监视和存储策略,设计策略,HRFS文件系统
策略 → 验证了 → 属性,dobj->root->root->conj->dobj,策略(dobj) — 提出(root) — 实现(root) — 验证(conj) — 可行性(dobj),[设计策略] → [可行性],5,发动机数据监视和存储策略,设计策略,可行性
技术领域 → 是 → 技术类别,nn->nn->conj->nn->top->root->attr->amod,航空(nn) — 故障(nn) — 预测(conj) — 发动机(nn) — 管理(top) — 是(root) — 技术(attr) — 关键(amod),[航空发动机故障预测与健康管理] → [关键技术],8,可解释性智能监测诊断网络构造及航空发动机整机试车与中介轴承诊断应用,航空发动机故障预测与健康管理,关键技术
技术领域 → 提高 → Performance Metric,nn->nn->conj->nn->top->root->attr->rcmod->dobj->nn->nn->conj,航空(nn) — 故障(nn) — 预测(conj) — 发动机(nn) — 管理(top) — 是(root) — 技术(attr) — 提高(rcmod) — 可承受性(dobj) — 发动机(nn) — 航空(nn) — 安全性(conj),[航空发动机故障预测与健康管理] → [航空发动机安全性],12,可解释性智能监测诊断网络构造及航空发动机整机试车与中介轴承诊断应用,航空发动机故障预测与健康管理,航空发动机安全性
技术领域 → 提高 → Performance Metric,nn->nn->conj->nn,航空(nn) — 故障(nn) — 预测(conj) — 发动机(nn),[航空发动机故障预测与健康管理] → [航空发动机可靠性],4,可解释性智能监测诊断网络构造及航空发动机整机试车与中介轴承诊断应用,航空发动机故障预测与健康管理,航空发动机可靠性
方法 → 存在问题 → 问题,amod->dobj->rcmod->nsubj->root->root->dobj->vmod->nsubj->nsubj,深度(amod) — 学习(dobj) — 基于(rcmod) — 方法(nsubj) — 受到(root) — 存在(root) — 问题(dobj) — 差(vmod) — 模型(nsubj) — 可解释性(nsubj),[深度学习] → [模型可解释性差],10,可解释性智能监测诊断网络构造及航空发动机整机试车与中介轴承诊断应用,深度学习,模型可解释性差
方法 → 存在问题 → 问题,amod->dobj->rcmod->nsubj->root->root->dobj->vmod->conj->nn->nsubj,深度(amod) — 学习(dobj) — 基于(rcmod) — 方法(nsubj) — 受到(root) — 存在(root) — 问题(dobj) — 差(vmod) — 薄弱(conj) — 理论(nn) — 基础(nsubj),[深度学习] → [理论基础薄弱],11,可解释性智能监测诊断网络构造及航空发动机整机试车与中介轴承诊断应用,深度学习,理论基础薄弱
方法 → 存在问题 → 问题,amod->nn->nn->dobj->root->root->pobj->rcmod->amod->nsubj->nsubj,传统(amod) — 离线(nn) — 校准(nn) — 方法(dobj) — 分析(root) — 针对(root) — 不足(pobj) — 长(rcmod) — 反复(amod) — 拆装(nsubj) — 耗时(nsubj),[传统离线校准方法] → [反复拆装耗时长],11,温度计量技术在航空发动机试车台健康管理中的应用,传统离线校准方法,反复拆装耗时长
方法 → 存在问题 → 问题,amod->nn->nn->dobj->root->root->pobj->rcmod->conj->advmod->dobj,传统(amod) — 离线(nn) — 校准(nn) — 方法(dobj) — 分析(root) — 针对(root) — 不足(pobj) — 长(rcmod) — 引发(conj) — 易(advmod) — 故障(dobj),[传统离线校准方法] → [易引发故障],11,温度计量技术在航空发动机试车台健康管理中的应用,传统离线校准方法,易引发故障
方法 → 存在问题 → 问题,nn->rcmod->nsubj->lccomp->loc->root->dobj->vmod->nsubj->neg,向量机(nn) — 支持(rcmod) — 方法(nsubj) — 应用(lccomp) — 时(loc) — 出现(root) — 问题(dobj) — 强(vmod) — 稀疏性(nsubj) — 不(neg),[支持向量机] → [稀疏性不强],10,航空发动机油液磨粒与故障关系RVM预测方法,支持向量机,稀疏性不强
方法 → 存在问题 → 问题,nn->rcmod->nsubj->lccomp->loc->root->dobj->vmod->conj->nsubj,向量机(nn) — 支持(rcmod) — 方法(nsubj) — 应用(lccomp) — 时(loc) — 出现(root) — 问题(dobj) — 强(vmod) — 大(conj) — 计算量(nsubj),[支持向量机] → [计算量大],10,航空发动机油液磨粒与故障关系RVM预测方法,支持向量机,计算量大
方法 → 存在问题 → 问题,nn->rcmod->nsubj->lccomp->loc->root->dobj->vmod->conj->nsubj->mmod->nn->dobj,向量机(nn) — 支持(rcmod) — 方法(nsubj) — 应用(lccomp) — 时(loc) — 出现(root) — 问题(dobj) — 强(vmod) — 满足(conj) — 核函数(nsubj) — 必须(mmod) — Mercer(nn) — 条件(dobj),[支持向量机] → [核函数必须满足Mercer条件],13,航空发动机油液磨粒与故障关系RVM预测方法,支持向量机,核函数必须满足Mercer条件
方法 → 存在问题 → 问题,nn->nn->nn->cpm->rcmod->nsubj->conj->dobj->assmod->assm->neg,飞机(nn) — 发动机(nn) — 故障(nn) — 的(cpm) — 基于(rcmod) — 预测(nsubj) — 使得(conj) — 准确性(dobj) — 预测(assmod) — 的(assm) — 不(neg),[传统的基于灰色理论的飞机发动机故障预测] → [预测准确性不足],11,飞机发动机故障的多参数预测模型,传统的基于灰色理论的飞机发动机故障预测,预测准确性不足
网络模型 → 应用于 → 任务,nn->nsubj->root->root->dobj->assmod->conj->amod,智能(nn) — 方法(nsubj) — 受到(root) — 验证(root) — 有效性(dobj) — 诊断(assmod) — 检测(conj) — 异常(amod),[可解释性智能监测诊断网络] → [异常检测],8,可解释性智能监测诊断网络构造及航空发动机整机试车与中介轴承诊断应用,可解释性智能监测诊断网络,异常检测
网络模型 → 应用于 → 任务,nn->nsubj->root->root->top->nn,智能(nn) — 方法(nsubj) — 受到(root) — 是(root) — 管理(top) — 故障(nn),[可解释性智能监测诊断网络] → [中介轴承故障诊断],6,可解释性智能监测诊断网络构造及航空发动机整机试车与中介轴承诊断应用,可解释性智能监测诊断网络,中介轴承故障诊断
网络模型 → 验证于 → 研究对象,nn->nsubj->root->root->top->nn,智能(nn) — 方法(nsubj) — 受到(root) — 是(root) — 管理(top) — 发动机(nn),[可解释性智能监测诊断网络] → [某型涡扇发动机],6,可解释性智能监测诊断网络构造及航空发动机整机试车与中介轴承诊断应用,可解释性智能监测诊断网络,某型涡扇发动机
Model → 融入 → 数据,nsubj->nsubj->vmod->dobj->root->root->top->nn,模型(nsubj) — 可解释性(nsubj) — 差(vmod) — 问题(dobj) — 存在(root) — 是(root) — 管理(top) — 发动机(nn),[稀疏表示模型] → [发动机振动信号先验信息],8,可解释性智能监测诊断网络构造及航空发动机整机试车与中介轴承诊断应用,稀疏表示模型,发动机振动信号先验信息
网络模块 → 展开自 → 算法,dobj->root->root->nsubj->rcmod->dobj,网络(dobj) — 提出(root) — 存在(root) — 现状(nsubj) — 学习(rcmod) — 算法(dobj),[核心网络] → [迭代求解算法],6,可解释性智能监测诊断网络构造及航空发动机整机试车与中介轴承诊断应用,核心网络,迭代求解算法
网络模块 → 基于 → 技术框架,nsubj->vmod->dobj->root->root->punct->prep,可解释性(nsubj) — 差(vmod) — 问题(dobj) — 存在(root) — 融入(root) — ，(punct) — 对(prep),[可解释性异常检测子网络] → [对抗训练框架],7,可解释性智能监测诊断网络构造及航空发动机整机试车与中介轴承诊断应用,可解释性异常检测子网络,对抗训练框架
网络模块 → 基于 → 技术框架,nn->top->root->root->dobj->rcmod->pobj->nn->nn,故障(nn) — 管理(top) — 是(root) — 构造(root) — 网络(dobj) — 基于(rcmod) — 框架(pobj) — 特征(nn) — 提取(nn),[可解释性故障诊断子网络] → [特征提取框架],9,可解释性智能监测诊断网络构造及航空发动机整机试车与中介轴承诊断应用,可解释性故障诊断子网络,特征提取框架
技术框架 → 具备 → 属性,dobj->rcmod->nsubj->root->dobj->vmod->punct->nn->nsubj,算法(dobj) — 学习(rcmod) — 现状(nsubj) — 存在(root) — 问题(dobj) — 差(vmod) — 、(punct) — 理论(nn) — 基础(nsubj),[迭代算法展开的网络构造框架] → [明确的理论基础],9,可解释性智能监测诊断网络构造及航空发动机整机试车与中介轴承诊断应用,迭代算法展开的网络构造框架,明确的理论基础
方法 → 检验 → 评估指标,nsubj->rcmod->dobj,方法(nsubj) — 基于(rcmod) — 学习(dobj),[可视化方法] → [网络学习效果],3,可解释性智能监测诊断网络构造及航空发动机整机试车与中介轴承诊断应用,可视化方法,网络学习效果
数据 → 验证 → 网络模型,nn->root->root->nsubj->nn,试车(nn) — 数据(root) — 受到(root) — 方法(nsubj) — 智能(nn),[试车数据] → [可解释性智能监测诊断网络],5,可解释性智能监测诊断网络构造及航空发动机整机试车与中介轴承诊断应用,试车数据,可解释性智能监测诊断网络
研究机构 → 依托 → 依托单位,nn->nn->nn->nsubj->nsubj->root->dobj->nn->nn,可靠性(nn) — 四川省(nn) — 重点(nn) — 实验室(nsubj) — 工程(nsubj) — 依托(root) — 大学(dobj) — 电子(nn) — 科技(nn),[可靠性工程四川省重点实验室] → [电子科技大学],9,可靠性工程四川省重点实验室,可靠性工程四川省重点实验室,电子科技大学
研究机构 → 面向需求 → 技术领域,nn->nn->nn->nsubj->nsubj->root->conj->prep->pobj->assmod->pobj->cc->nn->nn,可靠性(nn) — 四川省(nn) — 重点(nn) — 实验室(nsubj) — 工程(nsubj) — 依托(root) — 为(conj) — 以(prep) — 需求(pobj) — 对(assmod) — 技术(pobj) — 与(cc) — 故障(nn) — 诊断(nn),[可靠性工程四川省重点实验室] → [可靠性、维修性与故障诊断技术],14,可靠性工程四川省重点实验室,可靠性工程四川省重点实验室,可靠性、维修性与故障诊断技术
研究机构 → 主要研究 → 装备类别,nn->nn->nn->nsubj->nsubj->root->conj->prep->pobj->amod->nn,可靠性(nn) — 四川省(nn) — 重点(nn) — 实验室(nsubj) — 工程(nsubj) — 依托(root) — 为(conj) — 以(prep) — 装备(pobj) — 关键(amod) — 技术(nn),[可靠性工程四川省重点实验室] → [关键技术装备],11,可靠性工程四川省重点实验室,可靠性工程四川省重点实验室,关键技术装备
装备类别 → 包含 → 装备,amod->nn->pobj->nn->conj->nn->nn,关键(amod) — 技术(nn) — 装备(pobj) — 设备(nn) — 装备(conj) — 国防(nn) — 武器(nn),[关键技术装备] → [国防武器装备],7,可靠性工程四川省重点实验室,关键技术装备,国防武器装备
装备类别 → 包含 → 装备,amod->nn->pobj->nn->conj,关键(amod) — 技术(nn) — 装备(pobj) — 设备(nn) — 航空器(conj),[关键技术装备] → [航空器],5,可靠性工程四川省重点实验室,关键技术装备,航空器
装备类别 → 包含 → 装备,amod->nn->pobj->nn->conj,关键(amod) — 技术(nn) — 装备(pobj) — 设备(nn) — 航天器(conj),[关键技术装备] → [航天器],5,可靠性工程四川省重点实验室,关键技术装备,航天器
装备类别 → 包含 → 装备,amod->nn->pobj->nn->conj->amod->amod,关键(amod) — 技术(nn) — 装备(pobj) — 设备(nn) — 机床(conj) — 大型(amod) — 数控(amod),[关键技术装备] → [大型数控机床],7,可靠性工程四川省重点实验室,关键技术装备,大型数控机床
装备类别 → 包含 → 装备,amod->nn->pobj->nn->conj->advmod->amod->nn->amod->nn->nn,关键(amod) — 技术(nn) — 装备(pobj) — 设备(nn) — 装备(conj) — 极(advmod) — 大(amod) — 规模(nn) — 集成(amod) — 电路(nn) — 制造(nn),[关键技术装备] → [极大规模集成电路制造装备],11,可靠性工程四川省重点实验室,关键技术装备,极大规模集成电路制造装备
装备类别 → 包含 → 装备,amod->nn->pobj->nn->conj->nn,关键(amod) — 技术(nn) — 装备(pobj) — 设备(nn) — 交通(conj) — 轨道(nn),[关键技术装备] → [轨道交通],6,可靠性工程四川省重点实验室,关键技术装备,轨道交通
装备类别 → 包含 → 装备,amod->nn->pobj->nn->conj,关键(amod) — 技术(nn) — 装备(pobj) — 设备(nn) — 汽车(conj),[关键技术装备] → [汽车],5,可靠性工程四川省重点实验室,关键技术装备,汽车
装备类别 → 包含 → 装备,amod->nn->pobj->nn->conj->nn,关键(amod) — 技术(nn) — 装备(pobj) — 设备(nn) — 机械(conj) — 工程(nn),[关键技术装备] → [工程机械],6,可靠性工程四川省重点实验室,关键技术装备,工程机械
装备类别 → 包含 → 装备,amod->nn->pobj->nn->amod->nn,关键(amod) — 技术(nn) — 装备(pobj) — 设备(nn) — 新(amod) — 能源(nn),[关键技术装备] → [新能源设备],6,可靠性工程四川省重点实验室,关键技术装备,新能源设备
研究机构 → 研究方向为 → 研究方向,nn->nn->nn->nsubj->nsubj->root->dobj->conj->assmod->amod->amod,可靠性(nn) — 四川省(nn) — 重点(nn) — 实验室(nsubj) — 工程(nsubj) — 依托(root) — 评价(dobj) — 评估(conj) — 装备(assmod) — 大型(amod) — 复杂(amod),[可靠性工程四川省重点实验室] → [大型复杂装备的可靠性建模、分析与评估],11,可靠性工程四川省重点实验室,可靠性工程四川省重点实验室,大型复杂装备的可靠性建模、分析与评估
研究机构 → 研究方向为 → 研究方向,nn->nn->nn->nsubj->nsubj->root->dobj->conj->assmod->assm->nn,可靠性(nn) — 四川省(nn) — 重点(nn) — 实验室(nsubj) — 工程(nsubj) — 依托(root) — 评价(dobj) — 设计(conj) — 装备(assmod) — 的(assm) — 可靠性(nn),[可靠性工程四川省重点实验室] → [复杂装备的可靠性设计],11,可靠性工程四川省重点实验室,可靠性工程四川省重点实验室,复杂装备的可靠性设计
研究机构 → 研究方向为 → 研究方向,nn->nn->nn->nsubj->nsubj->root->dobj->nn->assmod->cpm->nummod->nn->nn->conj,可靠性(nn) — 四川省(nn) — 重点(nn) — 实验室(nsubj) — 工程(nsubj) — 依托(root) — 评价(dobj) — 装备(nn) — 基于(assmod) — 的(cpm) — 多(nummod) — 学科(nn) — 设计(nn) — 优化(conj),[可靠性工程四川省重点实验室] → [基于可靠性的装备多学科设计优化],14,可靠性工程四川省重点实验室,可靠性工程四川省重点实验室,基于可靠性的装备多学科设计优化
研究机构 → 研究方向为 → 研究方向,nn->nn->nn->nsubj->nsubj->root->dobj->punct->amod->nn->nn->conj,可靠性(nn) — 四川省(nn) — 重点(nn) — 实验室(nsubj) — 工程(nsubj) — 依托(root) — 评价(dobj) — 、(punct) — 大型(amod) — 装备(nn) — 故障(nn) — 诊断(conj),[可靠性工程四川省重点实验室] → [大型装备故障诊断与健康管理],12,可靠性工程四川省重点实验室,可靠性工程四川省重点实验室,大型装备故障诊断与健康管理
研究机构 → 研究方向为 → 研究方向,nn->nn->nn->nsubj->nsubj->root->dobj->conj->amod->nn,可靠性(nn) — 四川省(nn) — 重点(nn) — 实验室(nsubj) — 工程(nsubj) — 依托(root) — 评价(dobj) — 预测(conj) — 剩余(amod) — 寿命(nn),[可靠性工程四川省重点实验室] → [剩余寿命预测],10,可靠性工程四川省重点实验室,可靠性工程四川省重点实验室,剩余寿命预测
研究机构 → 研究方向为 → 研究方向,nn->nn->nn->nsubj->nsubj->root->dobj->punct->amod->nn->nn->conj,可靠性(nn) — 四川省(nn) — 重点(nn) — 实验室(nsubj) — 工程(nsubj) — 依托(root) — 评价(dobj) — 、(punct) — 复杂(amod) — 装备(nn) — 维修性(nn) — 分析(conj),[可靠性工程四川省重点实验室] → [复杂装备维修性分析及维护决策],12,可靠性工程四川省重点实验室,可靠性工程四川省重点实验室,复杂装备维修性分析及维护决策
研究机构 → 研究方向为 → 研究方向,nn->nn->nn->nsubj->nsubj->root->dobj->nn->prnmod->punct->nn->nn->conj,可靠性(nn) — 四川省(nn) — 重点(nn) — 实验室(nsubj) — 工程(nsubj) — 依托(root) — 评价(dobj) — 系统(nn) — MEMS(prnmod) — )(punct) — 可靠性(nn) — 设计(nn) — 分析(conj),[可靠性工程四川省重点实验室] → [微纳机电系统(MEMS)可靠性设计分析与试验评价],13,可靠性工程四川省重点实验室,可靠性工程四川省重点实验室,微纳机电系统(MEMS)可靠性设计分析与试验评价
会议 → 举办于 → 地点,nn->conj->punct->root->prep->pobj,"2020(nn) — 预测(conj) — ,(punct) — 召开(root) — 在(prep) — 成都(pobj)",[2020预测与健康管理(PHM)研讨会] → [成都],6,后人工智能背景下装备测试研讨会在成都召开,2020预测与健康管理(PHM)研讨会,成都
会议 → 举办于 → 地点,cc->nn->nn->nn->nsubj->root->prep->pobj,与(cc) — 故障(nn) — 诊断(nn) — 技术(nn) — 研讨会(nsubj) — 举办(root) — 在(prep) — 南昌市(pobj),[第二十一届测试与故障诊断技术研讨会] → [南昌市],8,第二十一届测试与故障诊断技术研讨会在南昌市举办,第二十一届测试与故障诊断技术研讨会,南昌市
会议 → 举办于 → 时间,nn->conj->punct->root->tmod->nn->nn,"2020(nn) — 预测(conj) — ,(punct) — 召开(root) — 27日(tmod) — 2020年(nn) — 11月(nn)",[2020预测与健康管理(PHM)研讨会] → [2020年11月27日],7,后人工智能背景下装备测试研讨会在成都召开,2020预测与健康管理(PHM)研讨会,2020年11月27日
高校 → 参加 → 会议,nn->conj->nn->dobj->conj->root->punct->nn->conj,"四川(nn) — 大学(conj) — 公司(nn) — 单位(dobj) — 来自(conj) — 召开(root) — ,(punct) — 2020(nn) — 预测(conj)",[四川大学] → [2020预测与健康管理(PHM)研讨会],9,后人工智能背景下装备测试研讨会在成都召开,四川大学,2020预测与健康管理(PHM)研讨会
高校 → 参加 → 会议,nn->nn->conj->nn->dobj->conj->root->punct->nn->conj,"哈尔滨(nn) — 工业(nn) — 大学(conj) — 公司(nn) — 单位(dobj) — 来自(conj) — 召开(root) — ,(punct) — 2020(nn) — 预测(conj)",[哈尔滨工业大学] → [2020预测与健康管理(PHM)研讨会],10,后人工智能背景下装备测试研讨会在成都召开,哈尔滨工业大学,2020预测与健康管理(PHM)研讨会
高校 → 参加 → 会议,nn->nn->nn->conj->nn->dobj->conj->root->punct->nn->conj,"北京(nn) — 航空(nn) — 航天(nn) — 大学(conj) — 公司(nn) — 单位(dobj) — 来自(conj) — 召开(root) — ,(punct) — 2020(nn) — 预测(conj)",[北京航空航天大学] → [2020预测与健康管理(PHM)研讨会],11,后人工智能背景下装备测试研讨会在成都召开,北京航空航天大学,2020预测与健康管理(PHM)研讨会
高校 → 参加 → 会议,nn->nn->conj->nn->dobj->conj->root->punct->nn->conj,"电子(nn) — 科技(nn) — 大学(conj) — 公司(nn) — 单位(dobj) — 来自(conj) — 召开(root) — ,(punct) — 2020(nn) — 预测(conj)",[电子科技大学] → [2020预测与健康管理(PHM)研讨会],10,后人工智能背景下装备测试研讨会在成都召开,电子科技大学,2020预测与健康管理(PHM)研讨会
研究所 → 参加 → 会议,nn->nn->conj->nn->dobj->conj->root->punct->nn->conj,"中国(nn) — 核动力(nn) — 研究院(conj) — 公司(nn) — 单位(dobj) — 来自(conj) — 召开(root) — ,(punct) — 2020(nn) — 预测(conj)",[中国核动力研究院] → [2020预测与健康管理(PHM)研讨会],10,后人工智能背景下装备测试研讨会在成都召开,中国核动力研究院,2020预测与健康管理(PHM)研讨会
企业 → 参加 → 会议,nn->nn->amod->nn->dobj->conj->root->punct->nn->conj,"华为(nn) — 技术(nn) — 有限(amod) — 公司(nn) — 单位(dobj) — 来自(conj) — 召开(root) — ,(punct) — 2020(nn) — 预测(conj)",[华为技术有限公司] → [2020预测与健康管理(PHM)研讨会],10,后人工智能背景下装备测试研讨会在成都召开,华为技术有限公司,2020预测与健康管理(PHM)研讨会
参会人员 → 参加 → 会议,nummod->clf->nsubj->conj->root->punct->nn->conj,"70余(nummod) — 位(clf) — 代表(nsubj) — 参加(conj) — 召开(root) — ,(punct) — 2020(nn) — 预测(conj)",[70余位代表] → [2020预测与健康管理(PHM)研讨会],8,后人工智能背景下装备测试研讨会在成都召开,70余位代表,2020预测与健康管理(PHM)研讨会
技术 → 改善 → 任务,nn->nn->nsubj->root->conj->prep->pobj->vmod->dobj->conj,技术(nn) — AHM(nn) — 革新(nsubj) — 得到(root) — 集中(conj) — 在(prep) — 方面(pobj) — 改善(vmod) — 配置(dobj) — 维修(conj),[AHM技术] → [维修],10,商用大飞机健康管理应用研究,AHM技术,维修
技术 → 改善 → 资源,nn->nn->nsubj->root->conj->prep->pobj->vmod->dobj->conj,技术(nn) — AHM(nn) — 革新(nsubj) — 得到(root) — 集中(conj) — 在(prep) — 方面(pobj) — 改善(vmod) — 配置(dobj) — 备件(conj),[AHM技术] → [备件],10,商用大飞机健康管理应用研究,AHM技术,备件
技术 → 改善 → 资源,nn->nn->nsubj->root->conj->prep->pobj->vmod->dobj->nn,技术(nn) — AHM(nn) — 革新(nsubj) — 得到(root) — 集中(conj) — 在(prep) — 方面(pobj) — 改善(vmod) — 配置(dobj) — 人员(nn),[AHM技术] → [人员配置],10,商用大飞机健康管理应用研究,AHM技术,人员配置
理念 → 转向 → 趋势,nn->nn->nsubj->root->dobj->amod,飞机(nn) — 设计(nn) — 理念(nsubj) — 转向(root) — 自动化(dobj) — 完全(amod),[飞机设计理念] → [完全自动化],6,商用大飞机健康管理应用研究,飞机设计理念,完全自动化
技术 → 监测 → 部件,nn->nn->nsubj->root->root->conj->prep->pobj->vmod->dobj->nn->amod,AHM(nn) — 技术(nn) — 革新(nsubj) — 得到(root) — 转向(root) — 得到(conj) — 在(prep) — 方面(pobj) — 保证(vmod) — 安全(dobj) — 部位(nn) — 关键(amod),[AHM技术] → [关键部位],12,商用大飞机健康管理应用研究,AHM技术,关键部位
技术 → 处理 → 故障,nn->nn->nsubj->root->root->conj->dep->ccomp->prep->pobj->conj,AHM(nn) — 技术(nn) — 革新(nsubj) — 得到(root) — 转向(root) — 得到(conj) — 实现(dep) — 进行(ccomp) — 对(prep) — 失效(pobj) — 异常(conj),[AHM技术] → [异常],11,商用大飞机健康管理应用研究,AHM技术,异常
技术 → 处理 → 故障,nn->nn->nsubj->root->root->conj->dep->ccomp->prep->pobj,AHM(nn) — 技术(nn) — 革新(nsubj) — 得到(root) — 转向(root) — 得到(conj) — 实现(dep) — 进行(ccomp) — 对(prep) — 失效(pobj),[AHM技术] → [失效],10,商用大飞机健康管理应用研究,AHM技术,失效
技术 → 确保 → 目标,nn->nn->nsubj->root->root->conj->dep->dobj->assmod->assm->amod,AHM(nn) — 技术(nn) — 革新(nsubj) — 得到(root) — 转向(root) — 得到(conj) — 确保(dep) — 运行(dobj) — 飞机(assmod) — 的(assm) — 安全(amod),[AHM技术] → [飞机的安全运行],11,商用大飞机健康管理应用研究,AHM技术,飞机的安全运行
技术 → 确保 → 目标,cc->nn->top->root->attr->rcmod->dobj->nn,与(cc) — 健康(nn) — 管理(top) — 是(root) — 技术(attr) — 确保(rcmod) — 安全(dobj) — 飞行(nn),[预测与健康管理(PHM)] → [飞行安全],8,航空发动机PHM中的数据挖掘机遇与挑战,预测与健康管理(PHM),飞行安全
技术 → 是 → 技术定位,cc->nn->nn->nsubj->conj->prep->pobj->amod->nn,与(cc) — 健康(nn) — 管理(nn) — 技术(nsubj) — 回顾(conj) — 作为(prep) — 技术(pobj) — 关键(amod) — 使能(nn),[综合诊断、预测与健康管理(PHM)技术] → [关键使能技术],9,国外综合诊断、预测与健康管理技术的发展及应用,综合诊断、预测与健康管理(PHM)技术,关键使能技术
技术 → 是 → 技术定位,conj->nn->nsubj->root->attr->rcmod->dobj->amod->amod->nn,预测(conj) — 故障(nn) — 技术(nsubj) — 是(root) — 技术(attr) — 实现(rcmod) — 保障(dobj) — 新型(amod) — 自主式(amod) — 后勤(nn),[故障预测与管理技术(PHM)] → [新型自主式后勤保障的关键技术],10,基于综合PHM方法的导弹维修保障综述,故障预测与管理技术(PHM),新型自主式后勤保障的关键技术
技术 → 应用于 → 应用领域,cc->nn->nn->nsubj->conj->conj->dobj->assmod->pobj->nn->conj,与(cc) — 健康(nn) — 管理(nn) — 技术(nsubj) — 回顾(conj) — 介绍(conj) — 现状(dobj) — 在(assmod) — 领域(pobj) — 研究(nn) — 军事(conj),[综合诊断、预测与健康管理(PHM)技术] → [军事领域],11,国外综合诊断、预测与健康管理技术的发展及应用,综合诊断、预测与健康管理(PHM)技术,军事领域
技术 → 应用于 → 应用领域,cc->nn->nn->nsubj->conj->conj->dobj->assmod->pobj->nn->punct->conj,与(cc) — 健康(nn) — 管理(nn) — 技术(nsubj) — 回顾(conj) — 介绍(conj) — 现状(dobj) — 在(assmod) — 领域(pobj) — 研究(nn) — 、(punct) — 民用(conj),[综合诊断、预测与健康管理(PHM)技术] → [民用领域],12,国外综合诊断、预测与健康管理技术的发展及应用,综合诊断、预测与健康管理(PHM)技术,民用领域
技术 → 应用于 → 应用领域,cc->nn->nn->nsubj->conj->conj->dobj->assmod->pobj->nn->nn,与(cc) — 健康(nn) — 管理(nn) — 技术(nsubj) — 回顾(conj) — 介绍(conj) — 现状(dobj) — 在(assmod) — 领域(pobj) — 学术(nn) — 研究(nn),[综合诊断、预测与健康管理(PHM)技术] → [学术研究领域],11,国外综合诊断、预测与健康管理技术的发展及应用,综合诊断、预测与健康管理(PHM)技术,学术研究领域
技术 → 应用于 → 应用领域,nn->conj->nn->dobj->assmod->pobj->nn->conj,自动化(nn) — 测试(conj) — 技术(nn) — 应用(dobj) — 在(assmod) — 领域(pobj) — 工业(nn) — 航天(conj),[自动化测试] → [航天],8,开展学术交流  推动试验与测试、预测与故障诊断技术的发展,自动化测试,航天
技术 → 应用于 → 应用领域,nn->conj->amod->nn->dobj->assmod->pobj->nn->conj,总线(nn) — 技术(conj) — 先进(amod) — 技术(nn) — 应用(dobj) — 在(assmod) — 领域(pobj) — 工业(nn) — 航空(conj),[先进总线技术] → [航空],9,开展学术交流  推动试验与测试、预测与故障诊断技术的发展,先进总线技术,航空
技术 → 应用于 → 应用领域,nn->nn->nn->dobj->assmod->pobj->nn->conj,故障(nn) — 诊断(nn) — 技术(nn) — 应用(dobj) — 在(assmod) — 领域(pobj) — 工业(nn) — 兵器(conj),[故障诊断技术] → [兵器],8,开展学术交流  推动试验与测试、预测与故障诊断技术的发展,故障诊断技术,兵器
技术 → 应用于 → 应用领域,nn->nn->nn->dobj->assmod->pobj->nn->conj,故障(nn) — 诊断(nn) — 技术(nn) — 应用(dobj) — 在(assmod) — 领域(pobj) — 工业(nn) — 船舶(conj),[故障诊断技术] → [船舶],8,开展学术交流  推动试验与测试、预测与故障诊断技术的发展,故障诊断技术,船舶
技术 → 应用于 → 应用领域,nn->nn->nn->dobj->assmod->pobj->nn->conj->conj,故障(nn) — 诊断(nn) — 技术(nn) — 应用(dobj) — 在(assmod) — 领域(pobj) — 工业(nn) — 核(conj) — 工业(conj),[故障诊断技术] → [核工业],9,开展学术交流  推动试验与测试、预测与故障诊断技术的发展,故障诊断技术,核工业
技术 → 应用于 → 应用领域,nn->conj->root->nn->amod->nn,智能(nn) — 诊断(conj) — 管(root) — 工具(nn) — 高速(amod) — 交通(nn),[智能诊断与健康管理] → [高速交通工具],6,开展学术交流  推动试验与测试、预测与故障诊断技术的发展,智能诊断与健康管理,高速交通工具
技术 → 应用于 → 应用领域,nn->nn->assmod->conj->dobj->root->conj->prep->pobj->dep->assmod->plmod->lobj->nn->nn,挖掘(nn) — 数据(nn) — 工具(assmod) — 模式(conj) — 流程(dobj) — 总结(root) — 进行(conj) — 对(prep) — 案例(pobj) — 模式(dep) — 在(assmod) — 中(plmod) — 管理(lobj) — 发动机(nn) — 航空(nn),[数据挖掘技术] → [航空发动机PHM],15,数据挖掘技术在航空发动机PHM中的应用,数据挖掘技术,航空发动机PHM
技术 → 应用于 → 应用领域,cc->nn->nn->nn->dobj->assmod->plmod->lobj->nn->nn,与(cc) — 健康(nn) — 管理(nn) — 技术(nn) — 应用(dobj) — 在(assmod) — 中(plmod) — 测试(lobj) — 军工(nn) — 装备(nn),[测试、预测与健康管理技术] → [军工装备测试],10,第二十一届测试与故障诊断技术研讨会在南昌市举办,测试、预测与健康管理技术,军工装备测试
技术 → 应用于 → 应用领域,amod->nn->nsubj->root->root->prep->pobj->nn->conj->nn->nn->nn,大(amod) — 数据(nn) — 技术(nsubj) — 得到(root) — 有(root) — 在(prep) — 领域(pobj) — 保障(nn) — 预测(conj) — 系统(nn) — 级(nn) — 故障(nn),[航空大数据分析技术] → [系统级故障预测],12,航空大数据技术的发展与应用,航空大数据分析技术,系统级故障预测
技术 → 应用于 → 应用领域,nn->nn->dobj->assmod->pobj->nn->nn->conj,PHM(nn) — 技术(nn) — 现状(dobj) — 在(assmod) — 领域(pobj) — 研究(nn) — 国外(nn) — 军事(conj),[PHM技术] → [国外军事领域],8,预测与健康管理技术的发展及应用,PHM技术,国外军事领域
技术 → 应用于 → 应用领域,nn->nn->dobj->assmod->pobj->nn->punct->conj,PHM(nn) — 技术(nn) — 现状(dobj) — 在(assmod) — 领域(pobj) — 研究(nn) — 、(punct) — 民用(conj),[PHM技术] → [民用领域],8,预测与健康管理技术的发展及应用,PHM技术,民用领域
技术 → 应用于 → 应用领域,nn->nn->dobj->assmod->pobj->nn->nn,PHM(nn) — 技术(nn) — 现状(dobj) — 在(assmod) — 领域(pobj) — 学术(nn) — 研究(nn),[PHM技术] → [学术研究领域],7,预测与健康管理技术的发展及应用,PHM技术,学术研究领域
应用案例 → 应用 → 技术,lobj->plmod->assmod->dobj->conj->root->conj->nsubj->nn->cc->nn,战斗机(lobj) — 上(plmod) — 在(assmod) — 案例(dobj) — 给出(conj) — 受到(root) — 回顾(conj) — 技术(nsubj) — 管理(nn) — 与(cc) — 健康(nn),[F-35战斗机] → [综合诊断、预测与健康管理(PHM)技术],11,国外综合诊断、预测与健康管理技术的发展及应用,F-35战斗机,综合诊断、预测与健康管理(PHM)技术
技术 → 验证 → 功能,nn->cpm->nn->dobj->rcmod->dobj->root->pccomp->prep->pobj->assmod->assm->nn->nn,故障(nn) — 的(cpm) — 技术(nn) — 注入(dobj) — 进行(rcmod) — 方案(dobj) — 给出(root) — 进行(pccomp) — 对(prep) — 功能(pobj) — 系统(assmod) — 的(assm) — 健康(nn) — 管理(nn),[故障注入技术] → [综合模块化航电系统的健康管理功能],14,基于AFDX网络的综合模块化航电故障注入技术,故障注入技术,综合模块化航电系统的健康管理功能
技术 → 通过 → 网络,nn->cpm->nn->dobj->rcmod->prep->pobj->prnmod->punct,故障(nn) — 的(cpm) — 技术(nn) — 注入(dobj) — 进行(rcmod) — 通过(prep) — 以太网(pobj) — AFDX(prnmod) — ((punct),[故障注入技术] → [AFDX网络],9,基于AFDX网络的综合模块化航电故障注入技术,故障注入技术,AFDX网络
方案 → 提出 → 方法,nn->nn->dobj->root->pccomp->prep->pobj->nn,技术(nn) — 解决(nn) — 方案(dobj) — 给出(root) — 进行(pccomp) — 对(prep) — 功能(pobj) — 管理(nn),[技术解决方案] → [故障数据的配置管理方法],8,基于AFDX网络的综合模块化航电故障注入技术,技术解决方案,故障数据的配置管理方法
方案 → 提出 → 策略,nn->nn->dobj->root->root->dobj->nn,技术(nn) — 解决(nn) — 方案(dobj) — 给出(root) — 提出(root) — 策略(dobj) — 发送(nn),[技术解决方案] → [发送策略],7,基于AFDX网络的综合模块化航电故障注入技术,技术解决方案,发送策略
策略 → 解决 → 问题,nn->dobj->root->root->dobj->rcmod->prep->pobj->prnmod->punct,发送(nn) — 策略(dobj) — 提出(root) — 给出(root) — 方案(dobj) — 进行(rcmod) — 通过(prep) — 以太网(pobj) — AFDX(prnmod) — ((punct),[发送策略] → [主机数据更新间隔、发送间隔与AFDX端系统定时器周期不匹配问题],10,基于AFDX网络的综合模块化航电故障注入技术,发送策略,主机数据更新间隔、发送间隔与AFDX端系统定时器周期不匹配问题
方案 → 搭建 → 装置,nn->nn->dobj->rcmod->dobj->nn,技术(nn) — 解决(nn) — 方案(dobj) — 进行(rcmod) — 注入(dobj) — 故障(nn),[技术解决方案] → [故障注入装置],6,基于AFDX网络的综合模块化航电故障注入技术,技术解决方案,故障注入装置
方案 → 开发 → 软件,nn->nn->dobj->rcmod->dobj->nn,技术(nn) — 解决(nn) — 方案(dobj) — 进行(rcmod) — 注入(dobj) — 故障(nn),[技术解决方案] → [故障注入软件],6,基于AFDX网络的综合模块化航电故障注入技术,技术解决方案,故障注入软件
实验 → 验证 → 方法,nn->pobj->prep->conj->root->root->pccomp->prep->pobj->nn,实验(nn) — 测试(pobj) — 通过(prep) — 说明(conj) — 提出(root) — 给出(root) — 进行(pccomp) — 对(prep) — 功能(pobj) — 管理(nn),[实验测试] → [配置管理方法],10,基于AFDX网络的综合模块化航电故障注入技术,实验测试,配置管理方法
实验 → 验证 → 策略,nn->pobj->prep->conj->root->dobj->nn,实验(nn) — 测试(pobj) — 通过(prep) — 说明(conj) — 提出(root) — 策略(dobj) — 发送(nn),[实验测试] → [发送策略],7,基于AFDX网络的综合模块化航电故障注入技术,实验测试,发送策略
方法 → 基于 → 方法,nn->nn->dobj->rcmod->dobj->conj->nn,故障(nn) — 分析(nn) — 方法(dobj) — 基于(rcmod) — average(dobj) — 分析(conj) — 回归(nn),[故障分析方法] → [回归分析],7,基于ARIMA模型的民用航空发动机低压转子振动故障分析,故障分析方法,回归分析
方法 → 基于 → 方法,amod->dobj->nn->dobj->assmod->pobj->amod->nn,面向(amod) — 对象(dobj) — 设计(nn) — 方法(dobj) — 基于(assmod) — 语言(pobj) — 统一(amod) — 建模(nn),[面向对象设计方法] → [统一建模语言(UML)],8,基于UML的民用飞机电源系统设计与实现,面向对象设计方法,统一建模语言(UML)
方法 → 基于 → 方法,nn->nn->nn->nn->dobj->rcmod->dobj->nn->amod->conj,飞机(nn) — 液压泵(nn) — 故障(nn) — 预测(nn) — 方法(dobj) — 基于(rcmod) — 法(dobj) — 模糊(nn) — 综合(amod) — 评判(conj),[飞机液压泵故障预测方法] → [模糊综合评判],10,基于模糊综合评判的飞机液压泵故障预测,飞机液压泵故障预测方法,模糊综合评判
方法 → 基于 → 方法,nn->nn->nn->nn->dobj->rcmod->dobj->nn->nn,飞机(nn) — 液压泵(nn) — 故障(nn) — 预测(nn) — 方法(dobj) — 基于(rcmod) — 法(dobj) — 层次(nn) — 分析(nn),[飞机液压泵故障预测方法] → [层次分析法],9,基于模糊综合评判的飞机液压泵故障预测,飞机液压泵故障预测方法,层次分析法
方法 → 基于 → 方法,nn->nn->dobj->assmod->pobj->conj,组合(nn) — 预测(nn) — 方法(dobj) — 基于(assmod) — 平滑法(pobj) — GM(conj),"[组合预测方法] → [GM(1,1)法]",6,基于组合预测法的航空设备故障预测研究,组合预测方法,"GM(1,1)法"
方法 → 基于 → 方法,nn->nn->dobj->assmod->pobj->nn,组合(nn) — 预测(nn) — 方法(dobj) — 基于(assmod) — 平滑法(pobj) — 指数(nn),[组合预测方法] → [指数平滑法],6,基于组合预测法的航空设备故障预测研究,组合预测方法,指数平滑法
方法 → 基于 → 方法,nn->nn->conj->dobj->rcmod->pobj,健康(nn) — 表征(nn) — 方法(conj) — 应用(dobj) — 基于(rcmod) — 贝叶斯(pobj),[健康表征方法] → [贝叶斯],6,机载航电系统射频信道健康表征及影响评估,健康表征方法,贝叶斯
方法 → 分析 → 设备,nn->nn->dobj->root->root->top->nn,故障(nn) — 分析(nn) — 方法(dobj) — 提出(root) — 是(root) — 数据(top) — 发动机(nn),[故障分析方法] → [CFM56-7B发动机],7,基于ARIMA模型的民用航空发动机低压转子振动故障分析,故障分析方法,CFM56-7B发动机
方法 → 拟合 → 关系,nn->conj->dobj->rcmod->dobj->root->root->top->nn,回归(nn) — 分析(conj) — average(dobj) — 基于(rcmod) — 方法(dobj) — 提出(root) — 是(root) — 数据(top) — 发动机(nn),[回归分析] → [发动机振动值与转速的关系],9,基于ARIMA模型的民用航空发动机低压转子振动故障分析,回归分析,发动机振动值与转速的关系
Model → 建立于 → 参数,cc->nn->dobj->rcmod->dobj->root->root->conj->prep->pobj->nn,和(cc) — ARIMA(nn) — average(dobj) — 基于(rcmod) — 方法(dobj) — 提出(root) — 采用(root) — 建立(conj) — 针对(prep) — 系数(pobj) — 指数项(nn),[ARIMA模型] → [指数项系数],11,基于ARIMA模型的民用航空发动机低压转子振动故障分析,ARIMA模型,指数项系数
Model → 描述 → 趋势,cc->nn->dobj->rcmod->dobj->root->root->top->nn,和(cc) — ARIMA(nn) — average(dobj) — 基于(rcmod) — 方法(dobj) — 提出(root) — 是(root) — 数据(top) — 发动机(nn),[ARIMA模型] → [发动机振动-转速拟合系数变化趋势],9,基于ARIMA模型的民用航空发动机低压转子振动故障分析,ARIMA模型,发动机振动-转速拟合系数变化趋势
Model → 预测 → 故障,cc->nn->dobj->rcmod->dobj->root->root->top->nn,和(cc) — ARIMA(nn) — average(dobj) — 基于(rcmod) — 方法(dobj) — 提出(root) — 是(root) — 数据(top) — 发动机(nn),[ARIMA模型] → [发动机振动故障],9,基于ARIMA模型的民用航空发动机低压转子振动故障分析,ARIMA模型,发动机振动故障
Model → 预测 → 故障,nn->nn->dobj->rcmod->dobj->root->prep->pccomp->dobj->nn->nn,LVQ(nn) — 神经(nn) — 网络(dobj) — 利用(rcmod) — 方法(dobj) — 提出(root) — 针对(prep) — 导致(pccomp) — 故障(dobj) — 油液(nn) — 泄漏(nn),[LVQ神经网络故障预测模型] → [油液泄漏故障],11,基于LVQ神经网络的飞机减震器故障预测,LVQ神经网络故障预测模型,油液泄漏故障
Model → 预测 → 故障,amod->nn->nn->dobj->conj->conj->conj->prep->pobj->rcmod->nn->nsubj->nn,混沌(amod) — 神经(nn) — 网络(nn) — 模型(dobj) — 构建(conj) — 利用(conj) — 进行(conj) — 对(prep) — 数据(pobj) — 卡死(rcmod) — 飞机(nn) — 舵面(nsubj) — 故障(nn),[混沌神经网络模型] → [飞机舵面卡死故障],13,基于改进混沌神经网络的飞机舵面故障预测研究,混沌神经网络模型,飞机舵面卡死故障
Model → 提供依据 → 方案,cc->nn->dobj->rcmod->dobj->root->root->attr->rcmod->dobj->nn->nn,和(cc) — ARIMA(nn) — average(dobj) — 基于(rcmod) — 方法(dobj) — 提出(root) — 是(root) — 依据(attr) — 制定(rcmod) — 方案(dobj) — 发动机(nn) — 维护(nn),[ARIMA模型] → [发动机维护方案],12,基于ARIMA模型的民用航空发动机低压转子振动故障分析,ARIMA模型,发动机维护方案
数据 → 作为参考 → 方案,nn->nn->top->root->attr->rcmod->dobj->nn->nn,发动机(nn) — 运行(nn) — 数据(top) — 是(root) — 依据(attr) — 制定(rcmod) — 方案(dobj) — 发动机(nn) — 维护(nn),[发动机运行数据] → [发动机维护方案],9,基于ARIMA模型的民用航空发动机低压转子振动故障分析,发动机运行数据,发动机维护方案
组织 → 制定 → 方案,nn->nsubj->rcmod->dobj->nn->nn,航空(nn) — 公司(nsubj) — 制定(rcmod) — 方案(dobj) — 发动机(nn) — 维护(nn),[航空公司] → [发动机维护方案],6,基于ARIMA模型的民用航空发动机低压转子振动故障分析,航空公司,发动机维护方案
系统 → 基于 → 标准,lobj->amod->nn->dep->dobj->conj->root->dobj->nn,机(lobj) — 自(amod) — 测试(nn) — 内(dep) — 系统(dobj) — 设计(conj) — 结合(root) — 标准(dobj) — ASAAC(nn),[机内自测试(BIT)系统] → [ASAAC标准],9,基于ASAAC标准的BIT设计,机内自测试(BIT)系统,ASAAC标准
系统 → 降低 → 成本,lobj->amod->nn->dep->dobj->conj->root->prep->pccomp->conj->dobj->nn->nn->nn->nn->nn,机(lobj) — 自(amod) — 测试(nn) — 内(dep) — 系统(dobj) — 设计(conj) — 结合(root) — 为(prep) — 满足(pccomp) — 降低(conj) — 成本(dobj) — 航空(nn) — 电子(nn) — 系统(nn) — 测试(nn) — 维护(nn),[机内自测试(BIT)系统] → [航空电子系统测试维护成本],16,基于ASAAC标准的BIT设计,机内自测试(BIT)系统,航空电子系统测试维护成本
系统 → 执行 → 功能,lobj->dep->amod->nn->dobj->conj->root->root->conj->dobj->nn->conj,机(lobj) — 内(dep) — 自(amod) — 测试(nn) — 系统(dobj) — 设计(conj) — 结合(root) — 利用(root) — 进行(conj) — 隔离(dobj) — 故障(nn) — 检测(conj),[机内自测试(BIT)系统] → [故障检测],12,基于ASAAC标准的BIT设计,机内自测试(BIT)系统,故障检测
系统 → 执行 → 功能,lobj->dep->amod->nn->dobj->conj->root->root->conj->dobj->nn,机(lobj) — 内(dep) — 自(amod) — 测试(nn) — 系统(dobj) — 设计(conj) — 结合(root) — 利用(root) — 进行(conj) — 隔离(dobj) — 故障(nn),[机内自测试(BIT)系统] → [故障隔离],11,基于ASAAC标准的BIT设计,机内自测试(BIT)系统,故障隔离
设计 → 采用 → 方法,punct->prnmod->nn->dobj->conj->root->root->conj->dobj->nn->nn,((punct) — BIT(prnmod) — 测试(nn) — 系统(dobj) — 设计(conj) — 结合(root) — 利用(root) — 采用(conj) — 方法(dobj) — 总线(nn) — 层次化(nn),[BIT设计] → [总线层次化方法],11,基于ASAAC标准的BIT设计,BIT设计,总线层次化方法
设计 → 分为 → 结构,punct->prnmod->nn->dobj->conj->root->prep->pccomp->conj->dobj->nn,((punct) — BIT(prnmod) — 测试(nn) — 系统(dobj) — 设计(conj) — 结合(root) — 为(prep) — 满足(pccomp) — 降低(conj) — 成本(dobj) — 测试(nn),[BIT设计] → [3层测试结构],11,基于ASAAC标准的BIT设计,BIT设计,3层测试结构
结构 → 包含 → 测试层级,nn->dobj->conj->pccomp->dobj->assmod,测试(nn) — 成本(dobj) — 降低(conj) — 满足(pccomp) — 可测试性(dobj) — 系统(assmod),[3层测试结构] → [系统级测试],6,基于ASAAC标准的BIT设计,3层测试结构,系统级测试
结构 → 包含 → 测试层级,nn->dobj->conj->pccomp->dobj->assmod,测试(nn) — 成本(dobj) — 降低(conj) — 满足(pccomp) — 可测试性(dobj) — 系统(assmod),[3层测试结构] → [分系统级测试],6,基于ASAAC标准的BIT设计,3层测试结构,分系统级测试
结构 → 包含 → 测试层级,nn,测试(nn),[3层测试结构] → [模块级测试],1,基于ASAAC标准的BIT设计,3层测试结构,模块级测试
系统 → 结合 → 管理,lobj->dep->amod->nn->dobj->conj->root->root->ccomp->dep->prep->pobj->nn->conj,机(lobj) — 内(dep) — 自(amod) — 测试(nn) — 系统(dobj) — 设计(conj) — 结合(root) — 表明(root) — 使(ccomp) — 结合(dep) — 与(prep) — 管理(pobj) — 健康(nn) — 管理(conj),[机内自测试(BIT)系统] → [健康管理],14,基于ASAAC标准的BIT设计,机内自测试(BIT)系统,健康管理
系统 → 结合 → 管理,lobj->dep->amod->nn->dobj->conj->root->root->conj->dobj->nn,机(lobj) — 内(dep) — 自(amod) — 测试(nn) — 系统(dobj) — 设计(conj) — 结合(root) — 利用(root) — 进行(conj) — 隔离(dobj) — 故障(nn),[机内自测试(BIT)系统] → [故障管理],11,基于ASAAC标准的BIT设计,机内自测试(BIT)系统,故障管理
系统 → 满足 → 技术指标,lobj->amod->nn->dep->dobj->conj->root->prep->pccomp->conj->dobj->nn,机(lobj) — 自(amod) — 测试(nn) — 内(dep) — 系统(dobj) — 设计(conj) — 结合(root) — 为(prep) — 满足(pccomp) — 降低(conj) — 成本(dobj) — 测试(nn),[机内自测试(BIT)系统] → [测试覆盖率],12,基于ASAAC标准的BIT设计,机内自测试(BIT)系统,测试覆盖率
系统 → 提高 → Performance Metric,lobj->amod->nn->dep->dobj->conj->root->prep->pccomp->dobj->assmod->nn->nn,机(lobj) — 自(amod) — 测试(nn) — 内(dep) — 系统(dobj) — 设计(conj) — 结合(root) — 为(prep) — 满足(pccomp) — 可测试性(dobj) — 系统(assmod) — 航空(nn) — 电子(nn),[机内自测试(BIT)系统] → [航空电子系统可靠性],13,基于ASAAC标准的BIT设计,机内自测试(BIT)系统,航空电子系统可靠性
系统 → 提高 → Performance Metric,lobj->amod->nn->dep->dobj->conj->root->prep->pccomp->dobj->nn->nn->assmod->assm,机(lobj) — 自(amod) — 测试(nn) — 内(dep) — 系统(dobj) — 设计(conj) — 结合(root) — 为(prep) — 满足(pccomp) — 可测试性(dobj) — 航空(nn) — 电子(nn) — 系统(assmod) — 的(assm),[机内自测试(BIT)系统] → [航空电子系统可测试性],14,基于ASAAC标准的BIT设计,机内自测试(BIT)系统,航空电子系统可测试性
系统 → 提高 → Performance Metric,nn->dobj->ccomp->conj->dobj->rcmod->prep->pobj->nn,修正(nn) — 系统(dobj) — 设计(ccomp) — 减小(conj) — 影响(dobj) — 造成(rcmod) — 对(prep) — 精度(pobj) — 估计(nn),[修正系统] → [性能估计的准确度],9,基于逆跟踪控制的航空发动机气路健康参数估计修正方法研究,修正系统,性能估计的准确度
系统 → 提高 → Performance Metric,punct->prnmod->assmod->nn,",(punct) — PHM(prnmod) — 技术(assmod) — 故障(nn)",[PHM系统] → [故障诊断准确性],4,特种飞机综合化任务系统PHM设计与实现,PHM系统,故障诊断准确性
研究对象 → 存在问题 → 问题,nn->nn->nn->nsubj->rcmod->advmod,直升机(nn) — 涡轮(nn) — 发动机(nn) — 故障(nsubj) — 识别(rcmod) — 难以(advmod),[直升机涡轮发动机] → [故障难以识别],6,基于Caps-BiGRU-Attention的直升机涡轮发动机健康管理方法,直升机涡轮发动机,故障难以识别
研究对象 → 存在问题 → 问题,nn->nn->nn->nsubj->rcmod->conj->nn->nsubj->advmod,直升机(nn) — 涡轮(nn) — 发动机(nn) — 故障(nsubj) — 识别(rcmod) — 量化(conj) — 健康(nn) — 状况(nsubj) — 难以(advmod),[直升机涡轮发动机] → [健康状况难以量化],9,基于Caps-BiGRU-Attention的直升机涡轮发动机健康管理方法,直升机涡轮发动机,健康状况难以量化
Model → 包含 → 模型组件,punct->prnmod->dobj->rcmod->cpm->nn,((punct) — Caps-BiGRU-Attention(prnmod) — 模型(dobj) — 基于(rcmod) — 的(cpm) — 胶囊(nn),[Caps-BiGRU-Attention模型] → [胶囊层],6,基于Caps-BiGRU-Attention的直升机涡轮发动机健康管理方法,Caps-BiGRU-Attention模型,胶囊层
Model → 包含 → 模型组件,punct->prnmod->dobj->root->root->nsubj->nn,((punct) — Caps-BiGRU-Attention(prnmod) — 模型(dobj) — 提出(root) — 用于(root) — 层(nsubj) — BiGRU(nn),[Caps-BiGRU-Attention模型] → [BiGRU层],7,基于Caps-BiGRU-Attention的直升机涡轮发动机健康管理方法,Caps-BiGRU-Attention模型,BiGRU层
Model → 包含 → 模型组件,punct->prnmod->dobj->rcmod->dobj->nn,((punct) — Caps-BiGRU-Attention(prnmod) — 模型(dobj) — 基于(rcmod) — 机制(dobj) — 注意力(nn),[Caps-BiGRU-Attention模型] → [SE注意力机制],6,基于Caps-BiGRU-Attention的直升机涡轮发动机健康管理方法,Caps-BiGRU-Attention模型,SE注意力机制
模型组件 → 用于捕捉 → 功能,cpm->nn->rcmod->dobj->root->root->conj->ccomp->dobj->nn,的(cpm) — 胶囊(nn) — 基于(rcmod) — 模型(dobj) — 提出(root) — 构成(root) — 用于(conj) — 捕捉(ccomp) — 数据(dobj) — 输入(nn),[胶囊层] → [输入数据的内在关系],10,基于Caps-BiGRU-Attention的直升机涡轮发动机健康管理方法,胶囊层,输入数据的内在关系
模型组件 → 用于提取 → 特征,nn->nsubj->root->ccomp->dobj->nn->nn,BiGRU(nn) — 层(nsubj) — 用于(root) — 提取(ccomp) — 特征(dobj) — 时间(nn) — 序列(nn),[BiGRU层] → [时间序列特征],7,基于Caps-BiGRU-Attention的直升机涡轮发动机健康管理方法,BiGRU层,时间序列特征
模型组件 → 用于加权 → 特征,nn->dobj->rcmod->dobj->root->root->ccomp->dobj,注意力(nn) — 机制(dobj) — 基于(rcmod) — 模型(dobj) — 提出(root) — 用于(root) — 提取(ccomp) — 特征(dobj),[SE注意力机制] → [特征],8,基于Caps-BiGRU-Attention的直升机涡轮发动机健康管理方法,SE注意力机制,特征
Model → 验证于 → Dataset,punct->prnmod->dobj->root->root->pobj->rcmod->nsubj->nn->nn->nn,((punct) — Caps-BiGRU-Attention(prnmod) — 模型(dobj) — 提出(root) — 针对(root) — 问题(pobj) — 识别(rcmod) — 故障(nsubj) — 发动机(nn) — 直升机(nn) — 涡轮(nn),[Caps-BiGRU-Attention模型] → [直升机涡轮发动机数据集],11,基于Caps-BiGRU-Attention的直升机涡轮发动机健康管理方法,Caps-BiGRU-Attention模型,直升机涡轮发动机数据集
Model → 降低 → Performance Metric,punct->prnmod->dobj->root->dep->dobj->nn->nn,((punct) — Caps-BiGRU-Attention(prnmod) — 模型(dobj) — 提出(root) — 进行(dep) — 预测(dobj) — 扭矩(nn) — 裕度(nn),[Caps-BiGRU-Attention模型] → [扭矩裕度预测的平均绝对误差],8,基于Caps-BiGRU-Attention的直升机涡轮发动机健康管理方法,Caps-BiGRU-Attention模型,扭矩裕度预测的平均绝对误差
概率分布 → 是...的最佳分布 → 状态,assm->pobj->assmod->prep->root->root->pobj->rcmod->nsubj->nn,的(assm) — 分布(pobj) — 裕度(assmod) — 针对(prep) — 进行(root) — 针对(root) — 问题(pobj) — 识别(rcmod) — 故障(nsubj) — 发动机(nn),[贝塔分布] → [发动机健康状态],10,基于Caps-BiGRU-Attention的直升机涡轮发动机健康管理方法,贝塔分布,发动机健康状态
方法 → 提供参考 → 应用领域,punct->prnmod->dobj->root->root->pobj->rcmod->nsubj->nn->nn->nn,((punct) — Caps-BiGRU-Attention(prnmod) — 模型(dobj) — 提出(root) — 针对(root) — 问题(pobj) — 识别(rcmod) — 故障(nsubj) — 发动机(nn) — 直升机(nn) — 涡轮(nn),[Caps-BiGRU-Attention方法] → [直升机涡轮发动机的健康管理],11,基于Caps-BiGRU-Attention的直升机涡轮发动机健康管理方法,Caps-BiGRU-Attention方法,直升机涡轮发动机的健康管理
算法 → 用于分类 → 状态,dep->pobj->prep->root->root->prep->pccomp->nsubj->nn->nn,K-means(dep) — 聚类(pobj) — 通过(prep) — 分类(root) — 众多(root) — 针对(prep) — 退化(pccomp) — 性能(nsubj) — 发动机(nn) — 航空(nn),[K-means聚类] → [航空发动机工作状态],10,基于Copula相似性的航空发动机RUL预测,K-means聚类,航空发动机工作状态
理论 → 用于建模 → 关系,nn->dobj->rcmod->dobj->root->root->dobj->amod,Copula(nn) — 相似性(dobj) — 基于(rcmod) — 方法(dobj) — 提出(root) — 考虑(root) — 关系(dobj) — 相关(amod),[Copula函数] → [传感器相关性],8,基于Copula相似性的航空发动机RUL预测,Copula函数,传感器相关性
方法 → 构建 → Model,rcmod->dobj->nn,基于(rcmod) — 相似性(dobj) — Copula(nn),[基于Copula相似性的RUL预测方法] → [Copula结构],3,基于Copula相似性的航空发动机RUL预测,基于Copula相似性的RUL预测方法,Copula结构
方法 → 构建 → Model,rcmod->dobj->nn->nn->nn->nn->nn->nn,基于(rcmod) — 方法(dobj) — 发动机(nn) — 航空(nn) — 排气(nn) — 温度(nn) — 基线(nn) — 模型(nn),[基于KPCA和DBN的建模方法] → [航空发动机排气温度基线模型],8,基于KPCA和DBN的航空发动机排气温度基线模型,基于KPCA和DBN的建模方法,航空发动机排气温度基线模型
度量 → 实现 → 任务,nn->dobj->rcmod->dobj->nn->prnmod->punct->nn,Copula(nn) — 相似性(dobj) — 基于(rcmod) — 方法(dobj) — RUL(nn) — remaining(prnmod) — )(punct) — 预测(nn),[Copula相似性] → [剩余寿命预测],8,基于Copula相似性的航空发动机RUL预测,Copula相似性,剩余寿命预测
方法 → 提高 → 指标,nn->dobj->rcmod->dobj->nn->prnmod->punct->nn,Copula(nn) — 相似性(dobj) — 基于(rcmod) — 方法(dobj) — RUL(nn) — remaining(prnmod) — )(punct) — 预测(nn),[基于Copula相似性的RUL预测方法] → [预测精度],8,基于Copula相似性的航空发动机RUL预测,基于Copula相似性的RUL预测方法,预测精度
方法 → 提高 → 指标,dobj->root->conj->dobj->nn,非线性(dobj) — 具有(root) — 使得(conj) — 结果(dobj) — 预测(nn),[非线性支持向量机] → [预测精度],5,飞机性能参数预测的不确定性处理,非线性支持向量机,预测精度
方法 → 减少 → 指标,nn->dobj->rcmod->dobj->nn->prnmod->punct->nn,Copula(nn) — 相似性(dobj) — 基于(rcmod) — 方法(dobj) — RUL(nn) — remaining(prnmod) — )(punct) — 预测(nn),[基于Copula相似性的RUL预测方法] → [预测误差],8,基于Copula相似性的航空发动机RUL预测,基于Copula相似性的RUL预测方法,预测误差
技术 → 具有 → 能力,nn->nsubj->rcmod->dobj->conj->amod,Elman(nn) — 网络(nsubj) — 良好(rcmod) — 能力(dobj) — 能力(conj) — 非线性(amod),[Elman网络] → [非线性逼近能力],6,基于Elman网络的某型直升机飞行状态识别,Elman网络,非线性逼近能力
技术 → 具有 → 能力,nn->nsubj->rcmod->dobj->conj,Elman(nn) — 网络(nsubj) — 良好(rcmod) — 能力(dobj) — 能力(conj),[Elman网络] → [容错能力],5,基于Elman网络的某型直升机飞行状态识别,Elman网络,容错能力
技术 → 具有 → 能力,nn->nsubj->rcmod->dobj->nn,Elman(nn) — 网络(nsubj) — 良好(rcmod) — 能力(dobj) — 泛化(nn),[Elman网络] → [泛化能力],5,基于Elman网络的某型直升机飞行状态识别,Elman网络,泛化能力
Model → 识别 → 状态,nn->nn->nn->nn->dobj->dep->root->dep->ccomp->dobj->nn->nn,Elman(nn) — 神经(nn) — 网络(nn) — 识别(nn) — 模型(dobj) — 建立(dep) — 进行(root) — 表明(dep) — 识别(ccomp) — 状态(dobj) — 直升机(nn) — 飞行(nn),[Elman神经网络识别模型] → [直升机飞行状态],12,基于Elman网络的某型直升机飞行状态识别,Elman神经网络识别模型,直升机飞行状态
任务 → 提供依据 → 任务,nn->assm->assmod->dobj->prep->root->dep->ccomp->dep->prep->pobj->conj->nn,飞行(nn) — 的(assm) — 识别(assmod) — 状态(dobj) — 对待(prep) — 进行(root) — 表明(dep) — 识别(ccomp) — 提供(dep) — 为(prep) — 管理(pobj) — 诊断(conj) — 故障(nn),[飞行状态识别] → [故障诊断],13,基于Elman网络的某型直升机飞行状态识别,飞行状态识别,故障诊断
任务 → 针对 → 系统,nn->conj->assmod->nn->nn,故障(nn) — 诊断(conj) — 系统(assmod) — 直升机(nn) — 传动(nn),[故障诊断] → [直升机传动系统],5,基于Elman网络的某型直升机飞行状态识别,故障诊断,直升机传动系统
任务 → 提供依据 → 应用领域,nn->assm->assmod->dobj->prep->root->dep->ccomp->dep->prep->pobj->assmod->assm->nn,飞行(nn) — 的(assm) — 识别(assmod) — 状态(dobj) — 对待(prep) — 进行(root) — 表明(dep) — 识别(ccomp) — 提供(dep) — 为(prep) — 管理(pobj) — 直升机(assmod) — 的(assm) — 健康(nn),[飞行状态识别] → [直升机健康管理],14,基于Elman网络的某型直升机飞行状态识别,飞行状态识别,直升机健康管理
数据 → 具有 → 特性,nn->nn->assmod->conj->amod->amod,滑油(nn) — 光谱(nn) — 数据(assmod) — 特性(conj) — 非线性(amod) — 非平稳(amod),[滑油光谱数据] → [非线性非平稳特性],6,基于EMD和RVM-AR的航空发动机磨损故障预测模型,滑油光谱数据,非线性非平稳特性
算法 → 分解 → 数据,nn->dobj->conj->root->prep->pobj->conj->assmod->nn->nn,EMD(nn) — 算法(dobj) — 利用(conj) — 提出(root) — 针对(prep) — 不足(pobj) — 特性(conj) — 数据(assmod) — 滑油(nn) — 光谱(nn),[EMD算法] → [滑油光谱数据],10,基于EMD和RVM-AR的航空发动机磨损故障预测模型,EMD算法,滑油光谱数据
算法 → 分离 → 数据成分,nn->dobj->conj->conj->dobj->conj,EMD(nn) — 算法(dobj) — 利用(conj) — 分解(conj) — 项(dobj) — 趋势项(conj),[EMD算法] → [趋势项],6,基于EMD和RVM-AR的航空发动机磨损故障预测模型,EMD算法,趋势项
算法 → 分离 → 数据成分,nn->dobj->conj->conj->dobj->nn,EMD(nn) — 算法(dobj) — 利用(conj) — 分解(conj) — 项(dobj) — 随机(nn),[EMD算法] → [随机项],6,基于EMD和RVM-AR的航空发动机磨损故障预测模型,EMD算法,随机项
算法 → 生成 → 数据分量,nn->dobj->conj->conj->dobj->conj->amod->nn,EMD(nn) — 算法(dobj) — 利用(conj) — 分解(conj) — 项(dobj) — 函数(conj) — 固有(amod) — 模态(nn),[EMD算法] → [固有模态函数(IMF)],8,基于EMD和RVM-AR的航空发动机磨损故障预测模型,EMD算法,固有模态函数(IMF)
算法 → 生成 → 数据分量,nn->dobj->conj->conj->dobj->nn->prnmod->punct->cc->amod,EMD(nn) — 算法(dobj) — 利用(conj) — 分解(conj) — 项(dobj) — 函数(nn) — IMF(prnmod) — )(punct) — 和(cc) — 残余(amod),[EMD算法] → [残余函数(RF)],10,基于EMD和RVM-AR的航空发动机磨损故障预测模型,EMD算法,残余函数(RF)
Model → 建模 → 数据分量,nn->conj->dobj->assmod->nn,AR(nn) — 模型(conj) — 模型(dobj) — 分量(assmod) — IMF(nn),[AR模型] → [IMF分量],5,基于EMD和RVM-AR的航空发动机磨损故障预测模型,AR模型,IMF分量
Model → 建模 → 数据分量,nn->dobj->assmod->nn,RVM(nn) — 模型(dobj) — 分量(assmod) — RF(nn),[RVM模型] → [RF分量],4,基于EMD和RVM-AR的航空发动机磨损故障预测模型,RVM模型,RF分量
优化算法 → 搜索 → 模型参数,nn->nn->nn->dobj->conj->conj->dep->dobj->assmod->assm->amod->conj,量子(nn) — 粒子群(nn) — 优化(nn) — 算法(dobj) — 采用(conj) — 进化(conj) — 搜索(dep) — 维数(dobj) — RVM(assmod) — 的(assm) — 最优核(amod) — 参数(conj),[量子粒子群优化算法] → [RVM的最优核参数],12,基于EMD和RVM-AR的航空发动机磨损故障预测模型,量子粒子群优化算法,RVM的最优核参数
优化算法 → 搜索 → 模型参数,nn->nn->nn->dobj->conj->conj->dep->dobj->cc->nn,量子(nn) — 粒子群(nn) — 优化(nn) — 算法(dobj) — 采用(conj) — 进化(conj) — 搜索(dep) — 维数(dobj) — 和(cc) — 嵌入(nn),[量子粒子群优化算法] → [RVM的嵌入维数],10,基于EMD和RVM-AR的航空发动机磨损故障预测模型,量子粒子群优化算法,RVM的嵌入维数
评价指标 → 作为 → 函数,nummod->advmod->nn->dobj->conj->conj->dobj->nn,一(nummod) — 交叉(advmod) — 验证(nn) — 误差(dobj) — 留(conj) — 作为(conj) — 函数(dobj) — 适应度(nn),[留一交叉验证误差] → [适应度函数],8,基于EMD和RVM-AR的航空发动机磨损故障预测模型,留一交叉验证误差,适应度函数
预测结果 → 由...叠加 → 中间结果,amod->dobj->dep->conj->root->conj->conj->dobj->assmod->assm->nn,最终(amod) — 预测值(dobj) — 作为(dep) — 叠加(conj) — 提出(root) — 建立(conj) — 留(conj) — 模型(dobj) — 分量(assmod) — 的(assm) — RVM(nn),[最终预测值] → [各AR模型和RVM模型的预测值],11,基于EMD和RVM-AR的航空发动机磨损故障预测模型,最终预测值,各AR模型和RVM模型的预测值
方法 → 优于 → 对比方法,nn->assmod,预测(nn) — 方法(assmod),[基于EMD和RVM-AR的预测方法] → [AR方法],2,基于EMD和RVM-AR的航空发动机磨损故障预测模型,基于EMD和RVM-AR的预测方法,AR方法
方法 → 优于 → 对比方法,nn->assmod->pobj->prep->root->conj->ccomp->prep->pobj->nn,预测(nn) — 方法(assmod) — 不足(pobj) — 针对(prep) — 提出(root) — 表明(conj) — 具有(ccomp) — 相比(prep) — 方法(pobj) — SVM(nn),[基于EMD和RVM-AR的预测方法] → [SVM方法],10,基于EMD和RVM-AR的航空发动机磨损故障预测模型,基于EMD和RVM-AR的预测方法,SVM方法
方法 → 提高 → Performance Metric,nn->assmod->pobj->prep->root->conj->ccomp->dobj->rcmod->cpm->nn,预测(nn) — 方法(assmod) — 不足(pobj) — 针对(prep) — 提出(root) — 表明(conj) — 具有(ccomp) — 精度(dobj) — 高(rcmod) — 的(cpm) — 预测(nn),[基于EMD和RVM-AR的预测方法] → [Fe元素的预测精度],11,基于EMD和RVM-AR的航空发动机磨损故障预测模型,基于EMD和RVM-AR的预测方法,Fe元素的预测精度
方法 → 提高 → Performance Metric,nn->assmod->pobj->prep->root->conj->ccomp->dobj->rcmod->cpm->nn,预测(nn) — 方法(assmod) — 不足(pobj) — 针对(prep) — 提出(root) — 表明(conj) — 具有(ccomp) — 精度(dobj) — 高(rcmod) — 的(cpm) — 预测(nn),[基于EMD和RVM-AR的预测方法] → [Si元素的预测精度],11,基于EMD和RVM-AR的航空发动机磨损故障预测模型,基于EMD和RVM-AR的预测方法,Si元素的预测精度
方法 → 提高 → Performance Metric,rcmod->dobj->nn,基于(rcmod) — 方法(dobj) — 模型(nn),[基于KPCA和DBN的建模方法] → [模型精度],3,基于KPCA和DBN的航空发动机排气温度基线模型,基于KPCA和DBN的建模方法,模型精度
方法 → 提高 → Performance Metric,nsubj->pccomp->root->root->conj->dobj,变量(nsubj) — 众多(pccomp) — 由于(root) — 选取(root) — 进行(conj) — 预测(dobj),[LASSO变量选取方法] → [预测精度],6,基于LASSO变量选择的航空发动机相似性剩余寿命预测,LASSO变量选取方法,预测精度
方法 → 提高 → Performance Metric,nn->nn->nn->lobj->loc->rcmod->pobj->prep->root->ccomp->nsubj->rcmod->cpm->amod->nn,轴承(nn) — 诊断(nn) — 故障(nn) — 过程(lobj) — 中(loc) — 足(rcmod) — 问题(pobj) — 针对(prep) — 提出(root) — 用以(ccomp) — 学习器(nsubj) — 基于(rcmod) — 的(cpm) — 半(amod) — 监督(nn),[基于半监督迁移学习的轴承故障诊断方法] → [半监督学习稳定性],15,基于半监督迁移学习的轴承故障诊断方法,基于半监督迁移学习的轴承故障诊断方法,半监督学习稳定性
方法 → 提高 → Performance Metric,nn->nn->nn->lobj->loc->rcmod->nsubj,轴承(nn) — 诊断(nn) — 故障(nn) — 过程(lobj) — 中(loc) — 足(rcmod) — 精度(nsubj),[基于半监督迁移学习的轴承故障诊断方法] → [精度],7,基于半监督迁移学习的轴承故障诊断方法,基于半监督迁移学习的轴承故障诊断方法,精度
方法 → 提高 → Performance Metric,nn->nn->dobj->root->prep->pobj->nn,组合(nn) — 预测(nn) — 方法(dobj) — 提出(root) — 针对(prep) — 部分(pobj) — 系统(nn),[组合预测方法] → [预测系统的综合性能],7,基于组合预测法的航空设备故障预测研究,组合预测方法,预测系统的综合性能
方法 → 提高 → Performance Metric,nn->nn,故障(nn) — 诊断(nn),[故障诊断方法] → [故障诊断能力],2,基于自适应多小波网络预测模型的飞控系统故障诊断仿真研究,故障诊断方法,故障诊断能力
方法 → 提高 → Performance Metric,nn->nn->dobj->root->root->ccomp->nsubj,故障(nn) — 诊断(nn) — 方法(dobj) — 提出(root) — 表明(root) — 得以(ccomp) — 实时性(nsubj),[故障诊断方法] → [实时性],7,基于自适应多小波网络预测模型的飞控系统故障诊断仿真研究,故障诊断方法,实时性
方法 → 提高 → Performance Metric,nn->nn->nsubj->pccomp->prep->root->ccomp->nsubj->assmod->punct->prnmod->punct,静电(nn) — 阵列(nn) — 数目(nsubj) — 受到(pccomp) — 由于(prep) — 导致(root) — 少(ccomp) — 信息数(nsubj) — 系统(assmod) — ((punct) — PHM(prnmod) — )(punct),[基于静电互相关灵敏度加权的气路碎片监测方法] → [PHM系统的监测信息量],12,基于静电互相关灵敏度加权的气路碎片监测,基于静电互相关灵敏度加权的气路碎片监测方法,PHM系统的监测信息量
方法 → 提高 → Performance Metric,nn->nn->nsubj->pccomp->prep->root->ccomp->nsubj->assmod->punct->prnmod->punct,静电(nn) — 阵列(nn) — 数目(nsubj) — 受到(pccomp) — 由于(prep) — 导致(root) — 少(ccomp) — 信息数(nsubj) — 系统(assmod) — ((punct) — PHM(prnmod) — )(punct),[基于静电互相关灵敏度加权的气路碎片监测方法] → [PHM系统的稳定性],12,基于静电互相关灵敏度加权的气路碎片监测,基于静电互相关灵敏度加权的气路碎片监测方法,PHM系统的稳定性
方法 → 提高 → Performance Metric,nsubj,故障(nsubj),[粒子群粗糙集约简的故障诊断方法] → [故障诊断的准确性],1,大型飞机发动机故障智能诊断方法研究与仿真,粒子群粗糙集约简的故障诊断方法,故障诊断的准确性
技术任务 → 是...的环节 → 领域,nn->nn->nn->nn->nsubj->root->dobj->assmod->nn->nn,航空(nn) — 发动机(nn) — 健康(nn) — 状态(nn) — 预测(nsubj) — 作为(root) — 之一(dobj) — 管理(assmod) — 发动机(nn) — 健康(nn),[航空发动机健康状态预测] → [发动机健康管理],10,基于EnsembleBRB-SHAP的航空发动机健康状态可解释预测方法,航空发动机健康状态预测,发动机健康管理
技术任务 → 提升 → Performance Metric,nn->nn->nn->nn->nsubj->root->root->prep->pccomp->dobj->nn,航空(nn) — 发动机(nn) — 健康(nn) — 状态(nn) — 预测(nsubj) — 作为(root) — 提供(root) — 为(prep) — 提升(pccomp) — 可靠性(dobj) — 飞机(nn),[航空发动机健康状态预测] → [飞机可靠性],11,基于EnsembleBRB-SHAP的航空发动机健康状态可解释预测方法,航空发动机健康状态预测,飞机可靠性
技术任务 → 降低 → 成本,nn->nn->nn->nsubj->nn,航空(nn) — 健康(nn) — 状态(nn) — 预测(nsubj) — 发动机(nn),[航空发动机健康状态预测] → [发动机维护成本],5,基于EnsembleBRB-SHAP的航空发动机健康状态可解释预测方法,航空发动机健康状态预测,发动机维护成本
方法 → 用于 → 技术任务,nsubj->nn->nn->nn->nn,预测(nsubj) — 航空(nn) — 发动机(nn) — 健康(nn) — 状态(nn),[基于EnsembleBRB-SHAP的可解释预测方法] → [航空发动机健康状态预测],5,基于EnsembleBRB-SHAP的航空发动机健康状态可解释预测方法,基于EnsembleBRB-SHAP的可解释预测方法,航空发动机健康状态预测
Model → 利用 → 数据,dobj->rcmod->dobj->root->root->dobj->nn,模型(dobj) — 基于(rcmod) — 方法(dobj) — 提出(root) — 采用(root) — 驱动法(dobj) — 数据(nn),[EnsembleBRB模型] → [多源不确定数据],7,基于EnsembleBRB-SHAP的航空发动机健康状态可解释预测方法,EnsembleBRB模型,多源不确定数据
Model → 利用 → 数据,amod->nn->pobj->assmod->dobj->root->prep->pccomp->conj->dobj->assmod,遗传(amod) — 神经(nn) — 网络(pobj) — 基于(assmod) — 研究(dobj) — 开展(root) — 为(prep) — 实现(pccomp) — 实现(conj) — 维修(dobj) — 装备(assmod),[遗传神经网络] → [装备特征参数数据],11,基于遗传神经网络的航空装备故障预测,遗传神经网络,装备特征参数数据
解释方法 → 分析 → Model,nn->dobj,EnsembleBRB-SHAP(nn) — 模型(dobj),[SHAP] → [EnsembleBRB模型],2,基于EnsembleBRB-SHAP的航空发动机健康状态可解释预测方法,SHAP,EnsembleBRB模型
解释方法 → 定位 → 因素,nn->dobj->rcmod->dobj->root->root->nsubj->nn->nn->nn,EnsembleBRB-SHAP(nn) — 模型(dobj) — 基于(rcmod) — 方法(dobj) — 提出(root) — 作为(root) — 预测(nsubj) — 发动机(nn) — 健康(nn) — 状态(nn),[SHAP] → [影响发动机健康状态的关键因素],10,基于EnsembleBRB-SHAP的航空发动机健康状态可解释预测方法,SHAP,影响发动机健康状态的关键因素
数据 → 验证 → 方法,nn->nsubj,发动机(nn) — 预测(nsubj),[发动机故障实验监测数据] → [基于EnsembleBRB-SHAP的可解释预测方法],2,基于EnsembleBRB-SHAP的航空发动机健康状态可解释预测方法,发动机故障实验监测数据,基于EnsembleBRB-SHAP的可解释预测方法
软件 → 提供 → 数据,nn->nn,航空(nn) — 发动机(nn),[商用模块化航空推进系统仿真软件] → [发动机故障实验监测数据],2,基于EnsembleBRB-SHAP的航空发动机健康状态可解释预测方法,商用模块化航空推进系统仿真软件,发动机故障实验监测数据
关键参数 → 决定 → 状态,root->root->nsubj->nn->nn->nn,低(root) — 作为(root) — 预测(nsubj) — 发动机(nn) — 健康(nn) — 状态(nn),[低压涡轮机冷却液泄漏量] → [发动机健康状态],6,基于EnsembleBRB-SHAP的航空发动机健康状态可解释预测方法,低压涡轮机冷却液泄漏量,发动机健康状态
关键参数 → 决定 → 状态,nn->top->root->root->nsubj->nn->nn->nn,风扇(nn) — 转速(top) — 是(root) — 作为(root) — 预测(nsubj) — 发动机(nn) — 健康(nn) — 状态(nn),[风扇转速] → [发动机健康状态],8,基于EnsembleBRB-SHAP的航空发动机健康状态可解释预测方法,风扇转速,发动机健康状态
方法 → 支撑 → 决策工作,nsubj->root->dobj->assmod->nn->nn,预测(nsubj) — 作为(root) — 之一(dobj) — 管理(assmod) — 发动机(nn) — 健康(nn),[基于EnsembleBRB-SHAP的可解释预测方法] → [发动机健康管理],6,基于EnsembleBRB-SHAP的航空发动机健康状态可解释预测方法,基于EnsembleBRB-SHAP的可解释预测方法,发动机健康管理
方法 → 实现 → 功能,nn->nn->nn->nn->nn->dobj->root->prep->pccomp->ccomp->dobj->nn->conj,航空(nn) — 发动机(nn) — 传感器(nn) — 数据(nn) — 预处理(nn) — 方法(dobj) — 提出(root) — 为(prep) — 实现(pccomp) — 进行(ccomp) — 诊断(dobj) — 数据(nn) — 鉴定(conj),[航空发动机传感器数据预处理方法] → [数据鉴定],13,基于GA-AANN神经网络的SDQ算法的航空发动机传感器数据预处理,航空发动机传感器数据预处理方法,数据鉴定
方法 → 实现 → 功能,nn->nn->nn->nn->nn->dobj->root->prep->pccomp->ccomp->dobj->nn,航空(nn) — 发动机(nn) — 传感器(nn) — 数据(nn) — 预处理(nn) — 方法(dobj) — 提出(root) — 为(prep) — 实现(pccomp) — 进行(ccomp) — 诊断(dobj) — 故障(nn),[航空发动机传感器数据预处理方法] → [故障诊断],12,基于GA-AANN神经网络的SDQ算法的航空发动机传感器数据预处理,航空发动机传感器数据预处理方法,故障诊断
方法 → 实现 → 功能,punct->nn->nn->nn->prnmod->dep->root->top->dobj->rcmod->cpm->nn,((punct) — 飞机(nn) — 机电(nn) — 系统(nn) — 部件(prnmod) — 部件(dep) — 是(root) — 处于(top) — 状态(dobj) — 良好(rcmod) — 的(cpm) — 健康(nn),[飞机机电系统部件健康状态在线估计] → [健康状态在线估计],12,飞机机电系统部件数据驱动健康状态在线估计方法综述,飞机机电系统部件健康状态在线估计,健康状态在线估计
方法 → 去除 → 问题,nn->nn->nn->nn->nn->dobj->root->prep->pccomp->ccomp->conj->dobj->nn->nn,航空(nn) — 发动机(nn) — 传感器(nn) — 数据(nn) — 预处理(nn) — 方法(dobj) — 提出(root) — 为(prep) — 实现(pccomp) — 进行(ccomp) — 去除(conj) — 干扰(dobj) — 噪声(nn) — 信号(nn),[航空发动机传感器数据预处理方法] → [噪声信号干扰],14,基于GA-AANN神经网络的SDQ算法的航空发动机传感器数据预处理,航空发动机传感器数据预处理方法,噪声信号干扰
Model → 包含 → 模块,nn->nn->dobj->rcmod->prep->pobj->conj->amod->nn,SDQ(nn) — 算法(nn) — 模型(dobj) — 为(rcmod) — 以(prep) — 模块(pobj) — 模块(conj) — 合理性(amod) — 检验(nn),[SDQ算法模型] → [合理性检验模块],9,基于GA-AANN神经网络的SDQ算法的航空发动机传感器数据预处理,SDQ算法模型,合理性检验模块
Model → 包含 → 模块,nn->nn->dobj->rcmod->prep->pobj->nn->amod->nn,SDQ(nn) — 算法(nn) — 模型(dobj) — 为(rcmod) — 以(prep) — 模块(pobj) — 解析(nn) — 冗余(amod) — 检验(nn),[SDQ算法模型] → [解析冗余检验模块],9,基于GA-AANN神经网络的SDQ算法的航空发动机传感器数据预处理,SDQ算法模型,解析冗余检验模块
算法 → 优化 → Model,amod->nsubj->rcmod->dobj->nn->nn,遗传(amod) — 算法(nsubj) — 优化(rcmod) — 网络(dobj) — AANN(nn) — 神经(nn),[遗传算法] → [AANN神经网络],6,基于GA-AANN神经网络的SDQ算法的航空发动机传感器数据预处理,遗传算法,AANN神经网络
算法 → 对比 → 算法,nn->nn->dobj->rcmod->cpm,算法(nn) — SDQ(nn) — 模型(dobj) — 为(rcmod) — 的(cpm),[SDQ算法] → [基于最小二乘法的SDQ算法],5,基于GA-AANN神经网络的SDQ算法的航空发动机传感器数据预处理,SDQ算法,基于最小二乘法的SDQ算法
算法 → 隔离 → 故障类型,nn->nn->dobj->root->root->prep->pccomp->ccomp->dobj->punct->nn,SDQ(nn) — 算法(nn) — 模型(dobj) — 搭建(root) — 提出(root) — 为(prep) — 实现(pccomp) — 进行(ccomp) — 诊断(dobj) — 、(punct) — 故障(nn),[SDQ算法] → [阶跃故障],11,基于GA-AANN神经网络的SDQ算法的航空发动机传感器数据预处理,SDQ算法,阶跃故障
算法 → 隔离 → 故障类型,nn->nn->dobj->root->root->prep->pccomp->ccomp->dobj->punct->nn,SDQ(nn) — 算法(nn) — 模型(dobj) — 搭建(root) — 提出(root) — 为(prep) — 实现(pccomp) — 进行(ccomp) — 诊断(dobj) — 、(punct) — 故障(nn),[SDQ算法] → [漂移故障],11,基于GA-AANN神经网络的SDQ算法的航空发动机传感器数据预处理,SDQ算法,漂移故障
算法 → 提高 → Performance Metric,nn->nn->dobj->root->root->prep->pccomp->ccomp->dobj->punct->nn,SDQ(nn) — 算法(nn) — 模型(dobj) — 搭建(root) — 提出(root) — 为(prep) — 实现(pccomp) — 进行(ccomp) — 诊断(dobj) — 、(punct) — 故障(nn),[SDQ算法] → [故障隔离平均正确率],11,基于GA-AANN神经网络的SDQ算法的航空发动机传感器数据预处理,SDQ算法,故障隔离平均正确率
算法 → 提高 → Performance Metric,nn->nn->dobj->root->root->prep->pccomp->ccomp->prep->pobj->nn,SDQ(nn) — 算法(nn) — 模型(dobj) — 搭建(root) — 提出(root) — 为(prep) — 实现(pccomp) — 进行(ccomp) — 对(prep) — 数据(pobj) — 传感器(nn),[SDQ算法] → [传感器信号平均信噪比],11,基于GA-AANN神经网络的SDQ算法的航空发动机传感器数据预处理,SDQ算法,传感器信号平均信噪比
算法 → 提高 → Performance Metric,punct->assm->nn->prnmod->assmod->dobj->root->root->dobj->nn,）(punct) — 的(assm) — 自注意力(nn) — unit(prnmod) — 单元(assmod) — 算法(dobj) — 提出(root) — 提高(root) — 精度(dobj) — 预测(nn),[改进GRU的自注意力优化算法] → [预测精度],10,基于改进GRU的航空发动机寿命预测自注意力优化算法,改进GRU的自注意力优化算法,预测精度
算法 → 提高 → Performance Metric,nn->nn->dobj->root->conj->conj->dobj->nn,剪样(nn) — 训练(nn) — 算法(dobj) — 提出(root) — 利用(conj) — 提高(conj) — 效率(dobj) — 计算(nn),[剪样训练算法] → [计算效率],8,故障率预测的稀疏直接支持向量回归机方法,剪样训练算法,计算效率
数据 → 输入 → 系统,nn->nn->nn->pobj->rcmod->dobj->nn->nn,航空(nn) — 发动机(nn) — 传感器(nn) — 数据(pobj) — 输入(rcmod) — 系统(dobj) — 健康(nn) — 管理(nn),[航空发动机传感器数据] → [健康管理系统],8,基于GA-AANN神经网络的SDQ算法的航空发动机传感器数据预处理,航空发动机传感器数据,健康管理系统
算法 → 针对 → 研究对象,nn->nn->dobj->root->root->prep->pccomp->ccomp->prep->pobj->nn,SDQ(nn) — 算法(nn) — 模型(dobj) — 搭建(root) — 提出(root) — 为(prep) — 实现(pccomp) — 进行(ccomp) — 对(prep) — 数据(pobj) — 发动机(nn),[SDQ算法] → [双通道传感器航空涡扇发动机],11,基于GA-AANN神经网络的SDQ算法的航空发动机传感器数据预处理,SDQ算法,双通道传感器航空涡扇发动机
Model → 用于 → 应用领域,nn->nn->nn->nn->nn->nn->dobj->dep->root->prep->pobj->assmod->nn->nn,航空(nn) — 排气(nn) — 温度(nn) — 基线(nn) — 模型(nn) — 发动机(nn) — 方法(dobj) — 提出(dep) — 提供(root) — 给(prep) — 管理(pobj) — 性能(assmod) — 发动机(nn) — 航空(nn),[航空发动机排气温度基线模型] → [航空发动机健康管理],14,基于KPCA和DBN的航空发动机排气温度基线模型,航空发动机排气温度基线模型,航空发动机健康管理
设备 → 配装 → 组件,nsubj->rcmod->pobj->prep->root->root->prep->pobj->assmod->nn,飞机(nsubj) — 产生(rcmod) — 数据(pobj) — 以(prep) — 作为(root) — 提供(root) — 给(prep) — 管理(pobj) — 性能(assmod) — 发动机(nn),[飞机] → [CFM56-7B发动机],10,基于KPCA和DBN的航空发动机排气温度基线模型,飞机,CFM56-7B发动机
设备 → 产生 → 数据,nsubj->rcmod->pobj->amod->nn,飞机(nsubj) — 产生(rcmod) — 数据(pobj) — 快速(amod) — 存取(nn),[飞机] → [快速存取数据],5,基于KPCA和DBN的航空发动机排气温度基线模型,飞机,快速存取数据
数据 → 作为 → 数据,amod->nn->pobj->prep->root->dobj->assmod->assm->nn,快速(amod) — 存取(nn) — 数据(pobj) — 以(prep) — 作为(root) — 样本(dobj) — 原始(assmod) — 的(assm) — 数据(nn),[快速存取数据] → [原始数据样本],9,基于KPCA和DBN的航空发动机排气温度基线模型,快速存取数据,原始数据样本
方法 → 用于 → 过程,nn->amod->nn->conj->dobj->rcmod->dobj->dep->root->root->dep->conj->dobj->nn,核(nn) — 主(amod) — 成分(nn) — 分析(conj) — 网络(dobj) — 基于(rcmod) — 方法(dobj) — 提出(dep) — 提供(root) — 作为(root) — 利用(dep) — 进行(conj) — 处理(dobj) — 降维(nn),[核主成分分析] → [降维处理],14,基于KPCA和DBN的航空发动机排气温度基线模型,核主成分分析,降维处理
方法 → 用于 → 过程,punct->dobj->conj->root->conj->dobj,-(punct) — 协方差法(dobj) — 利用(conj) — 选取(root) — 确定(conj) — 隶属度值(dobj),[方差-协方差法] → [为隶属度值赋权],6,改进FBPNN在飞机系统故障预测中的应用,方差-协方差法,为隶属度值赋权
方法 → 用于 → 过程,amod->dobj->dep->conj->dobj->amod,灰色(amod) — 关联法(dobj) — 利用(dep) — 进行(conj) — 排序(dobj) — 重要度(amod),[灰色关联法] → [客户需求重要度排序],6,飞机健康管理平台的客户需求分析与PLM服务资源匹配,灰色关联法,客户需求重要度排序
方法 → 选用 → 函数,nn->amod->nn->conj->dobj->rcmod->dobj->dep->root->root->dep->conj->dobj->nn,核(nn) — 主(amod) — 成分(nn) — 分析(conj) — 网络(dobj) — 基于(rcmod) — 方法(dobj) — 提出(dep) — 提供(root) — 作为(root) — 利用(dep) — 选用(conj) — 函数(dobj) — 高斯(nn),[核主成分分析] → [高斯函数],14,基于KPCA和DBN的航空发动机排气温度基线模型,核主成分分析,高斯函数
函数 → 作为 → 概念,nn->dobj->conj->dep->root->root->dep->dobj->rcmod->dobj->nn,高斯(nn) — 函数(dobj) — 选用(conj) — 利用(dep) — 作为(root) — 提供(root) — 提出(dep) — 方法(dobj) — 基于(rcmod) — 网络(dobj) — 核(nn),[高斯函数] → [核函数],11,基于KPCA和DBN的航空发动机排气温度基线模型,高斯函数,核函数
数据 → 作为输入 → Model,lccomp->assmod->nsubj->conj->root->root->dep->dobj->rcmod->dobj->amod->nn,降维(lccomp) — 后(assmod) — 数据(nsubj) — 作为(conj) — 作为(root) — 提供(root) — 提出(dep) — 方法(dobj) — 基于(rcmod) — 网络(dobj) — 深度(amod) — 置信(nn),[降维后的数据] → [深度置信网络],12,基于KPCA和DBN的航空发动机排气温度基线模型,降维后的数据,深度置信网络
Model → 建立 → Model,amod->nn->dobj->rcmod->dobj->dep->root->prep->pobj->assmod->nn->nn,深度(amod) — 置信(nn) — 网络(dobj) — 基于(rcmod) — 方法(dobj) — 提出(dep) — 提供(root) — 给(prep) — 管理(pobj) — 性能(assmod) — 发动机(nn) — 航空(nn),[深度置信网络] → [航空发动机EGT基线模型],12,基于KPCA和DBN的航空发动机排气温度基线模型,深度置信网络,航空发动机EGT基线模型
数据 → 验证 → Model,nn->pobj->prep->conj->root->root->prep->pobj->assmod->nn->nn,QAR(nn) — 数据(pobj) — 通过(prep) — 验证(conj) — 作为(root) — 提供(root) — 给(prep) — 管理(pobj) — 性能(assmod) — 发动机(nn) — 航空(nn),[QAR数据] → [航空发动机EGT基线模型],11,基于KPCA和DBN的航空发动机排气温度基线模型,QAR数据,航空发动机EGT基线模型
方法 → 降低 → Performance Metric,rcmod->dobj,基于(rcmod) — 网络(dobj),[基于KPCA和DBN的建模方法] → [网络结构复杂度],2,基于KPCA和DBN的航空发动机排气温度基线模型,基于KPCA和DBN的建模方法,网络结构复杂度
方法 → 结合 → 方法,nsubj->pccomp->root->root->conj->dobj->nn,变量(nsubj) — 众多(pccomp) — 由于(root) — 选取(root) — 进行(conj) — 预测(dobj) — 寿命(nn),[LASSO变量选取方法] → [相似性寿命预测方法],7,基于LASSO变量选择的航空发动机相似性剩余寿命预测,LASSO变量选取方法,相似性寿命预测方法
方法 → 结合 → 方法,nn->cc->lobj->plmod->prep->root->nsubj->nn->nn->nn,故障(nn) — 与(cc) — 诊断(lobj) — 中(plmod) — 于(prep) — 应用(root) — 方法(nsubj) — 时间(nn) — 序列(nn) — 分析(nn),[故障识别法] → [时间序列分析方法],10,监视参数预测和故障识别法,故障识别法,时间序列分析方法
算法 → 用于区分 → 状态,nsubj->dep->root->pccomp->dobj,聚类(nsubj) — K-means(dep) — 基于(root) — 区分(pccomp) — 工况(dobj),[K-means聚类] → [工况],5,基于LASSO变量选择的航空发动机相似性剩余寿命预测,K-means聚类,工况
方法 → 选取 → 数据,nsubj->root->root->pccomp->nsubj,方法(nsubj) — 选取(root) — 由于(root) — 众多(pccomp) — 变量(nsubj),[LASSO方法] → [最优传感器变量],5,基于LASSO变量选择的航空发动机相似性剩余寿命预测,LASSO方法,最优传感器变量
方法 → 选取 → 数据,amod->nsubj->root->root->pccomp->nsubj,传统(amod) — 方法(nsubj) — 选取(root) — 由于(root) — 众多(pccomp) — 变量(nsubj),[传统方法] → [性能退化趋势明显的变量],6,基于LASSO变量选择的航空发动机相似性剩余寿命预测,传统方法,性能退化趋势明显的变量
方法 → 进行 → 任务,nsubj->root->root->pccomp->nsubj->nn,方法(nsubj) — 选取(root) — 由于(root) — 众多(pccomp) — 发动机(nsubj) — 航空(nn),[相似性方法] → [航空发动机剩余寿命预测],6,基于LASSO变量选择的航空发动机相似性剩余寿命预测,相似性方法,航空发动机剩余寿命预测
方法 → 减少 → Performance Metric,nsubj->pccomp->root->root->conj->dobj->nn,变量(nsubj) — 众多(pccomp) — 由于(root) — 选取(root) — 进行(conj) — 预测(dobj) — 寿命(nn),[LASSO变量选取方法] → [相似性寿命预测误差的标准差],7,基于LASSO变量选择的航空发动机相似性剩余寿命预测,LASSO变量选取方法,相似性寿命预测误差的标准差
研究 → 对比 → 方法,dobj->root->root->pccomp->nsubj,研究(dobj) — 进行(root) — 由于(root) — 众多(pccomp) — 变量(nsubj),[本文研究] → [LASSO变量选取方法],5,基于LASSO变量选择的航空发动机相似性剩余寿命预测,本文研究,LASSO变量选取方法
研究 → 对比 → 方法,dobj->root->root->pccomp->nsubj,研究(dobj) — 进行(root) — 由于(root) — 众多(pccomp) — 变量(nsubj),[本文研究] → [LASSO变量选取方法],5,基于LASSO变量选择的航空发动机相似性剩余寿命预测,本文研究,LASSO变量选取方法
方法 → 组合 → 算法,punct->prnmod->pobj->vmod->advmod->amod->nummod->nsubj->dobj,((punct) — LSSVM(prnmod) — 网络(pobj) — 支持(vmod) — 最(advmod) — 小(amod) — 二(nummod) — 乘(nsubj) — 向量机(dobj),[LSSVM与WNN组合预测方法] → [最小二乘支持向量机],9,基于LSSVM与WNN的燃气轮机状态趋势预测,LSSVM与WNN组合预测方法,最小二乘支持向量机
方法 → 组合 → 算法,punct->prnmod->pobj->nn->nn,((punct) — LSSVM(prnmod) — 网络(pobj) — 小波(nn) — 神经(nn),[LSSVM与WNN组合预测方法] → [小波神经网络],5,基于LSSVM与WNN的燃气轮机状态趋势预测,LSSVM与WNN组合预测方法,小波神经网络
算法 → 预测 → 数据,nn->nn->pobj->rcmod->dobj->root->conj->conj->dobj,小波(nn) — 神经(nn) — 网络(pobj) — 基于(rcmod) — 方法(dobj) — 提出(root) — 分为(conj) — 计算(conj) — 残差(dobj),[小波神经网络] → [残差],9,基于LSSVM与WNN的燃气轮机状态趋势预测,小波神经网络,残差
数据 → 计算自 → 数据,dobj->conj->nsubj->conj->amod->nn,残差(dobj) — 计算(conj) — 结果(nsubj) — 数据(conj) — 实际(amod) — 参数(nn),[残差] → [实际参数数据],6,基于LSSVM与WNN的燃气轮机状态趋势预测,残差,实际参数数据
数据 → 计算自 → 数据,dobj->conj->conj->root->dobj->rcmod->pobj->prnmod->punct,残差(dobj) — 计算(conj) — 分为(conj) — 提出(root) — 方法(dobj) — 基于(rcmod) — 网络(pobj) — LSSVM(prnmod) — ((punct),[残差] → [LSSVM预测结果],9,基于LSSVM与WNN的燃气轮机状态趋势预测,残差,LSSVM预测结果
方法 → 应用于 → 设备,punct->prnmod->pobj->rcmod->dobj->root->prep->pccomp->prep->pobj->nn,((punct) — LSSVM(prnmod) — 网络(pobj) — 基于(rcmod) — 方法(dobj) — 提出(root) — 为了(prep) — 进行(pccomp) — 对(prep) — 趋势(pobj) — 燃气轮机(nn),[LSSVM与WNN组合预测方法] → [某型燃气轮机],11,基于LSSVM与WNN的燃气轮机状态趋势预测,LSSVM与WNN组合预测方法,某型燃气轮机
方法 → 应用于 → 设备,nn->nummod->nn->nn->nn->nn->conj->dobj->root->conj->conj->prep->plmod->lobj->nn->nn->amod->nn->nn,航空(nn) — 双余度(nummod) — 控制(nn) — 规律(nn) — 设计(nn) — 发动机(nn) — 概念(conj) — 方法(dobj) — 提出(root) — 建立(conj) — 应用(conj) — 于(prep) — 之中(plmod) — 研究(lobj) — 规律(nn) — 发动机(nn) — 高(amod) — 性能(nn) — 涡扇(nn),[航空发动机双余度控制规律设计方法] → [高性能涡扇发动机],19,航空发动机双余度控制规律设计方法,航空发动机双余度控制规律设计方法,高性能涡扇发动机
方法 → 应用于 → 设备,nn->nummod->nn->nn->nn->nn->conj->dobj->root->conj->prep->pobj->det->clf,航空(nn) — 双余度(nummod) — 控制(nn) — 规律(nn) — 设计(nn) — 发动机(nn) — 概念(conj) — 方法(dobj) — 提出(root) — 应用(conj) — 于(prep) — 发动机(pobj) — 各(det) — 类(clf),[航空发动机双余度控制规律设计方法] → [各类发动机],14,航空发动机双余度控制规律设计方法,航空发动机双余度控制规律设计方法,各类发动机
方法 → 实现 → Performance Metric,punct->prnmod->pobj->rcmod->dobj->root->prep->pccomp->prep,((punct) — LSSVM(prnmod) — 网络(pobj) — 基于(rcmod) — 方法(dobj) — 提出(root) — 为了(prep) — 进行(pccomp) — 对(prep),[LSSVM与WNN组合预测方法] → [0.12%相对误差],9,基于LSSVM与WNN的燃气轮机状态趋势预测,LSSVM与WNN组合预测方法,0.12%相对误差
方法 → 实现 → Performance Metric,assm->nn->nsubj->assmod->root->root->ccomp->nn->top->attr,的(assm) — 故障(nn) — 预测(nsubj) — 设备(assmod) — 是(root) — 显示(root) — 为(ccomp) — 均方根(nn) — 误差(top) — 0.008(attr),[基于多深度置信网络模型融合的故障预测方法] → [均方根误差为0.008],10,基于多深度置信网络融合的航空电子设备故障预测,基于多深度置信网络模型融合的故障预测方法,均方根误差为0.008
方法 → 实现 → Performance Metric,assm->nn->nsubj->assmod->root->root->conj->prep,的(assm) — 故障(nn) — 预测(nsubj) — 设备(assmod) — 是(root) — 提出(root) — 进行(conj) — 对(prep),[基于多深度置信网络模型融合的故障预测方法] → [相对误差均值为0.9%],8,基于多深度置信网络融合的航空电子设备故障预测,基于多深度置信网络模型融合的故障预测方法,相对误差均值为0.9%
方法 → 实现 → Performance Metric,assm->nn->nsubj->assmod->root->root->ccomp->conj->top->attr,的(assm) — 故障(nn) — 预测(nsubj) — 设备(assmod) — 是(root) — 显示(root) — 为(ccomp) — 为(conj) — 相关度(top) — 0.964 7(attr),[基于多深度置信网络模型融合的故障预测方法] → [相关度为0.9647],10,基于多深度置信网络融合的航空电子设备故障预测,基于多深度置信网络模型融合的故障预测方法,相关度为0.9647
方法 → 实现 → Performance Metric,nn->nn->nn->dobj->nn,飞机(nn) — 液压泵(nn) — 预测(nn) — 方法(dobj) — 故障(nn),[飞机液压泵故障预测方法] → [故障预测效能],5,基于模糊综合评判的飞机液压泵故障预测,飞机液压泵故障预测方法,故障预测效能
领域 → 包含 → 任务,prnmod->assmod->attr->root->top->conj->dobj->amod,PHM(prnmod) — 管理(assmod) — 问题(attr) — 是(root) — 利用(top) — 进行(conj) — 维护(dobj) — 预测性(amod),[PHM] → [预测性维护],8,基于LSTM分类器的航空发动机预测性维护模型,PHM,预测性维护
任务 → 利用 → 数据,amod->dobj->conj->top->dobj->nn,预测性(amod) — 维护(dobj) — 进行(conj) — 利用(top) — 数据(dobj) — 传感器(nn),[预测性维护] → [传感器数据],6,基于LSTM分类器的航空发动机预测性维护模型,预测性维护,传感器数据
Model → 解决 → 问题,amod->dobj->conj->top->root->attr->assmod->conj,预测性(amod) — 维护(dobj) — 进行(conj) — 利用(top) — 是(root) — 问题(attr) — 管理(assmod) — 预测(conj),[基于LSTM分类器的预测性维护模型] → [剩余寿命预测准确性低问题],8,基于LSTM分类器的航空发动机预测性维护模型,基于LSTM分类器的预测性维护模型,剩余寿命预测准确性低问题
Model → 包含 → 组件,prnmod->punct->dobj->nn->rcmod->dobj->root->root->prep->pobj->nn,LSTM(prnmod) — )(punct) — 分类器(dobj) — 网络(nn) — 基于(rcmod) — 模型(dobj) — 提出(root) — 进行(root) — 通过(prep) — 单元(pobj) — 门控(nn),[LSTM分类器] → [门控单元],11,基于LSTM分类器的航空发动机预测性维护模型,LSTM分类器,门控单元
Model → 筛选 → 数据,punct->dobj->prnmod->nn->nn->amod,)(punct) — 分类器(dobj) — LSTM(prnmod) — 网络(nn) — 短期(nn) — 长(amod),[LSTM分类器] → [长时间序列信息],6,基于LSTM分类器的航空发动机预测性维护模型,LSTM分类器,长时间序列信息
方法 → 制备 → 数据,nn->pobj->prep->root->root->conj->dobj->nn,时间(nn) — 信息(pobj) — 对(prep) — 进行(root) — 采用(root) — 制备(conj) — 样本(dobj) — 训练(nn),[滑动时间窗口] → [训练样本],8,基于LSTM分类器的航空发动机预测性维护模型,滑动时间窗口,训练样本
Model → 预测 → 指标,prnmod->punct->dobj->nn->rcmod->dobj->root->root->conj->dobj->nn,LSTM(prnmod) — )(punct) — 分类器(dobj) — 网络(nn) — 基于(rcmod) — 模型(dobj) — 提出(root) — 输入(root) — 预测(conj) — 概率(dobj) — 失效(nn),[LSTM分类器] → [失效概率],11,基于LSTM分类器的航空发动机预测性维护模型,LSTM分类器,失效概率
Model → 预测 → 指标,amod->nn->pobj->assmod->dobj->root->prep->pccomp->conj->dobj->assmod,遗传(amod) — 神经(nn) — 网络(pobj) — 基于(assmod) — 研究(dobj) — 开展(root) — 为(prep) — 实现(pccomp) — 实现(conj) — 维修(dobj) — 装备(assmod),[遗传神经网络] → [装备特征参数的退化趋势],11,基于遗传神经网络的航空装备故障预测,遗传神经网络,装备特征参数的退化趋势
方法 → 优化 → Model,dobj->root->root->dobj,窗口(dobj) — 采用(root) — 提出(root) — 模型(dobj),[调整窗口大小] → [二分类模型],4,基于LSTM分类器的航空发动机预测性维护模型,调整窗口大小,二分类模型
Dataset → 验证 → Model,dobj->top->conj->dobj->amod,数据(dobj) — 利用(top) — 进行(conj) — 维护(dobj) — 预测性(amod),[C-MAPSS数据集] → [基于LSTM分类器的预测性维护模型],5,基于LSTM分类器的航空发动机预测性维护模型,C-MAPSS数据集,基于LSTM分类器的预测性维护模型
Model → 优于 → 方法,amod->dobj->conj->top->root->root->dobj->nn,预测性(amod) — 维护(dobj) — 进行(conj) — 利用(top) — 是(root) — 得到(root) — 模型(dobj) — 分类(nn),[基于LSTM分类器的预测性维护模型] → [已有分类方法],8,基于LSTM分类器的航空发动机预测性维护模型,基于LSTM分类器的预测性维护模型,已有分类方法
Model → 优于 → 方法,nummod->nn->amod->nn->dobj->rcmod->dobj->root->prep->pobj->nn,多(nummod) — 因子(nn) — 高阶(amod) — 模糊(nn) — 变动(dobj) — 基于(rcmod) — 方法(dobj) — 提出(root) — 针对(prep) — 问题(pobj) — 预测(nn),[多因子高阶模糊变动预测模型] → [传统模糊时间序列预测方法],11,基于多因子高阶模糊变动的飞机操纵面故障趋势预测,多因子高阶模糊变动预测模型,传统模糊时间序列预测方法
Model → 优于 → 方法,nn->assmod->assm->nn->pobj->prep->conj->conj->root->root->conj->prep->pobj->nn,神经(nn) — 网络(assmod) — 的(assm) — 预测(nn) — 精度(pobj) — 对(prep) — 给出(conj) — 采用(conj) — 具有(root) — 结合(root) — 进行(conj) — 与(prep) — 方法(pobj) — ARMA(nn),[神经网络预测模型] → [ARMA方法],14,基于神经网络技术的飞机舵面故障趋势预测研究,神经网络预测模型,ARMA方法
任务 → 指导 → 活动,nn->assm->assmod->dobj->dep->root->prep->pccomp->dobj->nn,故障(nn) — 的(assm) — 阶段(assmod) — 数据(dobj) — 预测(dep) — 具有(root) — 对于(prep) — 制定(pccomp) — 计划(dobj) — 可靠性(nn),[故障数据预测] → [可靠性计划],10,基于LSTM循环神经网络的故障时间序列预测,故障数据预测,可靠性计划
任务 → 指导 → 活动,nn->assm->assmod->dobj->dep->root->prep->pccomp->conj->dobj->nn->nn,故障(nn) — 的(assm) — 阶段(assmod) — 数据(dobj) — 预测(dep) — 具有(root) — 对于(prep) — 制定(pccomp) — 开展(conj) — 活动(dobj) — 可靠性(nn) — 维护(nn),[故障数据预测] → [可靠性维护活动],12,基于LSTM循环神经网络的故障时间序列预测,故障数据预测,可靠性维护活动
方法 → 包括 → 组成部分,dvpm->dep->dvpmod->root->root->conj->dobj->conj->nn->nn,地(dvpm) — 预测(dep) — 有效(dvpmod) — 具有(root) — 提出(root) — 包括(conj) — 算法(dobj) — 设计(conj) — 网络(nn) — 结构(nn),[故障时间序列预测方法] → [网络结构设计],10,基于LSTM循环神经网络的故障时间序列预测,故障时间序列预测方法,网络结构设计
方法 → 包括 → 组成部分,dvpm->dep->dvpmod->root->root->conj->dobj->conj->nn,地(dvpm) — 预测(dep) — 有效(dvpmod) — 具有(root) — 提出(root) — 包括(conj) — 算法(dobj) — 训练(conj) — 网络(nn),[故障时间序列预测方法] → [网络训练],9,基于LSTM循环神经网络的故障时间序列预测,故障时间序列预测方法,网络训练
方法 → 包括 → 组成部分,dep->dvpm,预测(dep) — 地(dvpm),[故障时间序列预测方法] → [预测过程实现算法],2,基于LSTM循环神经网络的故障时间序列预测,故障时间序列预测方法,预测过程实现算法
算法 → 基于 → 技术,dvpm->dep->dvpmod->root->root->conj->dep->dobj->rcmod->dobj->nummod->clf->nn,地(dvpm) — 预测(dep) — 有效(dvpmod) — 具有(root) — 提出(root) — 为(conj) — 提出(dep) — 算法(dobj) — 基于(rcmod) — 搜索(dobj) — 多(nummod) — 层(clf) — 网格(nn),[LSTM预测模型参数优选算法] → [多层网格搜索],13,基于LSTM循环神经网络的故障时间序列预测,LSTM预测模型参数优选算法,多层网格搜索
算法 → 优化目标 → 指标,dep->dvpm,预测(dep) — 地(dvpm),[LSTM预测模型参数优选算法] → [预测误差],2,基于LSTM循环神经网络的故障时间序列预测,LSTM预测模型参数优选算法,预测误差
Model → 对比 → Model,dep->dvpm,预测(dep) — 地(dvpm),[LSTM预测模型] → [典型时间序列预测模型],2,基于LSTM循环神经网络的故障时间序列预测,LSTM预测模型,典型时间序列预测模型
Model → 应用于 → 应用领域,dvpm->dvpmod->dep->dobj->assmod->assm->nn,地(dvpm) — 有效(dvpmod) — 预测(dep) — 数据(dobj) — 阶段(assmod) — 的(assm) — 故障(nn),[LSTM预测模型] → [故障时间序列分析],7,基于LSTM循环神经网络的故障时间序列预测,LSTM预测模型,故障时间序列分析
Model → 应用于 → 应用领域,amod->nn->dobj->conj->conj->root->dobj->nn->nn->nn->nn,粗糙(amod) — 神经(nn) — 网络(dobj) — 构造(conj) — 代表(conj) — 开展(root) — 研究(dobj) — 故障(nn) — 设备(nn) — 航空(nn) — 电子(nn),[粗糙神经网络] → [航空电子设备的维护保障],11,基于粗糙神经网络的航空电子设备故障预测研究,粗糙神经网络,航空电子设备的维护保障
Model → 应用于 → 应用领域,nn->nsubj->root->root->conj->dobj->assmod->pobj->nn->punct->nn->nn->conj,数字(nn) — 孪生(nsubj) — 备受(root) — 结合(root) — 探讨(conj) — 方案(dobj) — 在(assmod) — 领域(pobj) — 城市(nn) — /(punct) — 空间(nn) — 通信(nn) — 网络(conj),[数字孪生五维模型] → [卫星/空间通信网络],13,数字孪生五维模型及十大领域应用,数字孪生五维模型,卫星/空间通信网络
Model → 应用于 → 应用领域,nn->nsubj->root->root->conj->dobj->assmod->pobj->nn->conj,数字(nn) — 孪生(nsubj) — 备受(root) — 结合(root) — 探讨(conj) — 方案(dobj) — 在(assmod) — 领域(pobj) — 城市(nn) — 船舶(conj),[数字孪生五维模型] → [船舶],10,数字孪生五维模型及十大领域应用,数字孪生五维模型,船舶
Model → 应用于 → 应用领域,nn->nsubj->root->root->conj->dobj->assmod->pobj->nn->conj,数字(nn) — 孪生(nsubj) — 备受(root) — 结合(root) — 探讨(conj) — 方案(dobj) — 在(assmod) — 领域(pobj) — 城市(nn) — 车辆(conj),[数字孪生五维模型] → [车辆],10,数字孪生五维模型及十大领域应用,数字孪生五维模型,车辆
Model → 应用于 → 应用领域,nn->nsubj->root->root->conj->dobj->assmod->pobj->nn->conj,数字(nn) — 孪生(nsubj) — 备受(root) — 结合(root) — 探讨(conj) — 方案(dobj) — 在(assmod) — 领域(pobj) — 城市(nn) — 发电厂(conj),[数字孪生五维模型] → [发电厂],10,数字孪生五维模型及十大领域应用,数字孪生五维模型,发电厂
Model → 应用于 → 应用领域,nn->nsubj->root->root->conj->dobj->assmod->pobj->nn->conj,数字(nn) — 孪生(nsubj) — 备受(root) — 结合(root) — 探讨(conj) — 方案(dobj) — 在(assmod) — 领域(pobj) — 城市(nn) — 飞机(conj),[数字孪生五维模型] → [飞机],10,数字孪生五维模型及十大领域应用,数字孪生五维模型,飞机
Model → 应用于 → 应用领域,nn->nsubj->root->root->conj->dobj->assmod->pobj->nn->conj->amod->nn,数字(nn) — 孪生(nsubj) — 备受(root) — 结合(root) — 探讨(conj) — 方案(dobj) — 在(assmod) — 领域(pobj) — 城市(nn) — 装备(conj) — 复杂(amod) — 机电(nn),[数字孪生五维模型] → [复杂机电装备],12,数字孪生五维模型及十大领域应用,数字孪生五维模型,复杂机电装备
Model → 应用于 → 应用领域,nn->nsubj->root->root->conj->dobj->assmod->pobj->nn->conj->amod,数字(nn) — 孪生(nsubj) — 备受(root) — 结合(root) — 探讨(conj) — 方案(dobj) — 在(assmod) — 领域(pobj) — 城市(nn) — 仓库(conj) — 立体(amod),[数字孪生五维模型] → [立体仓库],11,数字孪生五维模型及十大领域应用,数字孪生五维模型,立体仓库
Model → 应用于 → 应用领域,nn->nsubj->root->root->conj->dobj->assmod->pobj->nn->conj,数字(nn) — 孪生(nsubj) — 备受(root) — 结合(root) — 探讨(conj) — 方案(dobj) — 在(assmod) — 领域(pobj) — 城市(nn) — 医疗(conj),[数字孪生五维模型] → [医疗],10,数字孪生五维模型及十大领域应用,数字孪生五维模型,医疗
Model → 应用于 → 应用领域,nn->nsubj->root->prep->pobj->rcmod->dobj->nn->conj,数字(nn) — 孪生(nsubj) — 备受(root) — 作为(prep) — 手段(pobj) — 践行(rcmod) — 理念(dobj) — 城市(nn) — 制造(conj),[数字孪生五维模型] → [制造车间],9,数字孪生五维模型及十大领域应用,数字孪生五维模型,制造车间
Model → 应用于 → 应用领域,nn->nsubj->root->prep->pobj->rcmod->dobj->nn->amod,数字(nn) — 孪生(nsubj) — 备受(root) — 作为(prep) — 手段(pobj) — 践行(rcmod) — 理念(dobj) — 城市(nn) — 智慧(amod),[数字孪生五维模型] → [智慧城市],9,数字孪生五维模型及十大领域应用,数字孪生五维模型,智慧城市
算法 → 验证 → 性能,dvpm->dep->dvpmod->root->root->conj->ccomp->dobj->rcmod->cpm,地(dvpm) — 预测(dep) — 有效(dvpmod) — 具有(root) — 提出(root) — 验证(conj) — 具有(ccomp) — 准确性(dobj) — 高(rcmod) — 的(cpm),[LSTM预测模型参数优选算法] → [高准确性],10,基于LSTM循环神经网络的故障时间序列预测,LSTM预测模型参数优选算法,高准确性
算法 → 用于 → 任务,nn->nn->dobj->rcmod->dobj->root->prep->pccomp->dobj,LVQ(nn) — 神经(nn) — 网络(dobj) — 利用(rcmod) — 方法(dobj) — 提出(root) — 针对(prep) — 导致(pccomp) — 故障(dobj),[LVQ神经网络] → [故障预测],9,基于LVQ神经网络的飞机减震器故障预测,LVQ神经网络,故障预测
算法 → 用于 → 任务,nn->nn->dobj->rcmod->dobj->root->root->dobj,自(nn) — 训练(nn) — 权重(dobj) — 基于(rcmod) — 模型(dobj) — 提出(root) — 提取(root) — 特征(dobj),[自训练权重融合算法] → [特征筛选],8,基于多尺度LSTM预测模型研究,自训练权重融合算法,特征筛选
算法 → 用于 → 任务,nn->dobj->conj->root->conj->dobj->nn->nn,拉普拉斯(nn) — 算法(dobj) — 使用(conj) — 运用(root) — 进行(conj) — 预测(dobj) — 故障(nn) — 趋势(nn),[拉普拉斯算法] → [故障趋势预测],8,飞机空调冷却子系统故障预测,拉普拉斯算法,故障趋势预测
故障模式 → 导致 → 故障,nn->nn->nsubj->pccomp->prep->pccomp->dobj->nn->nn,起落架(nn) — 减震器(nn) — 密封(nsubj) — 失效(pccomp) — 针对(prep) — 导致(pccomp) — 故障(dobj) — 油液(nn) — 泄漏(nn),[起落架减震器密封失效] → [油液泄漏故障],9,基于LVQ神经网络的飞机减震器故障预测,起落架减震器密封失效,油液泄漏故障
Model → 使用 → 模型输入,nn->nn->dobj->rcmod->dobj->root->root->conj->dobj->nn,LVQ(nn) — 神经(nn) — 网络(dobj) — 利用(rcmod) — 方法(dobj) — 提出(root) — 利用(root) — 作为(conj) — 向量(dobj) — 输入(nn),[LVQ神经网络故障预测模型] → [输入向量],10,基于LVQ神经网络的飞机减震器故障预测,LVQ神经网络故障预测模型,输入向量
Model → 使用 → 模型输出,nn->nn->dobj->rcmod->dobj->root->root->conj->conj->dobj->nn,LVQ(nn) — 神经(nn) — 网络(dobj) — 利用(rcmod) — 方法(dobj) — 提出(root) — 利用(root) — 作为(conj) — 作为(conj) — 向量(dobj) — 输出(nn),[LVQ神经网络故障预测模型] → [输出向量],11,基于LVQ神经网络的飞机减震器故障预测,LVQ神经网络故障预测模型,输出向量
模型输入 → 包含 → 数据,nn->dobj->conj->nsubj->conj->amod->nn,输入(nn) — 向量(dobj) — 作为(conj) — 因子(nsubj) — 次数(conj) — 总(amod) — 起落(nn),[输入向量] → [总起落次数],7,基于LVQ神经网络的飞机减震器故障预测,输入向量,总起落次数
模型输入 → 包含 → 数据,nn->dobj->conj->root->root->prep->pccomp->nsubj,输入(nn) — 向量(dobj) — 作为(conj) — 利用(root) — 提出(root) — 针对(prep) — 失效(pccomp) — 密封(nsubj),[输入向量] → [密封件使用时间],8,基于LVQ神经网络的飞机减震器故障预测,输入向量,密封件使用时间
模型输入 → 包含 → 数据,nn->dobj->conj->root->root->prep->pccomp->nsubj,输入(nn) — 向量(dobj) — 作为(conj) — 利用(root) — 提出(root) — 针对(prep) — 失效(pccomp) — 密封(nsubj),[输入向量] → [密封有效期间的起落次数],8,基于LVQ神经网络的飞机减震器故障预测,输入向量,密封有效期间的起落次数
模型输入 → 包含 → 数据,nn->dobj->conj->nsubj->nn->nn->nn,输入(nn) — 向量(dobj) — 作为(conj) — 因子(nsubj) — 运行(nn) — 环境(nn) — 影响(nn),[输入向量] → [运行环境影响因子],7,基于LVQ神经网络的飞机减震器故障预测,输入向量,运行环境影响因子
模型输出 → 表示 → 状态,nn->dobj->conj->conj->root->root->prep->pccomp->dobj->nn,输出(nn) — 向量(dobj) — 作为(conj) — 作为(conj) — 利用(root) — 提出(root) — 针对(prep) — 导致(pccomp) — 故障(dobj) — 油液(nn),[输出向量] → [油液是否泄漏],10,基于LVQ神经网络的飞机减震器故障预测,输出向量,油液是否泄漏
数据 → 用于训练 → Model,nn->lobj->assmod->conj->nsubj->conj->root->root->dobj->rcmod->dobj->nn->nn,维修(nn) — 信息(lobj) — 中(assmod) — 次数(conj) — 因子(nsubj) — 作为(conj) — 利用(root) — 提出(root) — 方法(dobj) — 利用(rcmod) — 网络(dobj) — LVQ(nn) — 神经(nn),[历史维修信息] → [LVQ神经网络故障预测模型],13,基于LVQ神经网络的飞机减震器故障预测,历史维修信息,LVQ神经网络故障预测模型
数据 → 用于训练 → Model,nn->nn->pobj->prep->conj->root->root->nsubj->nn,特征(nn) — 向量(nn) — 训练(pobj) — 通过(prep) — 形成(conj) — 建立(root) — 存在(root) — 柱塞泵(nsubj) — 航空(nn),[特征向量] → [航空柱塞泵故障预测模型],9,基于融合知识图谱的航空柱塞泵故障预测诊断方法,特征向量,航空柱塞泵故障预测模型
数据 → 输入至 → Model,nn->lobj->assmod->conj->nsubj->conj->root->root->dobj->rcmod->dobj->nn->nn,维修(nn) — 信息(lobj) — 中(assmod) — 次数(conj) — 因子(nsubj) — 作为(conj) — 利用(root) — 提出(root) — 方法(dobj) — 利用(rcmod) — 网络(dobj) — LVQ(nn) — 神经(nn),[当前维修信息] → [LVQ神经网络故障预测模型],13,基于LVQ神经网络的飞机减震器故障预测,当前维修信息,LVQ神经网络故障预测模型
验证方法 → 验证 → Model,nn->nsubj->root->root->dobj->rcmod->dobj->nn->nn,仿真(nn) — 实例(nsubj) — 表明(root) — 提出(root) — 方法(dobj) — 利用(rcmod) — 网络(dobj) — LVQ(nn) — 神经(nn),[仿真实例] → [LVQ神经网络故障预测模型],9,基于LVQ神经网络的飞机减震器故障预测,仿真实例,LVQ神经网络故障预测模型
系统 → 基于 → 技术,nn->nn->nn->nn->dobj->rcmod->dobj->dep,飞机(nn) — 健康(nn) — 管理(nn) — 专家(nn) — 系统(dobj) — 基于(rcmod) — MAS(dobj) — MAS(dep),[飞机健康管理专家系统] → [MAS],8,基于MAS的飞机健康管理专家系统设计,飞机健康管理专家系统,MAS
系统 → 基于 → 技术,nn->nn->nn->nn->assmod->cpm->rcmod->dobj->conj->root->nsubj->rcmod->dobj,航空(nn) — 发动机(nn) — 健康(nn) — 管理(nn) — 系统(assmod) — 的(cpm) — 基于(rcmod) — 模型(dobj) — 提出(conj) — 引入(root) — 架构(nsubj) — 面向(rcmod) — 服务(dobj),[基于SOA的航空发动机健康管理系统] → [面向服务的架构(SOA)],13,基于SOA的航空发动机健康管理系统设计,基于SOA的航空发动机健康管理系统,面向服务的架构(SOA)
系统 → 基于 → 技术,nn->nn->dobj->rcmod->prep->pobj,容错(nn) — 控制(nn) — 系统(dobj) — 切换(rcmod) — 基于(prep) — 模态(pobj),[容错控制系统] → [模态切换],6,基于模态切换的航空发动机容错控制,容错控制系统,模态切换
系统 → 满足 → 需求,nn->nn->nn->nn->dobj->root->prep->pobj->assmod->nn->nn,飞机(nn) — 健康(nn) — 管理(nn) — 专家(nn) — 系统(dobj) — 设计(root) — 针对(prep) — 需要(pobj) — 维护(assmod) — 地面(nn) — 机务(nn),[飞机健康管理专家系统] → [地面机务维护需求],11,基于MAS的飞机健康管理专家系统设计,飞机健康管理专家系统,地面机务维护需求
系统 → 采用 → 架构,nn->nn->nn->nn->dobj->root->root->conj->dobj->nummod->clf->nn->nn,飞机(nn) — 健康(nn) — 管理(nn) — 专家(nn) — 系统(dobj) — 设计(root) — 分析(root) — 采用(conj) — 结构(dobj) — 3(nummod) — 层(clf) — Browser/Server(nn) — 体系(nn),[飞机健康管理专家系统] → [3层Browser/Server体系结构],13,基于MAS的飞机健康管理专家系统设计,飞机健康管理专家系统,3层Browser/Server体系结构
系统 → 引入 → 方法,nn->nn->nn->nn->dobj->rcmod,飞机(nn) — 健康(nn) — 管理(nn) — 专家(nn) — 系统(dobj) — 基于(rcmod),[飞机健康管理专家系统] → [基于案例推理的预测方法],6,基于MAS的飞机健康管理专家系统设计,飞机健康管理专家系统,基于案例推理的预测方法
系统 → 引入 → 方法,nn->nn->nn->nn->dobj->rcmod,飞机(nn) — 健康(nn) — 管理(nn) — 专家(nn) — 系统(dobj) — 基于(rcmod),[飞机健康管理专家系统] → [基于规则的不确定性推理的预测方法],6,基于MAS的飞机健康管理专家系统设计,飞机健康管理专家系统,基于规则的不确定性推理的预测方法
组织 → 使用 → 系统,nn->nn->assmod->pobj->prep->root->dobj->nn->nn->nn->nn,地面(nn) — 机务(nn) — 维护(assmod) — 需要(pobj) — 针对(prep) — 设计(root) — 系统(dobj) — 飞机(nn) — 健康(nn) — 管理(nn) — 专家(nn),[地面机务维护部门] → [飞机健康管理专家系统],11,基于MAS的飞机健康管理专家系统设计,地面机务维护部门,飞机健康管理专家系统
系统 → 减少 → 指标,nn->nn->nn->nn->dobj->root->prep->pobj->assmod->nn,飞机(nn) — 健康(nn) — 管理(nn) — 专家(nn) — 系统(dobj) — 设计(root) — 针对(prep) — 需要(pobj) — 维护(assmod) — 地面(nn),[飞机健康管理专家系统] → [地面维护时间],10,基于MAS的飞机健康管理专家系统设计,飞机健康管理专家系统,地面维护时间
系统 → 增加 → 指标,nn->nn->nn->nn->dobj->rcmod->dobj->punct->cpm,飞机(nn) — 健康(nn) — 管理(nn) — 专家(nn) — 系统(dobj) — 基于(rcmod) — MAS(dobj) — )(punct) — 的(cpm),[飞机健康管理专家系统] → [飞机使用寿命],9,基于MAS的飞机健康管理专家系统设计,飞机健康管理专家系统,飞机使用寿命
Model → 不能满足 → 需求,assmod->assm->nn->nn->nn->nsubj->root->conj->dobj->assmod->nn->nn->lobj,现有(assmod) — 的(assm) — 军机(nn) — 备件(nn) — 配置(nn) — 模型(nsubj) — 满足(root) — 得出(conj) — 模式(dobj) — 下(assmod) — PHM(nn) — 技术(nn) — 支持(lobj),[现有军机备件配置模型] → [PHM技术支持下的军机备件配置],13,基于PHM的军机备件配置机制,现有军机备件配置模型,PHM技术支持下的军机备件配置
技术 → 影响 → 任务,nn->nn->dobj->conj->root->nsubj->nn->nn->nn,PHM(nn) — 技术(nn) — 影响(dobj) — 分析(conj) — 满足(root) — 模型(nsubj) — 军机(nn) — 备件(nn) — 配置(nn),[PHM技术] → [军机备件配置],9,基于PHM的军机备件配置机制,PHM技术,军机备件配置
系统 → 用于构建 → 机制框架,nn->assmod->dobj->conj->conj->dobj->amod->nn->nn->nn,PHM(nn) — 系统(assmod) — 预测(dobj) — 运用(conj) — 构建(conj) — 框架(dobj) — 基层级(amod) — 备件(nn) — 配置(nn) — 机制(nn),[PHM系统] → [基层级备件配置机制框架],10,基于PHM的军机备件配置机制,PHM系统,基层级备件配置机制框架
信息系统 → 用于构建 → 机制框架,nn->nn->amod->nn->nn->conj->dobj->conj->conj->dobj->nn->nn->nn->nn->nn,后方(nn) — 基地(nn) — 自动化(amod) — 后勤(nn) — 信息(nn) — 系统(conj) — 理论(dobj) — 运用(conj) — 构建(conj) — 框架(dobj) — 后方(nn) — 基地(nn) — 备件(nn) — 配置(nn) — 机制(nn),[后方基地自动化后勤信息系统] → [后方基地备件配置机制框架],15,基于PHM的军机备件配置机制,后方基地自动化后勤信息系统,后方基地备件配置机制框架
理论 → 用于构建 → 机制框架,amod->nn->dobj->conj->conj->dobj->nn->nn->nn->nn->nn,虚拟(amod) — 库存(nn) — 理论(dobj) — 运用(conj) — 构建(conj) — 框架(dobj) — 后方(nn) — 基地(nn) — 备件(nn) — 配置(nn) — 机制(nn),[虚拟库存理论] → [后方基地备件配置机制框架],11,基于PHM的军机备件配置机制,虚拟库存理论,后方基地备件配置机制框架
理论 → 用于构建 → 机制框架,nsubj->amod->dobj->conj->conj->dobj->amod->dep->nn->nn->nn,信息(nsubj) — 共享(amod) — 理论(dobj) — 运用(conj) — 构建(conj) — 框架(dobj) — 联合(amod) — 共享(dep) — 备件(nn) — 配置(nn) — 机制(nn),[信息共享理论] → [联合共享备件配置机制框架],11,基于PHM的军机备件配置机制,信息共享理论,联合共享备件配置机制框架
机制 → 提供参考 → 技术,nn->nn->nn->dobj->conj->conj->root->conj->dobj->nn->nn,配置(nn) — 机制(nn) — 备件(nn) — 框架(dobj) — 构建(conj) — 运用(conj) — 满足(root) — 分析(conj) — 影响(dobj) — 技术(nn) — PHM(nn),[备件配置机制] → [PHM技术],11,基于PHM的军机备件配置机制,备件配置机制,PHM技术
技术 → 应用于 → 装备,nn->nn->dobj->conj->root->nsubj->nn,PHM(nn) — 技术(nn) — 影响(dobj) — 分析(conj) — 满足(root) — 模型(nsubj) — 军机(nn),[PHM技术] → [军机],7,基于PHM的军机备件配置机制,PHM技术,军机
技术 → 应用于 → 装备,cc->nn->top->root->attr->rcmod->nsubj->amod->nn,与(cc) — 健康(nn) — 管理(top) — 是(root) — 技术(attr) — 确保(rcmod) — 发动机(nsubj) — 先进(amod) — 航空(nn),[预测与健康管理(PHM)] → [先进航空发动机],9,航空发动机PHM中的数据挖掘机遇与挑战,预测与健康管理(PHM),先进航空发动机
机制 → 基于 → 体系,nn->nn->nn->dobj->conj->conj->root->conj->prep->plmod->lobj->vmod->dobj->nn->nn,配置(nn) — 机制(nn) — 备件(nn) — 框架(dobj) — 构建(conj) — 运用(conj) — 满足(root) — 分析(conj) — 在(prep) — 上(plmod) — 基础(lobj) — 构建(vmod) — 体系(dobj) — 军机(nn) — PHM(nn),[备件配置机制] → [军机PHM体系],15,基于PHM的军机备件配置机制,备件配置机制,军机PHM体系
技术 → 影响 → 过程,nn->nn->pobj->assmod->pobj->nn->nn->nn,PHM(nn) — 技术(nn) — 分析(pobj) — 对(assmod) — 过程(pobj) — 航空(nn) — 装备(nn) — 保障(nn),[PHM技术] → [航空装备保障过程],8,基于PHM的航空装备可用度影响因素分析方法,PHM技术,航空装备保障过程
概念 → 分为 → 因素,nn->nn->nn->nn->nsubj->conj->root->conj->range->dep->conj->nn->nn,航空(nn) — 装备(nn) — 可用度(nn) — 影响(nn) — 因素(nsubj) — 分为(conj) — 进行(root) — 分为(conj) — 类(range) — 因素(dep) — 因素(conj) — 使用(nn) — 影响(nn),[航空装备可用度影响因素] → [使用影响因素],13,基于PHM的航空装备可用度影响因素分析方法,航空装备可用度影响因素,使用影响因素
概念 → 分为 → 因素,nn->nn->nn->nn->nsubj->conj->root->conj->range->dep->nn->nn,航空(nn) — 装备(nn) — 可用度(nn) — 影响(nn) — 因素(nsubj) — 分为(conj) — 进行(root) — 分为(conj) — 类(range) — 因素(dep) — 设计(nn) — 影响(nn),[航空装备可用度影响因素] → [设计影响因素],12,基于PHM的航空装备可用度影响因素分析方法,航空装备可用度影响因素,设计影响因素
条件 → 简化 → 过程,amod->nn->dobj->conj->conj->dobj->nn,仿真(amod) — 假设(nn) — 条件(dobj) — 给出(conj) — 简化(conj) — 过程(dobj) — 仿真(nn),[仿真假设条件] → [仿真过程],7,基于PHM的航空装备可用度影响因素分析方法,仿真假设条件,仿真过程
过程 → 输出 → 指标,amod->dobj->conj->root->dep->conj->conj->top->amod,仿真(amod) — 条件(dobj) — 给出(conj) — 进行(root) — 给出(dep) — 提出(conj) — 为(conj) — 可用度(top) — 稳态(amod),[仿真] → [稳态可用度],9,基于PHM的航空装备可用度影响因素分析方法,仿真,稳态可用度
方法 → 包含 → 公式,nn->nn->nn->nn->nsubj->conj->root->dep->conj->dobj->nn->nn,航空(nn) — 装备(nn) — 可用度(nn) — 影响(nn) — 因素(nsubj) — 分为(conj) — 进行(root) — 给出(dep) — 给出(conj) — 公式(dobj) — 解析(nn) — 计算(nn),[基于PHM的航空装备可用度影响因素分析方法] → [解析计算公式],12,基于PHM的航空装备可用度影响因素分析方法,基于PHM的航空装备可用度影响因素分析方法,解析计算公式
方法 → 描述 → 程序,nn->nn->nn->nn->nsubj->conj->root->dep->conj->dobj->conj->assmod->amod,航空(nn) — 装备(nn) — 可用度(nn) — 影响(nn) — 因素(nsubj) — 分为(conj) — 进行(root) — 给出(dep) — 描述(conj) — 流程图(dobj) — 构成(conj) — 程序(assmod) — 仿真(amod),[基于PHM的航空装备可用度影响因素分析方法] → [仿真程序],13,基于PHM的航空装备可用度影响因素分析方法,基于PHM的航空装备可用度影响因素分析方法,仿真程序
结果 → 验证 → 方法,nn->dobj->root->conj->nsubj->nn->nn->nn->nn,仿真(nn) — 结果(dobj) — 进行(root) — 分为(conj) — 因素(nsubj) — 航空(nn) — 装备(nn) — 可用度(nn) — 影响(nn),[仿真结果] → [基于PHM的航空装备可用度影响因素分析方法],9,基于PHM的航空装备可用度影响因素分析方法,仿真结果,基于PHM的航空装备可用度影响因素分析方法
结果 → 验证 → 方法,nsubj->conj->root->root->prep->pccomp->nsubj->nn->nn,结果(nsubj) — 反映(conj) — 设计(root) — 导致(root) — 由于(prep) — 受到(pccomp) — 数目(nsubj) — 阵列(nn) — 静电(nn),[实验结果] → [基于静电互相关灵敏度加权的气路碎片监测方法],9,基于静电互相关灵敏度加权的气路碎片监测,实验结果,基于静电互相关灵敏度加权的气路碎片监测方法
方法 → 包含 → 分析,nn->nn->nn->nn->nsubj->conj->root->conj->dobj->conj->amod->nn,航空(nn) — 装备(nn) — 可用度(nn) — 影响(nn) — 因素(nsubj) — 分为(conj) — 进行(root) — 给出(conj) — 结论(dobj) — 分析(conj) — 单(amod) — 因素(nn),[基于PHM的航空装备可用度影响因素分析方法] → [单因素分析],12,基于PHM的航空装备可用度影响因素分析方法,基于PHM的航空装备可用度影响因素分析方法,单因素分析
方法 → 包含 → 分析,nn->nn->nn->nn->nsubj->conj->root->conj->dobj->assmod->nummod->nn->nn,航空(nn) — 装备(nn) — 可用度(nn) — 影响(nn) — 因素(nsubj) — 分为(conj) — 进行(root) — 给出(conj) — 结论(dobj) — 分析(assmod) — 多(nummod) — 因素(nn) — 耦合(nn),[基于PHM的航空装备可用度影响因素分析方法] → [多因素耦合分析],13,基于PHM的航空装备可用度影响因素分析方法,基于PHM的航空装备可用度影响因素分析方法,多因素耦合分析
任务 → 需要 → 处理步骤,punct->dobj->prnmod->nn->pobj->rcmod->pobj->prep->root->dobj->nn->nn->conj,)(punct) — 分析(dobj) — QAR(prnmod) — 记录器(nn) — 数据(pobj) — 基于(rcmod) — 类型(pobj) — 针对(prep) — 总结(root) — 过程(dobj) — 提取(nn) — 数据(nn) — 预处理(conj),[QAR数据分析] → [数据预处理],13,基于QAR数据的飞行控制系统故障研究综述,QAR数据分析,数据预处理
任务 → 需要 → 处理步骤,punct->dobj->prnmod->nn->pobj->rcmod->pobj->prep->root->dobj->nn->nn,)(punct) — 分析(dobj) — QAR(prnmod) — 记录器(nn) — 数据(pobj) — 基于(rcmod) — 类型(pobj) — 针对(prep) — 总结(root) — 过程(dobj) — 提取(nn) — 特征(nn),[QAR数据分析] → [特征提取],12,基于QAR数据的飞行控制系统故障研究综述,QAR数据分析,特征提取
研究领域 → 分为 → 研究阶段,nn,故障(nn),[故障研究] → [故障监测],1,基于QAR数据的飞行控制系统故障研究综述,故障研究,故障监测
研究领域 → 分为 → 研究阶段,nn,故障(nn),[故障研究] → [故障识别],1,基于QAR数据的飞行控制系统故障研究综述,故障研究,故障识别
研究领域 → 分为 → 研究阶段,nn,故障(nn),[故障研究] → [故障诊断],1,基于QAR数据的飞行控制系统故障研究综述,故障研究,故障诊断
研究领域 → 分为 → 研究阶段,nn,故障(nn),[故障研究] → [故障预测],1,基于QAR数据的飞行控制系统故障研究综述,故障研究,故障预测
系统 → 具有 → 故障类型,nn->nn->nn->pobj->assmod->dobj->pccomp->prep->root->root->dep->ccomp->nn->nn,飞行(nn) — 控制(nn) — 系统(nn) — 分析(pobj) — 对(assmod) — 现状(dobj) — 梳理(pccomp) — 为(prep) — 总结(root) — 得出(root) — 包括(dep) — 泄漏(ccomp) — 方向舵(nn) — 液压(nn),[飞行控制系统] → [方向舵液压泄漏],14,基于QAR数据的飞行控制系统故障研究综述,飞行控制系统,方向舵液压泄漏
系统 → 具有 → 故障类型,nn->nn->nn->pobj->assmod->dobj->pccomp->prep->root->root->dep->ccomp->conj->nn->nsubj->neg,飞行(nn) — 控制(nn) — 系统(nn) — 分析(pobj) — 对(assmod) — 现状(dobj) — 梳理(pccomp) — 为(prep) — 总结(root) — 得出(root) — 包括(dep) — 泄漏(ccomp) — 一致(conj) — 升降舵(nn) — 指示(nsubj) — 不(neg),[飞行控制系统] → [升降舵指示不一致],16,基于QAR数据的飞行控制系统故障研究综述,飞行控制系统,升降舵指示不一致
系统 → 具有 → 故障类型,nn->nn->nn->pobj->assmod->dobj->pccomp->prep->root->root->dep->ccomp->conj->nn->nsubj,飞行(nn) — 控制(nn) — 系统(nn) — 分析(pobj) — 对(assmod) — 现状(dobj) — 梳理(pccomp) — 为(prep) — 总结(root) — 得出(root) — 包括(dep) — 泄漏(ccomp) — 耗时(conj) — 襟翼(nn) — 动作(nsubj),[飞行控制系统] → [襟翼动作耗时],15,基于QAR数据的飞行控制系统故障研究综述,飞行控制系统,襟翼动作耗时
任务 → 使用 → 数据,nn->pobj->assmod->dobj->pccomp->prep->root->prep->pobj->rcmod->pobj->nn->prnmod->punct->punct,故障(nn) — 分析(pobj) — 对(assmod) — 现状(dobj) — 梳理(pccomp) — 为(prep) — 总结(root) — 针对(prep) — 类型(pobj) — 基于(rcmod) — 数据(pobj) — 记录器(nn) — QAR(prnmod) — ((punct) — )(punct),[故障建模] → [QAR数据项],15,基于QAR数据的飞行控制系统故障研究综述,故障建模,QAR数据项
数据 → 包括 → 参数,punct->punct->prnmod->nn->pobj->rcmod->pobj->prep->root->prep->pccomp->dobj->assmod->pobj->nn->nn,((punct) — )(punct) — QAR(prnmod) — 记录器(nn) — 数据(pobj) — 基于(rcmod) — 类型(pobj) — 针对(prep) — 总结(root) — 为(prep) — 梳理(pccomp) — 现状(dobj) — 对(assmod) — 分析(pobj) — 系统(nn) — 飞机(nn),[QAR数据项] → [飞机主舵面位置],16,基于QAR数据的飞行控制系统故障研究综述,QAR数据项,飞机主舵面位置
数据 → 包括 → 参数,punct->punct->prnmod->nn->pobj->rcmod->pobj->prep->root->prep->pccomp->dobj->assmod->pobj->nn->nn,((punct) — )(punct) — QAR(prnmod) — 记录器(nn) — 数据(pobj) — 基于(rcmod) — 类型(pobj) — 针对(prep) — 总结(root) — 为(prep) — 梳理(pccomp) — 现状(dobj) — 对(assmod) — 分析(pobj) — 系统(nn) — 飞行(nn),[QAR数据项] → [飞行姿态],16,基于QAR数据的飞行控制系统故障研究综述,QAR数据项,飞行姿态
数据 → 包括 → 参数,punct->punct->prnmod->nn->pobj->rcmod->pobj->prep->root->prep->pccomp->dobj->assmod->pobj->nn->nn,((punct) — )(punct) — QAR(prnmod) — 记录器(nn) — 数据(pobj) — 基于(rcmod) — 类型(pobj) — 针对(prep) — 总结(root) — 为(prep) — 梳理(pccomp) — 现状(dobj) — 对(assmod) — 分析(pobj) — 系统(nn) — 飞机(nn),[QAR数据项] → [飞机性能],16,基于QAR数据的飞行控制系统故障研究综述,QAR数据项,飞机性能
数据 → 包括 → 参数,punct->prnmod->punct->pobj->nn->rcmod->pobj->prep->root->root->conj->dobj->nn->nn->conj,((punct) — QAR(prnmod) — )(punct) — 数据(pobj) — 记录器(nn) — 基于(rcmod) — 类型(pobj) — 针对(prep) — 总结(root) — 得出(root) — 包括(conj) — 位置(dobj) — 左右(nn) — 襟翼(nn) — 角度(conj),[QAR数据项] → [左右襟翼角度],15,基于QAR数据的飞行控制系统故障研究综述,QAR数据项,左右襟翼角度
数据 → 包括 → 参数,punct->prnmod->punct->pobj->nn->rcmod->pobj->prep->root->root->conj->dobj->nn,((punct) — QAR(prnmod) — )(punct) — 数据(pobj) — 记录器(nn) — 基于(rcmod) — 类型(pobj) — 针对(prep) — 总结(root) — 得出(root) — 包括(conj) — 位置(dobj) — 襟翼(nn),[QAR数据项] → [襟翼位置],13,基于QAR数据的飞行控制系统故障研究综述,QAR数据项,襟翼位置
任务 → 使用 → 计算方法,nn->pobj->assmod->dobj->pccomp->prep->root->root->conj->dobj->conj->nn,故障(nn) — 分析(pobj) — 对(assmod) — 现状(dobj) — 梳理(pccomp) — 为(prep) — 总结(root) — 得出(root) — 包括(conj) — 学习(dobj) — 模型(conj) — 物理(nn),[故障分析] → [物理模型],12,基于QAR数据的飞行控制系统故障研究综述,故障分析,物理模型
任务 → 使用 → 计算方法,nn->pobj->assmod->dobj->pccomp->prep->root->root->conj->dobj->conj->amod,故障(nn) — 分析(pobj) — 对(assmod) — 现状(dobj) — 梳理(pccomp) — 为(prep) — 总结(root) — 得出(root) — 包括(conj) — 学习(dobj) — 统计(conj) — 多变量(amod),[故障分析] → [多变量统计],12,基于QAR数据的飞行控制系统故障研究综述,故障分析,多变量统计
任务 → 使用 → 计算方法,nn->pobj->assmod->dobj->pccomp->prep->root->root->conj->dobj->conj->nn,故障(nn) — 分析(pobj) — 对(assmod) — 现状(dobj) — 梳理(pccomp) — 为(prep) — 总结(root) — 得出(root) — 包括(conj) — 学习(dobj) — 推理(conj) — 逻辑(nn),[故障分析] → [逻辑推理],12,基于QAR数据的飞行控制系统故障研究综述,故障分析,逻辑推理
任务 → 使用 → 计算方法,nn->pobj->assmod->dobj->pccomp->prep->root->root->conj->dobj->nn,故障(nn) — 分析(pobj) — 对(assmod) — 现状(dobj) — 梳理(pccomp) — 为(prep) — 总结(root) — 得出(root) — 包括(conj) — 学习(dobj) — 机器(nn),[故障分析] → [机器学习],11,基于QAR数据的飞行控制系统故障研究综述,故障分析,机器学习
系统 → 包含 → 子系统,nn->nn->nn->pobj->assmod->dobj->pccomp->prep->root->root->dep->ccomp->nn,飞行(nn) — 控制(nn) — 系统(nn) — 分析(pobj) — 对(assmod) — 现状(dobj) — 梳理(pccomp) — 为(prep) — 总结(root) — 得出(root) — 包括(dep) — 泄漏(ccomp) — 方向舵(nn),[飞行控制系统] → [方向舵],13,基于QAR数据的飞行控制系统故障研究综述,飞行控制系统,方向舵
系统 → 包含 → 子系统,nn->nn->nn->pobj->assmod->dobj->pccomp->prep->root->root->dep->ccomp->conj->nsubj->nn,飞行(nn) — 控制(nn) — 系统(nn) — 分析(pobj) — 对(assmod) — 现状(dobj) — 梳理(pccomp) — 为(prep) — 总结(root) — 得出(root) — 包括(dep) — 泄漏(ccomp) — 一致(conj) — 指示(nsubj) — 升降舵(nn),[飞行控制系统] → [升降舵],15,基于QAR数据的飞行控制系统故障研究综述,飞行控制系统,升降舵
系统 → 包含 → 子系统,nn->nn->nn->pobj->assmod->dobj->pccomp->prep->root->root->dep->ccomp->conj->nsubj->nn,飞行(nn) — 控制(nn) — 系统(nn) — 分析(pobj) — 对(assmod) — 现状(dobj) — 梳理(pccomp) — 为(prep) — 总结(root) — 得出(root) — 包括(dep) — 泄漏(ccomp) — 耗时(conj) — 动作(nsubj) — 襟翼(nn),[飞行控制系统] → [襟翼],15,基于QAR数据的飞行控制系统故障研究综述,飞行控制系统,襟翼
系统 → 包含 → 子系统,nn->nn->nn->conj->assmod->dobj->root->conj->prep->pobj->nn->conj->amod->nn->nn->nn->nn,飞机(nn) — 液压(nn) — 泵源(nn) — 预测(conj) — 系统(assmod) — 方案(dobj) — 提出(root) — 进行(conj) — 对(prep) — 技术(pobj) — 系统(nn) — 系统(conj) — 机载(amod) — 液压(nn) — 泵源(nn) — 健康(nn) — 监测(nn),[飞机液压泵源预测与健康管理系统] → [机载液压泵源健康监测系统],17,飞机液压泵源预测与健康管理系统,飞机液压泵源预测与健康管理系统,机载液压泵源健康监测系统
系统 → 包含 → 子系统,nn->nn->nn->conj->assmod->dobj->root->conj->prep->pobj->nn->nn->nn->nn,飞机(nn) — 液压(nn) — 泵源(nn) — 预测(conj) — 系统(assmod) — 方案(dobj) — 提出(root) — 进行(conj) — 对(prep) — 技术(pobj) — 系统(nn) — 地面(nn) — 维护(nn) — 管理(nn),[飞机液压泵源预测与健康管理系统] → [地面维护管理系统],14,飞机液压泵源预测与健康管理系统,飞机液压泵源预测与健康管理系统,地面维护管理系统
研究领域 → 旨在实现 → 技术,nn,故障(nn),[故障研究] → [故障实时预测技术],1,基于QAR数据的飞行控制系统故障研究综述,故障研究,故障实时预测技术
方法 → 用于 → 系统,nn->assmod->dobj->root->prep->pccomp->dobj->assmod->nn->nn->nn,估计(nn) — 方面(assmod) — 研究(dobj) — 开展(root) — 为了(prep) — 实现(pccomp) — 管理(dobj) — 系统(assmod) — 航空(nn) — 发动机(nn) — 燃油(nn),[基于RF-SVR的估计方法] → [航空发动机燃油系统],11,基于RF-SVR的燃油计量装置性能衰退检测和剩余寿命估计方法,基于RF-SVR的估计方法,航空发动机燃油系统
方法 → 实现 → 任务,nn->conj->nn->nn,估计(nn) — 检测(conj) — 性能(nn) — 衰退(nn),[基于RF-SVR的估计方法] → [性能衰退检测],4,基于RF-SVR的燃油计量装置性能衰退检测和剩余寿命估计方法,基于RF-SVR的估计方法,性能衰退检测
方法 → 实现 → 任务,nn->amod->nn->nn,估计(nn) — 剩余(amod) — 使用(nn) — 寿命(nn),[基于RF-SVR的估计方法] → [剩余使用寿命估计],4,基于RF-SVR的燃油计量装置性能衰退检测和剩余寿命估计方法,基于RF-SVR的估计方法,剩余使用寿命估计
方法 → 实现 → 任务,nn->dobj->root->root->pccomp->dobj->nn->cc->nn->nn,贝叶斯(nn) — 网络(dobj) — 采用(root) — 为(root) — 研究(pccomp) — 技术(dobj) — 部件(nn) — 与(cc) — 故障(nn) — 定位(nn),[贝叶斯网络] → [故障诊断与故障部件定位],10,基于逻辑图的国产民机液压系统故障诊断与定位,贝叶斯网络,故障诊断与故障部件定位
方法 → 实现 → 任务,amod->dep->root->root->pccomp->dobj->nn->nn,正向(amod) — 推理(dep) — 实现(root) — 为(root) — 研究(pccomp) — 技术(dobj) — 系统(nn) — 液压(nn),[正向推理] → [液压系统故障诊断],8,基于逻辑图的国产民机液压系统故障诊断与定位,正向推理,液压系统故障诊断
方法 → 实现 → 任务,amod->dep->dep->root->root->pccomp->dobj->nn->cc->nn->nn,反向(amod) — 推理(dep) — 实现(dep) — 实现(root) — 为(root) — 研究(pccomp) — 技术(dobj) — 部件(nn) — 与(cc) — 故障(nn) — 定位(nn),[反向推理] → [液压系统故障部件定位],11,基于逻辑图的国产民机液压系统故障诊断与定位,反向推理,液压系统故障部件定位
方法 → 实现 → 任务,nn->dobj->nn->nn,校准(nn) — 方法(dobj) — 参数(nn) — 试车台(nn),[整机在线校准方法] → [试车台系统综合误差校准],4,温度计量技术在航空发动机试车台健康管理中的应用,整机在线校准方法,试车台系统综合误差校准
方法 → 实现 → 任务,nn->dobj->rcmod->cpm->nn,预测(nn) — 方法(dobj) — 覆盖(rcmod) — 的(cpm) — 故障(nn),[组合预测方法] → [故障组合预测],5,航空电子设备故障预测框架与方法,组合预测方法,故障组合预测
组件 → 属于 → 系统,nn->assmod->nn->nn,燃油(nn) — 系统(assmod) — 航空(nn) — 发动机(nn),[燃油计量装置] → [航空发动机燃油系统],4,基于RF-SVR的燃油计量装置性能衰退检测和剩余寿命估计方法,燃油计量装置,航空发动机燃油系统
任务 → 基于 → 技术,nn->nn->conj->nn->assmod->dobj->root->root->conj->prep->pobj->nn,性能(nn) — 衰退(nn) — 检测(conj) — 估计(nn) — 方面(assmod) — 研究(dobj) — 开展(root) — 分析(root) — 进行(conj) — 基于(prep) — 距离(pobj) — 马氏(nn),[性能衰退检测] → [马氏距离],12,基于RF-SVR的燃油计量装置性能衰退检测和剩余寿命估计方法,性能衰退检测,马氏距离
方法 → 采用 → Model,cc->amod->nn->nn->nn->assmod->dobj->root->root->dobj->rcmod->conj->punct->amod->nn->rcmod,和(cc) — 剩余(amod) — 使用(nn) — 寿命(nn) — 估计(nn) — 方面(assmod) — 研究(dobj) — 开展(root) — 提出(root) — 方法(dobj) — 基于(rcmod) — 支持(conj) — -(punct) — 向(amod) — 量(nn) — 回归(rcmod),[剩余使用寿命(RUL)估计方法] → [随机森林-支持向量回归(RFSVR)],16,基于RF-SVR的燃油计量装置性能衰退检测和剩余寿命估计方法,剩余使用寿命(RUL)估计方法,随机森林-支持向量回归(RFSVR)
方法 → 采用 → Model,nn->nn->nn->nsubj->root->root->dobj->nn,时间(nn) — 序列(nn) — 分析(nn) — 方法(nsubj) — 应用(root) — 采用(root) — 模型(dobj) — 自回归(nn),[时间序列分析方法] → [自回归模型],8,监视参数预测和故障识别法,时间序列分析方法,自回归模型
Model → 通过...优化 → 技术,cc->nn->nn->dobj->conj->root->root->conj->conj->prep->pobj->rcmod->nn->nn->nn,及(cc) — 模型(nn) — 参数(nn) — 不确定性(dobj) — 考虑(conj) — 分析(root) — 提出(root) — 利用(conj) — 实现(conj) — 通过(prep) — 模型(pobj) — 优化(rcmod) — 选择(nn) — RF(nn) — 特征(nn),[SVR模型] → [RF特征选择],15,基于RF-SVR的燃油计量装置性能衰退检测和剩余寿命估计方法,SVR模型,RF特征选择
方案 → 基于 → 数据,cc->nn->dobj->pccomp->prep->root->root->conj->dobj->rcmod->pobj->punct->nn,和(cc) — 健康(nn) — 管理(dobj) — 实现(pccomp) — 为了(prep) — 开展(root) — 分析(root) — 设计(conj) — 方案(dobj) — 基于(rcmod) — 数据(pobj) — -(punct) — 速度(nn),[健康指标(HIs)选取方案] → [电流-速度数据],13,基于RF-SVR的燃油计量装置性能衰退检测和剩余寿命估计方法,健康指标(HIs)选取方案,电流-速度数据
方法 → 通过...验证 → 数据,nn->assmod->dobj->root->prep->pccomp->dobj->assmod->nn,估计(nn) — 方面(assmod) — 研究(dobj) — 开展(root) — 为了(prep) — 实现(pccomp) — 管理(dobj) — 系统(assmod) — 发动机(nn),[基于RF-SVR的估计方法] → [涡扇发动机机械液压模型仿真数据],9,基于RF-SVR的燃油计量装置性能衰退检测和剩余寿命估计方法,基于RF-SVR的估计方法,涡扇发动机机械液压模型仿真数据
方法 → 通过...验证 → 数据,nsubj->rcmod->dobj->dep->conj->prep->pobj->nn->nn->amod->nn,数模(nsubj) — 联动(rcmod) — 思路(dobj) — 提出(dep) — 为(conj) — 通过(prep) — 数据(pobj) — 航空(nn) — 发动机(nn) — 多源(amod) — 监测(nn),[数模联动解决思路] → [航空发动机多源监测数据],11,大数据下数模联动的随机退化设备剩余寿命预测技术,数模联动解决思路,航空发动机多源监测数据
方法 → 提供参考 → 应用,nn->assmod->dobj->root->root->conj->ccomp->conj->prep->pobj->amod,估计(nn) — 方面(assmod) — 研究(dobj) — 开展(root) — 进行(root) — 表明(conj) — 低于(ccomp) — 提供(conj) — 为(prep) — 维护(pobj) — 预测性(amod),[基于RF-SVR的估计方法] → [预测性维护],11,基于RF-SVR的燃油计量装置性能衰退检测和剩余寿命估计方法,基于RF-SVR的估计方法,预测性维护
任务 → 评价指标 → Performance Metric,nn->nn->conj->nn->assmod->dobj->root->root->conj->ccomp->nsubj->conj,性能(nn) — 衰退(nn) — 检测(conj) — 估计(nn) — 方面(assmod) — 研究(dobj) — 开展(root) — 进行(root) — 表明(conj) — 低于(ccomp) — 漏报率(nsubj) — 虚警率(conj),[性能衰退检测] → [虚警率],12,基于RF-SVR的燃油计量装置性能衰退检测和剩余寿命估计方法,性能衰退检测,虚警率
任务 → 评价指标 → Performance Metric,nn->nn->conj->nn->assmod->dobj->root->root->conj->ccomp->nsubj,性能(nn) — 衰退(nn) — 检测(conj) — 估计(nn) — 方面(assmod) — 研究(dobj) — 开展(root) — 进行(root) — 表明(conj) — 低于(ccomp) — 漏报率(nsubj),[性能衰退检测] → [漏报率],11,基于RF-SVR的燃油计量装置性能衰退检测和剩余寿命估计方法,性能衰退检测,漏报率
任务 → 评价指标 → Performance Metric,nn,估计(nn),[RUL估计] → [估计误差],1,基于RF-SVR的燃油计量装置性能衰退检测和剩余寿命估计方法,RUL估计,估计误差
技术 → 未推广应用 → 领域,punct->prnmod->nn->nsubj->root->conj->prep->pobj->conj->amod->nn->nn,)(punct) — RFID(prnmod) — 识别(nn) — 技术(nsubj) — 得到(root) — 得到(conj) — 在(prep) — 领域(pobj) — 领域(conj) — 民用(amod) — 航空(nn) — 制造(nn),[RFID技术] → [民用航空制造领域],12,基于RFID技术的机载设备维护管理系统,RFID技术,民用航空制造领域
技术 → 未推广应用 → 领域,punct->prnmod->nn->nsubj->root->conj->prep->pobj->nn->nn->nn,)(punct) — RFID(prnmod) — 识别(nn) — 技术(nsubj) — 得到(root) — 得到(conj) — 在(prep) — 领域(pobj) — 飞机(nn) — 运营(nn) — 维护(nn),[RFID技术] → [飞机运营维护领域],11,基于RFID技术的机载设备维护管理系统,RFID技术,飞机运营维护领域
系统 → 应用 → 技术,nn->pobj->prep->conj->root->nsubj->nn->prnmod->punct,维护(nn) — 领域(pobj) — 在(prep) — 得到(conj) — 得到(root) — 技术(nsubj) — 识别(nn) — RFID(prnmod) — )(punct),[机载设备维护管理系统] → [RFID技术],9,基于RFID技术的机载设备维护管理系统,机载设备维护管理系统,RFID技术
系统 → 应用 → 技术,nn->nn->assmod->dobj->conj->root->nsubj->nn->prnmod->punct,航空(nn) — 电子(nn) — 系统(assmod) — 之一(dobj) — 成为(conj) — 是(root) — 技术(nsubj) — 管理(nn) — PHM(prnmod) — )(punct),[航空电子系统] → [PHM技术],10,综合航空电子系统故障诊断与健康管理技术发展,航空电子系统,PHM技术
系统 → 应用 → 技术,nn->nn->cpm->amod->nn->dobj->rcmod->dobj->root->conj->dobj->rcmod->cpm->conj,航空(nn) — 电子(nn) — 的(cpm) — 在线(amod) — 测试(nn) — 设备(dobj) — 面向(rcmod) — 系统(dobj) — 提出(root) — 应用(conj) — 结构(dobj) — 新(rcmod) — 的(cpm) — 算法(conj),[航空电子设备在线测试系统] → [新算法],14,面向自主保障的航空电子设备在线测试系统,航空电子设备在线测试系统,新算法
系统 → 用于 → 任务,nn->pobj->prep->conj->root->prep->pobj->nn->amod,维护(nn) — 领域(pobj) — 在(prep) — 得到(conj) — 得到(root) — 在(prep) — 领域(pobj) — 机场(nn) — 民用(amod),[机载设备维护管理系统] → [民用飞机机载设备全生命周期维护和管理],9,基于RFID技术的机载设备维护管理系统,机载设备维护管理系统,民用飞机机载设备全生命周期维护和管理
系统 → 实现 → 目标,nn,维护(nn),[机载设备维护管理系统] → [机载设备全生命周期的高效维护和管理],1,基于RFID技术的机载设备维护管理系统,机载设备维护管理系统,机载设备全生命周期的高效维护和管理
系统 → 实现 → 目标,nn->nn->nn->nn->assmod->cpm->rcmod->dobj->conj->root->conj->dobj->nn,航空(nn) — 发动机(nn) — 健康(nn) — 管理(nn) — 系统(assmod) — 的(cpm) — 基于(rcmod) — 模型(dobj) — 提出(conj) — 引入(root) — 实现(conj) — 共享(dobj) — 资源(nn),[基于SOA的航空发动机健康管理系统] → [资源共享],13,基于SOA的航空发动机健康管理系统设计,基于SOA的航空发动机健康管理系统,资源共享
系统 → 实现 → 目标,nn->nn->nn->nn->assmod->cpm->rcmod->dobj->conj->root->nsubj->assmod->nn->nn->det->nn,航空(nn) — 发动机(nn) — 健康(nn) — 管理(nn) — 系统(assmod) — 的(cpm) — 基于(rcmod) — 模型(dobj) — 提出(conj) — 引入(root) — 管理(nsubj) — 周期(assmod) — 航空(nn) — 发动机(nn) — 全(det) — 生命(nn),[基于SOA的航空发动机健康管理系统] → [航空发动机全生命周期的健康管理],16,基于SOA的航空发动机健康管理系统设计,基于SOA的航空发动机健康管理系统,航空发动机全生命周期的健康管理
系统 → 实现 → 目标,punct->prnmod->nn->dobj->root->dep->dobj->conj->advmod->amod,)(punct) — PHM(prnmod) — 管理(nn) — 系统(dobj) — 装备(root) — 实现(dep) — 服役(dobj) — 运行(conj) — 高(advmod) — 可靠(amod),[PHM系统] → [高可靠运行],10,大型飞机机载系统预测与健康管理关键技术,PHM系统,高可靠运行
系统 → 实现 → 目标,punct->prnmod->nn->dobj->root->dep->dobj->amod,)(punct) — PHM(prnmod) — 管理(nn) — 系统(dobj) — 装备(root) — 实现(dep) — 服役(dobj) — 健康(amod),[PHM系统] → [健康服役],8,大型飞机机载系统预测与健康管理关键技术,PHM系统,健康服役
系统 → 实现 → 目标,nn->nn->cpm->amod->nn->dobj->rcmod->dobj->root->prep->pobj->rcmod->cpm->nn->conj,航空(nn) — 电子(nn) — 的(cpm) — 在线(amod) — 测试(nn) — 设备(dobj) — 面向(rcmod) — 系统(dobj) — 提出(root) — 针对(prep) — 问题(pobj) — 面向(rcmod) — 的(cpm) — 故障(nn) — 预测(conj),[航空电子设备在线测试系统] → [故障预测与健康管理],15,面向自主保障的航空电子设备在线测试系统,航空电子设备在线测试系统,故障预测与健康管理
系统 → 实现 → 目标,nn->nn->cpm->amod->nn->dobj->rcmod->dobj->root->prep->pobj->rcmod->dobj->amod,航空(nn) — 电子(nn) — 的(cpm) — 在线(amod) — 测试(nn) — 设备(dobj) — 面向(rcmod) — 系统(dobj) — 提出(root) — 针对(prep) — 问题(pobj) — 面向(rcmod) — 保障(dobj) — 自主(amod),[航空电子设备在线测试系统] → [自主保障],14,面向自主保障的航空电子设备在线测试系统,航空电子设备在线测试系统,自主保障
任务 → 验证 → 系统,nn,维护(nn),[例行维护任务] → [机载设备维护管理系统],1,基于RFID技术的机载设备维护管理系统,例行维护任务,机载设备维护管理系统
任务 → 针对 → 设备,nn->pobj->prep->conj->root->root->conj->prep->pobj->assmod->nn->amod,维护(nn) — 领域(pobj) — 在(prep) — 得到(conj) — 得到(root) — 提出(root) — 进行(conj) — 通过(prep) — 任务(pobj) — 设备(assmod) — 客舱(nn) — 应急(amod),[例行维护任务] → [客舱应急设备],12,基于RFID技术的机载设备维护管理系统,例行维护任务,客舱应急设备
领域 → 面临 → 挑战,amod->nn->nsubj->root->dobj->assmod->nn->conj,机载(amod) — 软件(nn) — 开发(nsubj) — 面临(root) — 挑战(dobj) — 方面(assmod) — 成本(nn) — 复杂性(conj),[机载软件开发] → [复杂性],8,基于SCADE的航空发动机FADEC软件开发,机载软件开发,复杂性
领域 → 面临 → 挑战,amod->nn->nsubj->root->dobj->assmod->nn->conj,机载(amod) — 软件(nn) — 开发(nsubj) — 面临(root) — 挑战(dobj) — 方面(assmod) — 成本(nn) — 安全性(conj),[机载软件开发] → [安全性],8,基于SCADE的航空发动机FADEC软件开发,机载软件开发,安全性
领域 → 面临 → 挑战,amod->nn->nsubj->root->dobj->assmod->nn,机载(amod) — 软件(nn) — 开发(nsubj) — 面临(root) — 挑战(dobj) — 方面(assmod) — 成本(nn),[机载软件开发] → [成本],7,基于SCADE的航空发动机FADEC软件开发,机载软件开发,成本
开发工具 → 应用于 → 开发任务,nn->nn->dobj->conj->root->root->nsubj->nn,SCADE(nn) — 开发(nn) — 应用(dobj) — 探索(conj) — 结合(root) — 面临(root) — 开发(nsubj) — 软件(nn),[SCADE] → [FADEC软件开发],8,基于SCADE的航空发动机FADEC软件开发,SCADE,FADEC软件开发
开发方法 → 应用于 → 开发任务,nsubj->nn,开发(nsubj) — 软件(nn),[基于模型开发] → [FADEC软件开发],2,基于SCADE的航空发动机FADEC软件开发,基于模型开发,FADEC软件开发
开发任务 → 针对 → 系统,nn->nsubj->root->root->prep->pobj->assmod->nn->nn->nn,软件(nn) — 开发(nsubj) — 面临(root) — 结合(root) — 针对(prep) — 研制(pobj) — 系统(assmod) — 航空(nn) — 发动机(nn) — 数控(nn),[FADEC软件开发] → [航空发动机数控系统],10,基于SCADE的航空发动机FADEC软件开发,FADEC软件开发,航空发动机数控系统
解决方案 → 用于 → 开发任务,nsubj->nn,开发(nsubj) — 软件(nn),[SCADE基于模型开发解决方案] → [应用软件开发],2,基于SCADE的航空发动机FADEC软件开发,SCADE基于模型开发解决方案,应用软件开发
验证方法 → 验证 → 产出物,pobj->nn->nn->dobj->conj->root->root->nsubj,模型(pobj) — 基于(nn) — 开发(nn) — 应用(dobj) — 探索(conj) — 结合(root) — 面临(root) — 开发(nsubj),[模型测试] → [开发结果],8,基于SCADE的航空发动机FADEC软件开发,模型测试,开发结果
验证方法 → 验证 → 产出物,pobj->nn->nn->dobj->conj->root->root->nsubj,模型(pobj) — 基于(nn) — 开发(nn) — 应用(dobj) — 探索(conj) — 结合(root) — 面临(root) — 开发(nsubj),[模型覆盖率分析] → [开发结果],8,基于SCADE的航空发动机FADEC软件开发,模型覆盖率分析,开发结果
验证方法 → 验证 → 产出物,nn->nsubj,软件(nn) — 开发(nsubj),[软件硬件集成测试] → [开发结果],2,基于SCADE的航空发动机FADEC软件开发,软件硬件集成测试,开发结果
流程 → 联合 → 开发工具,nsubj->root->root->conj->dobj->nn->nn,开发(nsubj) — 面临(root) — 结合(root) — 探索(conj) — 应用(dobj) — 开发(nn) — SCADE(nn),[基于模型开发流程] → [SCADE],7,基于SCADE的航空发动机FADEC软件开发,基于模型开发流程,SCADE
流程 → 联合 → 开发工具,nsubj->root->root->dobj->assmod,开发(nsubj) — 面临(root) — 提出(root) — 流程(dobj) — Simulink(assmod),[基于模型开发流程] → [Simulink],5,基于SCADE的航空发动机FADEC软件开发,基于模型开发流程,Simulink
开发工具 → 用于 → 领域,nn->nn->dobj->conj->root->root->nsubj->amod->nn,SCADE(nn) — 开发(nn) — 应用(dobj) — 探索(conj) — 结合(root) — 面临(root) — 开发(nsubj) — 机载(amod) — 软件(nn),[SCADE] → [机载软件开发],9,基于SCADE的航空发动机FADEC软件开发,SCADE,机载软件开发
方法 → 预测 → 预测目标,nn->nn->nsubj->ccomp->conj->root->prep->pccomp->dobj->nn->nn->nn,预测(nn) — SMO-SVR(nn) — 模型(nsubj) — 具有(ccomp) — 表明(conj) — 提出(root) — 为了(prep) — 预测(pccomp) — 情况(dobj) — 状态(nn) — 参量(nn) — 变化(nn),[SMO-SVR预测方法] → [状态参量变化情况],12,基于SMO-SVR的飞机舵面损伤故障趋势预测,SMO-SVR预测方法,状态参量变化情况
方法 → 用于 → 技术,amod->nummod->nn->amod->dobj->conj->conj->dobj->amod,改进(amod) — C-(nummod) — C(nn) — 平均(amod) — 方法(dobj) — 采用(conj) — 进行(conj) — 重构(dobj) — 相空间(amod),[改进C-C平均方法] → [相空间重构],9,基于SMO-SVR的飞机舵面损伤故障趋势预测,改进C-C平均方法,相空间重构
方法 → 用于 → 技术,amod->nn->conj->nn->dobj->conj->root->top->nn->nn,小(amod) — 波(nn) — 变换(conj) — 分解(nn) — 方法(dobj) — 采用(conj) — 是(root) — 提取(top) — 故障(nn) — 特征(nn),[小波变换] → [故障特征提取],10,航空电子设备故障预测特征参数提取方法研究,小波变换,故障特征提取
方法 → 用于 → 技术,conj->nn->nn->dobj->conj->root->top->nn->nn,变换(conj) — 傅里叶(nn) — 分解(nn) — 方法(dobj) — 采用(conj) — 是(root) — 提取(top) — 故障(nn) — 特征(nn),[傅里叶变换] → [故障特征提取],9,航空电子设备故障预测特征参数提取方法研究,傅里叶变换,故障特征提取
方法 → 用于 → 技术,nn->nn->nn->dobj->conj->root->top->nn->nn,经验(nn) — 模态(nn) — 分解(nn) — 方法(dobj) — 采用(conj) — 是(root) — 提取(top) — 故障(nn) — 特征(nn),[经验模态分解] → [故障特征提取],9,航空电子设备故障预测特征参数提取方法研究,经验模态分解,故障特征提取
技术 → 确定 → 参数,amod->dobj->conj->conj->conj->ccomp->advmod->dep->nn->dobj,相空间(amod) — 重构(dobj) — 进行(conj) — 采用(conj) — 确定(conj) — 嵌入(ccomp) — 最(advmod) — 优(dep) — 维数(nn) — m(dobj),[相空间重构] → [最优嵌入维数m],10,基于SMO-SVR的飞机舵面损伤故障趋势预测,相空间重构,最优嵌入维数m
技术 → 确定 → 参数,amod->dobj->conj->conj->conj->ccomp->conj->nn->dobj,相空间(amod) — 重构(dobj) — 进行(conj) — 采用(conj) — 确定(conj) — 嵌入(ccomp) — 延迟(conj) — 时间(nn) — τd(dobj),[相空间重构] → [延迟时间τd],9,基于SMO-SVR的飞机舵面损伤故障趋势预测,相空间重构,延迟时间τd
优化算法 → 优化 → 模型参数,nn->amod->nn->dobj->conj->root->conj->dobj->nn,区间(nn) — 自适应(amod) — 粒子群(nn) — 算法(dobj) — 利用(conj) — 提出(root) — 优化(conj) — 参数(dobj) — SVR(nn),[区间自适应粒子群算法] → [SVR参数],9,基于SMO-SVR的飞机舵面损伤故障趋势预测,区间自适应粒子群算法,SVR参数
优化算法 → 提高 → Performance Metric,nn->amod->nn->dobj->conj->root->conj->conj->dobj->nn->nn,区间(nn) — 自适应(amod) — 粒子群(nn) — 算法(dobj) — 利用(conj) — 提出(root) — 优化(conj) — 提高(conj) — 速度(dobj) — 参数(nn) — 优化(nn),[区间自适应粒子群算法] → [参数优化速度],11,基于SMO-SVR的飞机舵面损伤故障趋势预测,区间自适应粒子群算法,参数优化速度
方法 → 调整 → 算法组件,nn->nn->nsubj->ccomp->conj->root->conj->conj->dobj->assmod->nn,预测(nn) — SMO-SVR(nn) — 模型(nsubj) — 具有(ccomp) — 表明(conj) — 提出(root) — 采用(conj) — 调整(conj) — 准则(dobj) — 算法(assmod) — SMO(nn),[SMO-SVR预测方法] → [SMO算法的停机准则],11,基于SMO-SVR的飞机舵面损伤故障趋势预测,SMO-SVR预测方法,SMO算法的停机准则
预测模型 → 对比 → 预测模型,nn->nn->nsubj->ccomp->conj->root->conj->prep->pobj->nn->amod->nn,SMO-SVR(nn) — 预测(nn) — 模型(nsubj) — 具有(ccomp) — 表明(conj) — 提出(root) — 进行(conj) — 与(prep) — 方法(pobj) — 网络(nn) — 径向基函数(amod) — 神经(nn),[SMO-SVR预测模型] → [径向基函数神经网络],12,基于SMO-SVR的飞机舵面损伤故障趋势预测,SMO-SVR预测模型,径向基函数神经网络
预测模型 → 具有 → Performance Metric,nn->nn->nsubj->ccomp->dobj->nn,SMO-SVR(nn) — 预测(nn) — 模型(nsubj) — 具有(ccomp) — 能力(dobj) — 预测(nn),[SMO-SVR预测模型] → [预测能力],6,基于SMO-SVR的飞机舵面损伤故障趋势预测,SMO-SVR预测模型,预测能力
飞机部件 → 发生 → 故障,nn->nsubj->lccomp->dobj,飞机(nn) — 舵面(nsubj) — 出现(lccomp) — 损伤(dobj),[飞机舵面] → [损伤],4,基于SMO-SVR的飞机舵面损伤故障趋势预测,飞机舵面,损伤
任务 → 存在 → 问题,nn->nn->nn->nn->lobj->loc->rcmod->dobj->vmod->punct->nsubj->advmod->conj,航空(nn) — 健康(nn) — 管理(nn) — 发动机(nn) — 过程(lobj) — 中(loc) — 存在(rcmod) — 问题(dobj) — 低(vmod) — 、(punct) — 资源(nsubj) — 相对(advmod) — 缺乏(conj),[航空发动机健康管理] → [效率低、费用高、资源相对缺乏等问题],13,基于SOA的航空发动机健康管理系统设计,航空发动机健康管理,效率低、费用高、资源相对缺乏等问题
技术 → 引入到 → 领域,dobj->rcmod->nsubj->root->prep->pccomp->dobj->rcmod->loc->lobj->nn->nn->nn->nn,服务(dobj) — 面向(rcmod) — 架构(nsubj) — 引入(root) — 为了(prep) — 解决(pccomp) — 问题(dobj) — 存在(rcmod) — 中(loc) — 过程(lobj) — 发动机(nn) — 航空(nn) — 健康(nn) — 管理(nn),[面向服务的架构(SOA)] → [航空发动机健康管理],14,基于SOA的航空发动机健康管理系统设计,面向服务的架构(SOA),航空发动机健康管理
系统 → 降低 → 属性,nn->nn->nn->nn->assmod->cpm->rcmod->dobj->conj->root->conj->dobj->assmod->lobj,航空(nn) — 发动机(nn) — 健康(nn) — 管理(nn) — 系统(assmod) — 的(cpm) — 基于(rcmod) — 模型(dobj) — 提出(conj) — 引入(root) — 降低(conj) — 耦合性(dobj) — 间(assmod) — 系统(lobj),[基于SOA的航空发动机健康管理系统] → [系统间的耦合性],14,基于SOA的航空发动机健康管理系统设计,基于SOA的航空发动机健康管理系统,系统间的耦合性
系统 → 增加 → 属性,nn->nn->nn->nn->assmod->cpm->rcmod->dobj->conj->root->conj->dobj->assmod->assm->conj,航空(nn) — 发动机(nn) — 健康(nn) — 管理(nn) — 系统(assmod) — 的(cpm) — 基于(rcmod) — 模型(dobj) — 提出(conj) — 引入(root) — 增加(conj) — 伸缩性(dobj) — 系统(assmod) — 的(assm) — 扩展性(conj),[基于SOA的航空发动机健康管理系统] → [系统的扩展性和伸缩性],15,基于SOA的航空发动机健康管理系统设计,基于SOA的航空发动机健康管理系统,系统的扩展性和伸缩性
系统 → 缩短 → 指标,nn->nn->nn->nn->assmod->cpm->rcmod->dobj->conj->root->conj->dobj->nn,航空(nn) — 发动机(nn) — 健康(nn) — 管理(nn) — 系统(assmod) — 的(cpm) — 基于(rcmod) — 模型(dobj) — 提出(conj) — 引入(root) — 缩短(conj) — 时间(dobj) — 开发(nn),[基于SOA的航空发动机健康管理系统] → [开发时间],13,基于SOA的航空发动机健康管理系统设计,基于SOA的航空发动机健康管理系统,开发时间
方法 → 验证 → 系统,assmod->dobj->rcmod->cpm->nn->nn->nn->nn,系统(assmod) — 模型(dobj) — 基于(rcmod) — 的(cpm) — 航空(nn) — 发动机(nn) — 健康(nn) — 管理(nn),[系统集成方法] → [基于SOA的航空发动机健康管理系统],8,基于SOA的航空发动机健康管理系统设计,系统集成方法,基于SOA的航空发动机健康管理系统
技术 → 具有 → 价值,rcmod->dobj->nsubj->root->root->conj->dobj->amod,面向(rcmod) — 服务(dobj) — 架构(nsubj) — 引入(root) — 结合(root) — 指出(conj) — 价值(dobj) — 重要(amod),[面向服务的架构(SOA)] → [重要价值],8,基于SOA的航空发动机健康管理系统设计,面向服务的架构(SOA),重要价值
技术 → 具有 → 价值,nn->pobj->assmod->dobj->conj->root->conj->ccomp->dobj->cc->nn,马氏(nn) — 距离(pobj) — 基于(assmod) — 方法(dobj) — 提出(conj) — 是(root) — 表明(conj) — 有(ccomp) — 价值(dobj) — 和(cc) — 推广(nn),[马氏距离] → [应用和推广价值],11,基于马氏距离的航空装备故障预测研究,马氏距离,应用和推广价值
方法 → 建立 → Model,nn->nn->nn->cpm->rcmod->dobj->root->loc->lobj->nn->prnmod->punct->nn,APU(nn) — 故障(nn) — 预测(nn) — 的(cpm) — 基于(rcmod) — 方法(dobj) — 提出(root) — 时(loc) — 预测(lobj) — 装置(nn) — APU(prnmod) — )(punct) — 故障(nn),[基于实时报文数据的APU故障预测方法] → [多参数故障预测模型],13,基于SVM方法的APU故障预测方法,基于实时报文数据的APU故障预测方法,多参数故障预测模型
方法 → 建立 → Model,punct->prnmod->pobj->assmod->dobj->root->root->dobj->conj,",(punct) — UML(prnmod) — 语言(pobj) — 基于(assmod) — 方法(dobj) — 提出(root) — 建立(root) — 模型(dobj) — 用例图(conj)",[UML设计] → [用例图],9,基于UML的民用飞机电源系统设计与实现,UML设计,用例图
方法 → 建立 → Model,punct->prnmod->pobj->assmod->dobj->root->root->dobj->conj->amod->nn,",(punct) — UML(prnmod) — 语言(pobj) — 基于(assmod) — 方法(dobj) — 提出(root) — 建立(root) — 模型(dobj) — 模型(conj) — 静态(amod) — 结构(nn)",[UML设计] → [静态结构模型],11,基于UML的民用飞机电源系统设计与实现,UML设计,静态结构模型
方法 → 建立 → Model,punct->prnmod->pobj->assmod->dobj->root->root->dobj->amod->nn,",(punct) — UML(prnmod) — 语言(pobj) — 基于(assmod) — 方法(dobj) — 提出(root) — 建立(root) — 模型(dobj) — 动态(amod) — 行为(nn)",[UML设计] → [动态行为模型],10,基于UML的民用飞机电源系统设计与实现,UML设计,动态行为模型
方法 → 建立 → Model,amod->dobj->rcmod->dobj->root->conj->dep->dobj->nn->nn,灰色(amod) — 理论(dobj) — 基于(rcmod) — 方法(dobj) — 提出(root) — 处理(conj) — 建立(dep) — GM(dobj) — 预测(nn) — 模型(nn),"[基于灰色理论的故障预测方法] → [预测模型GM(1,1)]",10,基于灰色理论的172飞机故障预测方法,基于灰色理论的故障预测方法,"预测模型GM(1,1)"
方法 → 建立 → Model,nn->pobj->assmod->dobj->conj->root->conj->conj->dobj->nn->nn,马氏(nn) — 距离(pobj) — 基于(assmod) — 方法(dobj) — 提出(conj) — 是(root) — 介绍(conj) — 建立(conj) — 模型(dobj) — 状态(nn) — 判别(nn),[基于马氏距离的故障预测方法] → [状态判别模型],11,基于马氏距离的航空装备故障预测研究,基于马氏距离的故障预测方法,状态判别模型
方法 → 建立 → Model,nsubj,维修(nsubj),[民机维修成本效益仿真评估方法] → [计划维修优化模型],1,考虑预测与健康管理的民机维修成本效益仿真评估方法,民机维修成本效益仿真评估方法,计划维修优化模型
方法 → 建立 → Model,nsubj,维修(nsubj),[民机维修成本效益仿真评估方法] → [非计划维修可控模型],1,考虑预测与健康管理的民机维修成本效益仿真评估方法,民机维修成本效益仿真评估方法,非计划维修可控模型
方法 → 建立 → Model,nsubj->root->root->nsubj->punct,"维修(nsubj) — 是(root) — 处(root) — PHM(nsubj) — ,(punct)",[民机维修成本效益仿真评估方法] → [PHM错误影响分析模型],5,考虑预测与健康管理的民机维修成本效益仿真评估方法,民机维修成本效益仿真评估方法,PHM错误影响分析模型
方法 → 建立 → Model,nn,设计(nn),[模型设计方法] → [硬件设计模型],1,航空发动机机载健康管理系统设计方法,模型设计方法,硬件设计模型
Model → 基于 → 算法,punct->nn->lobj->prnmod->nn->loc->root->root->conj->dobj->rcmod->dobj,)(punct) — 故障(nn) — 预测(lobj) — APU(prnmod) — 装置(nn) — 时(loc) — 提出(root) — 进行(root) — 建立(conj) — 模型(dobj) — 支持(rcmod) — 向量机(dobj),[多参数故障预测模型] → [支持向量机],12,基于SVM方法的APU故障预测方法,多参数故障预测模型,支持向量机
Model → 基于 → 算法,nn->nsubj->rcmod->pobj->prep->root->root->prep->pccomp->dobj->rcmod->dobj->nn,资源(nn) — 利用率(nsubj) — 低(rcmod) — 问题(pobj) — 针对(prep) — 提出(root) — 使得(root) — 通过(prep) — 建立(pccomp) — 模型(dobj) — 基于(rcmod) — 算法(dobj) — 粒子群(nn),[资源分配模型] → [粒子群算法],13,基于云计算的飞机PHM体系架构研究,资源分配模型,粒子群算法
方法 → 用于选取 → 参数,amod->pobj->prep->ccomp->dep->root->root->loc->lobj->nn->prnmod->punct,"相关性(amod) — 分析(pobj) — 通过(prep) — 选取(ccomp) — 提出(dep) — 进行(root) — 提出(root) — 时(loc) — 预测(lobj) — 装置(nn) — APU(prnmod) — ,(punct)",[相关性分析] → [表征APU运行性能的参数],12,基于SVM方法的APU故障预测方法,相关性分析,表征APU运行性能的参数
步骤 → 依据 → 依据,punct->nsubj->prnmod->nn->pccomp->prep->root->root->conj->prep->pobj->nn->conj->nn,)(punct) — 数据(nsubj) — QAR(prnmod) — 记录器(nn) — 存在(pccomp) — 基于(prep) — 提出(root) — 进行(root) — 进行(conj) — 从(prep) — 角度(pobj) — 情况(nn) — 阈值(conj) — 参数(nn),[数据集标注] → [参数阈值],14,基于SVM方法的APU故障预测方法,数据集标注,参数阈值
步骤 → 依据 → 数据,punct->nsubj->prnmod->nn->pccomp->prep->root->root->conj->prep->pobj->nn->conj->nn,)(punct) — 数据(nsubj) — QAR(prnmod) — 记录器(nn) — 存在(pccomp) — 基于(prep) — 提出(root) — 进行(root) — 进行(conj) — 从(prep) — 角度(pobj) — 情况(nn) — 记录(conj) — 维修(nn),[数据集标注] → [维修记录],14,基于SVM方法的APU故障预测方法,数据集标注,维修记录
Model → 为...提供参考 → 策略,nn->lobj->punct->prnmod->punct,"故障(nn) — 预测(lobj) — )(punct) — APU(prnmod) — ,(punct)",[多参数故障预测模型] → [APU视情维修策略],5,基于SVM方法的APU故障预测方法,多参数故障预测模型,APU视情维修策略
方法 → 缩短 → 指标,amod->nn->nn->dobj->dep->prep->pobj->rcmod->nsubj->nn->nn,分层(amod) — 插件(nn) — 设计(nn) — 方法(dobj) — 采用(dep) — 针对(prep) — 问题(pobj) — 长(rcmod) — 周期(nsubj) — 软件(nn) — 开发(nn),[分层插件设计方法] → [软件开发周期],11,基于UML的民用飞机电源系统设计与实现,分层插件设计方法,软件开发周期
方法 → 缩短 → 指标,nn->dobj->root->dep->prep->pobj->rcmod->nsubj->nn,设计(nn) — 方法(dobj) — 提出(root) — 采用(dep) — 针对(prep) — 问题(pobj) — 长(rcmod) — 周期(nsubj) — 开发(nn),[软硬件独立设计] → [系统开发周期],9,基于UML的民用飞机电源系统设计与实现,软硬件独立设计,系统开发周期
方法 → 降低 → 指标,amod->nn->nn->dobj->dep->prep->pobj->rcmod->conj->nsubj,分层(amod) — 插件(nn) — 设计(nn) — 方法(dobj) — 采用(dep) — 针对(prep) — 问题(pobj) — 长(rcmod) — 高(conj) — 成本(nsubj),[分层插件设计方法] → [成本],10,基于UML的民用飞机电源系统设计与实现,分层插件设计方法,成本
方法 → 降低 → 指标,amod->dobj->rcmod->dobj->root->prep->pobj->nn,灰色(amod) — 理论(dobj) — 基于(rcmod) — 方法(dobj) — 提出(root) — 针对(prep) — 问题(pobj) — 故障率(nn),[基于灰色理论的故障预测方法] → [故障率],8,基于灰色理论的172飞机故障预测方法,基于灰色理论的故障预测方法,故障率
设计 → 实现 → 功能,nn->assmod->pobj->prep->root->root->conj->dobj->amod->amod,系统(nn) — 软件(assmod) — 要求(pobj) — 针对(prep) — 提出(root) — 建立(root) — 进行(conj) — 监控(dobj) — 实时(amod) — 健康(amod),[系统设计] → [实时健康监控],10,基于UML的民用飞机电源系统设计与实现,系统设计,实时健康监控
设计 → 实现 → 功能,nn->assmod->pobj->prep->root->root->conj->dobj->nn,系统(nn) — 软件(assmod) — 要求(pobj) — 针对(prep) — 提出(root) — 建立(root) — 完成(conj) — 管理(dobj) — 配电(nn),[系统设计] → [配电管理],9,基于UML的民用飞机电源系统设计与实现,系统设计,配电管理
设计 → 实现 → 功能,nn->assmod->pobj->prep->root->root->conj->dobj->amod,系统(nn) — 软件(assmod) — 要求(pobj) — 针对(prep) — 提出(root) — 建立(root) — 进行(conj) — 监控(dobj) — 健康(amod),[系统设计] → [自身健康管理],9,基于UML的民用飞机电源系统设计与实现,系统设计,自身健康管理
软件 → 具有 → 属性,amod->assmod->pobj->nn->conj,嵌入式(amod) — 软件(assmod) — 要求(pobj) — 可扩展性(nn) — 可移植性(conj),[嵌入式软件] → [可移植性],5,基于UML的民用飞机电源系统设计与实现,嵌入式软件,可移植性
软件 → 具有 → 属性,amod->assmod->pobj->nn,嵌入式(amod) — 软件(assmod) — 要求(pobj) — 可扩展性(nn),[嵌入式软件] → [可扩展性],4,基于UML的民用飞机电源系统设计与实现,嵌入式软件,可扩展性
活动 → 采用 → 建模语言,assm->nn->conj->assmod->dobj->conj->root->dobj->prnmod,的(assm) — 故障(nn) — 诊断(conj) — 设备(assmod) — 设计(dobj) — 进行(conj) — 采用(root) — 语言(dobj) — UML(prnmod),[航电设备故障诊断与预测系统设计] → [UML],9,基于UML的航电设备故障诊断与预测系统设计,航电设备故障诊断与预测系统设计,UML
建模语言 → 基于 → 技术,prnmod->dobj->rcmod->dobj->amod->nn,UML(prnmod) — 语言(dobj) — 具有(rcmod) — 技术(dobj) — 面向(amod) — 对象(nn),[UML] → [面向对象技术],6,基于UML的航电设备故障诊断与预测系统设计,UML,面向对象技术
系统 → 建立 → Model,assm->nn->conj->assmod->dobj->conj->root->conj->dobj->nn,的(assm) — 故障(nn) — 诊断(conj) — 设备(assmod) — 设计(dobj) — 进行(conj) — 采用(root) — 建立(conj) — 模型(dobj) — UML(nn),[航电设备故障诊断与预测系统] → [UML模型],10,基于UML的航电设备故障诊断与预测系统设计,航电设备故障诊断与预测系统,UML模型
系统 → 建立 → Model,nn->nn->nn->nn->nn->dobj->root->root->conj->dobj->nn->nn->nn,民航(nn) — 发动机(nn) — 拆发(nn) — 日期(nn) — 预测(nn) — 系统(dobj) — 开发(root) — 提出(root) — 建立(conj) — 模型(dobj) — 硬件(nn) — 损伤(nn) — 发展(nn),[民航发动机拆发日期预测系统] → [硬件损伤发展模型],13,面向MRO的民航发动机拆发日期预测系统,民航发动机拆发日期预测系统,硬件损伤发展模型
系统 → 开发 → 软件,assm->nn->conj->assmod->dobj->conj->root->conj->conj->dep->dobj->nn,的(assm) — 故障(nn) — 诊断(conj) — 设备(assmod) — 设计(dobj) — 进行(conj) — 采用(root) — 建立(conj) — 设计(conj) — 开发(dep) — 软件(dobj) — 系统(nn),[航电设备故障诊断与预测系统] → [系统软件],12,基于UML的航电设备故障诊断与预测系统设计,航电设备故障诊断与预测系统,系统软件
方法 → 验证 → 属性,nn->nn->nn->nsubj->conj->root->conj->dobj->assmod->assm,状态(nn) — 预测(nn) — 趋势(nn) — 结果(nsubj) — 建立(conj) — 采用(root) — 说明(conj) — 有效性(dobj) — 系统(assmod) — 的(assm),[状态趋势预测] → [系统有效性],10,基于UML的航电设备故障诊断与预测系统设计,状态趋势预测,系统有效性
方法 → 验证 → 属性,nn->nn->pobj->assmod->pobj->prep->conj->dobj->rcmod->nsubj->nn,网络(nn) — 算法(nn) — 结果(pobj) — 与(assmod) — 比较(pobj) — 通过(prep) — 验证(conj) — 有效性(dobj) — 用于(rcmod) — 模型(nsubj) — LSTM(nn),[与其他网络算法的比较] → [LSTM模型有效性],11,基于模型的发动机喘振故障关键参量仿真与预测,与其他网络算法的比较,LSTM模型有效性
方法 → 分析 → 数据,nn->nn->nn->nsubj->nn->nummod->nn->nn->nn,状态(nn) — 预测(nn) — 趋势(nn) — 结果(nsubj) — 电压(nn) — +(nummod) — 5V(nn) — 输出(nn) — 数据(nn),[状态趋势预测] → [+5V输出电压数据],9,基于UML的航电设备故障诊断与预测系统设计,状态趋势预测,+5V输出电压数据
方法 → 分析 → 数据,amod->nn->dobj->pccomp->prep->conj->root->root->conj->dobj->amod,大(amod) — 规模(nn) — 电路(dobj) — 属于(pccomp) — 由于(prep) — 混叠(conj) — 是(root) — 使用(root) — 分析(conj) — 数据集(dobj) — 高维(amod),[极大似然法] → [高维数据集],11,航空电子设备故障预测特征参数提取方法研究,极大似然法,高维数据集
硬件 → 产生 → 数据,nn->assmod->nn->nummod->nn->nn->nn,设备(nn) — 电源(assmod) — 电压(nn) — +(nummod) — 5V(nn) — 输出(nn) — 数据(nn),[航电设备电源] → [+5V输出电压数据],7,基于UML的航电设备故障诊断与预测系统设计,航电设备电源,+5V输出电压数据
体系架构 → 解决 → 问题,punct->punct->nn->prnmod->nn->dobj->root->prep->pobj->rcmod->nsubj->nn->nn->nn,((punct) — )(punct) — 体系(nn) — PHM(prnmod) — 管理(nn) — 架构(dobj) — 提出(root) — 针对(prep) — 问题(pobj) — 低(rcmod) — 利用率(nsubj) — 飞机(nn) — 维修(nn) — 资源(nn),[基于云计算的PHM体系架构] → [飞机维修资源利用率低问题],14,基于云计算的飞机PHM体系架构研究,基于云计算的PHM体系架构,飞机维修资源利用率低问题
体系架构 → 解决 → 问题,punct->punct->nn->prnmod->nn->dobj->root->prep->pobj->rcmod->nsubj->nn,((punct) — )(punct) — 体系(nn) — PHM(prnmod) — 管理(nn) — 架构(dobj) — 提出(root) — 针对(prep) — 问题(pobj) — 低(rcmod) — 利用率(nsubj) — 资源(nn),[基于云计算的PHM体系架构] → [资源优化问题],12,基于云计算的飞机PHM体系架构研究,基于云计算的PHM体系架构,资源优化问题
体系架构 → 提高 → Performance Metric,punct->punct->nn->dobj->prnmod,((punct) — )(punct) — 体系(nn) — 架构(dobj) — PHM(prnmod),[基于云计算的PHM体系架构] → [PHM系统通用性],5,基于云计算的飞机PHM体系架构研究,基于云计算的PHM体系架构,PHM系统通用性
体系架构 → 提高 → Performance Metric,punct->punct->nn->prnmod->nn->dobj->root->prep->pobj->rcmod->nsubj,((punct) — )(punct) — 体系(nn) — PHM(prnmod) — 管理(nn) — 架构(dobj) — 提出(root) — 针对(prep) — 问题(pobj) — 低(rcmod) — 利用率(nsubj),[基于云计算的PHM体系架构] → [知识利用率],11,基于云计算的飞机PHM体系架构研究,基于云计算的PHM体系架构,知识利用率
实验 → 运用 → 平台,nn->dobj->conj->root->dobj->nn,仿真(nn) — 实验(dobj) — 进行(conj) — 运用(root) — 平台(dobj) — CloudSim(nn),[仿真实验] → [CloudSim平台],6,基于云计算的飞机PHM体系架构研究,仿真实验,CloudSim平台
Model → 分配 → 资源,nn->nsubj->rcmod->pobj->prep->root->dobj->nn->prnmod->punct,资源(nn) — 利用率(nsubj) — 低(rcmod) — 问题(pobj) — 针对(prep) — 提出(root) — 架构(dobj) — 管理(nn) — PHM(prnmod) — ((punct),[资源分配模型] → [虚拟层PHM资源],10,基于云计算的飞机PHM体系架构研究,资源分配模型,虚拟层PHM资源
技术 → 应用于 → 过程,nn->nn->nn->nn->nsubj->root->prep->plmod->lobj->nn->conj,飞机(nn) — 结构(nn) — 健康(nn) — 监测(nn) — 技术(nsubj) — 发挥(root) — 在(prep) — 中(plmod) — 过程(lobj) — 结构(nn) — 设计(conj),[飞机结构健康监测技术] → [结构设计],11,基于健康监测的飞机结构寿命预测技术,飞机结构健康监测技术,结构设计
技术 → 应用于 → 过程,nn->nn->nn->nn->nsubj->root->prep->plmod->lobj->nn->conj,飞机(nn) — 结构(nn) — 健康(nn) — 监测(nn) — 技术(nsubj) — 发挥(root) — 在(prep) — 中(plmod) — 过程(lobj) — 维护(nn) — 飞行(conj),[飞机结构健康监测技术] → [飞行],11,基于健康监测的飞机结构寿命预测技术,飞机结构健康监测技术,飞行
技术 → 应用于 → 过程,nn->nn->nn->nn->nsubj->root->prep->plmod->lobj->nn,飞机(nn) — 结构(nn) — 健康(nn) — 监测(nn) — 技术(nsubj) — 发挥(root) — 在(prep) — 中(plmod) — 过程(lobj) — 维护(nn),[飞机结构健康监测技术] → [维护过程],10,基于健康监测的飞机结构寿命预测技术,飞机结构健康监测技术,维护过程
飞机型号 → 是 → 案例,conj->pobj->prep->root->root->nsubj->nn->nn->nn,F-35(conj) — A400M(pobj) — 以(prep) — 为(root) — 发挥(root) — 技术(nsubj) — 结构(nn) — 健康(nn) — 监测(nn),[F-35] → [结构健康监测工程案例],9,基于健康监测的飞机结构寿命预测技术,F-35,结构健康监测工程案例
飞机型号 → 是 → 案例,pobj->prep->root->root->nsubj->nn->nn->nn,A400M(pobj) — 以(prep) — 为(root) — 发挥(root) — 技术(nsubj) — 结构(nn) — 健康(nn) — 监测(nn),[A400M] → [结构健康监测工程案例],8,基于健康监测的飞机结构寿命预测技术,A400M,结构健康监测工程案例
任务 → 包含 → 流程,cc->nn->conj->dobj->root->root->nsubj->det,和(cc) — 寿命(nn) — 控制(conj) — 预测(dobj) — 给出(root) — 介绍(root) — 文(nsubj) — 本(det),[寿命预计] → [基本流程],8,基于健康监测的飞机结构寿命预测技术,寿命预计,基本流程
流程 → 包含 → 环节,nn->cc->conj,寿命(nn) — 和(cc) — 控制(conj),[寿命预计流程] → [控制点选择],3,基于健康监测的飞机结构寿命预测技术,寿命预计流程,控制点选择
流程 → 包含 → 环节,cc->nn->conj->dobj->root->root->prep->plmod->lobj->nn->punct->conj,和(cc) — 寿命(nn) — 控制(conj) — 预测(dobj) — 给出(root) — 发挥(root) — 在(prep) — 中(plmod) — 过程(lobj) — 维护(nn) — 、(punct) — 飞行(conj),[寿命预计流程] → [飞行参数筛选],12,基于健康监测的飞机结构寿命预测技术,寿命预计流程,飞行参数筛选
流程 → 包含 → 环节,cc->nn->conj->dobj->root->root->dobj->nn->punct->nn->nn->conj,和(cc) — 寿命(nn) — 控制(conj) — 预测(dobj) — 给出(root) — 阐述(root) — 环节(dobj) — 验证(nn) — /(punct) — 应变(nn) — 方程(nn) — 构建(conj),[寿命预计流程] → [载荷/应变方程构建],12,基于健康监测的飞机结构寿命预测技术,寿命预计流程,载荷/应变方程构建
流程 → 包含 → 环节,nn->cc,寿命(nn) — 和(cc),[寿命预计流程] → [损伤计算及寿命评估],2,基于健康监测的飞机结构寿命预测技术,寿命预计流程,损伤计算及寿命评估
流程 → 包含 → 环节,cc->nn->conj->dobj->root->root->dobj->nn->punct->nn->conj,和(cc) — 寿命(nn) — 控制(conj) — 预测(dobj) — 给出(root) — 阐述(root) — 环节(dobj) — 验证(nn) — 、(punct) — 结果(nn) — 输出(conj),[寿命预计流程] → [结果输出及方程验证],11,基于健康监测的飞机结构寿命预测技术,寿命预计流程,结果输出及方程验证
流程 → 包含 → 环节,nn,发动机(nn),[发动机健康管理流程] → [发动机状态监测],1,面向MRO的民航发动机拆发日期预测系统,发动机健康管理流程,发动机状态监测
流程 → 包含 → 环节,nn->assmod->pobj->prep->root->dobj->nn->nn->nn,发动机(nn) — 大修(assmod) — 需求(pobj) — 针对(prep) — 开发(root) — 系统(dobj) — 日期(nn) — 拆发(nn) — 预测(nn),[发动机健康管理流程] → [拆发日期预测],9,面向MRO的民航发动机拆发日期预测系统,发动机健康管理流程,拆发日期预测
流程 → 包含 → 环节,nn->assmod->punct->conj,发动机(nn) — 大修(assmod) — 、(punct) — 维修(conj),[发动机健康管理流程] → [维修决策],4,面向MRO的民航发动机拆发日期预测系统,发动机健康管理流程,维修决策
方法 → 存在 → 问题,nn->nsubj->root->root->dobj->rcmod->cc->dep,监测(nn) — 技术(nsubj) — 发挥(root) — 总结(root) — 因素(dobj) — 研究(rcmod) — 及(cc) — 限制(dep),[基于裂纹的监测方法] → [应用限制因素],8,基于健康监测的飞机结构寿命预测技术,基于裂纹的监测方法,应用限制因素
方法 → 存在 → 问题,amod->nn->nn->nsubj->root->dobj->vmod->nsubj->neg,传统(amod) — 健康(nn) — 管理(nn) — 方式(nsubj) — 存在(root) — 问题(dobj) — 完备(vmod) — 知识(nsubj) — 不(neg),[传统健康管理方式] → [知识不完备],9,基于数字孪生的飞机起落架健康管理技术,传统健康管理方式,知识不完备
方法 → 存在 → 问题,amod->nn->nn->nsubj->root->dobj->vmod->conj->nsubj->neg,传统(amod) — 健康(nn) — 管理(nn) — 方式(nsubj) — 存在(root) — 问题(dobj) — 完备(vmod) — 平衡(conj) — 数据(nsubj) — 不(neg),[传统健康管理方式] → [数据不平衡],10,基于数字孪生的飞机起落架健康管理技术,传统健康管理方式,数据不平衡
方法 → 存在 → 问题,amod->nn->nn->nsubj->root->dobj->vmod->conj->nsubj,传统(amod) — 健康(nn) — 管理(nn) — 方式(nsubj) — 存在(root) — 问题(dobj) — 完备(vmod) — 固化(conj) — 模型(nsubj),[传统健康管理方式] → [模型固化],9,基于数字孪生的飞机起落架健康管理技术,传统健康管理方式,模型固化
领域 → 未来研究方向 → 研究方向,nn->nsubj->pccomp->prep->root->root->nsubj->nn->nn->nn,航空(nn) — 领域(nsubj) — 开展(pccomp) — 对(prep) — 进行(root) — 发挥(root) — 技术(nsubj) — 结构(nn) — 健康(nn) — 监测(nn),[航空领域] → [结构健康监测智能化],10,基于健康监测的飞机结构寿命预测技术,航空领域,结构健康监测智能化
技术 → 解决 → 问题,nn->nn->nn->dobj->root->prep->pccomp->dobj->rcmod->nsubj->amod->nn->nn,预测(nn) — 技术(nn) — 故障(nn) — 研究(dobj) — 开展(root) — 为(prep) — 解决(pccomp) — 难题(dobj) — 高(rcmod) — 费用(nsubj) — 全(amod) — 寿命(nn) — 周期(nn),[故障预测技术] → [全寿命周期费用],13,基于免疫神经网络的航空设备故障预测研究,故障预测技术,全寿命周期费用
技术 → 解决 → 问题,nn->nn->nn->dobj->root->prep->pccomp->dobj->rcmod->conj->nsubj->nsubj,预测(nn) — 技术(nn) — 故障(nn) — 研究(dobj) — 开展(root) — 为(prep) — 解决(pccomp) — 难题(dobj) — 高(rcmod) — 差(conj) — 经济(nsubj) — 可承受性(nsubj),[故障预测技术] → [经济可承受性],12,基于免疫神经网络的航空设备故障预测研究,故障预测技术,经济可承受性
技术 → 解决 → 问题,nn->dobj->root->root->pobj->vmod->dep,Dropout(nn) — 机制(dobj) — 引入(root) — 针对(root) — 问题(pobj) — 大(vmod) — 等(dep),[Dropout机制] → [过拟合问题],7,基于多模型融合的航空电子产品故障预测方法,Dropout机制,过拟合问题
技术 → 解决 → 问题,rcmod->dobj->dobj->conj->root->root->prep->pccomp->conj->nsubj->nn,含(rcmod) — Dropout(dobj) — 训练(dobj) — 进行(conj) — 提出(root) — 是(root) — 由于(prep) — 存在(pccomp) — 存在(conj) — 分布(nsubj) — 数据(nn),[含Dropout的迁移训练] → [数据分布差异带来的预测偏差],11,基于多深度置信网络融合的航空电子设备故障预测,含Dropout的迁移训练,数据分布差异带来的预测偏差
技术 → 解决 → 问题,nn->nn->lobj->loc->nsubj->nn->advmod,液压(nn) — 系统(nn) — 换向阀(lobj) — 内(loc) — 泄漏(nsubj) — 电液(nn) — 无法(advmod),[有源液压测试技术] → [电液换向阀内泄漏无法预测的问题],7,基于有源液压测试的电液换向阀泄漏预测理论与应用研究,有源液压测试技术,电液换向阀内泄漏无法预测的问题
技术 → 解决 → 问题,conj->assmod->pobj->prep->root->root->ccomp->conj->dobj->assmod->assm->conj,技术(conj) — 技术(assmod) — 发展(pobj) — 随着(prep) — 复杂(root) — 研究(root) — 采用(ccomp) — 解决(conj) — 问题(dobj) — 在(assmod) — 的(assm) — 可靠性(conj),[系统管理技术] → [可靠性问题],12,综合化航空电子的系统管理技术,系统管理技术,可靠性问题
技术 → 解决 → 问题,conj->assmod->pobj->prep->root->root->ccomp->conj->dobj->nn,技术(conj) — 技术(assmod) — 发展(pobj) — 随着(prep) — 复杂(root) — 研究(root) — 采用(ccomp) — 解决(conj) — 问题(dobj) — 可用性(nn),[系统管理技术] → [可用性问题],10,综合化航空电子的系统管理技术,系统管理技术,可用性问题
技术 → 解决 → 问题,rcmod->amod->dobj->pobj->prep->dep->root->root->conj->dep->dobj,增加(rcmod) — 线性(amod) — 约束(dobj) — 方式(pobj) — 通过(prep) — 解决(dep) — 研究(root) — 具有(root) — 使得(conj) — 具有(dep) — 不确定性(dobj),[增加线性约束] → [不确定性问题],11,飞机性能参数预测的不确定性处理,增加线性约束,不确定性问题
算法 → 改进 → 模型组件,nn->dobj->root->dobj->amod->nn,免疫(nn) — 算法(dobj) — 采用(root) — 函数(dobj) — 隐含层(amod) — 激励(nn),[免疫算法] → [隐含层激励函数],6,基于免疫神经网络的航空设备故障预测研究,免疫算法,隐含层激励函数
算法 → 构建 → Model,nn->dobj->root->conj->dobj->nn->nn,免疫(nn) — 算法(dobj) — 采用(root) — 得到(conj) — 网络(dobj) — 免疫(nn) — 神经(nn),[免疫算法] → [免疫神经网络],7,基于免疫神经网络的航空设备故障预测研究,免疫算法,免疫神经网络
算法 → 构建 → Model,amod->nn->pobj,遗传(amod) — 神经(nn) — 网络(pobj),[改进遗传算法] → [遗传神经网络],3,基于遗传神经网络的航空装备故障预测,改进遗传算法,遗传神经网络
Model → 实现 → 任务,nn->nn->dobj->conj->root->root->dobj->nn->nn,免疫(nn) — 神经(nn) — 网络(dobj) — 得到(conj) — 采用(root) — 开展(root) — 研究(dobj) — 故障(nn) — 预测(nn),[免疫神经网络] → [故障预测],9,基于免疫神经网络的航空设备故障预测研究,免疫神经网络,故障预测
Model → 实现 → 任务,amod->nn->pobj->assmod->dobj->nn->nn,遗传(amod) — 神经(nn) — 网络(pobj) — 基于(assmod) — 研究(dobj) — 故障(nn) — 预测(nn),[遗传神经网络] → [故障预测],7,基于遗传神经网络的航空装备故障预测,遗传神经网络,故障预测
任务 → 存在问题 → 问题,nn->nn->nn->nn->nn->lobj->loc->rcmod->nn->nsubj->neg,航空(nn) — 发动机(nn) — 轴承(nn) — 诊断(nn) — 故障(nn) — 过程(lobj) — 中(loc) — 足(rcmod) — 预测(nn) — 精度(nsubj) — 不(neg),[航空发动机轴承故障诊断] → [预测精度不足],11,基于半监督迁移学习的轴承故障诊断方法,航空发动机轴承故障诊断,预测精度不足
任务 → 存在问题 → 问题,nn->nn->nn->nn->nn->lobj->loc->rcmod->conj->neg,航空(nn) — 发动机(nn) — 轴承(nn) — 诊断(nn) — 故障(nn) — 过程(lobj) — 中(loc) — 足(rcmod) — 拟合(conj) — 过(neg),[航空发动机轴承故障诊断] → [过拟合],10,基于半监督迁移学习的轴承故障诊断方法,航空发动机轴承故障诊断,过拟合
方法 → 迁移 → 数据,dobj->rcmod->nsubj->ccomp->root->root->dobj->amod->nn,学习(dobj) — 基于(rcmod) — 学习器(nsubj) — 用以(ccomp) — 提出(root) — 迁移(root) — 样本(dobj) — 高(amod) — 相似度(nn),[极限学习机(TELM)] → [高相似度样本],9,基于半监督迁移学习的轴承故障诊断方法,极限学习机(TELM),高相似度样本
方法 → 迁移 → 数据,nn->assm->rcmod->dobj->root->dobj->amod->nn,支持(nn) — 的(assm) — 基于(rcmod) — 向量机(dobj) — 迁移(root) — 样本(dobj) — 高(amod) — 相似度(nn),[支持向量机(TSVM)] → [高相似度样本],8,基于半监督迁移学习的轴承故障诊断方法,支持向量机(TSVM),高相似度样本
数据 → 加入 → 数据,amod->nn->dobj->root->dep->dobj->amod->nn,高(amod) — 相似度(nn) — 样本(dobj) — 迁移(root) — 加入(dep) — 空间(dobj) — 源(amod) — 样本(nn),[高相似度样本] → [源样本空间],8,基于半监督迁移学习的轴承故障诊断方法,高相似度样本,源样本空间
方法 → 识别 → 数据,nsubj->ccomp->root->root->dobj,学习器(nsubj) — 用以(ccomp) — 提出(root) — 迁移(root) — 样本(dobj),[同簇学习器] → [未标记样本],5,基于半监督迁移学习的轴承故障诊断方法,同簇学习器,未标记样本
方法 → 调整 → 参数,amod->nn->cpm->rcmod->nsubj,半(amod) — 监督(nn) — 的(cpm) — 基于(rcmod) — 学习器(nsubj),[半监督学习器] → [初始基学习器权重],5,基于半监督迁移学习的轴承故障诊断方法,半监督学习器,初始基学习器权重
方法 → 降低 → 问题,nn->nn->nn->lobj->loc->rcmod->pobj->prep->root->ccomp->nsubj->rcmod->dobj->nn,轴承(nn) — 诊断(nn) — 故障(nn) — 过程(lobj) — 中(loc) — 足(rcmod) — 问题(pobj) — 针对(prep) — 提出(root) — 用以(ccomp) — 学习器(nsubj) — 基于(rcmod) — 学习(dobj) — 迁移(nn),[基于半监督迁移学习的轴承故障诊断方法] → [负迁移效果],14,基于半监督迁移学习的轴承故障诊断方法,基于半监督迁移学习的轴承故障诊断方法,负迁移效果
方法 → 提升 → Performance Metric,nn->nn->nn->lobj->loc->rcmod->nsubj,轴承(nn) — 诊断(nn) — 故障(nn) — 过程(lobj) — 中(loc) — 足(rcmod) — 精度(nsubj),[基于半监督迁移学习的轴承故障诊断方法] → [迁移精度],7,基于半监督迁移学习的轴承故障诊断方法,基于半监督迁移学习的轴承故障诊断方法,迁移精度
方法 → 提升 → Performance Metric,nn->cpm->nn->dobj->pccomp->rcmod->dobj->root->prep->pccomp->dobj->rcmod->nsubj->nn->prnmod->punct,性能(nn) — 的(cpm) — 扩增(nn) — 参数(dobj) — 生成(pccomp) — 基于(rcmod) — 方法(dobj) — 提出(root) — 为(prep) — 解决(pccomp) — 问题(dobj) — 低(rcmod) — 维度(nsubj) — 装置(nn) — APU(prnmod) — ((punct),[性能参数扩增方法] → [APU剩余寿命预测的准确性],16,面向飞机辅助动力装置在翼剩余寿命预测的性能参数扩增方法,性能参数扩增方法,APU剩余寿命预测的准确性
任务 → 保障 → 目标,dep->root->prep->pccomp->dobj->nn,检测(dep) — 具有(root) — 对于(prep) — 实现(pccomp) — 安全(dobj) — 飞行(nn),[故障检测] → [飞行安全],6,基于回声状态网络的飞机混沌时间序列预测模型,故障检测,飞行安全
任务 → 保障 → 目标,assmod->assm->nn->dobj->conj->dep->root->prep->pccomp->dobj->nn,状态(assmod) — 的(assm) — 变化(nn) — 趋势(dobj) — 预测(conj) — 检测(dep) — 具有(root) — 对于(prep) — 实现(pccomp) — 安全(dobj) — 飞行(nn),[状态变化趋势预测] → [飞行安全],11,基于回声状态网络的飞机混沌时间序列预测模型,状态变化趋势预测,飞行安全
任务 → 保障 → 目标,nn->assmod->nsubj->root->prep->pccomp->dobj->nn->nn->dobj,操纵面(nn) — 故障(assmod) — 预测(nsubj) — 具有(root) — 对(prep) — 保障(pccomp) — 可靠(dobj) — 飞机(nn) — 安全(nn) — 工作(dobj),[飞机操纵面故障的准确预测] → [飞机安全可靠工作],10,飞机操纵面故障的多参数预测模型,飞机操纵面故障的准确预测,飞机安全可靠工作
预测模型 → 改进 → 基础模型,conj->dobj->assmod,预测(conj) — 趋势(dobj) — 状态(assmod),[基于小波降噪的回声状态网络预测模型] → [回声状态网络],3,基于回声状态网络的飞机混沌时间序列预测模型,基于小波降噪的回声状态网络预测模型,回声状态网络
预测模型 → 采用 → 方法,conj->dep->root->root->dobj->rcmod->dobj->nn,预测(conj) — 检测(dep) — 具有(root) — 构建(root) — 模型(dobj) — 基于(rcmod) — 降噪(dobj) — 小波(nn),[基于小波降噪的回声状态网络预测模型] → [小波变换],8,基于回声状态网络的飞机混沌时间序列预测模型,基于小波降噪的回声状态网络预测模型,小波变换
方法 → 用于 → 处理步骤,nn->dobj,小波(nn) — 降噪(dobj),[小波变换] → [降噪预处理],2,基于回声状态网络的飞机混沌时间序列预测模型,小波变换,降噪预处理
处理步骤 → 针对 → 数据,dobj->rcmod->dobj->root->root->conj->dep->prep->pobj->amod->nn,降噪(dobj) — 基于(rcmod) — 模型(dobj) — 构建(root) — 保留(root) — 采取(conj) — 进行(dep) — 对(prep) — 序列(pobj) — 混沌(amod) — 时间(nn),[降噪预处理] → [混沌时间序列],11,基于回声状态网络的飞机混沌时间序列预测模型,降噪预处理,混沌时间序列
预测模型 → 提高 → Performance Metric,conj,预测(conj),[基于小波降噪的回声状态网络预测模型] → [预测精度],1,基于回声状态网络的飞机混沌时间序列预测模型,基于小波降噪的回声状态网络预测模型,预测精度
数据 → 用于验证 → 预测模型,nsubj->rcmod->dobj->dep->conj,飞机(nsubj) — 发生(rcmod) — 故障(dobj) — 检测(dep) — 预测(conj),[飞机发动机滑油散热器温度时间序列数据] → [基于小波降噪的回声状态网络预测模型],5,基于回声状态网络的飞机混沌时间序列预测模型,飞机发动机滑油散热器温度时间序列数据,基于小波降噪的回声状态网络预测模型
参数 → 表现 → 故障,nn->amod->nn->nsubj->rcmod->dobj->nn->nn,系统(nn) — 可测(amod) — 状态(nn) — 参量(nsubj) — 表现(rcmod) — 情况(dobj) — 操纵面(nn) — 故障(nn),[系统可测状态参量] → [操纵面故障情况],8,基于多因子高阶模糊变动的飞机操纵面故障趋势预测,系统可测状态参量,操纵面故障情况
方法 → 扩展 → 方法,nummod->nn->amod->nn->dobj->rcmod->dobj->root->prep->pobj->nn,多(nummod) — 因子(nn) — 高阶(amod) — 模糊(nn) — 变动(dobj) — 基于(rcmod) — 方法(dobj) — 提出(root) — 针对(prep) — 问题(pobj) — 预测(nn),[基于多因子高阶模糊变动的方法] → [模糊时间序列预测方法],11,基于多因子高阶模糊变动的飞机操纵面故障趋势预测,基于多因子高阶模糊变动的方法,模糊时间序列预测方法
方法 → 利用 → 数据,nummod->nn->amod->nn->rcmod->dobj,多(nummod) — 因子(nn) — 高阶(amod) — 模糊(nn) — 基于(rcmod) — 变动(dobj),[基于多因子高阶模糊变动的方法] → [多元时间序列的变动值],6,基于多因子高阶模糊变动的飞机操纵面故障趋势预测,基于多因子高阶模糊变动的方法,多元时间序列的变动值
方法 → 利用 → 数据,nn->nn->nn->nn->conj->cpm->rcmod->dobj->root->prep->pccomp->dobj->assmod->assm->nn,PHM(nn) — 诊断(nn) — 能力(nn) — 外场(nn) — 评估(conj) — 的(cpm) — 基于(rcmod) — 方法(dobj) — 提出(root) — 针对(prep) — 缺乏(pccomp) — 手段(dobj) — 系统(assmod) — 的(assm) — 外场(nn),[PHM诊断能力外场评估和验证方法] → [外场数据],15,飞机PHM系统故障诊断能力外场验证模型,PHM诊断能力外场评估和验证方法,外场数据
数据 → 构建 → 模型组件,dobj->nn->nn,变动(dobj) — 模糊(nn) — 因子(nn),[多元时间序列的变动值] → [多辅助因子模糊逻辑关系],3,基于多因子高阶模糊变动的飞机操纵面故障趋势预测,多元时间序列的变动值,多辅助因子模糊逻辑关系
方法 → 划分 → 概念,cpm->dobj->rcmod->root->root->conj->nsubj,的(cpm) — 方法(dobj) — 基于(rcmod) — 提出(root) — 采用(root) — 划分(conj) — 论域(nsubj),[自组织映射(SOM)方法] → [论域],7,基于多因子高阶模糊变动的飞机操纵面故障趋势预测,自组织映射(SOM)方法,论域
Model → 基于 → 特性,nummod->nn->amod->nn->dobj->rcmod->dobj->root->prep->dobj->rcmod->cpm,多(nummod) — 因子(nn) — 高阶(amod) — 模糊(nn) — 变动(dobj) — 基于(rcmod) — 方法(dobj) — 提出(root) — 结合(prep) — 特点(dobj) — 表现(rcmod) — 的(cpm),[多因子高阶模糊变动预测模型] → [时间序列的周期性特点],12,基于多因子高阶模糊变动的飞机操纵面故障趋势预测,多因子高阶模糊变动预测模型,时间序列的周期性特点
Model → 预测 → 应用案例,nummod->nn->amod->nn->dobj->rcmod->dobj->root->prep->pobj->nn->nn,多(nummod) — 因子(nn) — 高阶(amod) — 模糊(nn) — 变动(dobj) — 基于(rcmod) — 方法(dobj) — 提出(root) — 针对(prep) — 问题(pobj) — 故障(nn) — 趋势(nn),[多因子高阶模糊变动预测模型] → [左副翼损伤故障趋势],12,基于多因子高阶模糊变动的飞机操纵面故障趋势预测,多因子高阶模糊变动预测模型,左副翼损伤故障趋势
Model → 判别 → 指标,nn,故障(nn),[故障映射模型] → [故障类型],1,基于多因子高阶模糊变动的飞机操纵面故障趋势预测,故障映射模型,故障类型
Model → 判别 → 指标,nn,故障(nn),[故障映射模型] → [故障程度],1,基于多因子高阶模糊变动的飞机操纵面故障趋势预测,故障映射模型,故障程度
Model → 具有 → 能力,nummod->nn->amod->nn->dobj->rcmod->dobj->root->prep->pobj->nn->nn->nn,多(nummod) — 因子(nn) — 高阶(amod) — 模糊(nn) — 变动(dobj) — 基于(rcmod) — 方法(dobj) — 提出(root) — 针对(prep) — 问题(pobj) — 故障(nn) — 趋势(nn) — 预测(nn),[多因子高阶模糊变动预测模型] → [更好的故障趋势预测能力],13,基于多因子高阶模糊变动的飞机操纵面故障趋势预测,多因子高阶模糊变动预测模型,更好的故障趋势预测能力
核心问题 → 属于 → 技术领域,nn->nn->amod->dep->root->attr->assmod->nn->nn->conj,航空(nn) — 发动机(nn) — 剩余(amod) — 寿命(dep) — 是(root) — 问题(attr) — 管理(assmod) — 设备(nn) — 故障(nn) — 预测(conj),[航空发动机剩余寿命预测] → [设备故障预测与健康管理],10,基于多尺度LSTM预测模型研究,航空发动机剩余寿命预测,设备故障预测与健康管理
Model → 解决 → 核心问题,nummod->nn->nn->amod->amod->amod->nn->nn->nn->dobj->root->root->dep->nn->nn->amod,多(nummod) — 尺度(nn) — 注意力(nn) — 双向(amod) — 长(amod) — 短期(amod) — 记忆(nn) — 神经(nn) — 网络(nn) — 模型(dobj) — 提出(root) — 是(root) — 寿命(dep) — 航空(nn) — 发动机(nn) — 剩余(amod),[多尺度注意力双向长短期记忆神经网络模型] → [航空发动机剩余寿命预测],16,基于多尺度LSTM预测模型研究,多尺度注意力双向长短期记忆神经网络模型,航空发动机剩余寿命预测
数据 → 具有 → 数据特点,nn->dep->root->root->pobj->vmod->nsubj,发动机(nn) — 寿命(dep) — 是(root) — 针对(root) — 挑战(pobj) — 高(vmod) — 维度(nsubj),[发动机数据] → [高维度],7,基于多尺度LSTM预测模型研究,发动机数据,高维度
数据 → 具有 → 数据特点,nn->dep->root->root->pobj->vmod->punct->nsubj,发动机(nn) — 寿命(dep) — 是(root) — 针对(root) — 挑战(pobj) — 高(vmod) — 、(punct) — 滞后性(nsubj),[发动机数据] → [强滞后性],8,基于多尺度LSTM预测模型研究,发动机数据,强滞后性
数据 → 具有 → 数据特点,nn->dep->root->root->pobj->vmod->cc->nsubj,发动机(nn) — 寿命(dep) — 是(root) — 针对(root) — 挑战(pobj) — 高(vmod) — 和(cc) — 复杂度(nsubj),[发动机数据] → [高复杂度],8,基于多尺度LSTM预测模型研究,发动机数据,高复杂度
技术 → 提取 → 特征,amod->amod->amod->nn->nn->nn->dobj->rcmod->cpm->nummod->nn,双向(amod) — 长(amod) — 短期(amod) — 记忆(nn) — 网络(nn) — 神经(nn) — 模型(dobj) — 基于(rcmod) — 的(cpm) — 多(nummod) — 尺度(nn),[双向长短期记忆神经网络] → [多尺度特征],11,基于多尺度LSTM预测模型研究,双向长短期记忆神经网络,多尺度特征
算法 → 引入 → 技术,nn->nn->dobj->rcmod->dobj->nn,自(nn) — 训练(nn) — 权重(dobj) — 基于(rcmod) — 模型(dobj) — 注意力(nn),[自训练权重融合算法] → [注意力机制],6,基于多尺度LSTM预测模型研究,自训练权重融合算法,注意力机制
算法 → 提高 → 评价指标,nn->nn->dobj->rcmod->dobj->root->root->dep->prnmod->punct->top,自(nn) — 训练(nn) — 权重(dobj) — 基于(rcmod) — 模型(dobj) — 提出(root) — 是(root) — 寿命(dep) — RUL(prnmod) — ）(punct) — 预测(top),[自训练权重融合算法] → [预测精度],11,基于多尺度LSTM预测模型研究,自训练权重融合算法,预测精度
Model → 在...上验证 → Dataset,nummod->nn->nn->amod->amod->amod->nn->nn->nn->dobj->root->root->pobj->vmod->nsubj->nn,多(nummod) — 尺度(nn) — 注意力(nn) — 双向(amod) — 长(amod) — 短期(amod) — 记忆(nn) — 神经(nn) — 网络(nn) — 模型(dobj) — 提出(root) — 针对(root) — 挑战(pobj) — 高(vmod) — 维度(nsubj) — 数据(nn),[多尺度注意力双向长短期记忆神经网络模型] → [C-MAPSS数据集],16,基于多尺度LSTM预测模型研究,多尺度注意力双向长短期记忆神经网络模型,C-MAPSS数据集
Model → 提升 → 评价指标,nummod->nn->nn->amod->amod->amod->nn->nn->nn->dobj->root->root->prep->plmod->lobj->nn->conj,多(nummod) — 尺度(nn) — 注意力(nn) — 双向(amod) — 长(amod) — 短期(amod) — 记忆(nn) — 神经(nn) — 网络(nn) — 模型(dobj) — 提出(root) — 有所(root) — 在(prep) — 上(plmod) — 指标(lobj) — 误差(nn) — 准确率(conj),[多尺度注意力双向长短期记忆神经网络模型] → [准确率],17,基于多尺度LSTM预测模型研究,多尺度注意力双向长短期记忆神经网络模型,准确率
Model → 提升 → 评价指标,nummod->nn->nn->amod->amod->amod->nn->nn->nn->dobj->root->root->prep->plmod->lobj->nn->nn,多(nummod) — 尺度(nn) — 注意力(nn) — 双向(amod) — 长(amod) — 短期(amod) — 记忆(nn) — 神经(nn) — 网络(nn) — 模型(dobj) — 提出(root) — 有所(root) — 在(prep) — 上(plmod) — 指标(lobj) — 误差(nn) — 均方根(nn),[多尺度注意力双向长短期记忆神经网络模型] → [均方根误差],17,基于多尺度LSTM预测模型研究,多尺度注意力双向长短期记忆神经网络模型,均方根误差
指标 → 支撑 → 应用,amod->nsubj->root->prep->pobj->assmod->amod,剩余(amod) — 寿命(nsubj) — 识别(root) — 作为(prep) — 支撑(pobj) — 维修(assmod) — 预测性(amod),[剩余寿命] → [预测性维修],7,基于多层LSTM的复杂系统剩余寿命智能预测,剩余寿命,预测性维修
技术 → 识别 → 概念,nn->nsubj->root->dobj->nn->nn,智能(nn) — 预测(nsubj) — 识别(root) — 规律(dobj) — 寿命(nn) — 变化(nn),[智能预测] → [寿命变化规律],6,基于多层LSTM的复杂系统剩余寿命智能预测,智能预测,寿命变化规律
技术 → 预测 → 指标,nn->nsubj->root->nsubj->amod,智能(nn) — 预测(nsubj) — 识别(root) — 寿命(nsubj) — 剩余(amod),[智能预测] → [剩余寿命],5,基于多层LSTM的复杂系统剩余寿命智能预测,智能预测,剩余寿命
Model → 防止 → 问题,nsubj->root->root->conj->ccomp->nsubj,预测(nsubj) — 识别(root) — 构建(root) — 防止(conj) — 消失(ccomp) — 梯度(nsubj),[多层LSTM预测模型] → [梯度消失],6,基于多层LSTM的复杂系统剩余寿命智能预测,多层LSTM预测模型,梯度消失
Model → 提取 → 特征,nsubj->root->root->dep->dobj->amod->nn->nn->nn,预测(nsubj) — 识别(root) — 构建(root) — 提取(dep) — 特征(dobj) — 深(amod) — 层次(nn) — 关联性(nn) — 抽象(nn),[多层LSTM预测模型] → [深层次关联性抽象特征],9,基于多层LSTM的复杂系统剩余寿命智能预测,多层LSTM预测模型,深层次关联性抽象特征
Model → 处理 → 数据,nsubj->root->root->prep->pobj->nn,预测(nsubj) — 识别(root) — 构建(root) — 针对(prep) — 数据(pobj) — 时序(nn),[多层LSTM预测模型] → [时序数据],6,基于多层LSTM的复杂系统剩余寿命智能预测,多层LSTM预测模型,时序数据
方法 → 减少 → 问题,nn->dobj->root->conj->dobj->amod,Dropout(nn) — 方法(dobj) — 利用(root) — 减少(conj) — 拟合(dobj) — 过(amod),[Dropout方法] → [过拟合],6,基于多层LSTM的复杂系统剩余寿命智能预测,Dropout方法,过拟合
方法 → 评估 → 属性,nn->nn->dobj->conj->root->root->nsubj,误差(nn) — 得分(nn) — 函数(dobj) — 设计(conj) — 利用(root) — 识别(root) — 预测(nsubj),[误差得分函数] → [预测模型的不确定性],7,基于多层LSTM的复杂系统剩余寿命智能预测,误差得分函数,预测模型的不确定性
应用案例 → 验证 → Model,nn->pobj->prep->conj->root->root->nsubj,航空(nn) — 发动机(pobj) — 以(prep) — 为(conj) — 验证(root) — 识别(root) — 预测(nsubj),[航空发动机] → [多层LSTM预测模型],7,基于多层LSTM的复杂系统剩余寿命智能预测,航空发动机,多层LSTM预测模型
方法 → 针对 → 任务,nn->nsubj->nn->nn->nn,故障(nn) — 预测(nsubj) — 航空(nn) — 电子(nn) — 产品(nn),[多模型融合故障预测方法] → [航空电子产品故障预测],5,基于多模型融合的航空电子产品故障预测方法,多模型融合故障预测方法,航空电子产品故障预测
任务 → 面临 → 问题,nn->nn->nn->nn->nsubj->rcmod->pobj->vmod->nn->nn->nsubj,航空(nn) — 电子(nn) — 产品(nn) — 故障(nn) — 预测(nsubj) — 面临(rcmod) — 问题(pobj) — 大(vmod) — 退化(nn) — 趋势(nn) — 差异(nsubj),[航空电子产品故障预测] → [退化趋势差异大],11,基于多模型融合的航空电子产品故障预测方法,航空电子产品故障预测,退化趋势差异大
任务 → 面临 → 问题,nn->nn->nn->nn->nsubj->rcmod->pobj->vmod->conj->nn->nn->nsubj->nsubj,航空(nn) — 电子(nn) — 产品(nn) — 故障(nn) — 预测(nsubj) — 面临(rcmod) — 问题(pobj) — 大(vmod) — 小(conj) — 训练(nn) — 数据(nn) — 样本(nsubj) — 量(nsubj),[航空电子产品故障预测] → [训练数据样本量小],13,基于多模型融合的航空电子产品故障预测方法,航空电子产品故障预测,训练数据样本量小
任务 → 面临 → 问题,nn->nsubj->root->root->dobj->rcmod->cpm->conj,航空(nn) — 发动机(nsubj) — 汇集(root) — 分析(root) — 挑战(dobj) — 面临(rcmod) — 的(cpm) — 问题(conj),[航空发动机振动类故障诊断] → [问题与挑战],8,航空发动机振动监测与故障诊断技术研究进展,航空发动机振动类故障诊断,问题与挑战
方法 → 结合 → Model,nn->nsubj->rcmod->pobj->root->root->dobj->rcmod->conj->nsubj->nn->prnmod->punct->punct->nn->nn->conj,"故障(nn) — 预测(nsubj) — 面临(rcmod) — 问题(pobj) — 针对(root) — 提出(root) — 方法(dobj) — 改进(rcmod) — 结合(conj) — 框架(nsubj) — 记忆(nn) — LSTM(prnmod) — ,(punct) — )(punct) — 神经(nn) — 网络(nn) — 模型(conj)",[多模型融合故障预测方法] → [改进LSTM神经网络模型],17,基于多模型融合的航空电子产品故障预测方法,多模型融合故障预测方法,改进LSTM神经网络模型
方法 → 结合 → Model,nn->nn->nn->nn->dobj->conj->root->dobj->nn->nn->nn,维修(nn) — 间隔(nn) — 风险(nn) — 评估(nn) — 方法(dobj) — 提出(conj) — 结合(root) — 模型(dobj) — 机队(nn) — 风险(nn) — 评估(nn),[民用飞机维修间隔风险评估方法] → [机队风险评估模型],11,民用飞机维修间隔风险评估方法研究,民用飞机维修间隔风险评估方法,机队风险评估模型
方法 → 结合 → 框架,nn->nsubj->rcmod->pobj->root->root->dobj->rcmod->conj->nsubj->amod->nn,故障(nn) — 预测(nsubj) — 面临(rcmod) — 问题(pobj) — 针对(root) — 提出(root) — 方法(dobj) — 改进(rcmod) — 结合(conj) — 框架(nsubj) — 集成(amod) — 学习(nn),[多模型融合故障预测方法] → [集成学习框架],12,基于多模型融合的航空电子产品故障预测方法,多模型融合故障预测方法,集成学习框架
方法 → 满足 → 需求,nn->nsubj->rcmod->pobj->root->root->dobj->assmod->amod->nn,故障(nn) — 预测(nsubj) — 面临(rcmod) — 问题(pobj) — 针对(root) — 满足(root) — 需求(dobj) — 保障(assmod) — 自主(amod) — 维护(nn),[多模型融合故障预测方法] → [自主维护保障],10,基于多模型融合的航空电子产品故障预测方法,多模型融合故障预测方法,自主维护保障
方法 → 满足 → 需求,nn->nn->nn->conj->cpm->rcmod->dobj->nn,PHM(nn) — 诊断(nn) — 能力(nn) — 评估(conj) — 的(cpm) — 基于(rcmod) — 方法(dobj) — 外场(nn),[PHM诊断能力外场评估和验证方法] → [小样本条件下外场评估的工程实际需要],8,飞机PHM系统故障诊断能力外场验证模型,PHM诊断能力外场评估和验证方法,小样本条件下外场评估的工程实际需要
Model → 引入 → 技术,punct->prnmod->punct->nn->nn->conj->nn->nsubj->conj->rcmod->dobj->root->root->dobj->nn,",(punct) — LSTM(prnmod) — )(punct) — 神经(nn) — 网络(nn) — 模型(conj) — 记忆(nn) — 框架(nsubj) — 结合(conj) — 改进(rcmod) — 方法(dobj) — 提出(root) — 引入(root) — 机制(dobj) — Dropout(nn)",[改进LSTM神经网络模型] → [Dropout机制],15,基于多模型融合的航空电子产品故障预测方法,改进LSTM神经网络模型,Dropout机制
方法 → 采用 → 算法,nn->nsubj->rcmod->pobj->root->root->dobj->nn,故障(nn) — 预测(nsubj) — 面临(rcmod) — 问题(pobj) — 针对(root) — 采用(root) — 算法(dobj) — Adaboosting(nn),[多模型融合故障预测方法] → [Adaboosting算法],8,基于多模型融合的航空电子产品故障预测方法,多模型融合故障预测方法,Adaboosting算法
方法 → 采用 → 算法,assm->nn->nsubj->assmod->root->root->conj->dep->dobj->amod->amod,的(assm) — 故障(nn) — 预测(nsubj) — 设备(assmod) — 是(root) — 提出(root) — 进行(conj) — 采用(dep) — 算法(dobj) — 改进(amod) — 遗传(amod),[基于多深度置信网络模型融合的故障预测方法] → [改进遗传算法],11,基于多深度置信网络融合的航空电子设备故障预测,基于多深度置信网络模型融合的故障预测方法,改进遗传算法
算法 → 滤除 → 问题,nn->dobj->root->root->pobj->rcmod->nsubj,Adaboosting(nn) — 算法(dobj) — 采用(root) — 针对(root) — 问题(pobj) — 面临(rcmod) — 预测(nsubj),[Adaboosting算法] → [预测误差],7,基于多模型融合的航空电子产品故障预测方法,Adaboosting算法,预测误差
方法 → 使用 → Dataset,nn->nsubj->rcmod->cpm->nn,故障(nn) — 预测(nsubj) — 面临(rcmod) — 的(cpm) — 退化(nn),[多模型融合故障预测方法] → [NASA锂电池退化数据集],5,基于多模型融合的航空电子产品故障预测方法,多模型融合故障预测方法,NASA锂电池退化数据集
Dataset → 用于 → 任务,cpm->nn->rcmod->pobj->root->root->conj->dobj->nn,的(cpm) — 退化(nn) — 面临(rcmod) — 问题(pobj) — 针对(root) — 采用(root) — 进行(conj) — 验证(dobj) — 仿真(nn),[NASA锂电池退化数据集] → [仿真验证],9,基于多模型融合的航空电子产品故障预测方法,NASA锂电池退化数据集,仿真验证
方法 → 具有 → 性能,nn->nsubj,故障(nn) — 预测(nsubj),[多模型融合故障预测方法] → [高预测精度],2,基于多模型融合的航空电子产品故障预测方法,多模型融合故障预测方法,高预测精度
方法 → 优于 → Model,nn->nsubj->rcmod->pobj->root->root->dobj->rcmod->conj->nsubj->nn->prnmod->punct->nn->nn,故障(nn) — 预测(nsubj) — 面临(rcmod) — 问题(pobj) — 针对(root) — 提出(root) — 方法(dobj) — 改进(rcmod) — 结合(conj) — 框架(nsubj) — 记忆(nn) — LSTM(prnmod) — )(punct) — 神经(nn) — 网络(nn),[多模型融合故障预测方法] → [BP神经网络],15,基于多模型融合的航空电子产品故障预测方法,多模型融合故障预测方法,BP神经网络
方法 → 优于 → Model,nn->nsubj->rcmod->pobj->root->root->dobj->rcmod->conj->nsubj->nn->prnmod->punct,"故障(nn) — 预测(nsubj) — 面临(rcmod) — 问题(pobj) — 针对(root) — 提出(root) — 方法(dobj) — 改进(rcmod) — 结合(conj) — 框架(nsubj) — 记忆(nn) — LSTM(prnmod) — ,(punct)",[多模型融合故障预测方法] → [经典LSTM],13,基于多模型融合的航空电子产品故障预测方法,多模型融合故障预测方法,经典LSTM
状态特征 → 存在强耦合关系 → 影响因素,nn->nn->nn->nn->nn->nsubj->pccomp->prep->pobj->nn,航空(nn) — 电子(nn) — 设备(nn) — 性能(nn) — 退化(nn) — 趋势(nsubj) — 存在(pccomp) — 与(prep) — 环境(pobj) — 工作(nn),[航空电子设备性能退化趋势] → [工作环境],10,基于多深度置信网络融合的航空电子设备故障预测,航空电子设备性能退化趋势,工作环境
数据 → 存在 → 问题,nn->conj->punct->pccomp->conj->nsubj,"历史(nn) — 数据(conj) — ,(punct) — 存在(pccomp) — 存在(conj) — 分布(nsubj)",[历史数据和实时数据] → [分布差异],6,基于多深度置信网络融合的航空电子设备故障预测,历史数据和实时数据,分布差异
Problem → 是 → 评价,nn->nn->assmod->assm->nn->nsubj->root->attr->nn,航空(nn) — 电子(nn) — 设备(assmod) — 的(assm) — 故障(nn) — 预测(nsubj) — 是(root) — 难题(attr) — 业内(nn),[航空电子设备故障预测] → [业内难题],9,基于多深度置信网络融合的航空电子设备故障预测,航空电子设备故障预测,业内难题
方法 → 用于 → Problem,nn->assm->assmod->nsubj->nn->nn,故障(nn) — 的(assm) — 设备(assmod) — 预测(nsubj) — 航空(nn) — 电子(nn),[基于多深度置信网络模型融合的故障预测方法] → [航空电子设备故障预测],6,基于多深度置信网络融合的航空电子设备故障预测,基于多深度置信网络模型融合的故障预测方法,航空电子设备故障预测
方法 → 进行 → 技术,assm->nn->nsubj->assmod->root->root->conj->dobj->rcmod->dobj,的(assm) — 故障(nn) — 预测(nsubj) — 设备(assmod) — 是(root) — 提出(root) — 进行(conj) — 训练(dobj) — 含(rcmod) — Dropout(dobj),[基于多深度置信网络模型融合的故障预测方法] → [含Dropout的迁移训练],10,基于多深度置信网络融合的航空电子设备故障预测,基于多深度置信网络模型融合的故障预测方法,含Dropout的迁移训练
算法 → 用于融合 → Model,amod->amod->dobj->dep->conj->prep->pobj->nn->nn,改进(amod) — 遗传(amod) — 算法(dobj) — 采用(dep) — 进行(conj) — 对(prep) — 组(pobj) — DBN(nn) — 模型(nn),[改进遗传算法] → [DBN模型组],9,基于多深度置信网络融合的航空电子设备故障预测,改进遗传算法,DBN模型组
技术 → 提升 → Performance Metric,nn->nn->pobj->prep->conj->dep->conj->root->root->nsubj->assmod->assm->nn,DBN(nn) — 模型(nn) — 组(pobj) — 对(prep) — 进行(conj) — 采用(dep) — 进行(conj) — 提出(root) — 是(root) — 预测(nsubj) — 设备(assmod) — 的(assm) — 故障(nn),[DBN模型组融合] → [故障预测的精准度],13,基于多深度置信网络融合的航空电子设备故障预测,DBN模型组融合,故障预测的精准度
技术 → 提升 → Performance Metric,amod->dobj->root->root->nsubj,关键(amod) — 作用(dobj) — 起到(root) — 统一(root) — 飞机(nsubj),[关键技术] → [飞机综合性能],5,多电飞机电力系统及其关键技术,关键技术,飞机综合性能
方法 → 预测精度高于 → 基线模型,assm->nn->nsubj->assmod->root->root->dobj->rcmod->prep->pobj->punct->nn->punct,"的(assm) — 故障(nn) — 预测(nsubj) — 设备(assmod) — 是(root) — 提出(root) — 方法(dobj) — 融合(rcmod) — 基于(prep) — 模型(pobj) — ,(punct) — DBN(nn) — )(punct)",[基于多深度置信网络模型融合的故障预测方法] → [单一DBN模型],13,基于多深度置信网络融合的航空电子设备故障预测,基于多深度置信网络模型融合的故障预测方法,单一DBN模型
方法 → 预测精度高于 → 基线模型,assm->nn->nsubj->assmod->root->root->ccomp->conj->conj->dobj,的(assm) — 故障(nn) — 预测(nsubj) — 设备(assmod) — 是(root) — 显示(root) — 为(ccomp) — 高于(conj) — 支持(conj) — 向量机(dobj),[基于多深度置信网络模型融合的故障预测方法] → [支持向量机],10,基于多深度置信网络融合的航空电子设备故障预测,基于多深度置信网络模型融合的故障预测方法,支持向量机
方法 → 具有 → 评价,assm->nn->nsubj->assmod->root->root->prep->pobj->assmod->lobj,的(assm) — 故障(nn) — 预测(nsubj) — 设备(assmod) — 是(root) — 提出(root) — 针对(prep) — 需求(pobj) — 中(assmod) — 应用(lobj),[基于多深度置信网络模型融合的故障预测方法] → [应用价值],10,基于多深度置信网络融合的航空电子设备故障预测,基于多深度置信网络模型融合的故障预测方法,应用价值
方法 → 具有 → 评价,nn->nn->nn->nn->dobj->root->root->ccomp->dep->dobj->nn,飞机(nn) — 液压泵(nn) — 故障(nn) — 预测(nn) — 方法(dobj) — 提出(root) — 表明(root) — 实现(ccomp) — 具有(dep) — 前景(dobj) — 应用(nn),[飞机液压泵故障预测方法] → [应用前景],11,基于模糊综合评判的飞机液压泵故障预测,飞机液压泵故障预测方法,应用前景
方法 → 预测 → 故障类型,dobj->dep->rcmod->dobj->root->prep->pobj->amod,MOG-HMM(dobj) — 简称(dep) — mixture(rcmod) — 方法(dobj) — 提出(root) — 针对(prep) — 故障(pobj) — 突发(amod),[基于多状态MOG-HMM和Viterbi的预测方法] → [突发故障],8,基于多状态MOG-HMM和Viterbi的航空发动机突发故障预测,基于多状态MOG-HMM和Viterbi的预测方法,突发故障
方法 → 应用于 → 研究对象,dobj->dep->rcmod->dobj->root->prep->pobj->assmod->nn,MOG-HMM(dobj) — 简称(dep) — mixture(rcmod) — 方法(dobj) — 提出(root) — 针对(prep) — 故障(pobj) — 发动机(assmod) — 航空(nn),[基于多状态MOG-HMM和Viterbi的预测方法] → [航空发动机],9,基于多状态MOG-HMM和Viterbi的航空发动机突发故障预测,基于多状态MOG-HMM和Viterbi的预测方法,航空发动机
方法 → 应用于 → 研究对象,nn->nn->dobj->root->root->dep->prep->pobj->nn,组合(nn) — 预测(nn) — 方法(dobj) — 提出(root) — 验证(root) — 为(dep) — 以(prep) — 设备(pobj) — 航空(nn),[组合预测方法] → [航空设备],9,基于组合预测法的航空设备故障预测研究,组合预测方法,航空设备
方法 → 结合 → 技术,dobj->dep->rcmod->dobj->rcmod->pobj->nummod->nn->amod->nn,MOG-HMM(dobj) — 简称(dep) — mixture(rcmod) — 方法(dobj) — 基于(rcmod) — 模型(pobj) — 多(nummod) — 状态(nn) — 混合(amod) — 高斯隐马尔科夫(nn),[基于多状态MOG-HMM和Viterbi的预测方法] → [多状态混合高斯隐马尔科夫模型],10,基于多状态MOG-HMM和Viterbi的航空发动机突发故障预测,基于多状态MOG-HMM和Viterbi的预测方法,多状态混合高斯隐马尔科夫模型
方法 → 结合 → 技术,nn->nn->nn->nn->dobj->conj->root->dobj->conj->nn->nn,维修(nn) — 间隔(nn) — 风险(nn) — 评估(nn) — 方法(dobj) — 提出(conj) — 结合(root) — 模型(dobj) — 预测(conj) — 部件(nn) — 故障(nn),[民用飞机维修间隔风险评估方法] → [部件故障预测],11,民用飞机维修间隔风险评估方法研究,民用飞机维修间隔风险评估方法,部件故障预测
方法 → 结合 → 技术,cc->nn->lobj->plmod->prep->root->root->nsubj->nn->nn,与(cc) — 故障(nn) — 诊断(lobj) — 中(plmod) — 于(prep) — 应用(root) — 结合(root) — 技术(nsubj) — 模式(nn) — 识别(nn),[故障识别法] → [模式识别技术],10,监视参数预测和故障识别法,故障识别法,模式识别技术
方法 → 结合 → 算法,dobj->dep->rcmod->dobj->rcmod->prep->pobj->nn,MOG-HMM(dobj) — 简称(dep) — mixture(rcmod) — 方法(dobj) — 结合(rcmod) — 和(prep) — 算法(pobj) — Viterbi(nn),[基于多状态MOG-HMM和Viterbi的预测方法] → [Viterbi算法],8,基于多状态MOG-HMM和Viterbi的航空发动机突发故障预测,基于多状态MOG-HMM和Viterbi的预测方法,Viterbi算法
Model → 建立于 → 数据,dobj->dep->rcmod->dobj->root->root->prep->pobj->nn->nn,MOG-HMM(dobj) — 简称(dep) — mixture(rcmod) — 方法(dobj) — 提出(root) — 建立(root) — 根据(prep) — 数据(pobj) — 历史(nn) — 监测(nn),[多状态MOG-HMM模型] → [历史监测数据],10,基于多状态MOG-HMM和Viterbi的航空发动机突发故障预测,多状态MOG-HMM模型,历史监测数据
Model → 确定 → 模型参数,dobj->dep->rcmod->dobj->rcmod->pobj->nn,MOG-HMM(dobj) — 简称(dep) — mixture(rcmod) — 方法(dobj) — 基于(rcmod) — 模型(pobj) — 状态(nn),[多状态MOG-HMM模型] → [状态转移矩阵],7,基于多状态MOG-HMM和Viterbi的航空发动机突发故障预测,多状态MOG-HMM模型,状态转移矩阵
Model → 确定 → 模型参数,dobj->dep->rcmod->dobj->root->root->conj->dobj->conj->nn->nn,MOG-HMM(dobj) — 简称(dep) — mixture(rcmod) — 方法(dobj) — 提出(root) — 建立(root) — 确定(conj) — 状态(dobj) — 分布(conj) — 观察值(nn) — 概率(nn),[多状态MOG-HMM模型] → [观察值概率分布],11,基于多状态MOG-HMM和Viterbi的航空发动机突发故障预测,多状态MOG-HMM模型,观察值概率分布
Model → 确定 → 状态,dobj->dep->rcmod->dobj->root->prep->pobj->assmod->assm->amod,MOG-HMM(dobj) — 简称(dep) — mixture(rcmod) — 方法(dobj) — 提出(root) — 针对(prep) — 故障(pobj) — 发动机(assmod) — 的(assm) — 突发(amod),[多状态MOG-HMM模型] → [突发故障状态],10,基于多状态MOG-HMM和Viterbi的航空发动机突发故障预测,多状态MOG-HMM模型,突发故障状态
算法 → 解码 → 状态,nn->pobj->prep->rcmod->dobj->rcmod->pobj->nn,Viterbi(nn) — 算法(pobj) — 和(prep) — 结合(rcmod) — 方法(dobj) — 基于(rcmod) — 模型(pobj) — 状态(nn),[Viterbi算法] → [当前状态],8,基于多状态MOG-HMM和Viterbi的航空发动机突发故障预测,Viterbi算法,当前状态
算法 → 处理 → 数据,nn->pobj->prep->rcmod->dobj->root->root->conj->prep->pobj->rcmod->cpm->nn,Viterbi(nn) — 算法(pobj) — 和(prep) — 结合(rcmod) — 方法(dobj) — 提出(root) — 建立(root) — 解码(conj) — 对(prep) — 数据(pobj) — 采集(rcmod) — 的(cpm) — 观测(nn),[Viterbi算法] → [新采集的观测数据],13,基于多状态MOG-HMM和Viterbi的航空发动机突发故障预测,Viterbi算法,新采集的观测数据
算法 → 处理 → 数据,prnmod->assmod->lobj->plmod->prep->root->root->pobj->dep->lobj->nn->nn,LSTM(prnmod) — 算法(assmod) — 基础(lobj) — 上(plmod) — 在(prep) — 提出(root) — 针对(root) — 问题(pobj) — 中(dep) — 预测(lobj) — 发动机(nn) — 航空(nn),[LSTM] → [航空发动机的传感器数据],12,基于贝叶斯优化LSTM的发动机剩余寿命预测,LSTM,航空发动机的传感器数据
方法 → 计算 → 指标,dobj->dep->rcmod->dobj->root->root->conj->dobj->nn,MOG-HMM(dobj) — 简称(dep) — mixture(rcmod) — 方法(dobj) — 提出(root) — 建立(root) — 计算(conj) — 间隔(dobj) — 时间(nn),[基于多状态MOG-HMM和Viterbi的预测方法] → [时间间隔],9,基于多状态MOG-HMM和Viterbi的航空发动机突发故障预测,基于多状态MOG-HMM和Viterbi的预测方法,时间间隔
方法 → 符合 → 评价标准,dobj->dep->rcmod->dobj->rcmod->cpm->nn,MOG-HMM(dobj) — 简称(dep) — mixture(rcmod) — 方法(dobj) — 结合(rcmod) — 的(cpm) — 预测(nn),[基于多状态MOG-HMM和Viterbi的预测方法] → [标准预测指标],7,基于多状态MOG-HMM和Viterbi的航空发动机突发故障预测,基于多状态MOG-HMM和Viterbi的预测方法,标准预测指标
算法 → 分析 → 数据,rcmod->prep->nn->dobj->root->conj->prep->pobj->nn->amod->nn->nn,支持(rcmod) — 向量机(prep) — 回归(nn) — 算法(dobj) — 介绍(root) — 进行(conj) — 对(prep) — 数据(pobj) — 飞机(nn) — 主(amod) — 油泵(nn) — 故障(nn),[支持向量机回归算法] → [飞机主油泵故障数据],12,基于支持向量机回归算法的飞机主油泵故障数预测,支持向量机回归算法,飞机主油泵故障数据
算法 → 用于 → 应用,rcmod->prep->nn->dobj->root->dep->prep->pobj->conj->nn->nn->nn,支持(rcmod) — 向量机(prep) — 回归(nn) — 算法(dobj) — 介绍(root) — 提供(dep) — 为(prep) — 预测(pobj) — 预测(conj) — 飞机(nn) — 部件(nn) — 故障数(nn),[支持向量机回归算法] → [飞机部件故障数预测],12,基于支持向量机回归算法的飞机主油泵故障数预测,支持向量机回归算法,飞机部件故障数预测
算法 → 用于 → 应用,rcmod->prep->nn->dobj->root->dep->prep->pobj->nn->conj,支持(rcmod) — 向量机(prep) — 回归(nn) — 算法(dobj) — 介绍(root) — 提供(dep) — 为(prep) — 预测(pobj) — 可靠性(nn) — 评估(conj),[支持向量机回归算法] → [可靠性评估],10,基于支持向量机回归算法的飞机主油泵故障数预测,支持向量机回归算法,可靠性评估
算法 → 用于 → 应用,rcmod->prep->nn->dobj->root->dep->prep->pobj->nn->nn,支持(rcmod) — 向量机(prep) — 回归(nn) — 算法(dobj) — 介绍(root) — 提供(dep) — 为(prep) — 预测(pobj) — 备件(nn) — 需求(nn),[支持向量机回归算法] → [备件需求预测],10,基于支持向量机回归算法的飞机主油泵故障数预测,支持向量机回归算法,备件需求预测
数据特征 → 表征 → 技术问题,nn->nn->nn->nsubj->root->root->ccomp->nsubj,航空(nn) — 发动机(nn) — 性能(nn) — 参数(nsubj) — 具有(root) — 表征(root) — 退行(ccomp) — 寿命(nsubj),[航空发动机性能参数] → [寿命退行],8,基于改进GRU的航空发动机寿命预测自注意力优化算法,航空发动机性能参数,寿命退行
Model → 导致 → 技术问题,nn->amod->dobj->dep->root->ccomp->nsubj,模型(nn) — 常规(amod) — 训练(dobj) — 采用(dep) — 导致(root) — 消失(ccomp) — 梯度(nsubj),[常规模型] → [梯度消失],7,基于改进GRU的航空发动机寿命预测自注意力优化算法,常规模型,梯度消失
算法 → 分析 → 数据特征,punct->assm->nn->prnmod->assmod->dobj->root->root->ccomp->nsubj,）(punct) — 的(assm) — 自注意力(nn) — unit(prnmod) — 单元(assmod) — 算法(dobj) — 提出(root) — 导致(root) — 消失(ccomp) — 梯度(nsubj),[改进GRU的自注意力优化算法] → [数据源域行梯度],10,基于改进GRU的航空发动机寿命预测自注意力优化算法,改进GRU的自注意力优化算法,数据源域行梯度
算法 → 分析 → 数据特征,punct->assm->nn->prnmod->assmod->dobj->root->root->dobj->nn,）(punct) — 的(assm) — 自注意力(nn) — unit(prnmod) — 单元(assmod) — 算法(dobj) — 提出(root) — 分析(root) — 相关性(dobj) — 列间(nn),[改进GRU的自注意力优化算法] → [列间相关性],10,基于改进GRU的航空发动机寿命预测自注意力优化算法,改进GRU的自注意力优化算法,列间相关性
算法 → 优化 → 模型参数,punct->assm->nn->prnmod->assmod->dobj->root->root->dobj->nn->nn,）(punct) — 的(assm) — 自注意力(nn) — unit(prnmod) — 单元(assmod) — 算法(dobj) — 提出(root) — 列(root) — 重(dobj) — 特征(nn) — 权(nn),[改进GRU的自注意力优化算法] → [特征权重],11,基于改进GRU的航空发动机寿命预测自注意力优化算法,改进GRU的自注意力优化算法,特征权重
算法 → 加速 → Performance Metric,punct->assm->nn->prnmod->assmod->dobj->root->root->dep->dobj->nn,）(punct) — 的(assm) — 自注意力(nn) — unit(prnmod) — 单元(assmod) — 算法(dobj) — 提出(root) — 导致(root) — 采用(dep) — 训练(dobj) — 模型(nn),[改进GRU的自注意力优化算法] → [模型收敛],11,基于改进GRU的航空发动机寿命预测自注意力优化算法,改进GRU的自注意力优化算法,模型收敛
算法 → 在...上验证 → Dataset,punct->assm->nn->prnmod->assmod->dobj->root->root->nsubj->nn,）(punct) — 的(assm) — 自注意力(nn) — unit(prnmod) — 单元(assmod) — 算法(dobj) — 提出(root) — 具有(root) — 参数(nsubj) — 发动机(nn),[改进GRU的自注意力优化算法] → [发动机寿命预测数据集（C-MAPSS）],10,基于改进GRU的航空发动机寿命预测自注意力优化算法,改进GRU的自注意力优化算法,发动机寿命预测数据集（C-MAPSS）
算法 → 降低 → Performance Metric,punct->assm->nn->prnmod->assmod->dobj->root->root->ccomp->nsubj,）(punct) — 的(assm) — 自注意力(nn) — unit(prnmod) — 单元(assmod) — 算法(dobj) — 提出(root) — 表征(root) — 退行(ccomp) — 寿命(nsubj),[改进GRU的自注意力优化算法] → [寿命方均根误差（RMSE）],10,基于改进GRU的航空发动机寿命预测自注意力优化算法,改进GRU的自注意力优化算法,寿命方均根误差（RMSE）
算法 → 降低 → Performance Metric,punct->assm->nn->prnmod->assmod->dobj->root->root->dobj->nn,）(punct) — 的(assm) — 自注意力(nn) — unit(prnmod) — 单元(assmod) — 算法(dobj) — 提出(root) — 提高(root) — 精度(dobj) — 预测(nn),[改进GRU的自注意力优化算法] → [超前预测分值（score）],10,基于改进GRU的航空发动机寿命预测自注意力优化算法,改进GRU的自注意力优化算法,超前预测分值（score）
算法 → 改善 → Performance Metric,punct->assm->nn->prnmod->assmod->dobj->root->root->ccomp->nsubj,）(punct) — 的(assm) — 自注意力(nn) — unit(prnmod) — 单元(assmod) — 算法(dobj) — 提出(root) — 表征(root) — 退行(ccomp) — 寿命(nsubj),[改进GRU的自注意力优化算法] → [寿命预测效果],10,基于改进GRU的航空发动机寿命预测自注意力优化算法,改进GRU的自注意力优化算法,寿命预测效果
算法 → 提供 → 解决方案,punct->assm->nn->prnmod->assmod->dobj->root->root->dobj->amod->nn,）(punct) — 的(assm) — 自注意力(nn) — unit(prnmod) — 单元(assmod) — 算法(dobj) — 提出(root) — 提供(root) — 方案(dobj) — 有效(amod) — 解决(nn),[改进GRU的自注意力优化算法] → [有效解决方案],11,基于改进GRU的航空发动机寿命预测自注意力优化算法,改进GRU的自注意力优化算法,有效解决方案
解决方案 → 用于 → 应用领域,amod->nn->dobj->root->root->nsubj->nn,有效(amod) — 解决(nn) — 方案(dobj) — 提供(root) — 具有(root) — 参数(nsubj) — 发动机(nn),[有效解决方案] → [发动机寿命预测],7,基于改进GRU的航空发动机寿命预测自注意力优化算法,有效解决方案,发动机寿命预测
解决方案 → 用于 → 应用领域,amod->nn->dobj->root->root->nsubj->amod,有效(amod) — 解决(nn) — 方案(dobj) — 提供(root) — 落(root) — 分值(nsubj) — 超前(amod),[有效解决方案] → [超前维护],7,基于改进GRU的航空发动机寿命预测自注意力优化算法,有效解决方案,超前维护
Model → 结合 → 理论,amod->nn->nn->dobj->conj->root->dobj->assmod->assm->nn->nn->nn->conj,混沌(amod) — 神经(nn) — 网络(nn) — 模型(dobj) — 构建(conj) — 结合(root) — 理论(dobj) — 序列(assmod) — 的(assm) — 相(nn) — 空间(nn) — 重构(nn) — 理论(conj),[混沌神经网络模型] → [混沌序列的相空间重构理论],13,基于改进混沌神经网络的飞机舵面故障预测研究,混沌神经网络模型,混沌序列的相空间重构理论
Model → 结合 → 理论,amod->nn->nn->dobj->conj->root->dobj->nn->nn->nn->nn,混沌(amod) — 神经(nn) — 网络(nn) — 模型(dobj) — 构建(conj) — 结合(root) — 理论(dobj) — BP(nn) — 神经(nn) — 网络(nn) — 预测(nn),[混沌神经网络模型] → [BP神经网络预测理论],11,基于改进混沌神经网络的飞机舵面故障预测研究,混沌神经网络模型,BP神经网络预测理论
Model → 结合 → 理论,nn->nn->dobj->conj->pccomp->prep->root->root->dobj->nn->conj->amod,故障(nn) — 诊断(nn) — 依赖(dobj) — 降低(conj) — 提高(pccomp) — 为了(prep) — 建立(root) — 结合(root) — 特点(dobj) — 理论(nn) — 集(conj) — 粗糙(amod),[多参数快速故障诊断模型] → [粗糙集],12,航空发动机的多参数快速故障诊断模型,多参数快速故障诊断模型,粗糙集
Model → 结合 → 理论,nn->nn->dobj->conj->pccomp->prep->root->root->dobj->nn->amod,故障(nn) — 诊断(nn) — 依赖(dobj) — 降低(conj) — 提高(pccomp) — 为了(prep) — 建立(root) — 结合(root) — 特点(dobj) — 理论(nn) — 灰色(amod),[多参数快速故障诊断模型] → [灰色理论],11,航空发动机的多参数快速故障诊断模型,多参数快速故障诊断模型,灰色理论
Model → 采用 → 算法,amod->nn->nn->nsubj->rcmod->dobj->rcmod->nsubj->nn->nn,基本(amod) — BP(nn) — 神经(nn) — 网络(nsubj) — 采用(rcmod) — 缺点(dobj) — 慢(rcmod) — 算法(nsubj) — 梯度(nn) — 学习(nn),[基本BP神经网络] → [梯度学习算法],10,基于改进混沌神经网络的飞机舵面故障预测研究,基本BP神经网络,梯度学习算法
算法 → 存在问题 → 问题,nn->nn->nsubj->rcmod->nn->nsubj->advmod,梯度(nn) — 学习(nn) — 算法(nsubj) — 慢(rcmod) — 收敛(nn) — 速度(nsubj) — 较(advmod),[梯度学习算法] → [收敛速度较慢],7,基于改进混沌神经网络的飞机舵面故障预测研究,梯度学习算法,收敛速度较慢
算法 → 用于训练 → Model,nn->cpm->rcmod->dobj->conj->conj->dobj->amod->nn->nn,Levenberg-Marquart(nn) — 的(cpm) — 改进(rcmod) — 算法(dobj) — 利用(conj) — 构建(conj) — 模型(dobj) — 混沌(amod) — 神经(nn) — 网络(nn),[改进的Levenberg-Marquart优化学习算法] → [混沌神经网络模型],10,基于改进混沌神经网络的飞机舵面故障预测研究,改进的Levenberg-Marquart优化学习算法,混沌神经网络模型
Model → 改善 → Performance Metric,amod->nn->nn->dobj->conj->conj->conj->ccomp->conj->nsubj->nn->nn,混沌(amod) — 神经(nn) — 网络(nn) — 模型(dobj) — 构建(conj) — 利用(conj) — 表明(conj) — 提高(ccomp) — 得到(conj) — 速度(nsubj) — 网络(nn) — 收敛(nn),[混沌神经网络模型] → [网络收敛速度],12,基于改进混沌神经网络的飞机舵面故障预测研究,混沌神经网络模型,网络收敛速度
Model → 避免 → 问题,amod->nn->nn->dobj->conj->conj->conj->dobj->nn->nn->nn->advmod->amod,混沌(amod) — 神经(nn) — 网络(nn) — 模型(dobj) — 构建(conj) — 利用(conj) — 避免(conj) — 问题(dobj) — 神经(nn) — 网络(nn) — 局部(nn) — 极(advmod) — 小(amod),[混沌神经网络模型] → [神经网络局部极小问题],13,基于改进混沌神经网络的飞机舵面故障预测研究,混沌神经网络模型,神经网络局部极小问题
方法 → 使用 → 数据,nn->dobj->conj->prep->pobj->nn->nsubj->rcmod->nn,仿真(nn) — 实验(dobj) — 进行(conj) — 对(prep) — 数据(pobj) — 飞机(nn) — 舵面(nsubj) — 卡死(rcmod) — 故障(nn),[仿真实验] → [飞机舵面卡死故障数据],9,基于改进混沌神经网络的飞机舵面故障预测研究,仿真实验,飞机舵面卡死故障数据
方法 → 使用 → 数据,nn->dobj->root->root->dobj,贝叶斯(nn) — 网络(dobj) — 采用(root) — 收集(root) — 数据(dobj),[贝叶斯网络] → [QAR数据],5,基于逻辑图的国产民机液压系统故障诊断与定位,贝叶斯网络,QAR数据
技术 → 针对 → 系统,nn->nn->nsubj->root->root->pobj->nn->nn,健康(nn) — 管理(nn) — 方式(nsubj) — 存在(root) — 针对(root) — 系统(pobj) — 飞机(nn) — 起落架(nn),[数字孪生健康管理技术] → [飞机起落架系统],8,基于数字孪生的飞机起落架健康管理技术,数字孪生健康管理技术,飞机起落架系统
框架 → 基于 → Model,nn->nn->nsubj->root->dobj->vmod->cc->nsubj,管理(nn) — 健康(nn) — 方式(nsubj) — 存在(root) — 问题(dobj) — 完备(vmod) — 和(cc) — 模型(nsubj),[数字孪生健康管理框架] → [自更新模型],8,基于数字孪生的飞机起落架健康管理技术,数字孪生健康管理框架,自更新模型
框架 → 实现 → 功能,nn->nn->nsubj->root->root->dobj->rcmod->dep->dobj->nn->conj,健康(nn) — 管理(nn) — 方式(nsubj) — 存在(root) — 提出(root) — 框架(dobj) — 为(rcmod) — 实现(dep) — 预测(dobj) — 故障(nn) — 诊断(conj),[数字孪生健康管理框架] → [故障诊断],11,基于数字孪生的飞机起落架健康管理技术,数字孪生健康管理框架,故障诊断
框架 → 实现 → 功能,nn->nn->nsubj->root->root->dobj->rcmod->dep->dobj->nn,健康(nn) — 管理(nn) — 方式(nsubj) — 存在(root) — 提出(root) — 框架(dobj) — 为(rcmod) — 实现(dep) — 预测(dobj) — 故障(nn),[数字孪生健康管理框架] → [故障预测],10,基于数字孪生的飞机起落架健康管理技术,数字孪生健康管理框架,故障预测
算法 → 用于更新 → 参数,nn->nn->dobj->root->root->dobj->vmod->cc->nsubj,强化(nn) — 学习(nn) — 算法(dobj) — 依托(root) — 存在(root) — 问题(dobj) — 完备(vmod) — 和(cc) — 模型(nsubj),[强化学习算法] → [数字孪生模型参数],9,基于数字孪生的飞机起落架健康管理技术,强化学习算法,数字孪生模型参数
Model → 反映 → 状态,nsubj->cc->vmod->dobj->root->nsubj->nn,模型(nsubj) — 和(cc) — 完备(vmod) — 问题(dobj) — 存在(root) — 方式(nsubj) — 健康(nn),[孪生模型] → [实体健康状态],7,基于数字孪生的飞机起落架健康管理技术,孪生模型,实体健康状态
Model → 反映 → 状态,nsubj->cc->vmod->dobj->root->nsubj->nn,模型(nsubj) — 和(cc) — 完备(vmod) — 问题(dobj) — 存在(root) — 方式(nsubj) — 健康(nn),[孪生模型] → [实体健康状态],7,基于数字孪生的飞机起落架健康管理技术,孪生模型,实体健康状态
技术 → 设计 → 方案,nn->nn->nsubj->root->root->dobj->rcmod->dep->dobj->nn->conj,健康(nn) — 管理(nn) — 方式(nsubj) — 存在(root) — 提出(root) — 框架(dobj) — 为(rcmod) — 实现(dep) — 预测(dobj) — 故障(nn) — 诊断(conj),[数字孪生健康管理技术] → [基于事件的故障诊断方案],11,基于数字孪生的飞机起落架健康管理技术,数字孪生健康管理技术,基于事件的故障诊断方案
技术 → 设计 → 方案,nn->nn->nsubj->root->root->dobj->rcmod->dep->dobj->nn,健康(nn) — 管理(nn) — 方式(nsubj) — 存在(root) — 提出(root) — 框架(dobj) — 为(rcmod) — 实现(dep) — 预测(dobj) — 故障(nn),[数字孪生健康管理技术] → [基于粒子滤波的故障预测方案],10,基于数字孪生的飞机起落架健康管理技术,数字孪生健康管理技术,基于粒子滤波的故障预测方案
技术 → 验证于 → 系统,nn->nn->nsubj->root->root->pobj->nn,健康(nn) — 管理(nn) — 方式(nsubj) — 存在(root) — 针对(root) — 系统(pobj) — 起落架(nn),[数字孪生健康管理技术] → [起落架收放系统],7,基于数字孪生的飞机起落架健康管理技术,数字孪生健康管理技术,起落架收放系统
技术 → 优于 → 方法,nn->nn->nsubj->amod,管理(nn) — 健康(nn) — 方式(nsubj) — 传统(amod),[数字孪生健康管理技术] → [传统方法],4,基于数字孪生的飞机起落架健康管理技术,数字孪生健康管理技术,传统方法
方法 → 预测 → Performance Metric,nn->nn->cpm->rcmod->dobj->root->prep->pobj->rcmod->nn->amod->nsubj->nn->nn,组合(nn) — 预测(nn) — 的(cpm) — 基于(rcmod) — 方法(dobj) — 提出(root) — 针对(prep) — 问题(pobj) — 间隔(rcmod) — 飞机(nn) — 平均(amod) — 故障(nsubj) — 飞行(nn) — 时间(nn),[基于时序分解的组合预测方法] → [飞机平均故障间隔飞行时间],14,基于时序分解的飞机平均故障间隔飞行时间组合预测,基于时序分解的组合预测方法,飞机平均故障间隔飞行时间
算法 → 分解 → Performance Metric,dobj->root->prep->pobj->assmod->nn->prnmod->punct,方法(dobj) — 提出(root) — 针对(prep) — 问题(pobj) — 指标值(assmod) — 时间(nn) — MFHBF(prnmod) — ((punct),[STL方法] → [MFHBF指标],8,基于时序分解的飞机平均故障间隔飞行时间组合预测,STL方法,MFHBF指标
算法 → 分解出 → 数据成分,dobj->root->root->conj->dobj->conj->amod->conj,方法(dobj) — 提出(root) — 利用(root) — 分解(conj) — 项(dobj) — 趋势(conj) — 长期(amod) — 项(conj),[STL方法] → [长期趋势项],8,基于时序分解的飞机平均故障间隔飞行时间组合预测,STL方法,长期趋势项
算法 → 分解出 → 数据成分,dobj->root->root->conj->dobj->nn->nn,方法(dobj) — 提出(root) — 利用(root) — 分解(conj) — 项(dobj) — 季节(nn) — 变动(nn),[STL方法] → [季节变动项],7,基于时序分解的飞机平均故障间隔飞行时间组合预测,STL方法,季节变动项
预测模型 → 预测 → 数据成分,amod->pobj->prep->conj->root->conj->dobj->conj->amod->conj,灰色(amod) — 模型(pobj) — 以(prep) — 预测(conj) — 利用(root) — 分解(conj) — 项(dobj) — 趋势(conj) — 长期(amod) — 项(conj),[灰色模型] → [长期趋势项],10,基于时序分解的飞机平均故障间隔飞行时间组合预测,灰色模型,长期趋势项
预测模型 → 预测 → 数据成分,cpm->nn->rcmod->dobj->root->root->conj->dobj->nn->nn,的(cpm) — 组合(nn) — 基于(rcmod) — 方法(dobj) — 提出(root) — 利用(root) — 分解(conj) — 项(dobj) — 季节(nn) — 变动(nn),[BP神经网络和支持向量机回归组合模型] → [季节变动项],10,基于时序分解的飞机平均故障间隔飞行时间组合预测,BP神经网络和支持向量机回归组合模型,季节变动项
组合模型 → 合并 → 预测结果,amod->nn->conj->assmod->pobj->prep->conj->root->root->prep->pobj->assmod->assm->nn,加法(amod) — 模型(nn) — 趋势(conj) — 季节(assmod) — 预测值(pobj) — 以(prep) — 获得(conj) — 利用(root) — 提出(root) — 针对(prep) — 问题(pobj) — 指标值(assmod) — 的(assm) — 预测(nn),[加法模型] → [趋势和季节的预测值],14,基于时序分解的飞机平均故障间隔飞行时间组合预测,加法模型,趋势和季节的预测值
方法 → 提高 → 性能,nn->nn->cpm->rcmod->dobj->root->prep->pobj->assmod->assm->nn,组合(nn) — 预测(nn) — 的(cpm) — 基于(rcmod) — 方法(dobj) — 提出(root) — 针对(prep) — 问题(pobj) — 指标值(assmod) — 的(assm) — 预测(nn),[基于时序分解的组合预测方法] → [预测精度],11,基于时序分解的飞机平均故障间隔飞行时间组合预测,基于时序分解的组合预测方法,预测精度
方法 → 提高 → 性能,amod->dobj->rcmod->dobj->root->conj->conj->dobj->nn,灰色(amod) — 理论(dobj) — 基于(rcmod) — 方法(dobj) — 提出(root) — 处理(conj) — 提高(conj) — 可靠性(dobj) — 设备(nn),[基于灰色理论的故障预测方法] → [设备可靠性],9,基于灰色理论的172飞机故障预测方法,基于灰色理论的故障预测方法,设备可靠性
方法 → 减小 → 评估指标,nn->nn->cpm->rcmod->dobj->root->prep->pobj->rcmod->nsubj->amod,组合(nn) — 预测(nn) — 的(cpm) — 基于(rcmod) — 方法(dobj) — 提出(root) — 针对(prep) — 问题(pobj) — 间隔(rcmod) — 故障(nsubj) — 平均(amod),[基于时序分解的组合预测方法] → [平均绝对误差],11,基于时序分解的飞机平均故障间隔飞行时间组合预测,基于时序分解的组合预测方法,平均绝对误差
方法 → 提供 → 结果,nn->nn->cpm->rcmod->dobj->root->prep->pobj->assmod->assm->nn,组合(nn) — 预测(nn) — 的(cpm) — 基于(rcmod) — 方法(dobj) — 提出(root) — 针对(prep) — 问题(pobj) — 指标值(assmod) — 的(assm) — 预测(nn),[基于时序分解的组合预测方法] → [可信的指标预测结果],11,基于时序分解的飞机平均故障间隔飞行时间组合预测,基于时序分解的组合预测方法,可信的指标预测结果
结果 → 用于 → 用户,assm->nn->assmod->pobj->prep->root->root->dep->ccomp->conj->prep->pccomp->pobj,的(assm) — 预测(nn) — 指标值(assmod) — 问题(pobj) — 针对(prep) — 提出(root) — 利用(root) — 证明(dep) — 提高(ccomp) — 提供(conj) — 为(prep) — 保障(pccomp) — 人员(pobj),[指标预测结果] → [保障人员],13,基于时序分解的飞机平均故障间隔飞行时间组合预测,指标预测结果,保障人员
故障模式 → 导致 → 故障现象,nn->nsubj->loc->lobj->nn->nn->nn,电液(nn) — 泄漏(nsubj) — 内(loc) — 换向阀(lobj) — 系统(nn) — 飞机(nn) — 起落架(nn),[电液换向阀内泄漏] → [飞机起落架故障],7,基于有源液压测试的电液换向阀泄漏预测理论与应用研究,电液换向阀内泄漏,飞机起落架故障
技术 → 用于建立 → Model,nn->nn->lobj->loc->nsubj->nn,液压(nn) — 系统(nn) — 换向阀(lobj) — 内(loc) — 泄漏(nsubj) — 电液(nn),[有源液压测试技术] → [电液换向阀内泄漏模型],6,基于有源液压测试的电液换向阀泄漏预测理论与应用研究,有源液压测试技术,电液换向阀内泄漏模型
Method → 验证 → 结论,pobj->prep->root->root->prep->pobj->rcmod->nsubj->loc->lobj->nn->nn,实验(pobj) — 通过(prep) — 验证(root) — 提出(root) — 针对(prep) — 问题(pobj) — 实施(rcmod) — 泄漏(nsubj) — 内(loc) — 换向阀(lobj) — 系统(nn) — 液压(nn),[实验] → [有源液压测试技术的可行性],12,基于有源液压测试的电液换向阀泄漏预测理论与应用研究,实验,有源液压测试技术的可行性
技术 → 存在问题 → 问题,amod->nn->nn->nsubj->rcmod,产生式(amod) — 推理(nn) — 规则(nn) — 效率(nsubj) — 低下(rcmod),[产生式规则推理] → [效率低下],5,基于梯次推理获益原则的故障预测方法,产生式规则推理,效率低下
技术 → 存在问题 → 问题,amod->nsubj->lccomp->loc->rcmod->nn->nsubj->amod->nsubj,异构(amod) — 信息(nsubj) — 融合(lccomp) — 时(loc) — 困难(rcmod) — 知识(nn) — 元权(nsubj) — 重(amod) — 分配(nsubj),[异构信息融合] → [知识元权重分配困难],9,基于梯次推理获益原则的故障预测方法,异构信息融合,知识元权重分配困难
方法 → 使用 → 信息源,amod->nn->nn->nn->cpm->rcmod->dobj->dep->root->prep->pobj->dep->lobj,产生式(amod) — 规则(nn) — 知识(nn) — 表示(nn) — 的(cpm) — 基于(rcmod) — 方法(dobj) — 设计(dep) — 为(root) — 针对(prep) — 问题(pobj) — 下(dep) — 数据(lobj),[梯次推理获益原则的产生式规则知识表示方法] → [数据和音频],13,基于梯次推理获益原则的故障预测方法,梯次推理获益原则的产生式规则知识表示方法,数据和音频
方法 → 采用 → 策略,amod->nn->nn->nn->cpm->rcmod->dobj->dep->root->prep->pobj->rcmod->nsubj->nn,产生式(amod) — 规则(nn) — 知识(nn) — 表示(nn) — 的(cpm) — 基于(rcmod) — 方法(dobj) — 设计(dep) — 为(root) — 针对(prep) — 问题(pobj) — 低下(rcmod) — 效率(nsubj) — 推理(nn),[梯次推理获益原则的产生式规则知识表示方法] → [分组分级的推理策略],14,基于梯次推理获益原则的故障预测方法,梯次推理获益原则的产生式规则知识表示方法,分组分级的推理策略
方法 → 采用 → 度量,amod->nn->nn->nn->cpm->rcmod->dobj->dep->root->prep->pobj->rcmod->loc->lccomp->nsubj,产生式(amod) — 规则(nn) — 知识(nn) — 表示(nn) — 的(cpm) — 基于(rcmod) — 方法(dobj) — 设计(dep) — 为(root) — 针对(prep) — 问题(pobj) — 困难(rcmod) — 时(loc) — 融合(lccomp) — 信息(nsubj),[梯次推理获益原则的产生式规则知识表示方法] → [互信息-信息增益],15,基于梯次推理获益原则的故障预测方法,梯次推理获益原则的产生式规则知识表示方法,互信息-信息增益
度量 → 作为 → 角色,nsubj->lccomp->loc->rcmod->pobj->prep->root->dep->dobj->rcmod->dobj->nn,信息(nsubj) — 融合(lccomp) — 时(loc) — 困难(rcmod) — 问题(pobj) — 针对(prep) — 为(root) — 设计(dep) — 方法(dobj) — 基于(rcmod) — 原则(dobj) — 获益(nn),[互信息-信息增益] → [获益尺度],12,基于梯次推理获益原则的故障预测方法,互信息-信息增益,获益尺度
参数 → 确定 → 参数,nn->nsubj->amod,知识(nn) — 元权(nsubj) — 重(amod),[知识元特征的获益值] → [知识元权重],3,基于梯次推理获益原则的故障预测方法,知识元特征的获益值,知识元权重
方法 → 通过...验证 → Application,cpm->amod->nn->nn->nn->dobj->rcmod->dep->root->root->dep->dobj->nn->nn,的(cpm) — 产生式(amod) — 规则(nn) — 知识(nn) — 表示(nn) — 方法(dobj) — 基于(rcmod) — 设计(dep) — 为(root) — 为(root) — 模拟(dep) — 实例(dobj) — 发动机(nn) — 故障(nn),[梯次推理获益原则的产生式规则知识表示方法] → [发动机故障实例],14,基于梯次推理获益原则的故障预测方法,梯次推理获益原则的产生式规则知识表示方法,发动机故障实例
Application → 使用 → 信息源,nn->nn->dobj->dep->root->root->prep->pobj->dep->lobj,发动机(nn) — 故障(nn) — 实例(dobj) — 模拟(dep) — 为(root) — 为(root) — 针对(prep) — 问题(pobj) — 下(dep) — 数据(lobj),[发动机故障实例] → [飞行数据],10,基于梯次推理获益原则的故障预测方法,发动机故障实例,飞行数据
Application → 使用 → 信息源,nn->nn->dobj->dep->root->root->prep->pobj->nn->cc,发动机(nn) — 故障(nn) — 实例(dobj) — 模拟(dep) — 为(root) — 为(root) — 以(prep) — 信息(pobj) — 音频(nn) — 和(cc),[发动机故障实例] → [同步座舱音频],10,基于梯次推理获益原则的故障预测方法,发动机故障实例,同步座舱音频
方法 → 具有 → 优点,amod->nn->nn->nn->cpm->rcmod->dobj->dep->root->prep->pobj->rcmod->nsubj,产生式(amod) — 规则(nn) — 知识(nn) — 表示(nn) — 的(cpm) — 基于(rcmod) — 方法(dobj) — 设计(dep) — 为(root) — 针对(prep) — 问题(pobj) — 低下(rcmod) — 效率(nsubj),[梯次推理获益原则的产生式规则知识表示方法] → [较高的执行效率],13,基于梯次推理获益原则的故障预测方法,梯次推理获益原则的产生式规则知识表示方法,较高的执行效率
方法 → 具有 → 优点,amod->nn->nn->nn->cpm->rcmod->dobj->dep->root->prep->pobj->rcmod->nsubj->nn,产生式(amod) — 规则(nn) — 知识(nn) — 表示(nn) — 的(cpm) — 基于(rcmod) — 方法(dobj) — 设计(dep) — 为(root) — 针对(prep) — 问题(pobj) — 低下(rcmod) — 效率(nsubj) — 推理(nn),[梯次推理获益原则的产生式规则知识表示方法] → [较好的推理效果],14,基于梯次推理获益原则的故障预测方法,梯次推理获益原则的产生式规则知识表示方法,较好的推理效果
方法 → 具有 → 优点,nn->nn->nsubj->conj->dobj->vmod->amod->nn->nsubj,神经(nn) — 网络(nn) — 方法(nsubj) — 有(conj) — 优点(dobj) — 强(vmod) — 非线性(amod) — 逼近(nn) — 能力(nsubj),[神经网络方法] → [非线性逼近能力强],9,基于神经网络预测模型的歼击机结构故障检测方法,神经网络方法,非线性逼近能力强
方法 → 具有 → 优点,nn->nn->nsubj->conj->dobj->vmod->conj->nn->nn->nsubj,神经(nn) — 网络(nn) — 方法(nsubj) — 有(conj) — 优点(dobj) — 强(vmod) — 好(conj) — 故障(nn) — 检测(nn) — 实时性(nsubj),[神经网络方法] → [故障检测实时性好],10,基于神经网络预测模型的歼击机结构故障检测方法,神经网络方法,故障检测实时性好
方法 → 可应用于 → 应用领域,cpm->amod->nn->nn->nn->dobj->rcmod->dep->root->root->dep->prep->pobj->assmod->amod,的(cpm) — 产生式(amod) — 规则(nn) — 知识(nn) — 表示(nn) — 方法(dobj) — 基于(rcmod) — 设计(dep) — 为(root) — 为(root) — 应用(dep) — 于(prep) — 预测(pobj) — 工程(assmod) — 实际(amod),[梯次推理获益原则的产生式规则知识表示方法] → [实际工程的故障诊断和预测],15,基于梯次推理获益原则的故障预测方法,梯次推理获益原则的产生式规则知识表示方法,实际工程的故障诊断和预测
方法 → 可应用于 → 应用领域,nn->nsubj->lccomp->prep->pobj->nn->conj->nn->nn,向量机(nn) — 方法(nsubj) — 应用(lccomp) — 于(prep) — 预测(pobj) — 关系(nn) — 磨粒(conj) — 发动机(nn) — 油液(nn),[相关向量机] → [发动机油液磨粒分析],9,航空发动机油液磨粒与故障关系RVM预测方法,相关向量机,发动机油液磨粒分析
方法 → 可应用于 → 应用领域,nn->nsubj->lccomp->prep->pobj->nn->cc->nn,向量机(nn) — 方法(nsubj) — 应用(lccomp) — 于(prep) — 预测(pobj) — 关系(nn) — 与(cc) — 故障(nn),[相关向量机] → [故障预测],8,航空发动机油液磨粒与故障关系RVM预测方法,相关向量机,故障预测
故障 → 破坏 → 状态,amod->nsubj->root->dobj->nn->nn->conj,深(amod) — 喘(nsubj) — 破坏(root) — 安全(dobj) — 发动机(nn) — 运行(nn) — 稳定(conj),[深喘] → [发动机运行稳定],7,基于模型的发动机喘振故障关键参量仿真与预测,深喘,发动机运行稳定
故障 → 破坏 → 状态,amod->nsubj->root->dobj->nn,深(amod) — 喘(nsubj) — 破坏(root) — 安全(dobj) — 飞机(nn),[深喘] → [飞机安全],5,基于模型的发动机喘振故障关键参量仿真与预测,深喘,飞机安全
参数 → 表征 → 故障,amod->dobj->rcmod->dobj->root->root->nsubj->assmod->lobj,关键(amod) — 参量(dobj) — 表征(rcmod) — 特征(dobj) — 分析(root) — 破坏(root) — 喘(nsubj) — 中(assmod) — 故障(lobj),[关键参量] → [喘振故障],9,基于模型的发动机喘振故障关键参量仿真与预测,关键参量,喘振故障
Model → 基于 → 机理,nn->lobj->assmod->nsubj->root->root->conj->dvpmod->rcmod->prep->pobj->nn->nn,发动机(nn) — 故障(lobj) — 中(assmod) — 喘(nsubj) — 破坏(root) — 分析(root) — 表征(conj) — 模拟(dvpmod) — 构建(rcmod) — 基于(prep) — 机理(pobj) — 气动(nn) — 热力(nn),[发动机整体仿真模型] → [气动热力机理],13,基于模型的发动机喘振故障关键参量仿真与预测,发动机整体仿真模型,气动热力机理
Model → 模拟 → 现象,nn->lobj->assmod->nsubj->root->root->conj->dobj->amod->nn->nn,发动机(nn) — 故障(lobj) — 中(assmod) — 喘(nsubj) — 破坏(root) — 分析(root) — 表征(conj) — 情况(dobj) — 关键(amod) — 参量(nn) — 变化(nn),[发动机整体仿真模型] → [关键参量变化情况],11,基于模型的发动机喘振故障关键参量仿真与预测,发动机整体仿真模型,关键参量变化情况
系统 → 综合 → 方法,nn->nn->dobj->conj->root->dobj->nn->nn->conj,容错(nn) — 控制(nn) — 系统(dobj) — 设计(conj) — 综合(root) — 方法(dobj) — 发动机(nn) — 航空(nn) — 控制(conj),[容错控制系统] → [航空发动机控制],9,基于模态切换的航空发动机容错控制,容错控制系统,航空发动机控制
系统 → 综合 → 方法,nn->nn->dobj->conj->root->dobj->nn->nn,容错(nn) — 控制(nn) — 系统(dobj) — 设计(conj) — 综合(root) — 方法(dobj) — 故障(nn) — 诊断(nn),[容错控制系统] → [故障诊断方法],8,基于模态切换的航空发动机容错控制,容错控制系统,故障诊断方法
系统模式 → 应对 → 故障,nn->nsubj->conj->prep->plmod->lccomp->nn->nsubj,任务级(nn) — 模式(nsubj) — 达到(conj) — 在(prep) — 时(plmod) — 故障(lccomp) — 发动机(nn) — 部件(nsubj),[任务级模式] → [发动机部件故障],8,基于模态切换的航空发动机容错控制,任务级模式,发动机部件故障
系统模式 → 应对 → 故障,nn->nn->assmod->dobj->conj->root->conj->prep->plmod->lccomp->nsubj->ccomp,发动机(nn) — 级(nn) — 模式(assmod) — 系统(dobj) — 设计(conj) — 综合(root) — 切换(conj) — 在(prep) — 时(plmod) — 控制(lccomp) — 回路(nsubj) — 失效(ccomp),[发动机级模式] → [控制回路失效],12,基于模态切换的航空发动机容错控制,发动机级模式,控制回路失效
系统模式 → 切换 → 策略,nn->nsubj->conj->prep->pobj->nn->conj,任务级(nn) — 模式(nsubj) — 达到(conj) — 通过(prep) — 模式(pobj) — 控制(nn) — 策略(conj),[任务级模式] → [控制策略],7,基于模态切换的航空发动机容错控制,任务级模式,控制策略
系统模式 → 恢复 → Performance Metric,nn->nsubj->conj->dobj->rcmod->conj->dobj->nn,任务级(nn) — 模式(nsubj) — 达到(conj) — 要求(dobj) — 恢复(rcmod) — 降低(conj) — 性能(dobj) — 发动机(nn),[任务级模式] → [发动机性能],8,基于模态切换的航空发动机容错控制,任务级模式,发动机性能
系统模式 → 切换到 → 控制回路,nn->nn->assmod->dobj->conj->root->conj->dobj->advmod->nn,发动机(nn) — 级(nn) — 模式(assmod) — 系统(dobj) — 设计(conj) — 综合(root) — 切换(conj) — 回路(dobj) — 容错(advmod) — 控制(nn),[发动机级模式] → [容错控制回路],10,基于模态切换的航空发动机容错控制,发动机级模式,容错控制回路
系统模式 → 保证 → 设备,nn->nn->assmod->dobj->conj->root->dobj->nn,发动机(nn) — 级(nn) — 模式(assmod) — 系统(dobj) — 设计(conj) — 综合(root) — 方法(dobj) — 发动机(nn),[发动机级模式] → [发动机],8,基于模态切换的航空发动机容错控制,发动机级模式,发动机
系统 → 恢复 → Performance Metric,nn->nn->dobj->conj->root->dobj->nn,容错(nn) — 控制(nn) — 系统(dobj) — 设计(conj) — 综合(root) — 方法(dobj) — 发动机(nn),[容错控制系统] → [发动机的推力],7,基于模态切换的航空发动机容错控制,容错控制系统,发动机的推力
系统 → 应对 → 故障,nn->nn->dobj->conj->root->conj->prep->plmod->lccomp->nsubj->advmod->nsubj->ccomp,容错(nn) — 控制(nn) — 系统(dobj) — 设计(conj) — 综合(root) — 切换(conj) — 当(prep) — 时(plmod) — 控制(lccomp) — 压气机(nsubj) — 转速(advmod) — 回路(nsubj) — 失效(ccomp),[容错控制系统] → [压气机转速控制回路失效],13,基于模态切换的航空发动机容错控制,容错控制系统,压气机转速控制回路失效
系统 → 切换到 → 控制回路,nn->nn->dobj->conj->root->conj->dep->nsubj->advmod->dobj,容错(nn) — 控制(nn) — 系统(dobj) — 设计(conj) — 综合(root) — 切换(conj) — 控制(dep) — 风扇(nsubj) — 转速(advmod) — 回路(dobj),[容错控制系统] → [风扇转速控制回路],10,基于模态切换的航空发动机容错控制,容错控制系统,风扇转速控制回路
验证方法 → 验证 → 系统,amod->nn->nsubj->conj->root->conj->dobj->nn->nn,仿真(amod) — 数字(nn) — 结果(nsubj) — 表明(conj) — 综合(root) — 设计(conj) — 系统(dobj) — 容错(nn) — 控制(nn),[数字仿真] → [容错控制系统],9,基于模态切换的航空发动机容错控制,数字仿真,容错控制系统
方法 → 解决 → 技术问题,nn->nn->nn->nn->dobj->rcmod->cpm,飞机(nn) — 液压泵(nn) — 故障(nn) — 预测(nn) — 方法(dobj) — 基于(rcmod) — 的(cpm),[飞机液压泵故障预测方法] → [飞机液压泵故障预测难题],7,基于模糊综合评判的飞机液压泵故障预测,飞机液压泵故障预测方法,飞机液压泵故障预测难题
方法 → 用于计算 → 参数,nn->nn->dobj->rcmod->dobj->root->root->conj->dobj,层次(nn) — 分析(nn) — 法(dobj) — 基于(rcmod) — 方法(dobj) — 提出(root) — 分析(root) — 计算(conj) — 权重(dobj),[层次分析法] → [权重],9,基于模糊综合评判的飞机液压泵故障预测,层次分析法,权重
方法 → 用于预测 → 故障,amod->conj->nn->dobj->rcmod->dobj->root->prep->pobj->rcmod->nsubj->nn,综合(amod) — 评判(conj) — 模糊(nn) — 法(dobj) — 基于(rcmod) — 方法(dobj) — 提出(root) — 针对(prep) — 难题(pobj) — 预测(rcmod) — 故障(nsubj) — 液压泵(nn),[模糊综合评判法] → [液压泵故障],12,基于模糊综合评判的飞机液压泵故障预测,模糊综合评判法,液压泵故障
方法 → 得到 → 分析结果,nn->nn->nn->nn->dobj->root->prep->pobj->rcmod->nsubj,飞机(nn) — 液压泵(nn) — 故障(nn) — 预测(nn) — 方法(dobj) — 提出(root) — 针对(prep) — 难题(pobj) — 预测(rcmod) — 故障(nsubj),[飞机液压泵故障预测方法] → [常见故障模式],10,基于模糊综合评判的飞机液压泵故障预测,飞机液压泵故障预测方法,常见故障模式
方法 → 得到 → 分析结果,nn->nn->nn->nn->dobj->root->prep->pobj->rcmod->nsubj,飞机(nn) — 液压泵(nn) — 故障(nn) — 预测(nn) — 方法(dobj) — 提出(root) — 针对(prep) — 难题(pobj) — 预测(rcmod) — 故障(nsubj),[飞机液压泵故障预测方法] → [故障因素集],10,基于模糊综合评判的飞机液压泵故障预测,飞机液压泵故障预测方法,故障因素集
组件 → 具有 → 故障,nn->nn->nsubj,液压泵(nn) — 飞机(nn) — 故障(nsubj),[飞机液压泵] → [常见故障形式],3,基于模糊综合评判的飞机液压泵故障预测,飞机液压泵,常见故障形式
方法 → 进行 → 活动,nn->nn->nn->nn->dobj->root->root->dep->dobj->nn,飞机(nn) — 液压泵(nn) — 故障(nn) — 预测(nn) — 方法(dobj) — 提出(root) — 为(root) — 进行(dep) — 验证(dobj) — 试验(nn),[飞机液压泵故障预测方法] → [试验验证],10,基于模糊综合评判的飞机液压泵故障预测,飞机液压泵故障预测方法,试验验证
活动 → 研究对象为 → 组件,nn->dobj->dep->root->root->prep->pobj->rcmod->nsubj->nn->nn,试验(nn) — 验证(dobj) — 进行(dep) — 为(root) — 提出(root) — 针对(prep) — 难题(pobj) — 预测(rcmod) — 故障(nsubj) — 飞机(nn) — 液压泵(nn),[试验验证] → [某型飞机液压泵],11,基于模糊综合评判的飞机液压泵故障预测,试验验证,某型飞机液压泵
评价 → 面向 → 应用领域,nn->dobj->dep->ccomp->root->root->dobj->nn->nn,应用(nn) — 前景(dobj) — 具有(dep) — 实现(ccomp) — 表明(root) — 提出(root) — 方法(dobj) — 故障(nn) — 预测(nn),[应用前景] → [航空设备故障预测],9,基于模糊综合评判的飞机液压泵故障预测,应用前景,航空设备故障预测
方法 → 可分类为 → 方法分类,dobj->rcmod->dobj->root->root->pobj->rcmod->pobj->conj->nn,气路(dobj) — 基于(rcmod) — 技术(dobj) — 发展(root) — 以(root) — 方式(pobj) — 基于(rcmod) — 驱动(pobj) — 驱动(conj) — 模型(nn),[气路故障诊断方法] → [模型驱动方法],10,基于混合驱动的航空发动机气路故障诊断技术综述,气路故障诊断方法,模型驱动方法
方法 → 可分类为 → 方法分类,dobj->rcmod->dobj->root->root->pobj->rcmod->pobj->punct->nn->conj,气路(dobj) — 基于(rcmod) — 技术(dobj) — 发展(root) — 以(root) — 方式(pobj) — 基于(rcmod) — 驱动(pobj) — 、(punct) — 数据(nn) — 驱动(conj),[气路故障诊断方法] → [数据驱动方法],11,基于混合驱动的航空发动机气路故障诊断技术综述,气路故障诊断方法,数据驱动方法
方法 → 可分类为 → 方法分类,dobj->rcmod->dobj->root->root->pobj->rcmod->pobj->cc->amod,气路(dobj) — 基于(rcmod) — 技术(dobj) — 发展(root) — 以(root) — 方式(pobj) — 基于(rcmod) — 驱动(pobj) — 和(cc) — 混合(amod),[气路故障诊断方法] → [混合驱动方法],10,基于混合驱动的航空发动机气路故障诊断技术综述,气路故障诊断方法,混合驱动方法
方法分类 → 包含 → 方法,cc->amod->pobj,和(cc) — 混合(amod) — 驱动(pobj),[混合驱动方法] → [数模混合驱动故障诊断方法],3,基于混合驱动的航空发动机气路故障诊断技术综述,混合驱动方法,数模混合驱动故障诊断方法
技术 → 关联 → 方法,nn->nn->cpm,航空(nn) — 发动机(nn) — 的(cpm),[航空发动机气路故障诊断技术] → [航空发动机建模方法],3,基于混合驱动的航空发动机气路故障诊断技术综述,航空发动机气路故障诊断技术,航空发动机建模方法
技术 → 关联 → 方法,nn->nn->cpm,航空(nn) — 发动机(nn) — 的(cpm),[航空发动机气路故障诊断技术] → [航空发动机传感器故障诊断方法],3,基于混合驱动的航空发动机气路故障诊断技术综述,航空发动机气路故障诊断技术,航空发动机传感器故障诊断方法
技术 → 关联 → 技术,nn->nn->cpm,航空(nn) — 发动机(nn) — 的(cpm),[航空发动机气路故障诊断技术] → [航空发动机气路性能预测技术],3,基于混合驱动的航空发动机气路故障诊断技术综述,航空发动机气路故障诊断技术,航空发动机气路性能预测技术
技术 → 面临 → 问题,cpm->nn->nn->rcmod->dobj->root->root->dobj,的(cpm) — 航空(nn) — 发动机(nn) — 基于(rcmod) — 技术(dobj) — 发展(root) — 总结(root) — 挑战(dobj),[航空发动机气路故障诊断技术] → [挑战],8,基于混合驱动的航空发动机气路故障诊断技术综述,航空发动机气路故障诊断技术,挑战
技术 → 面临 → 问题,nn->nsubj->rcmod->cpm->amod,航空(nn) — 发动机(nsubj) — 确保(rcmod) — 的(cpm) — 关键(amod),[航空发动机PHM技术] → [关键数据挖掘问题],5,航空发动机PHM中的数据挖掘机遇与挑战,航空发动机PHM技术,关键数据挖掘问题
技术 → 面临 → 问题,amod->assmod->pobj->prep->root->root->nsubj->nn->prnmod->punct,轻型(amod) — 飞机(assmod) — 使用(pobj) — 随着(prep) — 面临(root) — 重要(root) — 技术(nsubj) — 预测(nn) — PHM(prnmod) — )(punct),[轻型飞机PHM技术] → [关键技术难题],10,轻型飞机健康管理与故障预测的应用,轻型飞机PHM技术,关键技术难题
技术 → 面临 → 问题,nn->nn->top->root->root->dobj->conj,飞机(nn) — 电源(nn) — 系统(top) — 是(root) — 指出(root) — 趋势(dobj) — 挑战(conj),[飞机电源系统故障诊断技术] → [挑战],7,飞机电源系统故障诊断方法综述及发展趋势,飞机电源系统故障诊断技术,挑战
飞机型号 → 存在 → 问题,nn->nummod->amod->nn->pobj->amod->nn,塞斯纳(nn) — 172(nummod) — 基本型(amod) — 飞机(nn) — 问题(pobj) — 高(amod) — 故障率(nn),[塞斯纳172基本型飞机] → [高故障率问题],7,基于灰色理论的172飞机故障预测方法,塞斯纳172基本型飞机,高故障率问题
方法 → 处理 → 数据,amod->dobj->rcmod->dobj->root->conj->nsubj->nummod->amod->nn->nn->nn,灰色(amod) — 理论(dobj) — 基于(rcmod) — 方法(dobj) — 提出(root) — 处理(conj) — 数据(nsubj) — 172(nummod) — 基本型(amod) — 飞机(nn) — 故障(nn) — 信息(nn),[基于灰色理论的故障预测方法] → [172基本型飞机故障信息数据集],12,基于灰色理论的172飞机故障预测方法,基于灰色理论的故障预测方法,172基本型飞机故障信息数据集
方法 → 分析 → 指标,amod->dobj->rcmod->dobj->root->conj->dep->dobj->nummod->amod->nn->nn,灰色(amod) — 理论(dobj) — 基于(rcmod) — 方法(dobj) — 提出(root) — 处理(conj) — 分析(dep) — 千时率(dobj) — 172(nummod) — 基本型(amod) — 飞机(nn) — 故障(nn),[基于灰色理论的故障预测方法] → [172基本型飞机故障千时率],12,基于灰色理论的172飞机故障预测方法,基于灰色理论的故障预测方法,172基本型飞机故障千时率
Model → 完成 → 任务,nn->nn->dobj->dep->conj->dobj->assmod->nn,预测(nn) — 模型(nn) — GM(dobj) — 建立(dep) — 完成(conj) — 预测(dobj) — 设备(assmod) — 飞机(nn),"[预测模型GM(1,1)] → [飞机设备的失效预测]",8,基于灰色理论的172飞机故障预测方法,"预测模型GM(1,1)",飞机设备的失效预测
方法 → 进行 → 步骤,amod->dobj->rcmod->dobj->root->conj->dep->dobj->amod,灰色(amod) — 理论(dobj) — 基于(rcmod) — 方法(dobj) — 提出(root) — 处理(conj) — 进行(dep) — 检验(dobj) — 拟合(amod),[基于灰色理论的故障预测方法] → [拟合检验],9,基于灰色理论的172飞机故障预测方法,基于灰色理论的故障预测方法,拟合检验
方法 → 预测 → 问题,amod->dobj->rcmod->dobj->root->conj->conj->ccomp->dobj->nn->nummod->amod->nn,灰色(amod) — 理论(dobj) — 基于(rcmod) — 方法(dobj) — 提出(root) — 处理(conj) — 表明(conj) — 预测(ccomp) — 故障(dobj) — 塞斯纳(nn) — 172(nummod) — 基本型(amod) — 飞机(nn),[基于灰色理论的故障预测方法] → [塞斯纳172基本型飞机故障],13,基于灰色理论的172飞机故障预测方法,基于灰色理论的故障预测方法,塞斯纳172基本型飞机故障
方法 → 实现 → 性能,amod->dobj->rcmod->dobj->root->conj->dep->ccomp->dobj->rcmod->cpm->nn,灰色(amod) — 理论(dobj) — 基于(rcmod) — 方法(dobj) — 提出(root) — 处理(conj) — 实现(dep) — 得到(ccomp) — 精度(dobj) — 高(rcmod) — 的(cpm) — 预测(nn),[基于灰色理论的故障预测方法] → [较高的预测精度],12,基于灰色理论的172飞机故障预测方法,基于灰色理论的故障预测方法,较高的预测精度
方法 → 保障 → 目标,amod->dobj->rcmod->dobj->root->conj->dep->dobj->nn,灰色(amod) — 理论(dobj) — 基于(rcmod) — 方法(dobj) — 提出(root) — 处理(conj) — 保障(dep) — 安全(dobj) — 飞行(nn),[基于灰色理论的故障预测方法] → [飞行安全],9,基于灰色理论的172飞机故障预测方法,基于灰色理论的故障预测方法,飞行安全
功能 → 提高 → 属性,nn->nsubj->root->prep->pccomp->dobj->assmod->assm,故障(nn) — 预报(nsubj) — 具有(root) — 对(prep) — 提高(pccomp) — 安全性(dobj) — 飞机(assmod) — 的(assm),[故障预报] → [飞机安全性],8,基于神经网络技术的飞机舵面故障趋势预测研究,故障预报,飞机安全性
系统 → 需要 → 功能,nn->nn->nn->nn->lobj->plmod->prep->root->nsubj->nn,飞机(nn) — 舵面(nn) — 故障(nn) — 诊断(nn) — 系统(lobj) — 中(plmod) — 在(prep) — 具有(root) — 预报(nsubj) — 故障(nn),[飞机舵面故障诊断系统] → [故障预报],10,基于神经网络技术的飞机舵面故障趋势预测研究,飞机舵面故障诊断系统,故障预报
Model → 采用 → 模型架构,nn->nn->nn->conj->nn->dobj->conj->root->conj->dobj->nummod->clf->nn->nn,神经(nn) — 故障(nn) — 预测(nn) — 模型(conj) — 网络(nn) — 算法(dobj) — 建立(conj) — 具有(root) — 采用(conj) — 模型(dobj) — 三(nummod) — 层(clf) — BP(nn) — 网络(nn),[神经网络故障预测模型] → [三层BP网络模型],14,基于神经网络技术的飞机舵面故障趋势预测研究,神经网络故障预测模型,三层BP网络模型
函数 → 评价 → Performance Metric,nn->dobj->conj->conj->root->conj->dobj->nn->nn,评价(nn) — 函数(dobj) — 给出(conj) — 采用(conj) — 具有(root) — 建立(conj) — 算法(dobj) — 网络(nn) — 神经(nn),[评价函数] → [神经网络的预测精度],9,基于神经网络技术的飞机舵面故障趋势预测研究,评价函数,神经网络的预测精度
Model → 使用 → 数据,nn->nn->nn->nn->conj->dobj->conj->root->root->dobj->nn->nn,神经(nn) — 网络(nn) — 故障(nn) — 预测(nn) — 模型(conj) — 算法(dobj) — 建立(conj) — 具有(root) — 结合(root) — 数据(dobj) — 风洞(nn) — 实验(nn),[神经网络故障预测模型] → [风洞实验数据],12,基于神经网络技术的飞机舵面故障趋势预测研究,神经网络故障预测模型,风洞实验数据
Model → 使用 → 数据,nn->dobj->dep->root->dobj->nn->nn->amod->nn->nn,NNARX(nn) — 模型(dobj) — 形成(dep) — 分析(root) — 数据(dobj) — 涡扇(nn) — 发动机(nn) — 实际(amod) — 飞行(nn) — 试验(nn),[NNARX模型] → [涡扇发动机实际飞行试验数据],10,飞行试验数据驱动的涡扇发动机模型辨识,NNARX模型,涡扇发动机实际飞行试验数据
Model → 预测 → 故障模式,nn->nn->nn->nn->conj->dobj->conj->root->root->conj->prep->pccomp->nn->nsubj,神经(nn) — 网络(nn) — 故障(nn) — 预测(nn) — 模型(conj) — 算法(dobj) — 建立(conj) — 具有(root) — 结合(root) — 进行(conj) — 对(prep) — 卡死(pccomp) — 方向(nn) — 舵(nsubj),[神经网络故障预测模型] → [方向舵卡死],14,基于神经网络技术的飞机舵面故障趋势预测研究,神经网络故障预测模型,方向舵卡死
故障模式 → 属于 → 故障类型,nn->nsubj->pccomp->prep->conj->root->root->prep->plmod->lobj->nn->nn,方向(nn) — 舵(nsubj) — 卡死(pccomp) — 对(prep) — 进行(conj) — 结合(root) — 具有(root) — 在(prep) — 中(plmod) — 系统(lobj) — 舵面(nn) — 故障(nn),[方向舵卡死] → [舵面故障模式],12,基于神经网络技术的飞机舵面故障趋势预测研究,方向舵卡死,舵面故障模式
研究 → 基于 → 技术,nn->nn->nn->lobj->plmod->prep->root->conj->dobj->nn->nn,舵面(nn) — 故障(nn) — 飞机(nn) — 系统(lobj) — 中(plmod) — 在(prep) — 具有(root) — 建立(conj) — 算法(dobj) — 网络(nn) — 神经(nn),[飞机舵面故障趋势预测研究] → [神经网络技术],11,基于神经网络技术的飞机舵面故障趋势预测研究,飞机舵面故障趋势预测研究,神经网络技术
任务 → 提高 → 属性,nn->nsubj->root->prep->pccomp->dobj->assmod->assm,故障(nn) — 预报(nsubj) — 具有(root) — 对(prep) — 提高(pccomp) — 安全性(dobj) — 飞行器(assmod) — 的(assm),[故障预报] → [飞行器安全性],8,基于神经网络的军用飞机故障预报系统研究,故障预报,飞行器安全性
技术 → 用于 → 任务,nn->nn->nsubj->rcmod->lobj->plmod->prep->root->root->nsubj->rcmod->cpm->nn,神经(nn) — 网络(nn) — 技术(nsubj) — 应用(rcmod) — 过程(lobj) — 中(plmod) — 在(prep) — 提出(root) — 具有(root) — 预报(nsubj) — 及时(rcmod) — 的(cpm) — 故障(nn),[神经网络技术] → [故障预测],13,基于神经网络的军用飞机故障预报系统研究,神经网络技术,故障预测
技术 → 用于 → 任务,nn->nn->assmod->conj->dobj->root->conj->prep->pobj->dep->assmod->plmod->lobj->nn->conj,挖掘(nn) — 数据(nn) — 工具(assmod) — 模式(conj) — 流程(dobj) — 总结(root) — 进行(conj) — 对(prep) — 案例(pobj) — 模式(dep) — 在(assmod) — 中(plmod) — 管理(lobj) — 故障(nn) — 预测(conj),[数据挖掘技术] → [故障预测],15,数据挖掘技术在航空发动机PHM中的应用,数据挖掘技术,故障预测
技术 → 用于 → 任务,nn->nn->assmod->conj->dobj->root->conj->prep->pobj->dep->assmod->plmod->lobj->nn,挖掘(nn) — 数据(nn) — 工具(assmod) — 模式(conj) — 流程(dobj) — 总结(root) — 进行(conj) — 对(prep) — 案例(pobj) — 模式(dep) — 在(assmod) — 中(plmod) — 管理(lobj) — 健康(nn),[数据挖掘技术] → [健康管理],14,数据挖掘技术在航空发动机PHM中的应用,数据挖掘技术,健康管理
系统 → 结合 → 技术,cpm->nn->nsubj->rcmod->root->root->ccomp->dobj->rcmod->nsubj->nn,的(cpm) — 故障(nn) — 预报(nsubj) — 及时(rcmod) — 具有(root) — 提出(root) — 考虑(ccomp) — 优点(dobj) — 用(rcmod) — 网络(nsubj) — 神经(nn),[故障预报系统] → [神经网络],11,基于神经网络的军用飞机故障预报系统研究,故障预报系统,神经网络
系统 → 结合 → 理论,cpm->nn->nsubj->rcmod->root->root->ccomp->dobj->rcmod->prep->pobj,的(cpm) — 故障(nn) — 预报(nsubj) — 及时(rcmod) — 具有(root) — 提出(root) — 考虑(ccomp) — 优点(dobj) — 用(rcmod) — 于(prep) — 预测(pobj),[故障预报系统] → [预测理论],11,基于神经网络的军用飞机故障预报系统研究,故障预报系统,预测理论
系统 → 结合 → 系统,cpm->nn->nsubj->rcmod->root->root->prep->pobj->assmod,的(cpm) — 故障(nn) — 预报(nsubj) — 及时(rcmod) — 具有(root) — 提出(root) — 针对(prep) — 要求(pobj) — 系统(assmod),[故障预报系统] → [专家系统],9,基于神经网络的军用飞机故障预报系统研究,故障预报系统,专家系统
Model → 具有 → 算法,nn->nn->assmod->dobj->nn,神经(nn) — 网络(nn) — 模型(assmod) — 算法(dobj) — 训练(nn),[神经网络模型] → [训练算法],5,基于神经网络的军用飞机故障预报系统研究,神经网络模型,训练算法
系统 → 实现 → 任务,nn->nsubj->cpm,故障(nn) — 预报(nsubj) — 的(cpm),[故障预报系统] → [故障的预测],3,基于神经网络的军用飞机故障预报系统研究,故障预报系统,故障的预测
任务 → 针对 → 飞机部件,nn->cpm->rcmod->nsubj->root->prep->pobj->nn->amod,故障(nn) — 的(cpm) — 及时(rcmod) — 预报(nsubj) — 具有(root) — 在(prep) — 领域(pobj) — 航空(nn) — 军用(amod),[故障的预测] → [某型军用飞机冷气系统],9,基于神经网络的军用飞机故障预报系统研究,故障的预测,某型军用飞机冷气系统
方法 → 应用于 → 系统,nn->nn->nn->dobj->root->prep->pobj->punct->nn,故障(nn) — 预测(nn) — 算法(nn) — 研究(dobj) — 进行(root) — 对(prep) — 系统(pobj) — /(punct) — 废水(nn),[故障预测算法] → [飞机水/废水系统],9,基于神经网络的飞机供水系统故障预测研究,故障预测算法,飞机水/废水系统
方法 → 应用于 → 系统,nsubj->rcmod->loc->lobj->nn,故障(nsubj) — 诊断(rcmod) — 中(loc) — 发动机(lobj) — 飞机(nn),[粒子群粗糙集约简的故障诊断方法] → [飞机发动机],5,大型飞机发动机故障智能诊断方法研究与仿真,粒子群粗糙集约简的故障诊断方法,飞机发动机
方法 → 应用于 → 系统,dobj->rcmod->dobj->assmod->nn->nn,数据(dobj) — 基于(rcmod) — 方法(dobj) — 系统(assmod) — 液压泵(nn) — PHM(nn),[基于数据的建模方法] → [液压泵PHM系统],6,故障预测与健康管理系统建模技术研究,基于数据的建模方法,液压泵PHM系统
方法 → 应用于 → 系统,cc->nn->nn->nsubj->nn->nn->nn,与(cc) — 健康(nn) — 管理(nn) — 方法(nsubj) — 系统(nn) — 直升机(nn) — 旋翼(nn),[故障预测与健康管理方法] → [直升机旋翼系统],7,第二十届测试与故障诊断技术研讨会会议报道之三,故障预测与健康管理方法,直升机旋翼系统
方法 → 应用于 → 系统,dobj->root->root->prep->pobj->rcmod->nsubj->nn->nn->nn->nn,建模(dobj) — 运用(root) — 提出(root) — 针对(prep) — 问题(pobj) — 超(rcmod) — 次数(nsubj) — 系统(nn) — 飞机(nn) — 空调(nn) — 冷却子(nn),[幂律过程建模] → [飞机空调冷却子系统],11,飞机空调冷却子系统故障预测,幂律过程建模,飞机空调冷却子系统
软件 → 用于建立 → Model,nn->pobj->prep->root->root->prep->pobj,AMESim(nn) — 软件(pobj) — 基于(prep) — 建立(root) — 进行(root) — 对(prep) — 系统(pobj),[AMESim软件] → [系统仿真模型],7,基于神经网络的飞机供水系统故障预测研究,AMESim软件,系统仿真模型
软件 → 用于建立 → Model,nn->dobj->root->conj->dobj->nn,AMESim(nn) — 软件(dobj) — 利用(root) — 建立(conj) — 模型(dobj) — 仿真(nn),[AMESim软件] → [仿真模型],6,飞机起落架液压收放系统多故障仿真与健康评估,AMESim软件,仿真模型
方法 → 用于获取 → 数据,nn->cpm->rcmod->dobj->nn,故障(nn) — 的(cpm) — 基于(rcmod) — 驱动(dobj) — 数据(nn),[故障注入] → [故障数据],5,基于神经网络的飞机供水系统故障预测研究,故障注入,故障数据
方法 → 用于获取 → 数据,nn->nn->nn->dobj->root->prep->pobj->assmod->nn,气路(nn) — 故障(nn) — 模拟(nn) — 方法(dobj) — 利用(root) — 针对(prep) — 不足(pobj) — 样本(assmod) — 故障(nn),[气路故障模拟方法] → [故障样本],9,基于逆跟踪控制的航空发动机气路健康参数估计修正方法研究,气路故障模拟方法,故障样本
组件 → 是 → 组件类别,nn->pobj->prep->dep->root->root->prep->pobj,空气(nn) — 压缩机(pobj) — 以(prep) — 为例(dep) — 采取(root) — 进行(root) — 对(prep) — 系统(pobj),[空气压缩机] → [系统关键部件],8,基于神经网络的飞机供水系统故障预测研究,空气压缩机,系统关键部件
方法 → 用于拟合 → 指标,nn->nn->cpm->rcmod->dobj->root->prep->pobj,故障(nn) — 预测(nn) — 的(cpm) — 基于(rcmod) — 研究(dobj) — 进行(root) — 对(prep) — 系统(pobj),[神经网络故障预测方法] → [系统性能衰退曲线],8,基于神经网络的飞机供水系统故障预测研究,神经网络故障预测方法,系统性能衰退曲线
方法 → 预测 → 指标,cpm->nn->nn->rcmod->dobj->root->root->conj->dobj->nn->nn,的(cpm) — 故障(nn) — 预测(nn) — 基于(rcmod) — 研究(dobj) — 进行(root) — 采用(root) — 拟合(conj) — 曲线(dobj) — 性能(nn) — 衰退(nn),[神经网络故障预测方法] → [性能衰退趋势],11,基于神经网络的飞机供水系统故障预测研究,神经网络故障预测方法,性能衰退趋势
方法 → 预测 → 指标,cpm->nn->nn->rcmod->dobj->root->root->dobj->nn->amod,的(cpm) — 故障(nn) — 预测(nn) — 基于(rcmod) — 研究(dobj) — 进行(root) — 预测(root) — 寿命(dobj) — 产品(nn) — 剩余(amod),[神经网络故障预测方法] → [产品剩余寿命],10,基于神经网络的飞机供水系统故障预测研究,神经网络故障预测方法,产品剩余寿命
方法 → 便于 → 活动,cpm->nn->nn->rcmod->dobj->root->root->dobj->nn,的(cpm) — 故障(nn) — 预测(nn) — 基于(rcmod) — 研究(dobj) — 进行(root) — 便于(root) — 保养(dobj) — 维护(nn),[神经网络故障预测方法] → [维护保养],9,基于神经网络的飞机供水系统故障预测研究,神经网络故障预测方法,维护保养
方法 → 保证 → 属性,nn->nn->cpm->rcmod->dobj->root->prep->pobj,故障(nn) — 预测(nn) — 的(cpm) — 基于(rcmod) — 研究(dobj) — 进行(root) — 对(prep) — 系统(pobj),[神经网络故障预测方法] → [系统可靠性],8,基于神经网络的飞机供水系统故障预测研究,神经网络故障预测方法,系统可靠性
方法 → 保证 → 属性,nn->nn->cpm->rcmod->dobj->root->prep->pobj,故障(nn) — 预测(nn) — 的(cpm) — 基于(rcmod) — 研究(dobj) — 进行(root) — 对(prep) — 系统(pobj),[神经网络故障预测方法] → [系统安全性],8,基于神经网络的飞机供水系统故障预测研究,神经网络故障预测方法,系统安全性
方法 → 包含 → 算法,nn->nn->assm->assmod->pobj->prep->conj->conj->root->dobj->rcmod->dobj->nn,故障(nn) — 检测(nn) — 的(assm) — 系统(assmod) — 方法(pobj) — 与(prep) — 相比(conj) — 有(conj) — 提出(root) — 方法(dobj) — 基于(rcmod) — 网络(dobj) — 预测(nn),[神经网络预测模型故障检测方法] → [多步直接预测算法],13,基于神经网络预测模型的歼击机结构故障检测方法,神经网络预测模型故障检测方法,多步直接预测算法
方法 → 包含 → 原则,assm->nn->nn->pobj->assmod->prep->conj->conj->root->root->dobj->nn->nn,的(assm) — 故障(nn) — 检测(nn) — 方法(pobj) — 系统(assmod) — 与(prep) — 相比(conj) — 有(conj) — 提出(root) — 给出(root) — 原则(dobj) — 阈值(nn) — 选取(nn),[神经网络预测模型故障检测方法] → [阈值选取原则],13,基于神经网络预测模型的歼击机结构故障检测方法,神经网络预测模型故障检测方法,阈值选取原则
方法 → 检测 → 故障,nn->nn->assm->assmod->pobj->prep->conj->conj->root->dobj->nn->nn->nn->nn,故障(nn) — 检测(nn) — 的(assm) — 系统(assmod) — 方法(pobj) — 与(prep) — 相比(conj) — 有(conj) — 提出(root) — 方法(dobj) — 检测(nn) — 歼击机(nn) — 结构(nn) — 故障(nn),[神经网络预测模型故障检测方法] → [歼击机结构故障],14,基于神经网络预测模型的歼击机结构故障检测方法,神经网络预测模型故障检测方法,歼击机结构故障
验证方法 → 验证 → 方法,nn->dobj->conj->root->root->conj->conj->prep->pobj->assmod->assm->nn->nn,仿真(nn) — 验证(dobj) — 进行(conj) — 给出(root) — 提出(root) — 有(conj) — 相比(conj) — 与(prep) — 方法(pobj) — 系统(assmod) — 的(assm) — 故障(nn) — 检测(nn),[仿真验证] → [神经网络预测模型故障检测方法],13,基于神经网络预测模型的歼击机结构故障检测方法,仿真验证,神经网络预测模型故障检测方法
验证方法 → 验证 → 方法,nn->nn->nsubj->root->root->dobj->nn->nn,计算机(nn) — 仿真(nn) — 结果(nsubj) — 表明(root) — 提出(root) — 方法(dobj) — 诊断(nn) — 故障(nn),[计算机仿真] → [故障诊断方法],8,基于自适应多小波网络预测模型的飞控系统故障诊断仿真研究,计算机仿真,故障诊断方法
方法 → 应用于 → 应用对象,nn->nn->assm->assmod->pobj->prep->conj->conj->root->dobj->rcmod->cpm->nn,故障(nn) — 检测(nn) — 的(assm) — 系统(assmod) — 方法(pobj) — 与(prep) — 相比(conj) — 有(conj) — 提出(root) — 方法(dobj) — 基于(rcmod) — 的(cpm) — 歼击机(nn),[神经网络预测模型故障检测方法] → [某型歼击机],13,基于神经网络预测模型的歼击机结构故障检测方法,神经网络预测模型故障检测方法,某型歼击机
方法 → 应用于 → 应用对象,nn->pobj->assmod->dobj->conj->root->conj->prep->plmod->lobj->assmod->det->nn->nn->nn,马氏(nn) — 距离(pobj) — 基于(assmod) — 方法(dobj) — 提出(conj) — 是(root) — 用(conj) — 于(prep) — 中(plmod) — 预测(lobj) — 系统(assmod) — 某(det) — 型(nn) — 飞机(nn) — 火控(nn),[基于马氏距离的故障预测方法] → [某型飞机火控系统],15,基于马氏距离的航空装备故障预测研究,基于马氏距离的故障预测方法,某型飞机火控系统
技术 → 目的在于 → 目标,nn->nn->nn->nn->nn->nn->dobj->root->prep->pccomp->nn->det->nn->nn->dobj,航空(nn) — 电子(nn) — 设备(nn) — 预测(nn) — 技术(nn) — 故障(nn) — 研究(dobj) — 开展(root) — 为(prep) — 降低(pccomp) — 装备(nn) — 全(det) — 寿命(nn) — 周期(nn) — 费用(dobj),[航空电子设备故障预测技术] → [降低装备全寿命周期费用],15,基于粗糙神经网络的航空电子设备故障预测研究,航空电子设备故障预测技术,降低装备全寿命周期费用
技术 → 目的在于 → 目标,nn->nn->nn->nn->nn->nn->dobj->root->prep->pccomp->conj->nn->dobj,航空(nn) — 电子(nn) — 设备(nn) — 预测(nn) — 技术(nn) — 故障(nn) — 研究(dobj) — 开展(root) — 为(prep) — 降低(pccomp) — 提高(conj) — 经济(nn) — 可承受性(dobj),[航空电子设备故障预测技术] → [提高经济可承受性],13,基于粗糙神经网络的航空电子设备故障预测研究,航空电子设备故障预测技术,提高经济可承受性
技术 → 目的在于 → 目标,nn->nn->nn->nn->nn->nn->dobj->root->prep->pccomp->conj->amod->assmod,航空(nn) — 电子(nn) — 设备(nn) — 预测(nn) — 技术(nn) — 故障(nn) — 研究(dobj) — 开展(root) — 为(prep) — 降低(pccomp) — 预防(conj) — 灾难性(amod) — 事故(assmod),[航空电子设备故障预测技术] → [预防灾难性事故],13,基于粗糙神经网络的航空电子设备故障预测研究,航空电子设备故障预测技术,预防灾难性事故
理论 → 用于改进 → 模型组件,amod->nn->dobj->conj->conj->dobj->nn,粗糙(amod) — 集(nn) — 理论(dobj) — 采用(conj) — 改进(conj) — 结构(dobj) — 神经元(nn),[粗糙集理论] → [神经元结构],7,基于粗糙神经网络的航空电子设备故障预测研究,粗糙集理论,神经元结构
Model → 使用 → 输入,amod->nn->dobj->conj->conj->root->conj->conj->prep->pobj->amod,粗糙(amod) — 神经(nn) — 网络(dobj) — 构造(conj) — 代表(conj) — 开展(root) — 采用(conj) — 为(conj) — 以(prep) — 变量(pobj) — 粗糙(amod),[粗糙神经网络] → [粗糙变量],11,基于粗糙神经网络的航空电子设备故障预测研究,粗糙神经网络,粗糙变量
Model → 用于预测 → 参数,amod->nn->dobj->conj->conj->conj->dobj->assmod->amod->nn->nn,粗糙(amod) — 神经(nn) — 网络(dobj) — 构造(conj) — 代表(conj) — 用(conj) — 预测(dobj) — 参数(assmod) — 实际(amod) — 设备(nn) — 特征(nn),[粗糙神经网络] → [实际设备特征参数],11,基于粗糙神经网络的航空电子设备故障预测研究,粗糙神经网络,实际设备特征参数
Model → 能够预测 → 预测目标,amod->nn->dobj->conj->conj->root->conj->ccomp->dobj->rcmod->nsubj,粗糙(amod) — 神经(nn) — 网络(dobj) — 构造(conj) — 代表(conj) — 开展(root) — 表明(conj) — 预测(ccomp) — 时间(dobj) — 发生(rcmod) — 故障(nsubj),[粗糙神经网络] → [故障发生的时间],11,基于粗糙神经网络的航空电子设备故障预测研究,粗糙神经网络,故障发生的时间
Model → 性能优于 → Model,amod->nn->dobj->conj->conj->root->conj->prep->pobj->nn->nn->nn,粗糙(amod) — 神经(nn) — 网络(dobj) — 构造(conj) — 代表(conj) — 开展(root) — 有(conj) — 较(prep) — 性能(pobj) — 网络(nn) — BP(nn) — 神经(nn),[粗糙神经网络] → [BP神经网络],12,基于粗糙神经网络的航空电子设备故障预测研究,粗糙神经网络,BP神经网络
方法 → 采用 → 指标,nn->nn->dobj->root->conj->dobj->nn->nn,组合(nn) — 预测(nn) — 方法(dobj) — 提出(root) — 采用(conj) — 误差(dobj) — 拟(nn) — 合均方(nn),[组合预测方法] → [拟合均方误差],8,基于组合预测法的航空设备故障预测研究,组合预测方法,拟合均方误差
指标 → 确定 → 参数,nn->nn->dobj->conj->dobj->nn,拟(nn) — 合均方(nn) — 误差(dobj) — 采用(conj) — 系数(dobj) — 加权(nn),[拟合均方误差] → [加权系数],6,基于组合预测法的航空设备故障预测研究,拟合均方误差,加权系数
方法 → 弥补 → 问题,nn->nn->dobj->root->prep->pccomp->nsubj->amod,组合(nn) — 预测(nn) — 方法(dobj) — 提出(root) — 由于(prep) — 保证(pccomp) — 方法(nsubj) — 单一(amod),[组合预测方法] → [单一方法的不足],8,基于组合预测法的航空设备故障预测研究,组合预测方法,单一方法的不足
系统 → 包含 → 功能,nn->nn->nn->nn->pobj->nn->nn,飞行器(nn) — 健康(nn) — 管理(nn) — 系统(nn) — 部分(pobj) — 故障(nn) — 预测(nn),[飞行器健康管理系统] → [故障预测],7,基于组合预测法的航空设备故障预测研究,飞行器健康管理系统,故障预测
系统 → 包含 → 功能,punct->prnmod->assmod->conj,",(punct) — PHM(prnmod) — 技术(assmod) — 诊断(conj)",[PHM系统] → [综合诊断],4,特种飞机综合化任务系统PHM设计与实现,PHM系统,综合诊断
系统 → 包含 → 功能,punct->prnmod->assmod->nn,",(punct) — PHM(prnmod) — 技术(assmod) — 故障(nn)",[PHM系统] → [故障管理],4,特种飞机综合化任务系统PHM设计与实现,PHM系统,故障管理
技术 → 实现 → 功能,conj->nn->nsubj->root->conj->dobj->assmod->conj->nn,预测(conj) — 故障(nn) — 技术(nsubj) — 是(root) — 实现(conj) — 功能(dobj) — 决策(assmod) — 检测(conj) — 故障(nn),[故障预测与管理技术(PHM)] → [故障检测],9,基于综合PHM方法的导弹维修保障综述,故障预测与管理技术(PHM),故障检测
技术 → 实现 → 功能,conj->nn->nsubj->root->conj->dobj->assmod->conj,预测(conj) — 故障(nn) — 技术(nsubj) — 是(root) — 实现(conj) — 功能(dobj) — 决策(assmod) — 诊断(conj),[故障预测与管理技术(PHM)] → [诊断],8,基于综合PHM方法的导弹维修保障综述,故障预测与管理技术(PHM),诊断
技术 → 实现 → 功能,nn->nsubj->nn->conj,故障(nn) — 技术(nsubj) — 管理(nn) — 预测(conj),[故障预测与管理技术(PHM)] → [预测],4,基于综合PHM方法的导弹维修保障综述,故障预测与管理技术(PHM),预测
技术 → 实现 → 功能,conj->nn->nsubj->root->conj->dobj->assmod->conj->nn,预测(conj) — 故障(nn) — 技术(nsubj) — 是(root) — 实现(conj) — 功能(dobj) — 决策(assmod) — 评估(conj) — 状态(nn),[故障预测与管理技术(PHM)] → [状态评估],9,基于综合PHM方法的导弹维修保障综述,故障预测与管理技术(PHM),状态评估
技术 → 实现 → 功能,conj->nn->nsubj->root->conj->dobj->assmod->amod,预测(conj) — 故障(nn) — 技术(nsubj) — 是(root) — 实现(conj) — 功能(dobj) — 决策(assmod) — 综合(amod),[故障预测与管理技术(PHM)] → [综合决策],8,基于综合PHM方法的导弹维修保障综述,故障预测与管理技术(PHM),综合决策
技术 → 实现 → 功能,nn->nn->nsubj->root->conj->prep->pobj->assmod->pobj->nn,数字(nn) — 孪生体(nn) — 概念(nsubj) — 发展(root) — 起到(conj) — 为(prep) — 发展(pobj) — 在(assmod) — 行业(pobj) — 管道(nn),[数字孪生体] → [虚拟管道的仿真优化],10,数字孪生体及其在智慧管网应用的可行性,数字孪生体,虚拟管道的仿真优化
技术 → 实现 → 功能,amod->nn->dobj->dep->root->dep->dobj->assmod,虚拟(amod) — 仪器(nn) — 技术(dobj) — 采用(dep) — 为(root) — 实现(dep) — 分析(dobj) — 油压(assmod),[虚拟仪器技术] → [油压的采集和分析],8,虚拟仪器技术在飞机燃油系统健康监控中的应用,虚拟仪器技术,油压的采集和分析
方法 → 应用于 → 应用领域,nn->nn->conj->pobj->prep->conj->root->conj->prep->pobj->dep->lobj->nn->nn,PHM(nn) — 方法(nn) — 作用(conj) — 现状(pobj) — 对(prep) — 进行(conj) — 是(root) — 进行(conj) — 针对(prep) — 应用(pobj) — 中(dep) — 保障(lobj) — 导弹(nn) — 维修(nn),[PHM方法] → [导弹维修保障],14,基于综合PHM方法的导弹维修保障综述,PHM方法,导弹维修保障
方法 → 应用于 → 应用领域,nn->nn->nn->dobj->root->dobj->nn->nn->nn->nn->nn,蒙特卡罗(nn) — 模拟(nn) — 方法(nn) — 可用性(dobj) — 给出(root) — 方法(dobj) — 风险(nn) — 航空(nn) — 发动机(nn) — 故障(nn) — 预测(nn),[蒙特卡罗模拟方法] → [航空发动机故障风险预测],11,基于蒙特卡罗模拟的航空发动机故障风险预测,蒙特卡罗模拟方法,航空发动机故障风险预测
方法 → 应用于 → 应用领域,conj->nn->nsubj->root->prep->pccomp->nsubj->nn,验证(conj) — PHM(nn) — 方法(nsubj) — 成为(root) — 随着(prep) — 迅速(pccomp) — 技术(nsubj) — PHM(nn),[PHM验证和确认方法] → [航电PHM],8,航空装备预测与健康管理系统的验证方法概述,PHM验证和确认方法,航电PHM
方法 → 应用于 → 应用领域,conj->nn->nsubj->root->prep->pccomp->nsubj->nn,验证(conj) — PHM(nn) — 方法(nsubj) — 成为(root) — 随着(prep) — 迅速(pccomp) — 技术(nsubj) — PHM(nn),[PHM验证和确认方法] → [机电/动力PHM],8,航空装备预测与健康管理系统的验证方法概述,PHM验证和确认方法,机电/动力PHM
方法 → 应用于 → 应用领域,nn->conj->nsubj->root->root->conj->dobj->assmod->nn,PHM(nn) — 验证(conj) — 方法(nsubj) — 成为(root) — 提出(root) — 阐述(conj) — 方法(dobj) — SHM(assmod) — 结构(nn),[PHM验证和确认方法] → [结构SHM],9,航空装备预测与健康管理系统的验证方法概述,PHM验证和确认方法,结构SHM
概念 → 包含 → 组成部分,nn->nn->nsubj->dobj->rcmod->attr->conj->amod,导弹(nn) — 维修(nn) — 保障(nsubj) — PHM(dobj) — 综合(rcmod) — 难点(attr) — 概念(conj) — 基本(amod),[导弹维修保障综合PHM] → [基本概念],8,基于综合PHM方法的导弹维修保障综述,导弹维修保障综合PHM,基本概念
概念 → 包含 → 方法,nn->nn->nsubj->dobj->rcmod->attr->conj->nn->nn,导弹(nn) — 维修(nn) — 保障(nsubj) — PHM(dobj) — 综合(rcmod) — 难点(attr) — 方法(conj) — 体系(nn) — 构建(nn),[导弹维修保障综合PHM] → [体系构建方法],9,基于综合PHM方法的导弹维修保障综述,导弹维修保障综合PHM,体系构建方法
概念 → 存在 → 问题,nn->nn->nsubj->dobj->rcmod->attr->nn,导弹(nn) — 维修(nn) — 保障(nsubj) — PHM(dobj) — 综合(rcmod) — 难点(attr) — 技术(nn),[导弹维修保障综合PHM] → [技术难点],7,基于综合PHM方法的导弹维修保障综述,导弹维修保障综合PHM,技术难点
产品 → 具有特征 → 特征,nn->nn->nsubj->root,航空(nn) — 产品(nn) — 结构(nsubj) — 复杂(root),[航空产品] → [结构复杂],4,基于网络的航空产品设计制造服务一体化技术研究,航空产品,结构复杂
产品 → 具有特征 → 特征,nn->nn->nsubj->root->conj->nn->nsubj,航空(nn) — 产品(nn) — 结构(nsubj) — 复杂(root) — 多(conj) — 制造(nn) — 环节(nsubj),[航空产品] → [制造环节多],7,基于网络的航空产品设计制造服务一体化技术研究,航空产品,制造环节多
产品 → 具有特征 → 特征,nn->nn->nsubj->root->conj->nn->nsubj,航空(nn) — 产品(nn) — 结构(nsubj) — 复杂(root) — 长(conj) — 研制(nn) — 周期(nsubj),[航空产品] → [研制周期长],7,基于网络的航空产品设计制造服务一体化技术研究,航空产品,研制周期长
产品 → 包含 → 概念,nn->nn,航空(nn) — 产品(nn),[航空产品] → [产品生命周期],2,基于网络的航空产品设计制造服务一体化技术研究,航空产品,产品生命周期
概念 → 划分为 → 环节,nn->nsubj->root->root->dobj->nn->nn->conj,产品(nn) — 结构(nsubj) — 复杂(root) — 划分(root) — 环节(dobj) — 维护(nn) — 研发(nn) — 设计(conj),[产品生命周期] → [研发设计],8,基于网络的航空产品设计制造服务一体化技术研究,产品生命周期,研发设计
概念 → 划分为 → 环节,nn->nsubj->root->punct->nn,产品(nn) — 结构(nsubj) — 复杂(root) — 、(punct) — 制造(nn),[产品生命周期] → [生产制造],5,基于网络的航空产品设计制造服务一体化技术研究,产品生命周期,生产制造
概念 → 划分为 → 环节,nn->nsubj->root->root->dobj->nn->nn,产品(nn) — 结构(nsubj) — 复杂(root) — 划分(root) — 环节(dobj) — 维护(nn) — 使用(nn),[产品生命周期] → [使用维护],7,基于网络的航空产品设计制造服务一体化技术研究,产品生命周期,使用维护
技术 → 基于 → 技术,punct->nn->root->root->conj->prep->pobj,、(punct) — 制造(nn) — 复杂(root) — 划分(root) — 联系(conj) — 基于(prep) — 网络(pobj),[设计制造服务一体化技术] → [网络],7,基于网络的航空产品设计制造服务一体化技术研究,设计制造服务一体化技术,网络
技术 → 运用 → 技术,punct->nn->root->root->conj->prep->pobj->nn->conj,、(punct) — 制造(nn) — 复杂(root) — 划分(root) — 联系(conj) — 基于(prep) — 技术(pobj) — 分析(nn) — 通信(conj),[设计制造服务一体化技术] → [通信技术],9,基于网络的航空产品设计制造服务一体化技术研究,设计制造服务一体化技术,通信技术
技术 → 运用 → 技术,punct->nn->root->root->conj->prep->pobj->nn->punct->conj,、(punct) — 制造(nn) — 复杂(root) — 划分(root) — 联系(conj) — 基于(prep) — 技术(pobj) — 分析(nn) — 、(punct) — 传感(conj),[设计制造服务一体化技术] → [传感技术],10,基于网络的航空产品设计制造服务一体化技术研究,设计制造服务一体化技术,传感技术
技术 → 运用 → 技术,punct->nn->root->root->conj->prep->pobj->nn->conj,、(punct) — 制造(nn) — 复杂(root) — 划分(root) — 联系(conj) — 基于(prep) — 技术(pobj) — 分析(nn) — 云计算(conj),[设计制造服务一体化技术] → [云计算],9,基于网络的航空产品设计制造服务一体化技术研究,设计制造服务一体化技术,云计算
技术 → 运用 → 技术,punct->nn->root->root->conj->prep->pobj->nn->amod->nn,、(punct) — 制造(nn) — 复杂(root) — 划分(root) — 联系(conj) — 基于(prep) — 技术(pobj) — 分析(nn) — 大(amod) — 数据(nn),[设计制造服务一体化技术] → [大数据分析],10,基于网络的航空产品设计制造服务一体化技术研究,设计制造服务一体化技术,大数据分析
技术 → 联系 → 环节,nn->punct->root->conj->nsubj,制造(nn) — 、(punct) — 复杂(root) — 多(conj) — 环节(nsubj),[设计制造服务一体化技术] → [设计环节],5,基于网络的航空产品设计制造服务一体化技术研究,设计制造服务一体化技术,设计环节
技术 → 联系 → 环节,nn->punct->root->conj->nsubj,制造(nn) — 、(punct) — 复杂(root) — 多(conj) — 环节(nsubj),[设计制造服务一体化技术] → [制造环节],5,基于网络的航空产品设计制造服务一体化技术研究,设计制造服务一体化技术,制造环节
技术 → 联系 → 环节,nn->punct->root->conj->nsubj,制造(nn) — 、(punct) — 复杂(root) — 多(conj) — 环节(nsubj),[设计制造服务一体化技术] → [使用环节],5,基于网络的航空产品设计制造服务一体化技术研究,设计制造服务一体化技术,使用环节
技术 → 提高 → 指标,nn->punct->root->nsubj->nn->nn,制造(nn) — 、(punct) — 复杂(root) — 结构(nsubj) — 产品(nn) — 航空(nn),[设计制造服务一体化技术] → [航空产品技术水平],6,基于网络的航空产品设计制造服务一体化技术研究,设计制造服务一体化技术,航空产品技术水平
技术 → 提高 → 指标,nn->punct->root->nsubj->nn,制造(nn) — 、(punct) — 复杂(root) — 结构(nsubj) — 产品(nn),[设计制造服务一体化技术] → [产品质量],5,基于网络的航空产品设计制造服务一体化技术研究,设计制造服务一体化技术,产品质量
技术 → 提高 → 指标,punct->nn->root->root->conj->prep->pobj->assmod->nn,、(punct) — 制造(nn) — 复杂(root) — 划分(root) — 具有(conj) — 对(prep) — 提高(pobj) — 水平(assmod) — 服务(nn),[设计制造服务一体化技术] → [服务水平],9,基于网络的航空产品设计制造服务一体化技术研究,设计制造服务一体化技术,服务水平
网络模型 → 具有 → 方法,amod->nummod->amod->nn->dobj->rcmod->dobj->root->conj->dobj->nn->conj,自适应(amod) — 多(nummod) — 小波(amod) — 网络(nn) — 模型(dobj) — 基于(rcmod) — 方法(dobj) — 提出(root) — 给出(conj) — 算法(dobj) — 构造(nn) — 方法(conj),[自适应多小波网络] → [构造方法],12,基于自适应多小波网络预测模型的飞控系统故障诊断仿真研究,自适应多小波网络,构造方法
网络模型 → 具有 → 算法,amod->nummod->amod->nn->dobj->rcmod->dobj->root->conj->dobj->nn,自适应(amod) — 多(nummod) — 小波(amod) — 网络(nn) — 模型(dobj) — 基于(rcmod) — 方法(dobj) — 提出(root) — 给出(conj) — 算法(dobj) — 训练(nn),[自适应多小波网络] → [训练算法],11,基于自适应多小波网络预测模型的飞控系统故障诊断仿真研究,自适应多小波网络,训练算法
方法 → 应用于 → 部件,nn->nn->dobj->rcmod->cpm->nn,故障(nn) — 诊断(nn) — 方法(dobj) — 基于(rcmod) — 的(cpm) — 飞机(nn),[故障诊断方法] → [飞机作动器],6,基于自适应多小波网络预测模型的飞控系统故障诊断仿真研究,故障诊断方法,飞机作动器
方法 → 应用于 → 部件,rcmod->cpm->nn->amod->dobj->root->prep->pobj->nn->amod,扩展(rcmod) — 的(cpm) — Weibull(nn) — 分步(amod) — 建模(dobj) — 运用(root) — 对(prep) — 部件(pobj) — 交换器(nn) — 热(amod),[扩展Weibull分步建模] → [热交换器],10,飞机空调冷却子系统故障预测,扩展Weibull分步建模,热交换器
方法 → 用于评估 → 指标,nn->nn->nn->nn->nn->dobj->root->conj->ccomp->dobj->rcmod->dobj->cpm,航空(nn) — 发动机(nn) — 故障(nn) — 风险(nn) — 预测(nn) — 方法(dobj) — 给出(root) — 用(conj) — 评估(ccomp) — 可能性(dobj) — 发生(rcmod) — 故障(dobj) — 的(cpm),[航空发动机故障风险预测方法] → [发动机部件故障可能性],13,基于蒙特卡罗模拟的航空发动机故障风险预测,航空发动机故障风险预测方法,发动机部件故障可能性
Model → 基于 → 概率分布,nn->nn->dobj->conj->prep->pobj->nn,故障(nn) — 概率(nn) — 模型(dobj) — 建立(conj) — 以(prep) — 分布(pobj) — 威布尔(nn),[故障概率模型] → [威布尔分布],7,基于蒙特卡罗模拟的航空发动机故障风险预测,故障概率模型,威布尔分布
方法 → 用于估计 → 参数,nn->nn->dobj->conj->conj->root->conj->dobj->nn->nn,中位秩(nn) — 回归(nn) — 参数法(dobj) — 利用(conj) — 建立(conj) — 给出(root) — 估计(conj) — 参数(dobj) — 威布尔(nn) — 分布(nn),[中位秩回归参数法] → [威布尔分布参数],10,基于蒙特卡罗模拟的航空发动机故障风险预测,中位秩回归参数法,威布尔分布参数
方法 → 用于产生 → 数据,amod->nn->conj->rcmod->dobj->conj->conj->dobj,同余(amod) — 组合(nn) — 发生器(conj) — 乘(rcmod) — 方式(dobj) — 利用(conj) — 产生(conj) — 随机数(dobj),[乘同余组合发生器] → [随机数],8,基于蒙特卡罗模拟的航空发动机故障风险预测,乘同余组合发生器,随机数
方法 → 用于产生 → 数据,nsubj->rcmod->dobj->conj->conj->dobj,反变换法(nsubj) — 结合(rcmod) — 方式(dobj) — 利用(conj) — 产生(conj) — 随机数(dobj),[反变换法] → [随机数],6,基于蒙特卡罗模拟的航空发动机故障风险预测,反变换法,随机数
数据 → 满足 → 概率分布,dobj->conj->conj->root->conj->prep->pobj->nn,随机数(dobj) — 产生(conj) — 利用(conj) — 给出(root) — 建立(conj) — 以(prep) — 分布(pobj) — 威布尔(nn),[随机数] → [威布尔分布],8,基于蒙特卡罗模拟的航空发动机故障风险预测,随机数,威布尔分布
数据 → 用于验证 → 属性,nn->nsubj->rcmod->dobj->conj->root->dobj->conj->assmod->assm,发动机(nn) — 厂商(nsubj) — 提供(rcmod) — 数据(dobj) — 对比(conj) — 给出(root) — 可用性(dobj) — 有效性(conj) — 算法(assmod) — 的(assm),[发动机厂商预测数据] → [算法有效性],10,基于蒙特卡罗模拟的航空发动机故障风险预测,发动机厂商预测数据,算法有效性
设备 → 具有 → 特性,nn->nn->nsubj,航空(nn) — 发动机(nn) — 结构(nsubj),[航空发动机] → [复杂结构],3,基于蒙特卡罗模拟的航空发动机故障风险预测,航空发动机,复杂结构
设备 → 具有 → 特性,nn->nn->nsubj->rcmod->punct->nn->nsubj,航空(nn) — 发动机(nn) — 结构(nsubj) — 复杂(rcmod) — 、(punct) — 故障(nn) — 模式(nsubj),[航空发动机] → [多样故障模式],7,基于蒙特卡罗模拟的航空发动机故障风险预测,航空发动机,多样故障模式
组件 → 存在问题 → 问题,nn->nsubj->root->dobj->vmod->nn->nsubj,航空(nn) — 柱塞泵(nsubj) — 存在(root) — 问题(dobj) — 高(vmod) — 故障(nn) — 频率(nsubj),[航空柱塞泵] → [故障频率高],7,基于融合知识图谱的航空柱塞泵故障预测诊断方法,航空柱塞泵,故障频率高
组件 → 存在问题 → 问题,nn->nsubj->root->dobj->vmod->conj->nn->nsubj,航空(nn) — 柱塞泵(nsubj) — 存在(root) — 问题(dobj) — 高(vmod) — 多(conj) — 故障(nn) — 种类(nsubj),[航空柱塞泵] → [故障种类多],8,基于融合知识图谱的航空柱塞泵故障预测诊断方法,航空柱塞泵,故障种类多
组件 → 存在问题 → 问题,nn->nsubj->root->dobj->vmod->conj->nn->nn->nsubj,航空(nn) — 柱塞泵(nsubj) — 存在(root) — 问题(dobj) — 高(vmod) — 大(conj) — 故障(nn) — 溯源(nn) — 难度(nsubj),[航空柱塞泵] → [故障溯源难度大],9,基于融合知识图谱的航空柱塞泵故障预测诊断方法,航空柱塞泵,故障溯源难度大
组件 → 存在问题 → 问题,nn->nsubj->root->dobj->vmod->conj->nn->nsubj,航空(nn) — 柱塞泵(nsubj) — 存在(root) — 问题(dobj) — 高(vmod) — 低(conj) — 预测(nn) — 准确率(nsubj),[航空柱塞泵] → [预测准确率低],8,基于融合知识图谱的航空柱塞泵故障预测诊断方法,航空柱塞泵,预测准确率低
方法 → 融合 → 技术,nn->nsubj->root->root->dobj->rcmod->nsubj->nn->conj,航空(nn) — 柱塞泵(nsubj) — 存在(root) — 提出(root) — 方法(dobj) — 融合(rcmod) — 算法(nsubj) — 知识(nn) — 图谱(conj),[航空柱塞泵故障预测诊断方法] → [知识图谱],9,基于融合知识图谱的航空柱塞泵故障预测诊断方法,航空柱塞泵故障预测诊断方法,知识图谱
方法 → 融合 → 算法,nn->nsubj->root->root->dobj->rcmod->nsubj->amod->nn,航空(nn) — 柱塞泵(nsubj) — 存在(root) — 提出(root) — 方法(dobj) — 融合(rcmod) — 算法(nsubj) — 人工(amod) — 蜂群(nn),[航空柱塞泵故障预测诊断方法] → [人工蜂群算法],9,基于融合知识图谱的航空柱塞泵故障预测诊断方法,航空柱塞泵故障预测诊断方法,人工蜂群算法
方法 → 用于解决 → 问题,nn->nsubj,航空(nn) — 柱塞泵(nsubj),[航空柱塞泵故障预测诊断方法] → [航空柱塞泵故障],2,基于融合知识图谱的航空柱塞泵故障预测诊断方法,航空柱塞泵故障预测诊断方法,航空柱塞泵故障
算法 → 包含 → 算法层,nn->nsubj->vmod->dobj->root->root->conj->dobj->conj,故障(nn) — 频率(nsubj) — 高(vmod) — 问题(dobj) — 存在(root) — 建立(root) — 包含(conj) — 输出层(dobj) — 输入层(conj),[人工蜂群故障预测算法] → [输入层],9,基于融合知识图谱的航空柱塞泵故障预测诊断方法,人工蜂群故障预测算法,输入层
算法 → 包含 → 算法层,nn->nsubj->vmod->dobj->root->root->conj->dobj->conj,故障(nn) — 频率(nsubj) — 高(vmod) — 问题(dobj) — 存在(root) — 建立(root) — 包含(conj) — 输出层(dobj) — 指派层(conj),[人工蜂群故障预测算法] → [指派层],9,基于融合知识图谱的航空柱塞泵故障预测诊断方法,人工蜂群故障预测算法,指派层
算法 → 包含 → 算法层,nn->nsubj->vmod->dobj->root->root->conj->dobj->conj,故障(nn) — 频率(nsubj) — 高(vmod) — 问题(dobj) — 存在(root) — 建立(root) — 包含(conj) — 输出层(dobj) — 传播层(conj),[人工蜂群故障预测算法] → [传播层],9,基于融合知识图谱的航空柱塞泵故障预测诊断方法,人工蜂群故障预测算法,传播层
算法 → 包含 → 算法层,nn->nsubj->vmod->dobj->root->root->conj->dobj->conj,故障(nn) — 频率(nsubj) — 高(vmod) — 问题(dobj) — 存在(root) — 建立(root) — 包含(conj) — 输出层(dobj) — 自注意力层(conj),[人工蜂群故障预测算法] → [自注意力层],9,基于融合知识图谱的航空柱塞泵故障预测诊断方法,人工蜂群故障预测算法,自注意力层
算法 → 包含 → 算法层,nn->nsubj->vmod->dobj->root->root->conj->dobj,故障(nn) — 频率(nsubj) — 高(vmod) — 问题(dobj) — 存在(root) — 建立(root) — 包含(conj) — 输出层(dobj),[人工蜂群故障预测算法] → [输出层],8,基于融合知识图谱的航空柱塞泵故障预测诊断方法,人工蜂群故障预测算法,输出层
算法 → 采用 → 技术,nn->nsubj->vmod->dobj->root->root->conj->conj->dobj->nn,故障(nn) — 频率(nsubj) — 高(vmod) — 问题(dobj) — 存在(root) — 建立(root) — 包含(conj) — 采用(conj) — 机制(dobj) — 注意力(nn),[人工蜂群故障预测算法] → [注意力机制],10,基于融合知识图谱的航空柱塞泵故障预测诊断方法,人工蜂群故障预测算法,注意力机制
算法 → 采用 → 技术,cpm->nn->rcmod->dobj->root->root->dep->dobj->rcmod->pobj->amod,的(cpm) — 故障(nn) — 先进(rcmod) — 系统(dobj) — 装备(root) — 入手(root) — 介绍(dep) — 规范(dobj) — 基于(rcmod) — 开放式(pobj) — 分层(amod),[智能故障诊断算法] → [分层聚类],11,大型飞机机载系统预测与健康管理关键技术,智能故障诊断算法,分层聚类
算法 → 采用 → 技术,cpm->nn->rcmod->dobj->root->root->dobj->nn->rcmod->dep->advmod->dep,的(cpm) — 故障(nn) — 先进(rcmod) — 系统(dobj) — 装备(root) — 分析(root) — 技术(dobj) — 算法(nn) — 聚类(rcmod) — 增强(dep) — 交叉(advmod) — 校核(dep),[智能故障诊断算法] → [交叉增强校核],12,大型飞机机载系统预测与健康管理关键技术,智能故障诊断算法,交叉增强校核
算法 → 形成 → Model,nn->nsubj->vmod->dobj->root->nsubj->nn,故障(nn) — 频率(nsubj) — 高(vmod) — 问题(dobj) — 存在(root) — 柱塞泵(nsubj) — 航空(nn),[人工蜂群故障预测算法] → [航空柱塞泵故障预测模型],7,基于融合知识图谱的航空柱塞泵故障预测诊断方法,人工蜂群故障预测算法,航空柱塞泵故障预测模型
知识图谱 → 构建于 → 数据,nn->nsubj->root->root->prep->pobj->amod->nn,航空(nn) — 柱塞泵(nsubj) — 存在(root) — 构建(root) — 通过(prep) — 案例(pobj) — 实际(amod) — 维修(nn),[航空柱塞泵故障诊断的知识图谱] → [实际维修案例],8,基于融合知识图谱的航空柱塞泵故障预测诊断方法,航空柱塞泵故障诊断的知识图谱,实际维修案例
验证方法 → 证明 → 方法,nsubj->conj->root->root->nsubj->nn,实验(nsubj) — 证明(conj) — 构建(root) — 存在(root) — 柱塞泵(nsubj) — 航空(nn),[实验] → [航空柱塞泵故障预测诊断方法],6,基于融合知识图谱的航空柱塞泵故障预测诊断方法,实验,航空柱塞泵故障预测诊断方法
算法 → 用于预测 → 预测目标,nn->nsubj->vmod->pobj->dep->lobj->nn->nn->amod->nn,优化(nn) — 效率(nsubj) — 低(vmod) — 问题(pobj) — 中(dep) — 预测(lobj) — 发动机(nn) — 航空(nn) — 剩余(amod) — 寿命(nn),[贝叶斯优化LSTM] → [航空发动机剩余寿命],10,基于贝叶斯优化LSTM的发动机剩余寿命预测,贝叶斯优化LSTM,航空发动机剩余寿命
算法 → 基于 → 算法,nn->nsubj->vmod->pobj->root->root->prep->plmod->lobj->assmod->prnmod,优化(nn) — 效率(nsubj) — 低(vmod) — 问题(pobj) — 针对(root) — 提出(root) — 在(prep) — 上(plmod) — 基础(lobj) — 算法(assmod) — LSTM(prnmod),[贝叶斯优化LSTM] → [LSTM],11,基于贝叶斯优化LSTM的发动机剩余寿命预测,贝叶斯优化LSTM,LSTM
算法 → 基于 → 算法,nn->conj->nn->pobj->prep->root->root->conj->dep->nsubj->rcmod->pobj->conj->amod->amod->nn,故障(nn) — 诊断(conj) — 管理(nn) — 研发(pobj) — 给(prep) — 提出(root) — 围绕(root) — 展开(conj) — 显示(dep) — 算法(nsubj) — 基于(rcmod) — 网络(pobj) — 滤波器(conj) — 非线性(amod) — 无迹(amod) — 卡尔曼(nn),[发动机气路故障诊断算法] → [非线性无迹卡尔曼滤波器 (UKF)],16,民用航空发动机故障诊断与健康管理现状、挑战与机遇Ⅰ：气路、机械和FADEC系统故障诊断与预测,发动机气路故障诊断算法,非线性无迹卡尔曼滤波器 (UKF)
算法 → 基于 → 算法,nn->conj->nn->pobj->prep->root->root->conj->dep->nsubj->rcmod->pobj->amod->nn->nn,故障(nn) — 诊断(conj) — 管理(nn) — 研发(pobj) — 给(prep) — 提出(root) — 围绕(root) — 展开(conj) — 显示(dep) — 算法(nsubj) — 基于(rcmod) — 网络(pobj) — 深度(amod) — 学习(nn) — 神经(nn),[发动机气路故障诊断算法] → [深度学习神经网络],15,民用航空发动机故障诊断与健康管理现状、挑战与机遇Ⅰ：气路、机械和FADEC系统故障诊断与预测,发动机气路故障诊断算法,深度学习神经网络
算法 → 解决 → 问题,nn->nsubj->vmod->amod->nn->nn->nn,优化(nn) — 效率(nsubj) — 低(vmod) — 深度(amod) — 学习(nn) — 算法(nn) — 参数(nn),[贝叶斯优化LSTM] → [深度学习算法参数优化效率低],7,基于贝叶斯优化LSTM的发动机剩余寿命预测,贝叶斯优化LSTM,深度学习算法参数优化效率低
算法 → 解决 → 问题,nn->nsubj->vmod->conj->nn->nsubj,优化(nn) — 效率(nsubj) — 低(vmod) — 差(conj) — 预测(nn) — 准确率(nsubj),[贝叶斯优化LSTM] → [预测准确率差],6,基于贝叶斯优化LSTM的发动机剩余寿命预测,贝叶斯优化LSTM,预测准确率差
优化算法 → 优化 → 参数,nn->nsubj->nn,算法(nn) — 效率(nsubj) — 参数(nn),[贝叶斯优化算法] → [LSTM的超参数],3,基于贝叶斯优化LSTM的发动机剩余寿命预测,贝叶斯优化算法,LSTM的超参数
算法 → 执行 → 任务,prnmod->assmod->lobj->plmod->prep->root->root->pobj->dep->lobj,LSTM(prnmod) — 算法(assmod) — 基础(lobj) — 上(plmod) — 在(prep) — 提出(root) — 针对(root) — 问题(pobj) — 中(dep) — 预测(lobj),[LSTM] → [时间序列预测],10,基于贝叶斯优化LSTM的发动机剩余寿命预测,LSTM,时间序列预测
Dataset → 用于验证 → 算法,pobj->prep->conj->root->root->pobj->vmod->nsubj->nn,数据(pobj) — 对(prep) — 进行(conj) — 利用(root) — 针对(root) — 问题(pobj) — 低(vmod) — 效率(nsubj) — 优化(nn),[NASA公开数据集] → [贝叶斯优化LSTM],9,基于贝叶斯优化LSTM的发动机剩余寿命预测,NASA公开数据集,贝叶斯优化LSTM
算法 → 提供参考 → 应用,nn->nsubj->vmod->pobj->root->root->prep->pccomp->conj->dobj->nn->nn,优化(nn) — 效率(nsubj) — 低(vmod) — 问题(pobj) — 针对(root) — 提供(root) — 为(prep) — 保证(pccomp) — 制定(conj) — 策略(dobj) — 维修(nn) — 替换(nn),[贝叶斯优化LSTM] → [维修替换策略],12,基于贝叶斯优化LSTM的发动机剩余寿命预测,贝叶斯优化LSTM,维修替换策略
算法 → 保障 → 应用,nn->nsubj->vmod->pobj->dep->lobj->nn->nn,优化(nn) — 效率(nsubj) — 低(vmod) — 问题(pobj) — 中(dep) — 预测(lobj) — 发动机(nn) — 航空(nn),[贝叶斯优化LSTM] → [航空器安全使用],8,基于贝叶斯优化LSTM的发动机剩余寿命预测,贝叶斯优化LSTM,航空器安全使用
Model → 用于获取 → 数据,nn->amod->conj->dobj->root->prep->pobj->assmod->nn,发动机(nn) — 非线性(amod) — 模型(conj) — 方法(dobj) — 利用(root) — 针对(prep) — 不足(pobj) — 样本(assmod) — 故障(nn),[发动机非线性模型] → [故障样本],9,基于逆跟踪控制的航空发动机气路健康参数估计修正方法研究,发动机非线性模型,故障样本
算法 → 用于建立 → 估计器,advmod->amod->nummod->nn->nn->nn->dobj->conj->dobj->assmod->punct,最(advmod) — 小(amod) — 二(nummod) — 乘(nn) — 支持(nn) — 向量(nn) — 回归机(dobj) — 运用(conj) — 估计器(dobj) — 理想(assmod) — )(punct),[最小二乘支持向量回归机(LSSVR)] → [理想估计器],11,基于逆跟踪控制的航空发动机气路健康参数估计修正方法研究,最小二乘支持向量回归机(LSSVR),理想估计器
估计器 → 估计 → 参数,assmod->punct->dobj->assmod->nn->nn,理想(assmod) — )(punct) — 估计器(dobj) — 参数(assmod) — 气路(nn) — 健康(nn),[理想估计器] → [气路健康参数],6,基于逆跟踪控制的航空发动机气路健康参数估计修正方法研究,理想估计器,气路健康参数
估计器 → 估计 → 参数,nn->dobj->conj->dep->nsubj->nn,状态(nn) — 方程(dobj) — 扩展(conj) — 作为(dep) — 参数(nsubj) — 性能(nn),[状态估计器] → [性能退化系数],6,基于部件参数估计的航空发动机故障预测技术研究,状态估计器,性能退化系数
系统 → 基于 → 方法,nn->dobj->ccomp->root->root->dobj->conj,修正(nn) — 系统(dobj) — 设计(ccomp) — 是(root) — 利用(root) — 方法(dobj) — 模型(conj),[修正系统] → [逆模型在线辨识],7,基于逆跟踪控制的航空发动机气路健康参数估计修正方法研究,修正系统,逆模型在线辨识
系统 → 结合 → 控制理论,nn->dobj->rcmod->pobj->amod->nn,修正(nn) — 系统(dobj) — 基于(rcmod) — 控制(pobj) — 变(amod) — 结构(nn),[修正系统] → [变结构控制],6,基于逆跟踪控制的航空发动机气路健康参数估计修正方法研究,修正系统,变结构控制
系统 → 减小 → 影响,nn->dobj->ccomp->conj->dobj->rcmod->nsubj->nn->conj,修正(nn) — 系统(dobj) — 设计(ccomp) — 减小(conj) — 影响(dobj) — 造成(rcmod) — 噪声(nsubj) — 测量(nn) — 噪声(conj),[修正系统] → [测量噪声的影响],9,基于逆跟踪控制的航空发动机气路健康参数估计修正方法研究,修正系统,测量噪声的影响
系统 → 减小 → 影响,nn->dobj->ccomp->conj->dobj->rcmod->nsubj->cc->nn,修正(nn) — 系统(dobj) — 设计(ccomp) — 减小(conj) — 影响(dobj) — 造成(rcmod) — 噪声(nsubj) — 与(cc) — 系统(nn),[修正系统] → [系统噪声的影响],9,基于逆跟踪控制的航空发动机气路健康参数估计修正方法研究,修正系统,系统噪声的影响
系统 → 减小 → 风险,nn->dobj->ccomp->root->root->conj->conj->dobj->conj->assmod->assm,修正(nn) — 系统(dobj) — 设计(ccomp) — 是(root) — 缩小(root) — 提高(conj) — 减小(conj) — 概率(dobj) — 误判(conj) — 监控(assmod) — 的(assm),[修正系统] → [误判的概率],11,基于逆跟踪控制的航空发动机气路健康参数估计修正方法研究,修正系统,误判的概率
系统 → 减小 → 风险,nn->dobj->ccomp->root->root->conj->conj->dobj->cc->rcmod,修正(nn) — 系统(dobj) — 设计(ccomp) — 是(root) — 缩小(root) — 提高(conj) — 减小(conj) — 概率(dobj) — 和(cc) — 误诊(rcmod),[修正系统] → [误诊的概率],10,基于逆跟踪控制的航空发动机气路健康参数估计修正方法研究,修正系统,误诊的概率
方法 → 缩小 → Performance Metric,cpm->nn->rcmod->dobj->ccomp->root->root->conj->dobj->nn->amod->advmod,的(cpm) — 修正(nn) — 结合(rcmod) — 系统(dobj) — 设计(ccomp) — 是(root) — 利用(root) — 运用(conj) — 回归机(dobj) — 乘(nn) — 小(amod) — 最(advmod),[离线修正] → [估计值的相对误差最大值],12,基于逆跟踪控制的航空发动机气路健康参数估计修正方法研究,离线修正,估计值的相对误差最大值
方法 → 缩小 → Performance Metric,amod->conj->pobj->rcmod->dobj->ccomp->root->root->conj->dobj->nn->amod->advmod,在线(amod) — 辨识(conj) — 控制(pobj) — 基于(rcmod) — 系统(dobj) — 设计(ccomp) — 是(root) — 利用(root) — 运用(conj) — 回归机(dobj) — 乘(nn) — 小(amod) — 最(advmod),[在线修正] → [估计值的相对误差最大值],13,基于逆跟踪控制的航空发动机气路健康参数估计修正方法研究,在线修正,估计值的相对误差最大值
Model → 用于构建 → 方法,nn->conj->nn->dobj->pccomp->root->root->dobj->nn,故障(nn) — 诊断(conj) — 部件(nn) — 技术(dobj) — 研究(pccomp) — 为(root) — 采用(root) — 网络(dobj) — 贝叶斯(nn),[故障逻辑图] → [贝叶斯网络],9,基于逻辑图的国产民机液压系统故障诊断与定位,故障逻辑图,贝叶斯网络
Model → 构建依据 → 信息,nn,故障(nn),[故障逻辑图] → [故障形成条件],1,基于逻辑图的国产民机液压系统故障诊断与定位,故障逻辑图,故障形成条件
Model → 反映 → 关系,nn,故障(nn),[故障逻辑图] → [故障形成逻辑关系],1,基于逻辑图的国产民机液压系统故障诊断与定位,故障逻辑图,故障形成逻辑关系
方法 → 表示 → 关系,nn->dobj->root->root->pccomp->dobj->nn->conj->nn,贝叶斯(nn) — 网络(dobj) — 采用(root) — 为(root) — 研究(pccomp) — 技术(dobj) — 部件(nn) — 诊断(conj) — 故障(nn),[贝叶斯网络] → [故障形成逻辑关系],9,基于逻辑图的国产民机液压系统故障诊断与定位,贝叶斯网络,故障形成逻辑关系
关系 → 表示为 → 参数,nn->conj->nn->dobj->pccomp->root->root->prep->pobj,故障(nn) — 诊断(conj) — 部件(nn) — 技术(dobj) — 研究(pccomp) — 为(root) — 构建(root) — 依据(prep) — 条件(pobj),[故障形成逻辑关系] → [条件概率分布值],9,基于逻辑图的国产民机液压系统故障诊断与定位,故障形成逻辑关系,条件概率分布值
数据 → 获取依据 → 信息,nn->nn->dobj->conj->root->root->dobj->nn,QAR(nn) — 参数(nn) — 信息(dobj) — 获取(conj) — 获取(root) — 构建(root) — 图(dobj) — 逻辑(nn),[QAR参数信息] → [逻辑图输入信息],8,基于逻辑图的国产民机液压系统故障诊断与定位,QAR参数信息,逻辑图输入信息
方法 → 辅助 → 任务,nn->conj->nn->nn->nn,故障(nn) — 诊断(conj) — 部件(nn) — 故障(nn) — 定位(nn),[基于逻辑图的故障诊断方法] → [故障部件定位],5,基于逻辑图的国产民机液压系统故障诊断与定位,基于逻辑图的故障诊断方法,故障部件定位
方法 → 完善 → 系统,nn->conj->nn->dobj->nn,故障(nn) — 诊断(conj) — 部件(nn) — 技术(dobj) — 系统(nn),[基于逻辑图的故障诊断方法] → [健康管理系统],5,基于逻辑图的国产民机液压系统故障诊断与定位,基于逻辑图的故障诊断方法,健康管理系统
任务 → 实现 → 策略,nn->nn->dobj->root->prep->pccomp->conj->dobj->nn,预测(nn) — 故障(nn) — 研究(dobj) — 开展(root) — 为(prep) — 实现(pccomp) — 实现(conj) — 维修(dobj) — 视情(nn),[故障预测] → [视情维修],9,基于遗传神经网络的航空装备故障预测,故障预测,视情维修
Model → 提高 → 能力,amod->nn->pobj->assmod->dobj->root->root->ccomp->conj->dobj->nn,遗传(amod) — 神经(nn) — 网络(pobj) — 基于(assmod) — 研究(dobj) — 开展(root) — 表明(root) — 实现(ccomp) — 提高(conj) — 能力(dobj) — 保障(nn),[遗传神经网络] → [保障能力],11,基于遗传神经网络的航空装备故障预测,遗传神经网络,保障能力
算法 → 用于 → 过程,amod->nn->pobj,遗传(amod) — 神经(nn) — 网络(pobj),[改进遗传算法] → [神经网络的权重学习],3,基于遗传神经网络的航空装备故障预测,改进遗传算法,神经网络的权重学习
算法 → 采用 → 方法,amod->nn->pobj->assmod->dobj->root->root->dobj->conj->nn->nn,遗传(amod) — 神经(nn) — 网络(pobj) — 基于(assmod) — 研究(dobj) — 开展(root) — 采用(root) — 变异率(dobj) — 方式(conj) — 实数(nn) — 编码(nn),[遗传算法] → [实数编码方式],11,基于遗传神经网络的航空装备故障预测,遗传算法,实数编码方式
算法 → 采用 → 参数,amod->nn->pobj->assmod->dobj->root->root->dobj->cc->assmod,遗传(amod) — 神经(nn) — 网络(pobj) — 基于(assmod) — 研究(dobj) — 开展(root) — 采用(root) — 变异率(dobj) — 和(cc) — 自适应(assmod),[遗传算法] → [自适应的交叉率],10,基于遗传神经网络的航空装备故障预测,遗传算法,自适应的交叉率
算法 → 采用 → 参数,amod->nn->pobj->assmod->dobj->root->root->dobj->cc->assmod,遗传(amod) — 神经(nn) — 网络(pobj) — 基于(assmod) — 研究(dobj) — 开展(root) — 采用(root) — 变异率(dobj) — 和(cc) — 自适应(assmod),[遗传算法] → [自适应的变异率],10,基于遗传神经网络的航空装备故障预测,遗传算法,自适应的变异率
任务 → 应用于 → 研究对象,nn->nn->dobj->root->prep->pccomp->conj->dobj->assmod,预测(nn) — 故障(nn) — 研究(dobj) — 开展(root) — 为(prep) — 实现(pccomp) — 实现(conj) — 维修(dobj) — 装备(assmod),[故障预测] → [航空装备],9,基于遗传神经网络的航空装备故障预测,故障预测,航空装备
任务 → 应用于 → 研究对象,amod->nn->nn->nn->dobj->conj->root->dobj->assmod->nn->nn->amod->amod,剩余(amod) — 寿命(nn) — 预测(nn) — 量化(nn) — 问题(dobj) — 结合(conj) — 面向(root) — 需求(dobj) — 预测(assmod) — 寿命(nn) — 设备(nn) — 随机(amod) — 退化(amod),[剩余寿命预测] → [随机退化设备],13,大数据下数模联动的随机退化设备剩余寿命预测技术,剩余寿命预测,随机退化设备
技术 → 满足 → 需求,nn->nn->dobj->assmod->pobj->cc->nn->nn->assm,航空(nn) — 发动机(nn) — 需求(dobj) — 对(assmod) — 系统(pobj) — 与(cc) — 健康(nn) — 管理(nn) — 的(assm),[航空发动机故障预测技术] → [故障预测与健康管理系统需求],9,基于部件参数估计的航空发动机故障预测技术研究,航空发动机故障预测技术,故障预测与健康管理系统需求
技术 → 针对 → 问题,nn->nn->dobj->pccomp->prep->root->prep->pobj->nn->nn->nn,航空(nn) — 发动机(nn) — 需求(dobj) — 满足(pccomp) — 为了(prep) — 为(root) — 针对(prep) — 问题(pobj) — 气路(nn) — 故障(nn) — 预测(nn),[航空发动机故障预测技术] → [气路故障预测问题],11,基于部件参数估计的航空发动机故障预测技术研究,航空发动机故障预测技术,气路故障预测问题
研究 → 研究对象为 → 设备,dep->punct->root->prep->pobj->nn->nn,"研究(dep) — ,(punct) — 为(root) — 以(prep) — 发动机(pobj) — 涡轮(nn) — 风扇(nn)",[本研究] → [涡轮风扇发动机],7,基于部件参数估计的航空发动机故障预测技术研究,本研究,涡轮风扇发动机
参数 → 扩展至 → 方程,nn->nn->nsubj->dep->conj->dobj->nn,性能(nn) — 健康(nn) — 参数(nsubj) — 作为(dep) — 扩展(conj) — 方程(dobj) — 状态(nn),[性能健康参数] → [状态方程],7,基于部件参数估计的航空发动机故障预测技术研究,性能健康参数,状态方程
算法 → 估计 → 变量,nn->dobj->dep->conj->prep->pobj->nn,卡尔曼(nn) — 滤波器(dobj) — 利用(dep) — 进行(conj) — 对(prep) — 变量(pobj) — 状态(nn),[卡尔曼滤波器] → [状态变量],7,基于部件参数估计的航空发动机故障预测技术研究,卡尔曼滤波器,状态变量
算法 → 估计 → 参数,nn->dobj->dep->dep->nsubj->nn,卡尔曼(nn) — 滤波器(dobj) — 利用(dep) — 作为(dep) — 参数(nsubj) — 健康(nn),[卡尔曼滤波器] → [健康参数],6,基于部件参数估计的航空发动机故障预测技术研究,卡尔曼滤波器,健康参数
算法 → 估计 → 参数,nn->nn->dobj->conj->dep->nsubj->nn,扩展(nn) — 卡尔曼(nn) — 滤波器(dobj) — 设计(conj) — 作为(dep) — 参数(nsubj) — 健康(nn),[扩展卡尔曼滤波器] → [健康参数],7,基于部件参数估计的航空发动机故障预测技术研究,扩展卡尔曼滤波器,健康参数
算法 → 估计 → 参数,nn->nn->dobj->root->prep->pobj->nn->nn,滤波(nn) — 卡尔曼(nn) — 方法(dobj) — 研究(root) — 针对(prep) — 问题(pobj) — 健康(nn) — 参数(nn),[卡尔曼滤波] → [健康参数],8,航空发动机健康参数的卡尔曼滤波估计方法分析,卡尔曼滤波,健康参数
算法 → 估计 → 参数,nn->nn->cpm->rcmod->dobj->root->prep->pobj->nn->nn,卡尔曼(nn) — 滤波(nn) — 的(cpm) — 基于(rcmod) — 方法(dobj) — 研究(root) — 针对(prep) — 问题(pobj) — 健康(nn) — 参数(nn),[扩展卡尔曼滤波] → [健康参数],10,航空发动机健康参数的卡尔曼滤波估计方法分析,扩展卡尔曼滤波,健康参数
算法 → 估计 → 参数,nn->nn->cpm->rcmod->dobj->root->prep->pobj->nn->nn,卡尔曼(nn) — 滤波(nn) — 的(cpm) — 基于(rcmod) — 方法(dobj) — 研究(root) — 针对(prep) — 问题(pobj) — 健康(nn) — 参数(nn),[无味卡尔曼滤波] → [健康参数],10,航空发动机健康参数的卡尔曼滤波估计方法分析,无味卡尔曼滤波,健康参数
参数 → 用于预测 → 故障,nn->nsubj->dep->root->prep->pobj->nn->nn,健康(nn) — 参数(nsubj) — 作为(dep) — 为(root) — 针对(prep) — 问题(pobj) — 故障(nn) — 气路(nn),[健康参数] → [气路故障],8,基于部件参数估计的航空发动机故障预测技术研究,健康参数,气路故障
估计器 → 预测 → 时间,nn->dobj->conj->dep->root->prep->pccomp->dobj->assmod->pobj->nn,状态(nn) — 方程(dobj) — 扩展(conj) — 作为(dep) — 为(root) — 为了(prep) — 满足(pccomp) — 需求(dobj) — 对(assmod) — 系统(pobj) — 故障(nn),[状态估计器] → [故障发生的时间],11,基于部件参数估计的航空发动机故障预测技术研究,状态估计器,故障发生的时间
技术 → 提供理论依据 → 应用,nn->nn,发动机(nn) — 航空(nn),[航空发动机故障预测技术] → [航空装备的保障],2,基于部件参数估计的航空发动机故障预测技术研究,航空发动机故障预测技术,航空装备的保障
活动 → 基于 → Model,amod->dobj->dep->prep->pobj->nn->nn->nn,仿真(amod) — 对象(dobj) — 作为(dep) — 以(prep) — 模型(pobj) — 涡扇(nn) — 发动机(nn) — 数学(nn),[仿真] → [涡扇发动机数学模型],8,基于部件参数估计的航空发动机故障预测技术研究,仿真,涡扇发动机数学模型
方法 → 监测 → 监测目标,nn->nn->nsubj->pccomp->prep->root->root->dobj->nn->nn,静电(nn) — 阵列(nn) — 数目(nsubj) — 受到(pccomp) — 由于(prep) — 导致(root) — 提出(root) — 方法(dobj) — 气路(nn) — 碎片(nn),[基于静电互相关灵敏度加权的气路碎片监测方法] → [气路碎片],10,基于静电互相关灵敏度加权的气路碎片监测,基于静电互相关灵敏度加权的气路碎片监测方法,气路碎片
方法 → 利用 → 原理,nn->nn->nsubj->pccomp->prep->root->root->conj->dobj->advmod->amod->nn,静电(nn) — 阵列(nn) — 数目(nsubj) — 受到(pccomp) — 由于(prep) — 导致(root) — 提出(root) — 利用(conj) — 原理(dobj) — 互(advmod) — 相关(amod) — 聚焦(nn),[基于静电互相关灵敏度加权的气路碎片监测方法] → [互相关聚焦原理],12,基于静电互相关灵敏度加权的气路碎片监测,基于静电互相关灵敏度加权的气路碎片监测方法,互相关聚焦原理
方法 → 增加 → 信息,nn->nn->nsubj->pccomp->prep->root->ccomp->nsubj->nn,静电(nn) — 阵列(nn) — 数目(nsubj) — 受到(pccomp) — 由于(prep) — 导致(root) — 少(ccomp) — 信息数(nsubj) — 测量(nn),[基于静电互相关灵敏度加权的气路碎片监测方法] → [测量信息],9,基于静电互相关灵敏度加权的气路碎片监测,基于静电互相关灵敏度加权的气路碎片监测方法,测量信息
系统 → 存在问题 → 问题,prnmod->punct->assmod->nsubj->ccomp->amod->amod->nn->advmod,PHM(prnmod) — )(punct) — 系统(assmod) — 信息数(nsubj) — 少(ccomp) — 线性(amod) — 独立(amod) — 测量(nn) — 较(advmod),[PHM系统] → [线性独立测量信息数较少],9,基于静电互相关灵敏度加权的气路碎片监测,PHM系统,线性独立测量信息数较少
系统 → 存在问题 → 问题,amod->nn->lobj->loc->rcmod->nsubj,大型(amod) — 飞机(nn) — 发动机(lobj) — 中(loc) — 诊断(rcmod) — 故障(nsubj),[大型飞机发动机] → [故障],6,大型飞机发动机故障智能诊断方法研究与仿真,大型飞机发动机,故障
系统 → 存在问题 → 问题,nn->nn->nn->nn->nsubj->rcmod->nn->dobj,飞机(nn) — 空调(nn) — 冷却子(nn) — 系统(nn) — 次数(nsubj) — 超(rcmod) — 维修(nn) — 警戒(dobj),[飞机空调冷却子系统] → [维修次数超警戒],8,飞机空调冷却子系统故障预测,飞机空调冷却子系统,维修次数超警戒
组件 → 受限于 → 限制条件,nn->nn->nn->nsubj->pccomp->dobj->nn->nn,静电(nn) — 传感器(nn) — 阵列(nn) — 数目(nsubj) — 受到(pccomp) — 限制(dobj) — 环境(nn) — 工作(nn),[静电传感器阵列(ESA)] → [工作环境],8,基于静电互相关灵敏度加权的气路碎片监测,静电传感器阵列(ESA),工作环境
数据 → 反映 → 信息,nn->nsubj->conj->root->root->prep->pccomp->nsubj->conj,计算(nn) — 结果(nsubj) — 反映(conj) — 设计(root) — 导致(root) — 由于(prep) — 受到(pccomp) — 数目(nsubj) — 位置(conj),[计算结果] → [带电碎片的速度和位置信息],9,基于静电互相关灵敏度加权的气路碎片监测,计算结果,带电碎片的速度和位置信息
实验 → 平均相关系数为 → 数值,nn->dobj->root->root->dobj->nn->nummod,监测(nn) — 方法(dobj) — 提出(root) — 设计(root) — ESA(dobj) — 电极(nn) — 8(nummod),[单颗粒监测] → [0.668],7,基于静电互相关灵敏度加权的气路碎片监测,单颗粒监测,0.668
实验 → 平均相关系数为 → 数值,nn->dobj->root->root->conj->dep,监测(nn) — 方法(dobj) — 提出(root) — 验证(root) — 达到(conj) — 0.652(dep),[多颗粒监测] → [0.652],6,基于静电互相关灵敏度加权的气路碎片监测,多颗粒监测,0.652
任务 → 是核心环节 → 系统,nn->nn->assmod->top->root->attr->assmod->nn->nn->nn->nn,故障(nn) — 状态(nn) — 类型(assmod) — 判别(top) — 是(root) — 环节(attr) — 系统(assmod) — 航空(nn) — 装备(nn) — 故障(nn) — 预测(nn),[故障状态类型的判别] → [航空装备故障预测系统],11,基于马氏距离的航空装备故障预测研究,故障状态类型的判别,航空装备故障预测系统
任务 → 影响 → Performance Metric,nn->nn->assmod->top->root->attr->assmod->nn->nn,故障(nn) — 状态(nn) — 类型(assmod) — 判别(top) — 是(root) — 环节(attr) — 系统(assmod) — 故障(nn) — 预测(nn),[故障状态类型的判别] → [故障预测的准确性],9,基于马氏距离的航空装备故障预测研究,故障状态类型的判别,故障预测的准确性
方法 → 建立 → 模型组件,nn->pobj->assmod->dobj->conj->root->conj->conj->dobj->conj->nn->nn,马氏(nn) — 距离(pobj) — 基于(assmod) — 方法(dobj) — 提出(conj) — 是(root) — 介绍(conj) — 建立(conj) — 模型(dobj) — 矩阵(conj) — 状态(nn) — 数据库(nn),[基于马氏距离的故障预测方法] → [状态数据库矩阵],12,基于马氏距离的航空装备故障预测研究,基于马氏距离的故障预测方法,状态数据库矩阵
方法 → 达到 → Performance Metric,nn->pobj->assmod->dobj->conj->root->conj->dep->dobj->assmod->assm->amod->nn->nn,马氏(nn) — 距离(pobj) — 基于(assmod) — 方法(dobj) — 提出(conj) — 是(root) — 用(conj) — 使得(dep) — 准确度(dobj) — 离线(assmod) — 的(assm) — 平均(amod) — 故障(nn) — 预测(nn),[基于马氏距离的故障预测方法] → [98.48%的在线平均故障预测准确度],14,基于马氏距离的航空装备故障预测研究,基于马氏距离的故障预测方法,98.48%的在线平均故障预测准确度
方法 → 达到 → Performance Metric,nn->pobj->assmod->dobj->conj->root->conj->dep->dobj->cc->assmod->assm->amod->nn->nn,马氏(nn) — 距离(pobj) — 基于(assmod) — 方法(dobj) — 提出(conj) — 是(root) — 用(conj) — 使得(dep) — 准确度(dobj) — 和(cc) — 离线(assmod) — 的(assm) — 平均(amod) — 故障(nn) — 预测(nn),[基于马氏距离的故障预测方法] → [97.77%的离线平均故障预测准确度],15,基于马氏距离的航空装备故障预测研究,基于马氏距离的故障预测方法,97.77%的离线平均故障预测准确度
能力 → 是 → 能力,amod->nsubj->root->attr->assmod->nn->clf->amod->nummod->conj,自主式(amod) — 保障(nsubj) — 是(root) — 能力(attr) — 设计(assmod) — 直升机(nn) — 代(clf) — 新(amod) — 一(nummod) — 飞机(conj),[自主式保障] → [新一代飞机设计的基本能力],10,多机种一体化故障预测与健康管理技术应用研究,自主式保障,新一代飞机设计的基本能力
架构 → 划分出 → 系统,conj->nn->assmod->attr->root->root->conj->dobj->conj->amod->nn,飞机(conj) — 直升机(nn) — 设计(assmod) — 能力(attr) — 是(root) — 介绍(root) — 划分(conj) — 系统(dobj) — 系统(conj) — 机载(amod) — PHM(nn),[飞机PHM系统体系结构] → [机载PHM系统],11,多机种一体化故障预测与健康管理技术应用研究,飞机PHM系统体系结构,机载PHM系统
架构 → 划分出 → 系统,conj->nn->assmod->attr->root->root->conj->dobj->nn->nn,飞机(conj) — 直升机(nn) — 设计(assmod) — 能力(attr) — 是(root) — 介绍(root) — 划分(conj) — 系统(dobj) — 地面(nn) — PHM(nn),[飞机PHM系统体系结构] → [地面PHM系统],10,多机种一体化故障预测与健康管理技术应用研究,飞机PHM系统体系结构,地面PHM系统
系统 → 采用 → 机构,amod->nn->conj->dobj->conj->root->conj->ccomp->dobj->amod->nn->nn,机载(amod) — PHM(nn) — 系统(conj) — 系统(dobj) — 划分(conj) — 介绍(root) — 提出(conj) — 采用(ccomp) — 机构(dobj) — 分层(amod) — 智能(nn) — 推理(nn),[机载PHM系统] → [分层智能推理机构],12,多机种一体化故障预测与健康管理技术应用研究,机载PHM系统,分层智能推理机构
系统 → 宿驻在 → 系统,nn->nn->dobj->conj->root->root->nsubj,地面(nn) — PHM(nn) — 系统(dobj) — 划分(conj) — 介绍(root) — 是(root) — 保障(nsubj),[地面PHM系统] → [地面自主保障信息系统],7,多机种一体化故障预测与健康管理技术应用研究,地面PHM系统,地面自主保障信息系统
飞机 → 统一能源为 → 能源,nummod->nn->nsubj->root->dobj,多(nummod) — 电(nn) — 飞机(nsubj) — 统一(root) — 电能(dobj),[多电飞机] → [电能],5,多电飞机电力系统及其关键技术,多电飞机,电能
飞机 → 提高 → Performance Metric,nummod->nn->nsubj->root->root->dobj->nn->conj,多(nummod) — 电(nn) — 飞机(nsubj) — 统一(root) — 提高(root) — 维护性(dobj) — 燃油(nn) — 经济性(conj),[多电飞机] → [燃油经济性],8,多电飞机电力系统及其关键技术,多电飞机,燃油经济性
飞机 → 提高 → Performance Metric,nummod->nn->nsubj->root->root->dobj->conj,多(nummod) — 电(nn) — 飞机(nsubj) — 统一(root) — 提高(root) — 维护性(dobj) — 可靠性(conj),[多电飞机] → [可靠性],7,多电飞机电力系统及其关键技术,多电飞机,可靠性
飞机 → 提高 → Performance Metric,nummod->nn->nsubj->root->root->dobj,多(nummod) — 电(nn) — 飞机(nsubj) — 统一(root) — 提高(root) — 维护性(dobj),[多电飞机] → [维护性],6,多电飞机电力系统及其关键技术,多电飞机,维护性
系统 → 是核心 → 系统,nn->nsubj->root->nsubj->amod->amod,电(nn) — 飞机(nsubj) — 统一(root) — 能源(nsubj) — 机载(amod) — 二次(amod),[电力系统] → [机载二次能源系统],6,多电飞机电力系统及其关键技术,电力系统,机载二次能源系统
系统 → 支撑 → 飞机,nn->nsubj->nummod,电(nn) — 飞机(nsubj) — 多(nummod),[电力系统] → [多电飞机],3,多电飞机电力系统及其关键技术,电力系统,多电飞机
系统 → 提升 → Performance Metric,nn->nsubj,电(nn) — 飞机(nsubj),[电力系统] → [飞机综合性能],2,多电飞机电力系统及其关键技术,电力系统,飞机综合性能
系统 → 提升 → Performance Metric,assmod->dobj->root->root->pccomp->dobj->nn->amod->conj,系统(assmod) — 需求(dobj) — 面对(root) — 为了(root) — 提升(pccomp) — 效能(dobj) — 客机(nn) — 大型(amod) — 安全性(conj),[大型客机航电系统] → [大型客机安全性],9,大型客机航电系统综合集成关键技术综述,大型客机航电系统,大型客机安全性
系统 → 提升 → Performance Metric,assmod->dobj->root->root->pccomp->dobj->nn->nn,系统(assmod) — 需求(dobj) — 面对(root) — 为了(root) — 提升(pccomp) — 效能(dobj) — 空域(nn) — 运行(nn),[大型客机航电系统] → [空域运行效能],8,大型客机航电系统综合集成关键技术综述,大型客机航电系统,空域运行效能
系统 → 提升 → Performance Metric,nn->nn->nn->nn->top->root->attr->rcmod->dobj->conj,航空(nn) — 发动机(nn) — 健康(nn) — 管理(nn) — 系统(top) — 是(root) — 之一(attr) — 提升(rcmod) — 可承受性(dobj) — 安全性(conj),[航空发动机健康管理系统] → [安全性],10,航空发动机健康管理系统功能架构优化方法,航空发动机健康管理系统,安全性
系统 → 提升 → Performance Metric,nn->nn->nn->nn->top->root->attr->rcmod->dobj->conj,航空(nn) — 发动机(nn) — 健康(nn) — 管理(nn) — 系统(top) — 是(root) — 之一(attr) — 提升(rcmod) — 可承受性(dobj) — 可靠性(conj),[航空发动机健康管理系统] → [可靠性],10,航空发动机健康管理系统功能架构优化方法,航空发动机健康管理系统,可靠性
系统 → 提升 → Performance Metric,nn->nn->nn->nn->top->root->attr->rcmod->dobj->nn,航空(nn) — 发动机(nn) — 健康(nn) — 管理(nn) — 系统(top) — 是(root) — 之一(attr) — 提升(rcmod) — 可承受性(dobj) — 经济(nn),[航空发动机健康管理系统] → [经济可承受性],10,航空发动机健康管理系统功能架构优化方法,航空发动机健康管理系统,经济可承受性
飞机 → 具有 → 架构,nummod->nsubj->nn,多(nummod) — 飞机(nsubj) — 电(nn),[多电飞机] → [电力系统架构],3,多电飞机电力系统及其关键技术,多电飞机,电力系统架构
技术 → 支撑 → 系统,amod->dobj->root->root->nsubj->nn,关键(amod) — 作用(dobj) — 起到(root) — 统一(root) — 飞机(nsubj) — 电(nn),[关键技术] → [电力系统],6,多电飞机电力系统及其关键技术,关键技术,电力系统
系统 → 发展趋势为 → 发展趋势,nn->nsubj->root->root->dobj->assmod->conj,电(nn) — 飞机(nsubj) — 统一(root) — 讨论(root) — 趋势(dobj) — 智能化(assmod) — 高压(conj),[电力系统] → [高压],7,多电飞机电力系统及其关键技术,电力系统,高压
系统 → 发展趋势为 → 发展趋势,nn->nsubj->root->root->dobj->assmod->conj,电(nn) — 飞机(nsubj) — 统一(root) — 讨论(root) — 趋势(dobj) — 智能化(assmod) — 直流(conj),[电力系统] → [直流],7,多电飞机电力系统及其关键技术,电力系统,直流
系统 → 发展趋势为 → 发展趋势,nn->nsubj->root->root->dobj->assmod,电(nn) — 飞机(nsubj) — 统一(root) — 讨论(root) — 趋势(dobj) — 智能化(assmod),[电力系统] → [智能化],6,多电飞机电力系统及其关键技术,电力系统,智能化
系统 → 发展趋势为 → 技术趋势,assmod->assm->nn->dobj->dep->root->root->ccomp->attr->conj,客机(assmod) — 的(assm) — 液压(nn) — 特点(dobj) — 阐述(dep) — 介绍(root) — 指出(root) — 是(ccomp) — 系统(attr) — 高压化(conj),[商用客机液压系统] → [高压化],10,大型客机液压能源系统,商用客机液压系统,高压化
系统 → 发展趋势为 → 技术趋势,assmod->assm->nn->dobj->dep->root->root->ccomp->attr->conj,客机(assmod) — 的(assm) — 液压(nn) — 特点(dobj) — 阐述(dep) — 介绍(root) — 指出(root) — 是(ccomp) — 系统(attr) — 分布式(conj),[商用客机液压系统] → [分布式],10,大型客机液压能源系统,商用客机液压系统,分布式
系统 → 发展趋势为 → 技术趋势,assmod->assm->nn->dobj->dep->root->root->ccomp->attr->punct->nn->conj,客机(assmod) — 的(assm) — 液压(nn) — 特点(dobj) — 阐述(dep) — 介绍(root) — 指出(root) — 是(ccomp) — 系统(attr) — 、(punct) — 故障(nn) — 诊断(conj),[商用客机液压系统] → [故障诊断及健康管理],12,大型客机液压能源系统,商用客机液压系统,故障诊断及健康管理
系统 → 发展趋势为 → 技术趋势,assmod->assm->nn->dobj->dep->root->root->ccomp->attr->conj->amod,客机(assmod) — 的(assm) — 液压(nn) — 特点(dobj) — 阐述(dep) — 介绍(root) — 指出(root) — 是(ccomp) — 系统(attr) — 油箱(conj) — 自增压(amod),[商用客机液压系统] → [自增压油箱],11,大型客机液压能源系统,商用客机液压系统,自增压油箱
系统 → 发展趋势为 → 技术趋势,assm->nn->assmod->dobj->nn,的(assm) — 液压(nn) — 客机(assmod) — 特点(dobj) — 系统(nn),[商用客机液压系统] → [智能泵源系统],5,大型客机液压能源系统,商用客机液压系统,智能泵源系统
系统 → 发展趋势为 → 技术趋势,amod->nn->nn->nn->assmod->dobj->prnmod->advmod,大型(amod) — 客机(nn) — 飞控(nn) — 作动(nn) — 系统(assmod) — 趋势(dobj) — 集成化(prnmod) — 高度(advmod),[大型客机飞控作动系统] → [高度集成化],8,大型客机飞控作动系统配置方案设计,大型客机飞控作动系统,高度集成化
系统 → 发展趋势为 → 技术趋势,amod->nn->nn->nn->assmod->dobj->prnmod->conj->nn,大型(amod) — 客机(nn) — 飞控(nn) — 作动(nn) — 系统(assmod) — 趋势(dobj) — 集成化(prnmod) — 电传化(conj) — 功率(nn),[大型客机飞控作动系统] → [功率电传化],9,大型客机飞控作动系统配置方案设计,大型客机飞控作动系统,功率电传化
系统 → 发展趋势为 → 技术趋势,amod->nn->nn->nn->assmod->dobj->prnmod->conj->nn,大型(amod) — 客机(nn) — 飞控(nn) — 作动(nn) — 系统(assmod) — 趋势(dobj) — 集成化(prnmod) — 光传化(conj) — 信号(nn),[大型客机飞控作动系统] → [信号光传化],9,大型客机飞控作动系统配置方案设计,大型客机飞控作动系统,信号光传化
系统 → 发展趋势为 → 技术趋势,amod->nn->nn->nn->assmod->dobj->prnmod->conj->nn,大型(amod) — 客机(nn) — 飞控(nn) — 作动(nn) — 系统(assmod) — 趋势(dobj) — 集成化(prnmod) — 高压化(conj) — 液压(nn),[大型客机飞控作动系统] → [液压高压化],9,大型客机飞控作动系统配置方案设计,大型客机飞控作动系统,液压高压化
系统 → 发展趋势为 → 技术趋势,amod->nn->nn->nn->assmod->dobj->prnmod->conj,大型(amod) — 客机(nn) — 飞控(nn) — 作动(nn) — 系统(assmod) — 趋势(dobj) — 集成化(prnmod) — 智能化(conj),[大型客机飞控作动系统] → [智能化],8,大型客机飞控作动系统配置方案设计,大型客机飞控作动系统,智能化
飞机型号 → 属于 → 飞机类别,conj->assmod->pobj->prep->root->root->dep->dobj->assmod->conj->amod,A320(conj) — B737(assmod) — 系统(pobj) — 对(prep) — 进行(root) — 介绍(root) — 阐述(dep) — 特点(dobj) — 客机(assmod) — 客机(conj) — 主流(amod),[A320] → [主流客机],11,大型客机液压能源系统,A320,主流客机
飞机型号 → 属于 → 飞机类别,assmod->pobj->prep->root->root->dep->dobj->assmod->conj->amod,B737(assmod) — 系统(pobj) — 对(prep) — 进行(root) — 介绍(root) — 阐述(dep) — 特点(dobj) — 客机(assmod) — 客机(conj) — 主流(amod),[B737] → [主流客机],10,大型客机液压能源系统,B737,主流客机
系统 → 需解决 → 关键技术,nn->nn->nn->assm,液压(nn) — 能源(nn) — 系统(nn) — 的(assm),[飞机液压能源系统] → [高可靠性液压系统设计],4,大型客机液压能源系统,飞机液压能源系统,高可靠性液压系统设计
系统 → 需解决 → 关键技术,assm->nn->nn->nn->assmod->dobj->dep->root->root->dobj->prnmod->conj->nn->nn,的(assm) — 液压(nn) — 能源(nn) — 系统(nn) — 客机(assmod) — 特点(dobj) — 阐述(dep) — 介绍(root) — 指出(root) — 问题(dobj) — 控制(prnmod) — 抑制(conj) — 压力(nn) — 脉动(nn),[飞机液压能源系统] → [压力脉动抑制],14,大型客机液压能源系统,飞机液压能源系统,压力脉动抑制
系统 → 需解决 → 关键技术,assm->nn->nn->nn->assmod->dobj->dep->root->root->dobj->prnmod->conj->nn,的(assm) — 液压(nn) — 能源(nn) — 系统(nn) — 客机(assmod) — 特点(dobj) — 阐述(dep) — 介绍(root) — 指出(root) — 问题(dobj) — 控制(prnmod) — 控制(conj) — 油温(nn),[飞机液压能源系统] → [油温控制],13,大型客机液压能源系统,飞机液压能源系统,油温控制
系统 → 需解决 → 关键技术,assm->nn->nn->nn->assmod->dobj->dep->root->root->dobj->prnmod->nn->nn,的(assm) — 液压(nn) — 能源(nn) — 系统(nn) — 客机(assmod) — 特点(dobj) — 阐述(dep) — 介绍(root) — 指出(root) — 问题(dobj) — 控制(prnmod) — 油液(nn) — 污染度(nn),[飞机液压能源系统] → [油液污染度控制],13,大型客机液压能源系统,飞机液压能源系统,油液污染度控制
公司 → 研发 → 飞机型号,nn->conj->assmod->dobj->dep->root->root->prep->pobj->assmod->conj,空客(nn) — 公司(conj) — 客机(assmod) — 特点(dobj) — 阐述(dep) — 介绍(root) — 进行(root) — 对(prep) — 系统(pobj) — B737(assmod) — A320(conj),[空客公司] → [A320],11,大型客机液压能源系统,空客公司,A320
公司 → 研发 → 飞机型号,nn->nn->assmod->dobj->dep->root->root->prep->pobj->assmod,波音(nn) — 公司(nn) — 客机(assmod) — 特点(dobj) — 阐述(dep) — 介绍(root) — 进行(root) — 对(prep) — 系统(pobj) — B737(assmod),[波音公司] → [B737],10,大型客机液压能源系统,波音公司,B737
概念 → 提出需求 → 系统,nn->nn->nn->dobj->assmod,航空(nn) — 运输(nn) — 未来(nn) — 需求(dobj) — 系统(assmod),[未来航空运输系统] → [大型客机航电系统],5,大型客机航电系统综合集成关键技术综述,未来航空运输系统,大型客机航电系统
系统 → 具有 → 系统架构,assmod,系统(assmod),[现代综合化航电系统] → [先进的航电系统架构],1,大型客机航电系统综合集成关键技术综述,现代综合化航电系统,先进的航电系统架构
系统 → 具有 → 属性,assmod->dobj->root->root->dobj->assmod->nn->conj->nn,系统(assmod) — 需求(dobj) — 面对(root) — 总结(root) — 内容(dobj) — 方面(assmod) — 流程(nn) — 特征(conj) — 功能(nn),[现代综合化航电系统] → [功能特征],9,大型客机航电系统综合集成关键技术综述,现代综合化航电系统,功能特征
系统 → 具有 → 属性,assmod->assm->dobj,系统(assmod) — 的(assm) — 需求(dobj),[下一代大型客机航电系统] → [应用需求],3,大型客机航电系统综合集成关键技术综述,下一代大型客机航电系统,应用需求
系统 → 具有 → 属性,assmod->dobj->root->root->dobj->assmod->assm->nn,系统(assmod) — 需求(dobj) — 面对(root) — 结合(root) — 特点(dobj) — 系统(assmod) — 的(assm) — 技术(nn),[下一代大型客机航电系统] → [技术特征],8,大型客机航电系统综合集成关键技术综述,下一代大型客机航电系统,技术特征
系统 → 具有 → 属性,assmod->dobj->root->root->dobj->assmod->assm->nn,系统(assmod) — 需求(dobj) — 面对(root) — 结合(root) — 成果(dobj) — 院所(assmod) — 的(assm) — 研究(nn),[下一代大型客机航电系统] → [研究方向],8,大型客机航电系统综合集成关键技术综述,下一代大型客机航电系统,研究方向
系统 → 具有 → 属性,clf->nn->nn->nn->nn->assmod->dobj->nn,代(clf) — 战斗机(nn) — 发动机(nn) — 健康(nn) — 管理(nn) — 系统(assmod) — 特点(dobj) — 技术(nn),[第四代战斗机发动机健康管理系统] → [技术特点],8,航空发动机预测健康管理系统设计的关键技术,第四代战斗机发动机健康管理系统,技术特点
系统 → 具有 → 属性,nn->nn->top->root->root->conj->dobj->assmod->assm->nn,飞机(nn) — 电源(nn) — 系统(top) — 是(root) — 具有(root) — 研究(conj) — 技术(dobj) — 系统(assmod) — 的(assm) — 故障(nn),[飞机电源系统] → [故障模式],10,飞机电源系统故障诊断方法综述及发展趋势,飞机电源系统,故障模式
系统 → 具有 → 属性,nn->nn->top->root->root->conj->dobj->assmod->assm->nn,飞机(nn) — 电源(nn) — 系统(top) — 是(root) — 具有(root) — 研究(conj) — 技术(dobj) — 系统(assmod) — 的(assm) — 故障(nn),[飞机电源系统] → [故障特点],10,飞机电源系统故障诊断方法综述及发展趋势,飞机电源系统,故障特点
系统 → 具有 → 属性,nn->nn->top->root->root->dobj->nn,飞机(nn) — 电源(nn) — 系统(top) — 是(root) — 总结(root) — 原因(dobj) — 失效(nn),[飞机电源系统] → [失效原因],7,飞机电源系统故障诊断方法综述及发展趋势,飞机电源系统,失效原因
系统 → 具有 → 属性,nn->nn->top->root->root->dobj->nn,飞机(nn) — 电源(nn) — 系统(top) — 是(root) — 提出(root) — 架构(dobj) — 设计(nn),[飞机电源健康管理系统] → [设计架构],7,飞机电源系统故障诊断方法综述及发展趋势,飞机电源健康管理系统,设计架构
系统 → 采用 → 方法流程,assmod->dobj->root->root->pccomp->dobj->conj,系统(assmod) — 需求(dobj) — 面对(root) — 为了(root) — 提升(pccomp) — 效能(dobj) — 安全性(conj),[现代综合化航电系统] → [安全性设计流程],7,大型客机航电系统综合集成关键技术综述,现代综合化航电系统,安全性设计流程
系统 → 包含 → 技术领域,assmod,系统(assmod),[大型客机航电系统] → [航电系统综合集成],1,大型客机航电系统综合集成关键技术综述,大型客机航电系统,航电系统综合集成
系统 → 包含 → 技术领域,assmod->dobj->root->root->prep->pobj->vmod,系统(assmod) — 需求(dobj) — 面对(root) — 提出(root) — 在(prep) — 方面(pobj) — 控制(vmod),[大型客机航电系统] → [驾驶舱显示与控制],7,大型客机航电系统综合集成关键技术综述,大型客机航电系统,驾驶舱显示与控制
系统 → 包含 → 技术领域,assmod->dobj->root->root->prep->pobj->vmod->amod,系统(assmod) — 需求(dobj) — 面对(root) — 提出(root) — 在(prep) — 方面(pobj) — 控制(vmod) — 综合(amod),[大型客机航电系统] → [综合模块化航电],8,大型客机航电系统综合集成关键技术综述,大型客机航电系统,综合模块化航电
系统 → 包含 → 技术领域,assmod->dobj->root->root->prep->pobj->vmod->dep->cc,系统(assmod) — 需求(dobj) — 面对(root) — 提出(root) — 在(prep) — 方面(pobj) — 享(vmod) — 管理(dep) — 与(cc),[大型客机航电系统] → [飞行管理],9,大型客机航电系统综合集成关键技术综述,大型客机航电系统,飞行管理
系统 → 包含 → 技术领域,assmod->dobj->root->root->dobj->assmod->nn->conj->amod,系统(assmod) — 需求(dobj) — 面对(root) — 分析(root) — 技术(dobj) — 领域(assmod) — 信息(nn) — 导航(conj) — 无线电(amod),[大型客机航电系统] → [无线电导航],9,大型客机航电系统综合集成关键技术综述,大型客机航电系统,无线电导航
系统 → 包含 → 技术领域,assmod->dobj->root->root->prep->pobj->vmod->amod,系统(assmod) — 需求(dobj) — 面对(root) — 提出(root) — 在(prep) — 方面(pobj) — 控制(vmod) — 综合(amod),[大型客机航电系统] → [综合监视],8,大型客机航电系统综合集成关键技术综述,大型客机航电系统,综合监视
系统 → 包含 → 技术领域,assmod->dobj->root->root->dobj->assmod->nn->conj->amod,系统(assmod) — 需求(dobj) — 面对(root) — 分析(root) — 技术(dobj) — 领域(assmod) — 信息(nn) — 数据链(conj) — 机载(amod),[大型客机航电系统] → [机载数据链],9,大型客机航电系统综合集成关键技术综述,大型客机航电系统,机载数据链
系统 → 包含 → 技术领域,assmod->dobj->root->root->dobj->assmod->nn->conj->nn,系统(assmod) — 需求(dobj) — 面对(root) — 分析(root) — 技术(dobj) — 领域(assmod) — 信息(nn) — 惯导(conj) — 大气(nn),[大型客机航电系统] → [大气惯导],9,大型客机航电系统综合集成关键技术综述,大型客机航电系统,大气惯导
系统 → 包含 → 技术领域,assmod->dobj->root->root->prep->pobj->vmod->nsubj,系统(assmod) — 需求(dobj) — 面对(root) — 提出(root) — 在(prep) — 方面(pobj) — 享(vmod) — 信息(nsubj),[大型客机航电系统] → [机载信息],8,大型客机航电系统综合集成关键技术综述,大型客机航电系统,机载信息
系统 → 划分为 → 功能模块,nn->amod->assm->nn->nn->nn->assmod->dobj->conj->root->conj->dobj->nn->conj->amod,C919(nn) — 大型(amod) — 的(assm) — 健康(nn) — 管理(nn) — 系统(nn) — 客机(assmod) — 架构(dobj) — 介绍(conj) — 总结(root) — 划分(conj) — 模块(dobj) — 决策(nn) — 监控(conj) — 实时(amod),[C919大型客机健康管理系统] → [实时监控],15,大型客机运行监控与健康管理系统设计,C919大型客机健康管理系统,实时监控
系统 → 划分为 → 功能模块,nn->amod->assm->nn->nn->nn->assmod->dobj->conj->root->conj->dobj->nn->punct->nn->nn->nn->conj,C919(nn) — 大型(amod) — 的(assm) — 健康(nn) — 管理(nn) — 系统(nn) — 客机(assmod) — 架构(dobj) — 介绍(conj) — 总结(root) — 划分(conj) — 模块(dobj) — 决策(nn) — 、(punct) — 健康(nn) — 状况(nn) — 趋势(nn) — 分析(conj),[C919大型客机健康管理系统] → [健康状况趋势分析和预测],18,大型客机运行监控与健康管理系统设计,C919大型客机健康管理系统,健康状况趋势分析和预测
系统 → 划分为 → 功能模块,nn->amod->assm->nn->nn->nn->assmod->dobj->conj->root->conj->dobj->nn->nn->conj,C919(nn) — 大型(amod) — 的(assm) — 健康(nn) — 管理(nn) — 系统(nn) — 客机(assmod) — 架构(dobj) — 介绍(conj) — 总结(root) — 划分(conj) — 模块(dobj) — 决策(nn) — 故障(nn) — 诊断(conj),[C919大型客机健康管理系统] → [故障诊断与维修决策],15,大型客机运行监控与健康管理系统设计,C919大型客机健康管理系统,故障诊断与维修决策
系统 → 依赖 → 关键技术,nn->nn->nn->dobj->conj->root->conj->dobj->nn->conj->amod,管理(nn) — 系统(nn) — 健康(nn) — 架构(dobj) — 介绍(conj) — 总结(root) — 划分(conj) — 模块(dobj) — 决策(nn) — 监控(conj) — 实时(amod),[健康管理系统] → [地面实时监控技术],11,大型客机运行监控与健康管理系统设计,健康管理系统,地面实时监控技术
系统 → 依赖 → 关键技术,nn->nn->nn->dobj->conj->root->conj->dobj->nn->conj->nn->conj,管理(nn) — 系统(nn) — 健康(nn) — 架构(dobj) — 介绍(conj) — 总结(root) — 划分(conj) — 模块(dobj) — 决策(nn) — 预测(conj) — 趋势(nn) — 分析(conj),[健康管理系统] → [趋势分析及预测方法],12,大型客机运行监控与健康管理系统设计,健康管理系统,趋势分析及预测方法
系统 → 依赖 → 关键技术,nn->nn->nn->dobj->conj->root->conj->dobj->nn->conj->cc,管理(nn) — 系统(nn) — 健康(nn) — 架构(dobj) — 介绍(conj) — 总结(root) — 划分(conj) — 模块(dobj) — 决策(nn) — 预测(conj) — 和(cc),[健康管理系统] → [剩余寿命预测方法],11,大型客机运行监控与健康管理系统设计,健康管理系统,剩余寿命预测方法
系统 → 依赖 → 关键技术,nn->nn->nn->dobj->conj->root->conj->dobj->nn->nn->conj,管理(nn) — 系统(nn) — 健康(nn) — 架构(dobj) — 介绍(conj) — 总结(root) — 划分(conj) — 模块(dobj) — 决策(nn) — 故障(nn) — 诊断(conj),[健康管理系统] → [故障诊断算法],11,大型客机运行监控与健康管理系统设计,健康管理系统,故障诊断算法
系统 → 依赖 → 关键技术,nn->nn->nn->dobj->conj->root->conj->dobj->nn->cc->nn,管理(nn) — 系统(nn) — 健康(nn) — 架构(dobj) — 介绍(conj) — 总结(root) — 划分(conj) — 模块(dobj) — 决策(nn) — 与(cc) — 维修(nn),[健康管理系统] → [维修决策方法],11,大型客机运行监控与健康管理系统设计,健康管理系统,维修决策方法
系统 → 依赖 → 关键技术,nn->nn->dobj->nn,管理(nn) — 健康(nn) — 架构(dobj) — 系统(nn),[健康管理系统] → [系统验证仿真技术],4,大型客机运行监控与健康管理系统设计,健康管理系统,系统验证仿真技术
活动 → 降低 → Performance Metric,amod->nn->conj->assmod->dobj->root->root->ccomp->dobj->nn,实时(amod) — 运行(nn) — 监控(conj) — 管理(assmod) — 现状(dobj) — 总结(root) — 表明(root) — 降低(ccomp) — 时间(dobj) — 排故(nn),[实时运行监控] → [排故时间],10,大型客机运行监控与健康管理系统设计,实时运行监控,排故时间
活动 → 降低 → Performance Metric,nn->assmod->dobj->root->conj->dobj->nn->cc->nn,健康(nn) — 管理(assmod) — 现状(dobj) — 总结(root) — 划分(conj) — 模块(dobj) — 决策(nn) — 与(cc) — 维修(nn),[健康管理] → [维修成本],9,大型客机运行监控与健康管理系统设计,健康管理,维修成本
活动 → 提高 → Performance Metric,amod->nn->conj->assmod->dobj->root->root->ccomp->conj->dobj->nn,实时(amod) — 运行(nn) — 监控(conj) — 管理(assmod) — 现状(dobj) — 总结(root) — 表明(root) — 降低(ccomp) — 提高(conj) — 正点率(dobj) — 航班(nn),[实时运行监控] → [航班正点率],11,大型客机运行监控与健康管理系统设计,实时运行监控,航班正点率
活动 → 提高 → Performance Metric,amod->nn->conj->assmod->dobj->root->root->ccomp->conj->dobj->assmod->assm,实时(amod) — 运行(nn) — 监控(conj) — 管理(assmod) — 现状(dobj) — 总结(root) — 表明(root) — 降低(ccomp) — 提高(conj) — 利用率(dobj) — 飞机(assmod) — 的(assm),[实时运行监控] → [飞机利用率],12,大型客机运行监控与健康管理系统设计,实时运行监控,飞机利用率
活动 → 提高 → Performance Metric,nn->assmod->dobj->root->root->ccomp->dep->dep->conj->dobj->assmod->assm->conj,健康(nn) — 管理(assmod) — 现状(dobj) — 总结(root) — 表明(root) — 降低(ccomp) — 使(dep) — 制定(dep) — 提高(conj) — 经济性(dobj) — 飞机(assmod) — 的(assm) — 可靠性(conj),[健康管理] → [飞机可靠性],13,大型客机运行监控与健康管理系统设计,健康管理,飞机可靠性
活动 → 提高 → Performance Metric,nn->assmod->dobj->root->root->ccomp->dep->dep->conj->dobj->cc,健康(nn) — 管理(assmod) — 现状(dobj) — 总结(root) — 表明(root) — 降低(ccomp) — 使(dep) — 制定(dep) — 提高(conj) — 经济性(dobj) — 及(cc),[健康管理] → [飞机经济性],11,大型客机运行监控与健康管理系统设计,健康管理,飞机经济性
活动 → 实现 → 维修策略,nn->assmod->dobj->root->root->ccomp->dep->dep->conj->dobj->conj->amod,健康(nn) — 管理(assmod) — 现状(dobj) — 总结(root) — 表明(root) — 降低(ccomp) — 使(dep) — 制定(dep) — 实现(conj) — 维修(dobj) — 维护(conj) — 预防性(amod),[健康管理] → [预防性维护],12,大型客机运行监控与健康管理系统设计,健康管理,预防性维护
活动 → 实现 → 维修策略,nn->assmod->dobj->root->conj->dobj->nn->cc->nn,健康(nn) — 管理(assmod) — 现状(dobj) — 总结(root) — 划分(conj) — 模块(dobj) — 决策(nn) — 与(cc) — 维修(nn),[健康管理] → [视情维修],9,大型客机运行监控与健康管理系统设计,健康管理,视情维修
活动 → 提供依据 → 设计,nn->assmod->dobj->root->root->ccomp->dep->dep->dep->prep->pobj->assmod->assm,健康(nn) — 管理(assmod) — 现状(dobj) — 总结(root) — 表明(root) — 降低(ccomp) — 使(dep) — 制定(dep) — 提供(dep) — 为(prep) — 设计(pobj) — 飞机(assmod) — 的(assm),[健康管理] → [飞机设计],13,大型客机运行监控与健康管理系统设计,健康管理,飞机设计
角色 → 制定 → 任务,conj->nn->dobj->root->root->conj->dobj->nn->cc->nn,技术(conj) — 技术(nn) — 方法(dobj) — 分析(root) — 总结(root) — 划分(conj) — 模块(dobj) — 决策(nn) — 与(cc) — 维修(nn),[技术人员] → [维修任务],10,大型客机运行监控与健康管理系统设计,技术人员,维修任务
角色 → 控制 → 参数,conj->nn->dobj->root->root->conj->dobj->nn->cc->nn,技术(conj) — 技术(nn) — 方法(dobj) — 分析(root) — 总结(root) — 划分(conj) — 模块(dobj) — 决策(nn) — 与(cc) — 维修(nn),[技术人员] → [维修间隔],10,大型客机运行监控与健康管理系统设计,技术人员,维修间隔
技术方案 → 适用于 → 飞机型号,nn->nn->dobj->assmod->nn->amod,作动(nn) — 系统(nn) — 特点(dobj) — B787(assmod) — 客机(nn) — 大型(amod),[作动系统能源配置方案] → [我国大型客机],6,大型客机飞控作动系统配置方案设计,作动系统能源配置方案,我国大型客机
技术方案 → 具体为 → 技术方案,nn->nn->dobj->root->root->conj->pobj->nn->prnmod->nummod->punct->punct->dep,作动(nn) — 系统(nn) — 特点(dobj) — 介绍(root) — 提出(root) — 为(conj) — 方案(pobj) — 系统(nn) — E(prnmod) — 3H(nummod) — +(punct) — )(punct) — 方案(dep),[作动系统能源配置方案] → [3H+E方案],13,大型客机飞控作动系统配置方案设计,作动系统能源配置方案,3H+E方案
系统 → 发展需要解决 → 关键技术,nn->nn->nn->dobj->root->root->dobj->nn->conj->nn,飞控(nn) — 作动(nn) — 系统(nn) — 特点(dobj) — 介绍(root) — 指出(root) — 问题(dobj) — 管理(nn) — 架构(conj) — 体系(nn),[飞控作动系统] → [体系架构],10,大型客机飞控作动系统配置方案设计,飞控作动系统,体系架构
系统 → 发展需要解决 → 关键技术,nn->nn->nn,飞控(nn) — 系统(nn) — 作动(nn),[飞控作动系统] → [高可靠性作动器研制],3,大型客机飞控作动系统配置方案设计,飞控作动系统,高可靠性作动器研制
系统 → 发展需要解决 → 关键技术,nn->nn->nn->dobj->root->root->dobj->nn->punct->nn->conj,飞控(nn) — 作动(nn) — 系统(nn) — 特点(dobj) — 介绍(root) — 指出(root) — 问题(dobj) — 管理(nn) — 、(punct) — 故障(nn) — 预测(conj),[飞控作动系统] → [故障预测与健康管理],11,大型客机飞控作动系统配置方案设计,飞控作动系统,故障预测与健康管理
系统 → 具有特征 → 特征,amod->nn->lobj->loc->rcmod->dobj->root->root->nsubj,大型(amod) — 飞机(nn) — 发动机(lobj) — 中(loc) — 诊断(rcmod) — 问题(dobj) — 研究(root) — 复杂(root) — 结构(nsubj),[大型飞机发动机] → [结构复杂],9,大型飞机发动机故障智能诊断方法研究与仿真,大型飞机发动机,结构复杂
问题 → 具有特征 → 特征,nsubj->rcmod->dobj->root->root->conj->conj,故障(nsubj) — 诊断(rcmod) — 问题(dobj) — 研究(root) — 复杂(root) — 短(conj) — 复现(conj),[故障] → [难以复现],7,大型飞机发动机故障智能诊断方法研究与仿真,故障,难以复现
问题 → 导致 → 问题,nsubj->rcmod->dobj->root->root->conj->ccomp->dobj->nn->nn,故障(nsubj) — 诊断(rcmod) — 问题(dobj) — 研究(root) — 复杂(root) — 导致(conj) — 出现(ccomp) — 断裂(dobj) — 信息(nn) — 关联(nn),[故障难以复现] → [信息关联断裂],10,大型飞机发动机故障智能诊断方法研究与仿真,故障难以复现,信息关联断裂
问题 → 导致 → 问题,dobj->conj->root->conj->dep->dobj,噪声(dobj) — 包含(conj) — 具有(root) — 使得(conj) — 具有(dep) — 不确定性(dobj),[噪声] → [不确定性],6,飞机性能参数预测的不确定性处理,噪声,不确定性
问题 → 导致 → 问题,nn->nsubj->dobj->rcmod->conj->ccomp->nn->nn->nn->nsubj,维修(nn) — 次数(nsubj) — 警戒(dobj) — 超(rcmod) — 导致(conj) — 低下(ccomp) — 航空(nn) — 公司(nn) — 运营(nn) — 效率(nsubj),[维修次数超警戒] → [航空公司运营效率低下],10,飞机空调冷却子系统故障预测,维修次数超警戒,航空公司运营效率低下
方法 → 依赖 → 依据,nsubj,故障(nsubj),[传统的故障检测方法] → [故障信息之间的关联性],1,大型飞机发动机故障智能诊断方法研究与仿真,传统的故障检测方法,故障信息之间的关联性
方法 → 导致 → 问题,nsubj->rcmod->dobj->root->root->dep->ccomp->nsubj,故障(nsubj) — 诊断(rcmod) — 问题(dobj) — 研究(root) — 进行(root) — 导致(dep) — 失败(ccomp) — 判断(nsubj),[传统的故障检测方法] → [判断失败],8,大型飞机发动机故障智能诊断方法研究与仿真,传统的故障检测方法,判断失败
问题 → 降低 → Performance Metric,nsubj->ccomp->dep->root->root->dobj->rcmod->advmod,判断(nsubj) — 失败(ccomp) — 导致(dep) — 进行(root) — 研究(root) — 问题(dobj) — 诊断(rcmod) — 准确(advmod),[判断失败] → [检测的准确性],8,大型飞机发动机故障智能诊断方法研究与仿真,判断失败,检测的准确性
方法 → 重建 → 问题,nsubj,故障(nsubj),[粒子群粗糙集约简的故障诊断方法] → [故障信息断裂的关联性],1,大型飞机发动机故障智能诊断方法研究与仿真,粒子群粗糙集约简的故障诊断方法,故障信息断裂的关联性
方法 → 包含 → 步骤,nsubj,故障(nsubj),[粒子群粗糙集约简的故障诊断方法] → [故障知识获取],1,大型飞机发动机故障智能诊断方法研究与仿真,粒子群粗糙集约简的故障诊断方法,故障知识获取
方法 → 包含 → 步骤,nsubj->rcmod->dobj->root->root->conj->prep->pobj->nn,故障(nsubj) — 诊断(rcmod) — 问题(dobj) — 研究(root) — 提出(root) — 重建(conj) — 通过(prep) — 优化(pobj) — 规则(nn),[粒子群粗糙集约简的故障诊断方法] → [规则优化],9,大型飞机发动机故障智能诊断方法研究与仿真,粒子群粗糙集约简的故障诊断方法,规则优化
方法 → 运用 → 手段,nsubj,故障(nsubj),[粒子群粗糙集约简的故障诊断方法] → [故障预测],1,大型飞机发动机故障智能诊断方法研究与仿真,粒子群粗糙集约简的故障诊断方法,故障预测
方法 → 完成 → 目标,nsubj,故障(nsubj),[粒子群粗糙集约简的故障诊断方法] → [故障识别],1,大型飞机发动机故障智能诊断方法研究与仿真,粒子群粗糙集约简的故障诊断方法,故障识别
验证 → 证明 → 方法,nn->nsubj->root->root->dobj->rcmod->nsubj,实验(nn) — 结果(nsubj) — 证明(root) — 研究(root) — 问题(dobj) — 诊断(rcmod) — 故障(nsubj),[实验结果] → [粒子群粗糙集约简的故障诊断方法],7,大型飞机发动机故障智能诊断方法研究与仿真,实验结果,粒子群粗糙集约简的故障诊断方法
系统 → 装备 → 系统,amod->nn->amod->nsubj->root->dobj->nn->prnmod->punct,大型(amod) — 飞机(nn) — 机载(amod) — 系统(nsubj) — 装备(root) — 系统(dobj) — 管理(nn) — PHM(prnmod) — )(punct),[大型飞机机载系统] → [PHM系统],9,大型飞机机载系统预测与健康管理关键技术,大型飞机机载系统,PHM系统
系统 → 确保 → Performance Metric,punct->prnmod->nn->dobj->root->prep->pccomp->dobj->conj->amod,)(punct) — PHM(prnmod) — 管理(nn) — 系统(dobj) — 装备(root) — 为(prep) — 确保(pccomp) — 保障性(dobj) — 可靠性(conj) — 高(amod),[PHM系统] → [高可靠性],10,大型飞机机载系统预测与健康管理关键技术,PHM系统,高可靠性
系统 → 确保 → Performance Metric,punct->prnmod->nn->dobj->root->prep->pccomp->dobj->conj->amod,)(punct) — PHM(prnmod) — 管理(nn) — 系统(dobj) — 装备(root) — 为(prep) — 确保(pccomp) — 保障性(dobj) — 安全性(conj) — 高(amod),[PHM系统] → [高安全性],10,大型飞机机载系统预测与健康管理关键技术,PHM系统,高安全性
系统 → 确保 → Performance Metric,punct->prnmod->nn->dobj->root->prep->pccomp->dobj->amod->nn,)(punct) — PHM(prnmod) — 管理(nn) — 系统(dobj) — 装备(root) — 为(prep) — 确保(pccomp) — 保障性(dobj) — 高(amod) — 维修(nn),[PHM系统] → [高维修保障性],10,大型飞机机载系统预测与健康管理关键技术,PHM系统,高维修保障性
系统 → 确保 → Performance Metric,nn->nn->nn->nsubj->root->conj->attr->rcmod->dobj->nn->conj,直升机(nn) — 旋翼(nn) — 系统(nn) — 方法(nsubj) — 组成(root) — 是(conj) — 系统(attr) — 确保(rcmod) — 安全性(dobj) — 直升机(nn) — 可靠性(conj),[直升机旋翼系统] → [直升机可靠性],11,第二十届测试与故障诊断技术研讨会会议报道之三,直升机旋翼系统,直升机可靠性
系统 → 确保 → Performance Metric,nn->nn->nn->nsubj->punct,直升机(nn) — 旋翼(nn) — 系统(nn) — 方法(nsubj) — :(punct),[直升机旋翼系统] → [直升机安全性],5,第二十届测试与故障诊断技术研讨会会议报道之三,直升机旋翼系统,直升机安全性
体系结构 → 具有 → 规范,cpm->nn->conj->rcmod->dobj->root->root->dep->dobj->rcmod->pobj,的(cpm) — 故障(nn) — 预测(conj) — 先进(rcmod) — 系统(dobj) — 装备(root) — 入手(root) — 介绍(dep) — 规范(dobj) — 基于(rcmod) — 开放式(pobj),[故障预测与健康管理空地结构] → [开放式规范],11,大型飞机机载系统预测与健康管理关键技术,故障预测与健康管理空地结构,开放式规范
体系结构 → 具有 → 规范,cpm->nn->conj->rcmod->dobj->root->root->dep->dobj->punct->conj,的(cpm) — 故障(nn) — 预测(conj) — 先进(rcmod) — 系统(dobj) — 装备(root) — 入手(root) — 介绍(dep) — 规范(dobj) — 、(punct) — 模块化(conj),[故障预测与健康管理空地结构] → [模块化规范],11,大型飞机机载系统预测与健康管理关键技术,故障预测与健康管理空地结构,模块化规范
体系结构 → 具有 → 规范,cpm->nn->conj->rcmod->dobj->root->root->dep->dobj->nn->nn,的(cpm) — 故障(nn) — 预测(conj) — 先进(rcmod) — 系统(dobj) — 装备(root) — 入手(root) — 介绍(dep) — 规范(dobj) — 标准(nn) — 接口(nn),[故障预测与健康管理空地结构] → [标准接口规范],11,大型飞机机载系统预测与健康管理关键技术,故障预测与健康管理空地结构,标准接口规范
算法 → 结合 → 方法,cpm->nn->conj->rcmod->dobj->root->root->dobj->nn->rcmod->pobj->conj->nn,的(cpm) — 故障(nn) — 预测(conj) — 先进(rcmod) — 系统(dobj) — 装备(root) — 分析(root) — 技术(dobj) — 算法(nn) — 基于(rcmod) — 物理(pobj) — 驱动(conj) — 数据(nn),[故障预测算法] → [数据驱动方法],13,大型飞机机载系统预测与健康管理关键技术,故障预测算法,数据驱动方法
算法 → 结合 → 方法,cpm->nn->conj->rcmod->dobj->root->root->dobj->nn->rcmod->pobj->cc->amod,的(cpm) — 故障(nn) — 预测(conj) — 先进(rcmod) — 系统(dobj) — 装备(root) — 分析(root) — 技术(dobj) — 算法(nn) — 基于(rcmod) — 物理(pobj) — 与(cc) — 失效(amod),[故障预测算法] → [失效物理方法],13,大型飞机机载系统预测与健康管理关键技术,故障预测算法,失效物理方法
方法 → 基于 → 状态,nn->dobj->pccomp->prep->root->dobj->nn->cc->nn,维修(nn) — 保障性(dobj) — 确保(pccomp) — 为(prep) — 装备(root) — 系统(dobj) — 管理(nn) — 与(cc) — 健康(nn),[维修保障决策方法] → [健康状态],9,大型飞机机载系统预测与健康管理关键技术,维修保障决策方法,健康状态
领域 → 包含关键技术 → 关键技术,prnmod->nn->cc->nn,PHM(prnmod) — 管理(nn) — 与(cc) — 健康(nn),[PHM] → [机载健康管理传感器网络],4,大型飞机机载系统预测与健康管理关键技术,PHM,机载健康管理传感器网络
领域 → 包含关键技术 → 关键技术,prnmod->nn->dobj->rcmod->cpm->nn,PHM(prnmod) — 管理(nn) — 系统(dobj) — 先进(rcmod) — 的(cpm) — 故障(nn),[PHM] → [鲁棒故障特征提取方法],6,大型飞机机载系统预测与健康管理关键技术,PHM,鲁棒故障特征提取方法
领域 → 包含关键技术 → 关键技术,prnmod->nn->dobj->rcmod->cpm->nn,PHM(prnmod) — 管理(nn) — 系统(dobj) — 先进(rcmod) — 的(cpm) — 故障(nn),[PHM] → [智能故障诊断算法],6,大型飞机机载系统预测与健康管理关键技术,PHM,智能故障诊断算法
领域 → 包含关键技术 → 关键技术,prnmod->nn->dobj->rcmod->cpm->nn->conj,PHM(prnmod) — 管理(nn) — 系统(dobj) — 先进(rcmod) — 的(cpm) — 故障(nn) — 预测(conj),[PHM] → [故障预测算法],7,大型飞机机载系统预测与健康管理关键技术,PHM,故障预测算法
任务 → 核心问题是 → 核心问题,amod->nn->nn->nn->amod,剩余(amod) — 寿命(nn) — 预测(nn) — 量化(nn) — 不确定性(amod),[剩余寿命预测] → [不确定性量化],5,大数据下数模联动的随机退化设备剩余寿命预测技术,剩余寿命预测,不确定性量化
技术领域 → 包含 → 技术,amod->nn->nn->conj->assmod->assm,剩余(amod) — 寿命(nn) — 预测(nn) — 技术(conj) — 驱动(assmod) — 的(assm),[剩余寿命预测技术] → [机理模型与数据混合驱动的剩余寿命预测技术],6,大数据下数模联动的随机退化设备剩余寿命预测技术,剩余寿命预测技术,机理模型与数据混合驱动的剩余寿命预测技术
技术领域 → 包含 → 技术,amod->nn->nn->conj->assmod->assm,剩余(amod) — 寿命(nn) — 预测(nn) — 技术(conj) — 驱动(assmod) — 的(assm),[剩余寿命预测技术] → [基于机器学习的剩余寿命预测技术],6,大数据下数模联动的随机退化设备剩余寿命预测技术,剩余寿命预测技术,基于机器学习的剩余寿命预测技术
技术领域 → 包含 → 技术,amod->nn->nn->conj->assmod->assm,剩余(amod) — 寿命(nn) — 预测(nn) — 技术(conj) — 驱动(assmod) — 的(assm),[剩余寿命预测技术] → [统计数据驱动的剩余寿命预测技术],6,大数据下数模联动的随机退化设备剩余寿命预测技术,剩余寿命预测技术,统计数据驱动的剩余寿命预测技术
研究现状 → 存在 → 问题,nsubj->tmod->rcmod->dobj->cc->amod,研究(nsubj) — 当前(tmod) — 存在(rcmod) — 难题(dobj) — 和(cc) — 共性(amod),[当前研究] → [局限性和共性难题],6,大数据下数模联动的随机退化设备剩余寿命预测技术,当前研究,局限性和共性难题
方法 → 用于解决 → 任务,nsubj->rcmod->dobj->nn->amod->nn->nn->amod->nn,数模(nsubj) — 联动(rcmod) — 思路(dobj) — 预测(nn) — 随机(amod) — 退化(nn) — 设备(nn) — 剩余(amod) — 寿命(nn),[数模联动解决思路] → [随机退化设备剩余寿命预测],9,大数据下数模联动的随机退化设备剩余寿命预测技术,数模联动解决思路,随机退化设备剩余寿命预测
研究领域 → 亟待解决 → 关键科学问题,amod->nn->lobj->dep->assmod->dobj->root->conj->dobj->nn->cc->amod->nn->nsubj->advmod->conj,大(amod) — 数据(nn) — 背景(lobj) — 下(dep) — 预测(assmod) — 需求(dobj) — 面向(root) — 提出(conj) — 问题(dobj) — 预测(nn) — 与(cc) — 随机(amod) — 退化(nn) — 建模(nsubj) — 交互(advmod) — 联动(conj),[大数据背景下的剩余寿命预测] → [深度学习与随机退化建模交互联动],16,大数据下数模联动的随机退化设备剩余寿命预测技术,大数据背景下的剩余寿命预测,深度学习与随机退化建模交互联动
研究领域 → 亟待解决 → 关键科学问题,amod->nn->lobj->dep->assmod->dobj->root->conj->dobj->nn->conj->dep->dobj->nn->conj->cc->nn->nn->nn,大(amod) — 数据(nn) — 背景(lobj) — 下(dep) — 预测(assmod) — 需求(dobj) — 面向(root) — 提出(conj) — 问题(dobj) — 预测(nn) — 联动(conj) — 监测(dep) — 机制(dobj) — 预测(nn) — 寿命(conj) — 及(cc) — 其(nn) — 不确定性(nn) — 映射(nn),[大数据背景下的剩余寿命预测] → [监测大数据与剩余寿命及其预测不确定性映射机制],19,大数据下数模联动的随机退化设备剩余寿命预测技术,大数据背景下的剩余寿命预测,监测大数据与剩余寿命及其预测不确定性映射机制
研究领域 → 亟待解决 → 关键科学问题,amod->nn->lobj->dep->assmod->dobj->root->conj->dobj->nn->punct->advmod->amod->amod->lobj->assmod,大(amod) — 数据(nn) — 背景(lobj) — 下(dep) — 预测(assmod) — 需求(dobj) — 面向(root) — 提出(conj) — 问题(dobj) — 预测(nn) — 、(punct) — 非(advmod) — 理想(amod) — 大(amod) — 数据(lobj) — 下(assmod),[大数据背景下的剩余寿命预测] → [非理想大数据下的剩余寿命预测],16,大数据下数模联动的随机退化设备剩余寿命预测技术,大数据背景下的剩余寿命预测,非理想大数据下的剩余寿命预测
技术 → 分析 → 数据,nn->nn->nsubj->pccomp->prep->ccomp->dobj->nn,数据(nn) — 挖掘(nn) — 技术(nsubj) — 分析(pccomp) — 通过(prep) — 研究(ccomp) — 资源(dobj) — 数据(nn),[数据挖掘技术] → [数据资源],8,应用于飞机健康管理的数据挖掘方法研究,数据挖掘技术,数据资源
系统 → 预报 → 事件,nn->nn->nn->dobj->rcmod->dep->dobj,飞机(nn) — 健康(nn) — 管理(nn) — 系统(dobj) — 察觉(rcmod) — 预报(dep) — 故障(dobj),[飞机健康管理系统] → [故障],7,应用于飞机健康管理的数据挖掘方法研究,飞机健康管理系统,故障
系统 → 预报 → 事件,nn->nn->nn->dobj->rcmod->dep->dobj,飞机(nn) — 健康(nn) — 管理(nn) — 系统(dobj) — 察觉(rcmod) — 预报(dep) — 故障(dobj),[飞机健康管理系统] → [故障],7,应用于飞机健康管理的数据挖掘方法研究,飞机健康管理系统,故障
系统 → 预报 → 事件,nn->nn->nn->dobj->rcmod->dep->dobj,飞机(nn) — 健康(nn) — 管理(nn) — 系统(dobj) — 察觉(rcmod) — 预报(dep) — 故障(dobj),[飞机健康管理系统] → [故障],7,应用于飞机健康管理的数据挖掘方法研究,飞机健康管理系统,故障
系统 → 预报 → 事件,nn->nn->nn->dobj->rcmod->dep->dobj,飞机(nn) — 健康(nn) — 管理(nn) — 系统(dobj) — 察觉(rcmod) — 预报(dep) — 故障(dobj),[飞机健康管理系统] → [故障],7,飞机远程实时监控的一种方案,飞机健康管理系统,故障
系统 → 预报 → 事件,nn->nn->nn->dobj->rcmod->dep->dobj,飞机(nn) — 健康(nn) — 管理(nn) — 系统(dobj) — 察觉(rcmod) — 预报(dep) — 故障(dobj),[飞机健康管理系统] → [故障],7,飞机远程实时监控的一种方案,飞机健康管理系统,故障
系统 → 预报 → 事件,nn->nn->nn->dobj->rcmod->dep->dobj,飞机(nn) — 健康(nn) — 管理(nn) — 系统(dobj) — 察觉(rcmod) — 预报(dep) — 故障(dobj),[飞机健康管理系统] → [故障],7,飞机远程实时监控的一种方案,飞机健康管理系统,故障
系统 → 优化 → 属性,nn->nn->nn->dobj->ccomp->root->dep->dep->prep->pobj->rcmod->dobj->nn->amod->nn,飞机(nn) — 健康(nn) — 管理(nn) — 系统(dobj) — 研究(ccomp) — 在(root) — 使(dep) — 减少(dep) — 在(prep) — 同时(pobj) — 优化(rcmod) — 寿命(dobj) — 飞机(nn) — 关键(amod) — 部件(nn),[飞机健康管理系统] → [飞机关键部件寿命],15,应用于飞机健康管理的数据挖掘方法研究,飞机健康管理系统,飞机关键部件寿命
系统 → 减少 → 成本,nn->nn->nn->dobj->ccomp->prep->pccomp->cc->nn->conj,飞机(nn) — 健康(nn) — 管理(nn) — 系统(dobj) — 研究(ccomp) — 通过(prep) — 分析(pccomp) — 与(cc) — 飞机(nn) — 运行(conj),[飞机健康管理系统] → [飞机运行和维护的费用],10,应用于飞机健康管理的数据挖掘方法研究,飞机健康管理系统,飞机运行和维护的费用
组织机构 → 推动 → 技术,nn->nn->amod->conj->punct->root->prep->pccomp->dobj->nn->conj->nn,"中国(nn) — 计算机(nn) — 自动(amod) — 测量(conj) — ,(punct) — 管(root) — 为(prep) — 推进(pccomp) — 应用(dobj) — 技术(nn) — 测试(conj) — 自动化(nn)",[中国计算机自动测量与控制技术协会] → [自动化测试],12,开展学术交流  推动试验与测试、预测与故障诊断技术的发展,中国计算机自动测量与控制技术协会,自动化测试
组织机构 → 推动 → 技术,nn->nn->nn->nn->nn->nn->nn->conj->nn->root->prep->pccomp->dobj->nn->conj->nn,国防(nn) — 科技(nn) — 自动化(nn) — 测试(nn) — 技术(nn) — 研究(nn) — 应用(nn) — 中心(conj) — 工业(nn) — 管(root) — 为(prep) — 推进(pccomp) — 应用(dobj) — 技术(nn) — 测试(conj) — 自动化(nn),[国防科技工业自动化测试技术研究应用中心] → [自动化测试],16,开展学术交流  推动试验与测试、预测与故障诊断技术的发展,国防科技工业自动化测试技术研究应用中心,自动化测试
组织机构 → 推动 → 技术,nn->nn->nn->amod->conj->nn->root->prep->pccomp->dobj->nn->conj->nn,航天(nn) — 测控(nn) — 技术(nn) — 有限(amod) — 公司(conj) — 北京(nn) — 管(root) — 为(prep) — 推进(pccomp) — 应用(dobj) — 技术(nn) — 测试(conj) — 自动化(nn),[北京航天测控技术有限公司] → [自动化测试],13,开展学术交流  推动试验与测试、预测与故障诊断技术的发展,北京航天测控技术有限公司,自动化测试
过程 → 减小 → 问题,dobj->conj->root->conj->dobj,隶属度值(dobj) — 确定(conj) — 选取(root) — 减小(conj) — 主观性(dobj),[为隶属度值赋权] → [主观性],5,改进FBPNN在飞机系统故障预测中的应用,为隶属度值赋权,主观性
Model → 存在 → 问题,punct->prnmod->nn->dobj->dep->root->prep->pobj,",(punct) — FBPNN(prnmod) — 网络(nn) — 模型(dobj) — 提出(dep) — 展开(root) — 针对(prep) — 问题(pobj)",[传统FBPNN] → [主观性问题],8,改进FBPNN在飞机系统故障预测中的应用,传统FBPNN,主观性问题
Method → 使用 → 软件,dobj->root->root->dep->dobj,研究(dobj) — 展开(root) — 选取(root) — 利用(dep) — MATLAB(dobj),[仿真研究] → [MATLAB],5,改进FBPNN在飞机系统故障预测中的应用,仿真研究,MATLAB
Method → 结合 → 数据,dobj->root->prep->pobj->nn,研究(dobj) — 展开(root) — 针对(prep) — 问题(pobj) — 飞机(nn),[仿真研究] → [飞机襟缝翼系统数据],5,改进FBPNN在飞机系统故障预测中的应用,仿真研究,飞机襟缝翼系统数据
Model → 具有 → Performance Metric,punct->prnmod->nn->dobj->dep->root->prep->pobj->nn,",(punct) — FBPNN(prnmod) — 网络(nn) — 模型(dobj) — 提出(dep) — 展开(root) — 针对(prep) — 问题(pobj) — 预测(nn)",[改进的FBPNN] → [更好的预测效果],9,改进FBPNN在飞机系统故障预测中的应用,改进的FBPNN,更好的预测效果
Model → 具有 → Performance Metric,dobj->dep->root->dep->prep,模型(dobj) — 形成(dep) — 分析(root) — 为(dep) — 以(prep),[辨识模型] → [5%以内最大相对误差],5,飞行试验数据驱动的涡扇发动机模型辨识,辨识模型,5%以内最大相对误差
因素 → 影响 → 任务,nummod->clf->dobj->rcmod->dobj->nn->nn,多(nummod) — 个(clf) — 因素(dobj) — 影响(rcmod) — 评估(dobj) — 系统(nn) — 状态(nn),[多个因素] → [系统状态评估],7,改进FBPNN在飞机系统故障预测中的应用,多个因素,系统状态评估
算法 → 适用于 → Model,nn->nn->dobj->root->prep->pccomp->dobj->rcmod->advmod->nn->assmod,剪样(nn) — 训练(nn) — 算法(dobj) — 提出(root) — 为(prep) — 改善(pccomp) — 稀疏性(dobj) — 支持(rcmod) — 直接(advmod) — 向量(nn) — 回归机(assmod),[剪样训练算法] → [直接支持向量回归机(DSVMR)],11,故障率预测的稀疏直接支持向量回归机方法,剪样训练算法,直接支持向量回归机(DSVMR)
算法 → 改善 → 属性,nn->nn->dobj->root->prep->pccomp->dobj,剪样(nn) — 训练(nn) — 算法(dobj) — 提出(root) — 为(prep) — 改善(pccomp) — 稀疏性(dobj),[剪样训练算法] → [稀疏性],7,故障率预测的稀疏直接支持向量回归机方法,剪样训练算法,稀疏性
算法 → 利用 → 技术,nn->nn->dobj->root->conj->dobj->nn,剪样(nn) — 训练(nn) — 算法(dobj) — 提出(root) — 利用(conj) — 变换(dobj) — 矩阵(nn),[剪样训练算法] → [矩阵变换],7,故障率预测的稀疏直接支持向量回归机方法,剪样训练算法,矩阵变换
算法 → 实现 → 方法,nn->nn->dobj->root->conj->conj->dobj->nn,剪样(nn) — 训练(nn) — 算法(dobj) — 提出(root) — 利用(conj) — 实现(conj) — 求解(dobj) — 递推(nn),[剪样训练算法] → [递推求解],8,故障率预测的稀疏直接支持向量回归机方法,剪样训练算法,递推求解
算法 → 计算效率高于 → 算法,nn->nn->dobj->root->conj->ccomp->conj->prep->pobj->rcmod->prep->pobj,剪样(nn) — 训练(nn) — 算法(dobj) — 提出(root) — 表明(conj) — 改善(ccomp) — 有(conj) — 较(prep) — 算法(pobj) — 分解(rcmod) — 基于(prep) — Cholesky(pobj),[剪样训练算法] → [Cholesky分解的剪样训练算法],12,故障率预测的稀疏直接支持向量回归机方法,剪样训练算法,Cholesky分解的剪样训练算法
Model → 预测精度高于 → 方法,punct->prnmod->assmod->dobj->pccomp->prep->root->dobj->conj->punct->nn->nn->nn->conj,((punct) — DSVMR(prnmod) — 回归机(assmod) — 稀疏性(dobj) — 改善(pccomp) — 为(prep) — 提出(root) — 方法(dobj) — BP(conj) — )(punct) — 神经(nn) — 网络(nn) — 预测(nn) — 方法(conj),[剪样训练后的DSVMR] → [BP神经网络预测方法],14,故障率预测的稀疏直接支持向量回归机方法,剪样训练后的DSVMR,BP神经网络预测方法
Model → 预测精度高于 → 方法,punct->prnmod->assmod->dobj->pccomp->prep->root->dobj->conj->punct->nn->nn->nn->conj,((punct) — DSVMR(prnmod) — 回归机(assmod) — 稀疏性(dobj) — 改善(pccomp) — 为(prep) — 提出(root) — 方法(dobj) — BP(conj) — )(punct) — 神经(nn) — 网络(nn) — 预测(nn) — 方法(conj),[剪样训练后的DSVMR] → [RBF神经网络预测方法],14,故障率预测的稀疏直接支持向量回归机方法,剪样训练后的DSVMR,RBF神经网络预测方法
应用 → 验证 → Model,nn->nn->nn->nsubj->conj->root->prep->pccomp->dobj->assmod->prnmod->punct,故障率(nn) — 预测(nn) — 飞机(nn) — 实例(nsubj) — 表明(conj) — 提出(root) — 为(prep) — 改善(pccomp) — 稀疏性(dobj) — 回归机(assmod) — DSVMR(prnmod) — ((punct),[飞机故障率预测] → [剪样训练后的DSVMR],12,故障率预测的稀疏直接支持向量回归机方法,飞机故障率预测,剪样训练后的DSVMR
实验 → 验证 → 算法,amod->nn->nn->nn->nsubj->conj->root->dobj->nn->nn,混沌(amod) — 序列(nn) — 预测(nn) — 时间(nn) — 仿真(nsubj) — 表明(conj) — 提出(root) — 算法(dobj) — 剪样(nn) — 训练(nn),[混沌时间序列预测] → [剪样训练算法],10,故障率预测的稀疏直接支持向量回归机方法,混沌时间序列预测,剪样训练算法
系统 → 构建 → Model,nn->nn->nn->dobj->nn->nn,飞机(nn) — PHM(nn) — 系统(nn) — 模型(dobj) — 分层(nn) — 体系(nn),[飞机PHM系统] → [分层体系模型],6,故障预测与健康管理系统建模技术研究,飞机PHM系统,分层体系模型
Model → 依据 → 属性,nn->nn->dobj->dep->prep->pobj->nn,分层(nn) — 体系(nn) — 模型(dobj) — 给出(dep) — 依据(prep) — 特征(pobj) — 飞机(nn),[分层体系模型] → [飞机特征],7,故障预测与健康管理系统建模技术研究,分层体系模型,飞机特征
部件 → 是 → 部件类别,nn->assmod->nn->amod->nn,液压泵(nn) — 系统(assmod) — 飞机(nn) — 典型(amod) — 部件(nn),[液压泵] → [飞机典型部件],5,故障预测与健康管理系统建模技术研究,液压泵,飞机典型部件
方法 → 验证 → 方法,pobj->prep->dep->root->dep->dobj->rcmod->dobj,试验(pobj) — 通过(prep) — 进行(dep) — 介绍(root) — 提出(dep) — 方法(dobj) — 基于(rcmod) — 数据(dobj),[试验] → [基于数据的建模方法],8,故障预测与健康管理系统建模技术研究,试验,基于数据的建模方法
技术 → 践行 → 理念,nn->nsubj->root->prep->pobj->rcmod->dobj->nn->conj->nn,数字(nn) — 孪生(nsubj) — 备受(root) — 作为(prep) — 手段(pobj) — 践行(rcmod) — 理念(dobj) — 城市(nn) — 制造(conj) — 智能(nn),[数字孪生] → [智能制造],10,数字孪生五维模型及十大领域应用,数字孪生,智能制造
技术 → 践行 → 理念,nn->nsubj->root->prep->pobj->rcmod->dobj->nn->nn->conj,数字(nn) — 孪生(nsubj) — 备受(root) — 作为(prep) — 手段(pobj) — 践行(rcmod) — 理念(dobj) — 城市(nn) — 工业(nn) — 4.0(conj),[数字孪生] → [工业4.0],10,数字孪生五维模型及十大领域应用,数字孪生,工业4.0
技术 → 践行 → 理念,nn->nsubj->root->prep->pobj->rcmod->dobj->nn->conj->nn,数字(nn) — 孪生(nsubj) — 备受(root) — 作为(prep) — 手段(pobj) — 践行(rcmod) — 理念(dobj) — 城市(nn) — 互联网(conj) — 工业(nn),[数字孪生] → [工业互联网],10,数字孪生五维模型及十大领域应用,数字孪生,工业互联网
技术 → 践行 → 理念,nn->nsubj->root->prep->pobj->rcmod->dobj->nn->amod,数字(nn) — 孪生(nsubj) — 备受(root) — 作为(prep) — 手段(pobj) — 践行(rcmod) — 理念(dobj) — 城市(nn) — 智慧(amod),[数字孪生] → [智慧城市],9,数字孪生五维模型及十大领域应用,数字孪生,智慧城市
核心要素 → 是核心 → 技术,top->root->root->nsubj->nn,模型(top) — 是(root) — 备受(root) — 孪生(nsubj) — 数字(nn),[模型] → [数字孪生],5,数字孪生五维模型及十大领域应用,模型,数字孪生
Model → 无法满足 → 需求,nn->nsubj->root->prep->pobj->conj,数字(nn) — 孪生(nsubj) — 备受(root) — 作为(prep) — 手段(pobj) — 技术(conj),[传统数字孪生三维模型] → [技术发展与应用需求],6,数字孪生五维模型及十大领域应用,传统数字孪生三维模型,技术发展与应用需求
研究 → 提出 → Model,nn->nsubj,数字(nn) — 孪生(nsubj),[数字孪生车间研究] → [数字孪生五维模型],2,数字孪生五维模型及十大领域应用,数字孪生车间研究,数字孪生五维模型
Model → 适应 → 需求,nn->nsubj->root->root->conj->dobj,数字(nn) — 孪生(nsubj) — 备受(root) — 是(root) — 满足(conj) — 需求(dobj),[数字孪生五维模型] → [新需求],6,数字孪生五维模型及十大领域应用,数字孪生五维模型,新需求
技术 → 应用于 → 行业,nn->nn->nsubj->root->conj->prep->plmod->lobj->nn->nn->conj,数字(nn) — 孪生体(nn) — 概念(nsubj) — 发展(root) — 得到(conj) — 在(prep) — 中(plmod) — 行业(lobj) — 能源(nn) — 航空(nn) — 航天(conj),[数字孪生体] → [航空航天],11,数字孪生体及其在智慧管网应用的可行性,数字孪生体,航空航天
技术 → 应用于 → 行业,nn->nn->nsubj->root->conj->prep->plmod->lobj->nn->nn->conj,数字(nn) — 孪生体(nn) — 概念(nsubj) — 发展(root) — 得到(conj) — 在(prep) — 中(plmod) — 行业(lobj) — 能源(nn) — 汽车(nn) — 制造(conj),[数字孪生体] → [汽车制造],11,数字孪生体及其在智慧管网应用的可行性,数字孪生体,汽车制造
技术 → 应用于 → 行业,nn->nn->nsubj->root->conj->prep->plmod->lobj->nn->conj,数字(nn) — 孪生体(nn) — 概念(nsubj) — 发展(root) — 得到(conj) — 在(prep) — 中(plmod) — 行业(lobj) — 能源(nn) — 军事(conj),[数字孪生体] → [军事],10,数字孪生体及其在智慧管网应用的可行性,数字孪生体,军事
技术 → 应用于 → 行业,nn->nn->nsubj->root->conj->prep->plmod->lobj->nn,数字(nn) — 孪生体(nn) — 概念(nsubj) — 发展(root) — 得到(conj) — 在(prep) — 中(plmod) — 行业(lobj) — 能源(nn),[数字孪生体] → [能源],9,数字孪生体及其在智慧管网应用的可行性,数字孪生体,能源
技术 → 应用于 → 行业,nn->nn->nsubj->root->conj->prep->pobj->assmod->pobj->nn,数字(nn) — 孪生体(nn) — 概念(nsubj) — 发展(root) — 起到(conj) — 为(prep) — 发展(pobj) — 在(assmod) — 行业(pobj) — 管道(nn),[数字孪生体] → [管道行业],10,数字孪生体及其在智慧管网应用的可行性,数字孪生体,管道行业
技术 → 应用于 → 行业,amod->nn->nsubj->root->conj->prep->pobj->nn->nn,大(amod) — 数据(nn) — 技术(nsubj) — 得到(root) — 得到(conj) — 在(prep) — 领域(pobj) — 航空(nn) — 工业(nn),[大数据技术] → [航空工业],9,航空大数据技术的发展与应用,大数据技术,航空工业
技术 → 应用于 → 行业,amod->nn->nsubj->root->conj->prep->pobj->nn,大(amod) — 数据(nn) — 技术(nsubj) — 得到(root) — 得到(conj) — 在(prep) — 领域(pobj) — 航空(nn),[美国大数据分析技术] → [航空领域],8,航空大数据技术的发展与应用,美国大数据分析技术,航空领域
技术 → 应用于 → 应用,nn->nn->nsubj->root->root->conj->dobj->assmod->pobj->nn->conj->nn,数字(nn) — 孪生体(nn) — 概念(nsubj) — 发展(root) — 介绍(root) — 分析(conj) — 案例(dobj) — 在(assmod) — 行业(pobj) — 装配(nn) — 设计(conj) — 产品(nn),[数字孪生体] → [产品设计],12,数字孪生体及其在智慧管网应用的可行性,数字孪生体,产品设计
技术 → 应用于 → 应用,nn->nn->nsubj->root->root->conj->dobj->assmod->pobj->nn->conj->nn->nn,数字(nn) — 孪生体(nn) — 概念(nsubj) — 发展(root) — 介绍(root) — 分析(conj) — 案例(dobj) — 在(assmod) — 行业(pobj) — 装配(nn) — 预测(conj) — 飞机(nn) — 故障(nn),[数字孪生体] → [飞机故障预测],13,数字孪生体及其在智慧管网应用的可行性,数字孪生体,飞机故障预测
技术 → 应用于 → 应用,nn->nn->nsubj->root->root->conj->dobj->assmod->pobj->nn->conj->nn->nn->nn->nn->nn,数字(nn) — 孪生体(nn) — 概念(nsubj) — 发展(root) — 介绍(root) — 分析(conj) — 案例(dobj) — 在(assmod) — 行业(pobj) — 装配(nn) — 管理(conj) — 电厂(nn) — 发电(nn) — 机组(nn) — 智能(nn) — 健康(nn),[数字孪生体] → [电厂发电机组智能健康管理],16,数字孪生体及其在智慧管网应用的可行性,数字孪生体,电厂发电机组智能健康管理
技术 → 应用于 → 应用,nn->nn->nsubj->root->root->conj->dobj->assmod->pobj->nn->amod->nn,数字(nn) — 孪生体(nn) — 概念(nsubj) — 发展(root) — 介绍(root) — 分析(conj) — 案例(dobj) — 在(assmod) — 行业(pobj) — 装配(nn) — 复杂(amod) — 产品(nn),[数字孪生体] → [复杂产品装配],12,数字孪生体及其在智慧管网应用的可行性,数字孪生体,复杂产品装配
技术 → 应用于 → 应用,nn->nn->nsubj->root->conj->prep->pobj->assmod->pobj->nn,数字(nn) — 孪生体(nn) — 概念(nsubj) — 发展(root) — 起到(conj) — 为(prep) — 发展(pobj) — 在(assmod) — 行业(pobj) — 管道(nn),[数字孪生体] → [管道设计],10,数字孪生体及其在智慧管网应用的可行性,数字孪生体,管道设计
技术 → 应用于 → 应用,nn->nn->nsubj->root->root->conj->prep->pobj->nn->conj->nn,数字(nn) — 孪生体(nn) — 概念(nsubj) — 发展(root) — 介绍(root) — 分析(conj) — 从(prep) — 方面(pobj) — 管理(nn) — 优化(conj) — 调度(nn),[数字孪生体] → [调度优化],11,数字孪生体及其在智慧管网应用的可行性,数字孪生体,调度优化
技术 → 应用于 → 应用,nn->nn->nsubj->root->conj->prep->pobj->assmod->pobj->nn,数字(nn) — 孪生体(nn) — 概念(nsubj) — 发展(root) — 起到(conj) — 为(prep) — 发展(pobj) — 在(assmod) — 行业(pobj) — 管道(nn),[数字孪生体] → [管道设备运行维护],10,数字孪生体及其在智慧管网应用的可行性,数字孪生体,管道设备运行维护
技术 → 应用于 → 应用,nn->nn->nsubj->root->conj->prep->pobj->assmod->pobj->nn,数字(nn) — 孪生体(nn) — 概念(nsubj) — 发展(root) — 起到(conj) — 为(prep) — 发展(pobj) — 在(assmod) — 行业(pobj) — 管道(nn),[数字孪生体] → [管道全生命周期管理],10,数字孪生体及其在智慧管网应用的可行性,数字孪生体,管道全生命周期管理
技术 → 应用于 → 应用,nn->nn->nn,温度(nn) — 参数(nn) — 试车台(nn),[温度计量技术] → [试车台健康管理],3,温度计量技术在航空发动机试车台健康管理中的应用,温度计量技术,试车台健康管理
技术 → 提供技术手段 → 功能,nn->nn->nsubj->root->root->prep->pobj->assmod->assm->nn->conj,数字(nn) — 孪生体(nn) — 概念(nsubj) — 发展(root) — 提供(root) — 为(prep) — 融合(pobj) — 系统(assmod) — 的(assm) — 信息(nn) — 交互(conj),[数字孪生体] → [信息交互及融合],11,数字孪生体及其在智慧管网应用的可行性,数字孪生体,信息交互及融合
功能 → 连接 → 系统,assm->nn->conj->assmod->pobj->prep->root->root->conj->prep->pobj->assmod->pobj->nn,的(assm) — 信息(nn) — 交互(conj) — 系统(assmod) — 融合(pobj) — 为(prep) — 提供(root) — 发展(root) — 起到(conj) — 为(prep) — 发展(pobj) — 在(assmod) — 行业(pobj) — 管道(nn),[信息交互及融合] → [真实管道系统],14,数字孪生体及其在智慧管网应用的可行性,信息交互及融合,真实管道系统
功能 → 连接 → 系统,assm->nn->conj->assmod->pobj->prep->root->root->conj->prep->pobj->assmod->pobj->nn,的(assm) — 信息(nn) — 交互(conj) — 系统(assmod) — 融合(pobj) — 为(prep) — 提供(root) — 发展(root) — 起到(conj) — 为(prep) — 发展(pobj) — 在(assmod) — 行业(pobj) — 管道(nn),[信息交互及融合] → [虚拟管道系统],14,数字孪生体及其在智慧管网应用的可行性,信息交互及融合,虚拟管道系统
技术 → 促进 → 目标,nn->nn->nsubj->root->root->conj->ccomp->dobj->nn->nn,数字(nn) — 孪生体(nn) — 概念(nsubj) — 发展(root) — 提供(root) — 有利于(conj) — 促进(ccomp) — 建设(dobj) — 智慧(nn) — 管网(nn),[数字孪生体] → [智慧管网建设],10,数字孪生体及其在智慧管网应用的可行性,数字孪生体,智慧管网建设
技术 → 结合 → 领域,amod->amod->nsubj->root->prep->pccomp->conj->dobj->assmod->nn,数字(amod) — 孪生(amod) — 技术(nsubj) — 结合(root) — 为(prep) — 推动(pccomp) — 提升(conj) — 能力(dobj) — 工程(assmod) — 卫星(nn),[数字孪生技术] → [卫星工程],10,数字孪生卫星概念、关键技术及应用,数字孪生技术,卫星工程
概念 → 促进 → 目标,nn->amod->assmod->dobj->dep->root->prep->plmod->lccomp->dobj->conj->nn->nn,数字(nn) — 孪生(amod) — 卫星(assmod) — 概念(dobj) — 探讨(dep) — 结合(root) — 在(prep) — 后(plmod) — 分析(lccomp) — 需求(dobj) — 趋势(conj) — 产业(nn) — 卫星(nn),[数字孪生卫星] → [卫星产业转型升级],13,数字孪生卫星概念、关键技术及应用,数字孪生卫星,卫星产业转型升级
概念 → 提升 → 能力,nn->amod->assmod->dobj->dep->root->prep->pccomp->conj->dobj->assmod->amod->nn,数字(nn) — 孪生(amod) — 卫星(assmod) — 概念(dobj) — 探讨(dep) — 结合(root) — 为(prep) — 推动(pccomp) — 提升(conj) — 能力(dobj) — 工程(assmod) — 大型(amod) — 卫星(nn),[数字孪生卫星] → [大型卫星工程管理水平],13,数字孪生卫星概念、关键技术及应用,数字孪生卫星,大型卫星工程管理水平
概念 → 组成 → 系统,nn->amod->assmod,数字(nn) — 孪生(amod) — 卫星(assmod),[数字孪生卫星] → [数字孪生卫星试验验证系统],3,数字孪生卫星概念、关键技术及应用,数字孪生卫星,数字孪生卫星试验验证系统
概念 → 组成 → 设施,nn->amod->assmod,数字(nn) — 孪生(amod) — 卫星(assmod),[数字孪生卫星] → [数字孪生卫星总装车间],3,数字孪生卫星概念、关键技术及应用,数字孪生卫星,数字孪生卫星总装车间
概念 → 组成 → 产品,nn->amod->assmod,数字(nn) — 孪生(amod) — 卫星(assmod),[数字孪生卫星] → [数字孪生卫星产品],3,数字孪生卫星概念、关键技术及应用,数字孪生卫星,数字孪生卫星产品
概念 → 组成 → 网络,nn->amod->assmod,数字(nn) — 孪生(amod) — 卫星(assmod),[数字孪生卫星] → [数字孪生卫星网络],3,数字孪生卫星概念、关键技术及应用,数字孪生卫星,数字孪生卫星网络
概念 → 具有 → 组成部分,nn->amod->assmod->dobj->dep->root->root->prep->pobj->nn,数字(nn) — 孪生(amod) — 卫星(assmod) — 概念(dobj) — 探讨(dep) — 结合(root) — 进行(root) — 对(prep) — 要素(pobj) — 核心(nn),[数字孪生卫星] → [核心要素],10,数字孪生卫星概念、关键技术及应用,数字孪生卫星,核心要素
组成部分 → 包含 → 组成部分,nn->amod->assmod->dobj->dep->root->root->prep->pobj->prnmod->dobj->conj->nn,数字(nn) — 孪生(amod) — 卫星(assmod) — 概念(dobj) — 探讨(dep) — 结合(root) — 进行(root) — 对(prep) — 要素(pobj) — 包括(prnmod) — 线程(dobj) — 线程(conj) — 模型(nn),[数字孪生卫星核心要素] → [模型线程],13,数字孪生卫星概念、关键技术及应用,数字孪生卫星核心要素,模型线程
组成部分 → 包含 → 组成部分,nn->amod->assmod->dobj->dep->root->root->prep->pobj->prnmod->dobj->conj->nn,数字(nn) — 孪生(amod) — 卫星(assmod) — 概念(dobj) — 探讨(dep) — 结合(root) — 进行(root) — 对(prep) — 要素(pobj) — 包括(prnmod) — 线程(dobj) — 线程(conj) — 数据(nn),[数字孪生卫星核心要素] → [数据线程],13,数字孪生卫星概念、关键技术及应用,数字孪生卫星核心要素,数据线程
组成部分 → 包含 → 组成部分,nn->amod->assmod->dobj->dep->root->root->prep->pobj->prnmod->dobj->nn,数字(nn) — 孪生(amod) — 卫星(assmod) — 概念(dobj) — 探讨(dep) — 结合(root) — 进行(root) — 对(prep) — 要素(pobj) — 包括(prnmod) — 线程(dobj) — 服务(nn),[数字孪生卫星核心要素] → [服务线程],12,数字孪生卫星概念、关键技术及应用,数字孪生卫星核心要素,服务线程
概念 → 具有 → 技术体系,nn->amod->assmod->dobj->dep->root->prep->pccomp->dobj->nsubj,数字(nn) — 孪生(amod) — 卫星(assmod) — 概念(dobj) — 探讨(dep) — 结合(root) — 为(prep) — 推动(pccomp) — 发展(dobj) — 技术(nsubj),[数字孪生卫星] → [关键技术体系],10,数字孪生卫星概念、关键技术及应用,数字孪生卫星,关键技术体系
概念 → 应用于 → 生命周期阶段,nn->amod->assmod->dobj->dep->root->prep->plmod->lccomp->dobj->conj->nn->nn,数字(nn) — 孪生(amod) — 卫星(assmod) — 概念(dobj) — 探讨(dep) — 结合(root) — 在(prep) — 后(plmod) — 分析(lccomp) — 需求(dobj) — 趋势(conj) — 产业(nn) — 卫星(nn),[数字孪生卫星] → [卫星总体设计],13,数字孪生卫星概念、关键技术及应用,数字孪生卫星,卫星总体设计
概念 → 应用于 → 生命周期阶段,nn->amod->assmod->dobj->dep->root->root->dep->prep->pobj->assmod->pobj->nn->conj->amod,数字(nn) — 孪生(amod) — 卫星(assmod) — 概念(dobj) — 探讨(dep) — 结合(root) — 提出(root) — 进行(dep) — 对(prep) — 应用(pobj) — 在(assmod) — 阶段(pobj) — 管理(nn) — 设计(conj) — 详细(amod),[数字孪生卫星] → [详细设计],15,数字孪生卫星概念、关键技术及应用,数字孪生卫星,详细设计
概念 → 应用于 → 生命周期阶段,nn->amod->assmod->dobj->dep->root->root->dep->prep->pobj->assmod->pobj->nn->conj->nn,数字(nn) — 孪生(amod) — 卫星(assmod) — 概念(dobj) — 探讨(dep) — 结合(root) — 提出(root) — 进行(dep) — 对(prep) — 应用(pobj) — 在(assmod) — 阶段(pobj) — 管理(nn) — 制造(conj) — 生产(nn),[数字孪生卫星] → [生产制造],15,数字孪生卫星概念、关键技术及应用,数字孪生卫星,生产制造
概念 → 应用于 → 生命周期阶段,nn->amod->assmod->dobj->dep->root->prep->pccomp->conj->dobj->nn,数字(nn) — 孪生(amod) — 卫星(assmod) — 概念(dobj) — 探讨(dep) — 结合(root) — 为(prep) — 推动(pccomp) — 提升(conj) — 能力(dobj) — 管理(nn),[数字孪生卫星] → [在轨服务与健康管理],11,数字孪生卫星概念、关键技术及应用,数字孪生卫星,在轨服务与健康管理
概念 → 应用于 → 生命周期阶段,nn->amod->assmod->dobj->dep->root->prep->pccomp->conj->dobj->nn,数字(nn) — 孪生(amod) — 卫星(assmod) — 概念(dobj) — 探讨(dep) — 结合(root) — 为(prep) — 推动(pccomp) — 提升(conj) — 能力(dobj) — 管理(nn),[数字孪生卫星] → [网络运维管理],11,数字孪生卫星概念、关键技术及应用,数字孪生卫星,网络运维管理
技术 → 包含 → 方法,nn->nn->assmod->conj->dobj->root->conj->prep->pobj->conj->nn,挖掘(nn) — 数据(nn) — 工具(assmod) — 模式(conj) — 流程(dobj) — 总结(root) — 进行(conj) — 对(prep) — 案例(pobj) — 网络(conj) — 神经(nn),[数据挖掘技术] → [神经网络],11,数据挖掘技术在航空发动机PHM中的应用,数据挖掘技术,神经网络
技术 → 包含 → 方法,nn->nn->assmod->conj->dobj->root->conj->prep->pobj->conj->nn->nn,挖掘(nn) — 数据(nn) — 工具(assmod) — 模式(conj) — 流程(dobj) — 总结(root) — 进行(conj) — 对(prep) — 案例(pobj) — 分析(conj) — 时间(nn) — 序列(nn),[数据挖掘技术] → [时间序列分析],12,数据挖掘技术在航空发动机PHM中的应用,数据挖掘技术,时间序列分析
技术 → 包含 → 方法,nn->nn->assmod->conj->dobj->root->conj->prep->pobj->conj->nn,挖掘(nn) — 数据(nn) — 工具(assmod) — 模式(conj) — 流程(dobj) — 总结(root) — 进行(conj) — 对(prep) — 案例(pobj) — 逻辑(conj) — 模糊(nn),[数据挖掘技术] → [模糊逻辑],11,数据挖掘技术在航空发动机PHM中的应用,数据挖掘技术,模糊逻辑
技术 → 包含 → 方法,nn->nn->assmod->conj->dobj->root->conj->prep->pobj->conj->amod,挖掘(nn) — 数据(nn) — 工具(assmod) — 模式(conj) — 流程(dobj) — 总结(root) — 进行(conj) — 对(prep) — 案例(pobj) — 算法(conj) — 遗传(amod),[数据挖掘技术] → [遗传算法],11,数据挖掘技术在航空发动机PHM中的应用,数据挖掘技术,遗传算法
技术 → 包含 → 方法,nn->nn->assmod->conj->dobj->root->conj->prep->pobj->conj->nn,挖掘(nn) — 数据(nn) — 工具(assmod) — 模式(conj) — 流程(dobj) — 总结(root) — 进行(conj) — 对(prep) — 案例(pobj) — 理论(conj) — 证据(nn),[数据挖掘技术] → [证据理论],11,数据挖掘技术在航空发动机PHM中的应用,数据挖掘技术,证据理论
技术 → 包含 → 方法,nn->nn->assmod->conj->dobj->root->conj->prep->pobj->nn->nn,挖掘(nn) — 数据(nn) — 工具(assmod) — 模式(conj) — 流程(dobj) — 总结(root) — 进行(conj) — 对(prep) — 案例(pobj) — 向量机(nn) — 支持(nn),[数据挖掘技术] → [支持向量机],11,数据挖掘技术在航空发动机PHM中的应用,数据挖掘技术,支持向量机
技术 → 包含 → 方法,cc->dep->nn->conj,与(cc) — 管理(dep) — 健康(nn) — 预测(conj),[预测与健康管理(PHM)] → [故障预测],4,机载导弹发射装置PHM系统总体设计,预测与健康管理(PHM),故障预测
技术 → 包含 → 方法,cc->nn->dep,与(cc) — 健康(nn) — 管理(dep),[预测与健康管理(PHM)] → [维护管理方法],3,机载导弹发射装置PHM系统总体设计,预测与健康管理(PHM),维护管理方法
技术 → 成为 → 关键技术,nsubj->root->conj->dobj->assmod->nn->nn->nn->nn,PHM(nsubj) — 是(root) — 成为(conj) — 之一(dobj) — 设计(assmod) — 飞机(nn) — 航空(nn) — 电子(nn) — 系统(nn),[PHM] → [飞机航空电子系统设计的关键技术],9,新一代航空电子故障预测与健康管理系统综述,PHM,飞机航空电子系统设计的关键技术
技术 → 包含 → 功能,nsubj->root->prep->pobj->amod->nn->conj,PHM(nsubj) — 是(root) — 作为(prep) — 技术(pobj) — 综合化(amod) — 系统(nn) — 检测(conj),[PHM] → [综合化系统检测],7,新一代航空电子故障预测与健康管理系统综述,PHM,综合化系统检测
技术 → 包含 → 功能,nsubj->root->prep->pobj->nn->nn->conj,PHM(nsubj) — 是(root) — 作为(prep) — 技术(pobj) — 管理(nn) — 故障(nn) — 诊断(conj),[PHM] → [故障诊断],7,新一代航空电子故障预测与健康管理系统综述,PHM,故障诊断
技术 → 包含 → 功能,nsubj->root->prep->pobj->nn->nn->conj,PHM(nsubj) — 是(root) — 作为(prep) — 技术(pobj) — 管理(nn) — 故障(nn) — 预测(conj),[PHM] → [故障预测],7,新一代航空电子故障预测与健康管理系统综述,PHM,故障预测
技术 → 包含 → 功能,nsubj->root->prep->pobj->nn->nn,PHM(nsubj) — 是(root) — 作为(prep) — 技术(pobj) — 管理(nn) — 健康(nn),[PHM] → [健康管理],6,新一代航空电子故障预测与健康管理系统综述,PHM,健康管理
系统设计 → 包含 → 系统架构,punct->nn->prnmod->nn->conj->conj->amod->nn->conj,)(punct) — 系统(nn) — APHM(prnmod) — 管理(nn) — 设计(conj) — 要求(conj) — 层次化(amod) — 体系(nn) — 结构(conj),[APHM系统设计] → [层次化体系结构],9,新一代航空电子故障预测与健康管理系统综述,APHM系统设计,层次化体系结构
系统设计 → 包含 → 设计要求,punct->nn->prnmod->nn->conj->conj->nn,)(punct) — 系统(nn) — APHM(prnmod) — 管理(nn) — 设计(conj) — 要求(conj) — 功能(nn),[APHM系统设计] → [功能要求],7,新一代航空电子故障预测与健康管理系统综述,APHM系统设计,功能要求
系统 → 包含 → 关键技术,prnmod->nn->conj->conj->nn->pobj->prep->conj->root->prep->pobj->nn->nn->conj,APHM(prnmod) — 管理(nn) — 设计(conj) — 要求(conj) — 维护(nn) — 技术(pobj) — 对(prep) — 介绍(conj) — 是(root) — 作为(prep) — 技术(pobj) — 管理(nn) — 故障(nn) — 预测(conj),[APHM] → [故障预测],14,新一代航空电子故障预测与健康管理系统综述,APHM,故障预测
系统 → 包含 → 关键技术,prnmod->nn->conj->conj->nn->nn->conj,APHM(prnmod) — 管理(nn) — 设计(conj) — 要求(conj) — 维护(nn) — 健康(nn) — 评估(conj),[APHM] → [健康评估],7,新一代航空电子故障预测与健康管理系统综述,APHM,健康评估
系统 → 包含 → 关键技术,prnmod->nn->conj->conj->nn->nn,APHM(prnmod) — 管理(nn) — 设计(conj) — 要求(conj) — 维护(nn) — 系统(nn),[APHM] → [系统维护],6,新一代航空电子故障预测与健康管理系统综述,APHM,系统维护
系统 → 包含 → 关键技术,amod->nn->nn->dobj->conj->root->root->conj->dobj->prnmod->dobj->nn->conj->nn->conj,综合(amod) — 飞行器(nn) — 管理(nn) — 技术(dobj) — 促使(conj) — 提出(root) — 介绍(root) — 阐述(conj) — 技术(dobj) — 包括(prnmod) — 方面(dobj) — 交互(nn) — 评估(conj) — 态势(nn) — 感知(conj),[综合飞行器管理系统] → [态势感知与评估],15,综合飞行器管理系统(IVMS)研究综述,综合飞行器管理系统,态势感知与评估
系统 → 包含 → 关键技术,nn->nn->amod->dobj->conj->root->dep->dep->dobj->assmod->nn,飞行器(nn) — 管理(nn) — 综合(amod) — 技术(dobj) — 促使(conj) — 提出(root) — 使(dep) — 成为(dep) — 技术(dobj) — 管理(assmod) — 任务(nn),[综合飞行器管理系统] → [任务航迹规划],11,综合飞行器管理系统(IVMS)研究综述,综合飞行器管理系统,任务航迹规划
系统 → 包含 → 关键技术,nn->nn->amod,飞行器(nn) — 管理(nn) — 综合(amod),[综合飞行器管理系统] → [综合航行驾驶],3,综合飞行器管理系统(IVMS)研究综述,综合飞行器管理系统,综合航行驾驶
系统 → 包含 → 关键技术,amod->nn->nn->dobj->conj->root->root->conj->dobj->prnmod->dobj->nn->conj->amod->nn,综合(amod) — 飞行器(nn) — 管理(nn) — 技术(dobj) — 促使(conj) — 提出(root) — 介绍(root) — 阐述(conj) — 技术(dobj) — 包括(prnmod) — 方面(dobj) — 交互(nn) — 导引(conj) — 自动(amod) — 攻击(nn),[综合飞行器管理系统] → [自动攻击导引],15,综合飞行器管理系统(IVMS)研究综述,综合飞行器管理系统,自动攻击导引
系统 → 包含 → 关键技术,nn->amod->dobj->nn,飞行器(nn) — 综合(amod) — 技术(dobj) — 管理(nn),[综合飞行器管理系统] → [健康管理与预测],4,综合飞行器管理系统(IVMS)研究综述,综合飞行器管理系统,健康管理与预测
系统 → 包含 → 关键技术,amod->nn->nn->dobj->conj->root->root->conj->dobj->prnmod->dobj->nn->amod->nn,综合(amod) — 飞行器(nn) — 管理(nn) — 技术(dobj) — 促使(conj) — 提出(root) — 介绍(root) — 阐述(conj) — 技术(dobj) — 包括(prnmod) — 方面(dobj) — 交互(nn) — 智能(amod) — 人机(nn),[综合飞行器管理系统] → [智能人机交互],14,综合飞行器管理系统(IVMS)研究综述,综合飞行器管理系统,智能人机交互
技术 → 包含 → 关键技术,nn->conj->nn->assmod->dobj->conj->root->conj->dobj->nn->conj->nn->nn,电子(nn) — 预测(conj) — 航空(nn) — 管理(assmod) — 技术(dobj) — 探讨(conj) — 分析(root) — 包括(conj) — 类别(dobj) — 电路(nn) — 分析(conj) — 失效(nn) — 机理(nn),[航空电子预测与健康管理(PHM)] → [失效机理分析],13,新一代航空电子综合化及预测与健康管理技术,航空电子预测与健康管理(PHM),失效机理分析
技术 → 包含 → 关键技术,nn->conj->nn->assmod->dobj->conj->root->conj->dobj->nn->conj->nn->nn,电子(nn) — 预测(conj) — 航空(nn) — 管理(assmod) — 技术(dobj) — 探讨(conj) — 分析(root) — 包括(conj) — 类别(dobj) — 电路(nn) — 评估(conj) — 应力(nn) — 损伤(nn),[航空电子预测与健康管理(PHM)] → [应力损伤评估],13,新一代航空电子综合化及预测与健康管理技术,航空电子预测与健康管理(PHM),应力损伤评估
技术 → 包含 → 关键技术,nn->conj->nn->assmod->dobj->conj->root->conj->dobj->nn->conj->nn,电子(nn) — 预测(conj) — 航空(nn) — 管理(assmod) — 技术(dobj) — 探讨(conj) — 分析(root) — 包括(conj) — 类别(dobj) — 电路(nn) — 先兆(conj) — 故障(nn),[航空电子预测与健康管理(PHM)] → [故障先兆],12,新一代航空电子综合化及预测与健康管理技术,航空电子预测与健康管理(PHM),故障先兆
技术 → 包含 → 关键技术,nn->conj->nn->assmod->dobj->conj->root->conj->dobj->nn->prnmod->punct,电子(nn) — 预测(conj) — 航空(nn) — 管理(assmod) — 技术(dobj) — 探讨(conj) — 分析(root) — 包括(conj) — 类别(dobj) — 电路(nn) — canary(prnmod) — ((punct),[航空电子预测与健康管理(PHM)] → [预警电路(canary)],12,新一代航空电子综合化及预测与健康管理技术,航空电子预测与健康管理(PHM),预警电路(canary)
技术 → 应用 → 实现方法,nn->conj->nn->assmod->dobj->conj->root->conj->dobj->assmod->nn->conj->nn,电子(nn) — 预测(conj) — 航空(nn) — 管理(assmod) — 技术(dobj) — 探讨(conj) — 分析(root) — 分析(conj) — 应用(dobj) — 技术(assmod) — 预测(nn) — 融合(conj) — 信息(nn),[航空电子预测与健康管理(PHM)] → [信息融合],13,新一代航空电子综合化及预测与健康管理技术,航空电子预测与健康管理(PHM),信息融合
技术 → 应用 → 实现方法,nn->conj->nn->assmod->dobj->conj->root->conj->dobj->assmod->nn->conj->amod,电子(nn) — 预测(conj) — 航空(nn) — 管理(assmod) — 技术(dobj) — 探讨(conj) — 分析(root) — 分析(conj) — 应用(dobj) — 技术(assmod) — 预测(nn) — 智能(conj) — 人工(amod),[航空电子预测与健康管理(PHM)] → [人工智能],13,新一代航空电子综合化及预测与健康管理技术,航空电子预测与健康管理(PHM),人工智能
技术 → 应用 → 实现方法,nn->conj->nn->assmod->dobj->conj->root->conj->dobj->assmod->nn->punct->nn->conj,电子(nn) — 预测(conj) — 航空(nn) — 管理(assmod) — 技术(dobj) — 探讨(conj) — 分析(root) — 分析(conj) — 应用(dobj) — 技术(assmod) — 预测(nn) — 、(punct) — 数据(nn) — 挖掘(conj),[航空电子预测与健康管理(PHM)] → [数据挖掘与预测],14,新一代航空电子综合化及预测与健康管理技术,航空电子预测与健康管理(PHM),数据挖掘与预测
系统架构 → 集成 → 技术,amod->nummod->clf->amod->amod->nn->nn->conj->assmod->dobj->dep->conj->root->conj->dobj->assmod->prnmod,新(amod) — 一(nummod) — 代(clf) — 综合(amod) — 模块化(amod) — 航空(nn) — 电子(nn) — 系统(conj) — PHM(assmod) — 架构(dobj) — 给出(dep) — 研究(conj) — 分析(root) — 探讨(conj) — 技术(dobj) — 管理(assmod) — PHM(prnmod),[新一代综合模块化航空电子系统] → [PHM],17,新一代航空电子综合化及预测与健康管理技术,新一代综合模块化航空电子系统,PHM
系统架构 → 实现 → 技术,punct->nn->dobj->rcmod->dobj->amod->nn,/(punct) — EVMS(nn) — 结构(dobj) — 实现(rcmod) — 技术(dobj) — 自主(amod) — 控制(nn),[MMS/EVMS结构] → [自主控制技术],7,无人作战飞机自主控制技术研究,MMS/EVMS结构,自主控制技术
飞行器 → 需要 → 功能,amod->dobj->nn->nsubj->rcmod->amod,无(amod) — 人(dobj) — 作战(nn) — 飞机(nsubj) — 控制(rcmod) — 自主(amod),[无人作战飞机] → [自主控制],6,无人作战飞机自主控制技术研究,无人作战飞机,自主控制
研究 → 设计 → 系统架构,det->nn->nsubj->root->root->conj->dobj->punct->nn,本(det) — 研究(nn) — 结果(nsubj) — 具有(root) — 归纳(root) — 设计(conj) — 结构(dobj) — /(punct) — EVMS(nn),[本研究] → [MMS/EVMS结构],9,无人作战飞机自主控制技术研究,本研究,MMS/EVMS结构
研究 → 提出 → 方法,det->nn->nsubj->root->root->conj->dobj->rcmod->amod->nsubj,本(det) — 研究(nn) — 结果(nsubj) — 具有(root) — 归纳(root) — 提出(conj) — 方法(dobj) — 自主(rcmod) — 可变(amod) — 权限(nsubj),[本研究] → [可变权限自主的结构和实现方法],10,无人作战飞机自主控制技术研究,本研究,可变权限自主的结构和实现方法
研究 → 提出 → 方法,dobj->dep->root->root->dep->dobj->nn->nn->nn->nn,研究(dobj) — 开展(dep) — 为(root) — 探讨(root) — 提出(dep) — 方法(dobj) — 预测(nn) — 维修(nn) — 模式(nn) — 实施(nn),[本研究] → [预测维修模式实施方法],10,民机PHM预测维修模式在空调系统的应用,本研究,预测维修模式实施方法
组织 → 研究 → 理念,punct->nn->nn->prnmod->nn->nsubj->ccomp->dobj->nn->nn,)(punct) — 格伦(nn) — 研究(nn) — NASA(prnmod) — 航天局(nn) — 中心(nsubj) — 围绕(ccomp) — 理念(dobj) — 智能(nn) — 推进(nn),[NASA格伦研究中心] → [智能推进],10,智能推进NASA推进控制研究进展,NASA格伦研究中心,智能推进
理念 → 包含 → 技术,nn->nn->dobj->ccomp->root->dobj->rcmod->prep->pobj->nn->conj->amod,推进(nn) — 智能(nn) — 理念(dobj) — 围绕(ccomp) — 介绍(root) — 工作(dobj) — 进行(rcmod) — 在(prep) — 领域(pobj) — 控制(nn) — 控制(conj) — 主动(amod),[智能推进] → [主动控制],12,智能推进NASA推进控制研究进展,智能推进,主动控制
理念 → 包含 → 技术,nn->nn->dobj->ccomp->root->dobj->rcmod->prep->pobj->nn->punct->assmod->pobj,推进(nn) — 智能(nn) — 理念(dobj) — 围绕(ccomp) — 介绍(root) — 工作(dobj) — 进行(rcmod) — 在(prep) — 领域(pobj) — 控制(nn) — 、(punct) — 基于(assmod) — 模型(pobj),[智能推进] → [基于模型的控制和健康管理],13,智能推进NASA推进控制研究进展,智能推进,基于模型的控制和健康管理
理念 → 包含 → 技术,nn->nn->dobj->ccomp->root->dobj->rcmod->prep->pobj->nn->amod,推进(nn) — 智能(nn) — 理念(dobj) — 围绕(ccomp) — 介绍(root) — 工作(dobj) — 进行(rcmod) — 在(prep) — 领域(pobj) — 控制(nn) — 分布式(amod),[智能推进] → [分布式控制],11,智能推进NASA推进控制研究进展,智能推进,分布式控制
理念 → 旨在提高 → 目标,nn->nn,推进(nn) — 智能(nn),[智能推进] → [推进控制系统的智能化程度],2,智能推进NASA推进控制研究进展,智能推进,推进控制系统的智能化程度
理念 → 采用 → 技术,nn->nn->dobj->ccomp->root->dobj->rcmod->prep->pobj->nn->conj,推进(nn) — 智能(nn) — 理念(dobj) — 围绕(ccomp) — 介绍(root) — 工作(dobj) — 进行(rcmod) — 在(prep) — 领域(pobj) — 控制(nn) — 控制(conj),[智能推进] → [建模仿真和控制技术],11,智能推进NASA推进控制研究进展,智能推进,建模仿真和控制技术
理念 → 对抗 → 影响因素,nn->nn->dobj->ccomp->root->root->ccomp->conj->dobj->rcmod->conj->amod,智能(nn) — 推进(nn) — 理念(dobj) — 围绕(ccomp) — 介绍(root) — 在(root) — 提高(ccomp) — 对抗(conj) — 影响(dobj) — 老化(rcmod) — 工况(conj) — 恶劣(amod),[智能推进] → [恶劣工况],12,智能推进NASA推进控制研究进展,智能推进,恶劣工况
理念 → 对抗 → 影响因素,nn->nn->dobj->ccomp->root->root->ccomp->conj->dobj->rcmod->nsubj,智能(nn) — 推进(nn) — 理念(dobj) — 围绕(ccomp) — 介绍(root) — 在(root) — 提高(ccomp) — 对抗(conj) — 影响(dobj) — 老化(rcmod) — 部件(nsubj),[智能推进] → [部件老化],11,智能推进NASA推进控制研究进展,智能推进,部件老化
理念 → 保持 → Performance Metric,nn->nn->dobj->ccomp->root->dobj,推进(nn) — 智能(nn) — 理念(dobj) — 围绕(ccomp) — 介绍(root) — 工作(dobj),[智能推进] → [发动机最优工作性能],6,智能推进NASA推进控制研究进展,智能推进,发动机最优工作性能
理念 → 延长 → Performance Metric,nn->dobj->nn,智能(nn) — 理念(dobj) — 推进(nn),[智能推进] → [推进系统工作寿命],3,智能推进NASA推进控制研究进展,智能推进,推进系统工作寿命
理念 → 提高 → Performance Metric,nn->nn->dobj->ccomp->root->root->conj->dobj->conj,智能(nn) — 推进(nn) — 理念(dobj) — 围绕(ccomp) — 介绍(root) — 延长(root) — 提高(conj) — 可靠性(dobj) — 安全性(conj),[智能推进] → [安全性],9,智能推进NASA推进控制研究进展,智能推进,安全性
理念 → 提高 → Performance Metric,nn->nn->dobj->ccomp->root->root->conj->dobj,智能(nn) — 推进(nn) — 理念(dobj) — 围绕(ccomp) — 介绍(root) — 延长(root) — 提高(conj) — 可靠性(dobj),[智能推进] → [可靠性],8,智能推进NASA推进控制研究进展,智能推进,可靠性
理念 → 降低 → 成本,nn->nn->dobj->ccomp->root->root->punct->dep,"智能(nn) — 推进(nn) — 理念(dobj) — 围绕(ccomp) — 介绍(root) — 在(root) — ,(punct) — 使(dep)",[智能推进] → [全寿命周期的使用维护成本],8,智能推进NASA推进控制研究进展,智能推进,全寿命周期的使用维护成本
技术 → 通过验证 → 验证方法,punct->assmod->pobj->nn->pobj->prep->rcmod->dobj->root->root->dep->dobj->nn->nn,、(punct) — 基于(assmod) — 模型(pobj) — 控制(nn) — 领域(pobj) — 在(prep) — 进行(rcmod) — 工作(dobj) — 介绍(root) — 有(root) — 通过(dep) — 验证(dobj) — 试验(nn) — 飞行(nn),[基于模型的控制和健康管理] → [飞行试验],14,智能推进NASA推进控制研究进展,基于模型的控制和健康管理,飞行试验
技术 → 技术成熟度达到 → 等级,punct->assmod->pobj->nn->pobj->prep->rcmod->dobj->root->root->dep->range->nummod,、(punct) — 基于(assmod) — 模型(pobj) — 控制(nn) — 领域(pobj) — 在(prep) — 进行(rcmod) — 工作(dobj) — 介绍(root) — 有(root) — 达到(dep) — 级(range) — 7(nummod),[基于模型的控制和健康管理] → [7级],13,智能推进NASA推进控制研究进展,基于模型的控制和健康管理,7级
技术 → 处于 → 阶段,amod->conj->nn->pobj->prep->rcmod->dobj->root->ccomp->nsubj->nn,主动(amod) — 控制(conj) — 控制(nn) — 领域(pobj) — 在(prep) — 进行(rcmod) — 工作(dobj) — 介绍(root) — 围绕(ccomp) — 中心(nsubj) — 研究(nn),[主动控制] → [概念设计和实验室研究阶段],11,智能推进NASA推进控制研究进展,主动控制,概念设计和实验室研究阶段
技术 → 处于 → 阶段,amod->nn->pobj->prep->rcmod->dobj->root->ccomp->nsubj->nn,分布式(amod) — 控制(nn) — 领域(pobj) — 在(prep) — 进行(rcmod) — 工作(dobj) — 介绍(root) — 围绕(ccomp) — 中心(nsubj) — 研究(nn),[分布式控制] → [概念设计和实验室研究阶段],10,智能推进NASA推进控制研究进展,分布式控制,概念设计和实验室研究阶段
技术 → 预计技术成熟度达到 → 等级,amod->conj->nn->pobj->prep->rcmod->dobj->root->root->dep->range,主动(amod) — 控制(conj) — 控制(nn) — 领域(pobj) — 在(prep) — 进行(rcmod) — 工作(dobj) — 介绍(root) — 有(root) — 达到(dep) — 级(range),[主动控制] → [6级],11,智能推进NASA推进控制研究进展,主动控制,6级
技术 → 预计技术成熟度达到 → 等级,amod->nn->pobj->prep->rcmod->dobj->root->root->dep->range,分布式(amod) — 控制(nn) — 领域(pobj) — 在(prep) — 进行(rcmod) — 工作(dobj) — 介绍(root) — 有(root) — 达到(dep) — 级(range),[分布式控制] → [6级],10,智能推进NASA推进控制研究进展,分布式控制,6级
理念 → 成为 → 技术角色,nn->nn->dobj->ccomp->nsubj->nn->nn,推进(nn) — 智能(nn) — 理念(dobj) — 围绕(ccomp) — 中心(nsubj) — 航天局(nn) — 航空(nn),[智能推进] → [下一代航空航天推进系统的核心支撑技术],7,智能推进NASA推进控制研究进展,智能推进,下一代航空航天推进系统的核心支撑技术
技术概念 → 区别于 → 技术概念,mmod->root->root->attr->rcmod->prep->pobj->nn->nn,能(mmod) — 提升(root) — 是(root) — 问题(attr) — 应用(rcmod) — 在(prep) — 领域(pobj) — 发动机(nn) — 航空(nn),[智能航空发动机] → [传统航空发动机],9,智能航空发动机——本体智能化技术概述,智能航空发动机,传统航空发动机
技术概念 → 强调 → 能力,mmod->root->root->dobj->rcmod->prep->pobj,能(mmod) — 提升(root) — 在于(root) — 速度(dobj) — 利用(rcmod) — 对(prep) — 数据(pobj),[智能航空发动机] → [数据利用],7,智能航空发动机——本体智能化技术概述,智能航空发动机,数据利用
技术概念 → 摆脱 → 思维模式,mmod->root->root->prep->pobj->rcmod->dobj->nn->nn,能(mmod) — 提升(root) — 阐明(root) — 从(prep) — 角度(pobj) — 理解(rcmod) — 区别(dobj) — 模式(nn) — 思维(nn),[智能航空发动机] → [机械思维模式],9,智能航空发动机——本体智能化技术概述,智能航空发动机,机械思维模式
技术概念 → 追求 → 目标,mmod->root->root->dobj->assmod->assm->nummod->nn->amod->assmod,能(mmod) — 提升(root) — 追求(root) — 关联性(dobj) — 下(assmod) — 的(assm) — 多(nummod) — 源(nn) — 异构(amod) — 信息(assmod),[智能航空发动机] → [多源异构信息的关联性],10,智能航空发动机——本体智能化技术概述,智能航空发动机,多源异构信息的关联性
思维模式 → 追求 → 目标,nn->nn->dobj->rcmod->pobj->prep->root->root->dobj->rcmod->dobj->nn->nn,思维(nn) — 模式(nn) — 区别(dobj) — 理解(rcmod) — 角度(pobj) — 从(prep) — 阐明(root) — 摆脱(root) — 思路(dobj) — 追求(rcmod) — 关系(dobj) — 参数(nn) — 因果(nn),[机械思维模式] → [参数因果关系],13,智能航空发动机——本体智能化技术概述,机械思维模式,参数因果关系
技术概念 → 发挥 → Performance Metric,mmod,能(mmod),[智能航空发动机] → [最佳性能],1,智能航空发动机——本体智能化技术概述,智能航空发动机,最佳性能
技术概念 → 实现 → Performance Metric,mmod,能(mmod),[智能航空发动机] → [性能跨越],1,智能航空发动机——本体智能化技术概述,智能航空发动机,性能跨越
技术 → 是 → 技术,punct->prnmod->nn->nsubj->root->prep->pobj->assmod->lobj->clf->amod->nummod->nn->conj,)(punct) — PHM(prnmod) — 管理(nn) — 技术(nsubj) — 受到(root) — 作为(prep) — 部分(pobj) — 中(assmod) — 使用(lobj) — 代(clf) — 新(amod) — 一(nummod) — 飞机(nn) — 设计(conj),[PHM技术] → [新一代飞机设计的关键技术],14,有人机无人机协同作战机群PHM顶层架构,PHM技术,新一代飞机设计的关键技术
技术 → 是 → 组成部分,punct->prnmod->nn->nsubj->root->prep->pobj->assmod->lobj->clf->amod->nummod->nn->conj,)(punct) — PHM(prnmod) — 管理(nn) — 技术(nsubj) — 受到(root) — 作为(prep) — 部分(pobj) — 中(assmod) — 使用(lobj) — 代(clf) — 新(amod) — 一(nummod) — 飞机(nn) — 设计(conj),[PHM技术] → [新一代飞机设计的重要组成部分],14,有人机无人机协同作战机群PHM顶层架构,PHM技术,新一代飞机设计的重要组成部分
方法 → 用于 → 分析,nn->assmod->assm->dobj->root->conj->dobj->nn,系统(nn) — 工程(assmod) — 的(assm) — 方法(dobj) — 利用(root) — 进行(conj) — 分析(dobj) — 场景(nn),[系统工程方法] → [场景分析],8,有人机无人机协同作战机群PHM顶层架构,系统工程方法,场景分析
方法 → 用于 → 分析,nn->conj->pobj->prep->conj->prep->pobj->nn,系统用(nn) — 例图(conj) — 建模(pobj) — 通过(prep) — 进行(conj) — 对(prep) — 需求(pobj) — 系统(nn),[系统用例图与活动图建模] → [系统需求分析],8,有人机无人机协同作战机群PHM顶层架构,系统用例图与活动图建模,系统需求分析
分析 → 针对 → 系统,nn->dobj->conj->root->root->nsubj->nn->prnmod->punct,场景(nn) — 分析(dobj) — 进行(conj) — 利用(root) — 受到(root) — 技术(nsubj) — 管理(nn) — PHM(prnmod) — ((punct),[场景分析] → [有人机/无人机协同作战机群PHM系统],9,有人机无人机协同作战机群PHM顶层架构,场景分析,有人机/无人机协同作战机群PHM系统
架构 → 包含 → 设计,punct->prnmod->nn->nsubj->root->prep->pobj->assmod->lobj->conj,((punct) — PHM(prnmod) — 管理(nn) — 技术(nsubj) — 受到(root) — 作为(prep) — 部分(pobj) — 中(assmod) — 使用(lobj) — 设计(conj),[PHM系统顶层架构] → [功能架构设计],10,有人机无人机协同作战机群PHM顶层架构,PHM系统顶层架构,功能架构设计
架构 → 包含 → 设计,punct->prnmod->nn->nsubj->root->prep->pobj->assmod->lobj->conj,((punct) — PHM(prnmod) — 管理(nn) — 技术(nsubj) — 受到(root) — 作为(prep) — 部分(pobj) — 中(assmod) — 使用(lobj) — 设计(conj),[PHM系统顶层架构] → [逻辑体系架构设计],10,有人机无人机协同作战机群PHM顶层架构,PHM系统顶层架构,逻辑体系架构设计
架构 → 包含 → 服务,punct->prnmod->nn->nsubj->root->root->conj->dobj->prnmod->dobj->nn->nn,((punct) — PHM(prnmod) — 管理(nn) — 技术(nsubj) — 受到(root) — 利用(root) — 提出(conj) — 架构(dobj) — 包括(prnmod) — 服务(dobj) — 数据(nn) — 传输(nn),[PHM系统顶层架构] → [数据传输服务],12,有人机无人机协同作战机群PHM顶层架构,PHM系统顶层架构,数据传输服务
设计 → 涉及 → 技术,conj->lobj->assmod->pobj->conj->amod,设计(conj) — 使用(lobj) — 中(assmod) — 部分(pobj) — 技术(conj) — 关键(amod),[系统设计] → [关键技术],6,有人机无人机协同作战机群PHM顶层架构,系统设计,关键技术
成果 → 指导 → 设计,nn->nsubj->root->root->nsubj->nn->prnmod->punct,研究(nn) — 成果(nsubj) — 具有(root) — 受到(root) — 技术(nsubj) — 管理(nn) — PHM(prnmod) — ((punct),[研究成果] → [机群PHM系统设计],8,有人机无人机协同作战机群PHM顶层架构,研究成果,机群PHM系统设计
技术 → 是 → 技术类型,cc->nn->dep->root->attr->nn->nn,与(cc) — 健康(nn) — 管理(dep) — 是(root) — 手段(attr) — 保障(nn) — 技术(nn),[预测与健康管理(PHM)] → [保障技术手段],7,机载导弹发射装置PHM系统总体设计,预测与健康管理(PHM),保障技术手段
设备 → 是配套产品 → 系统,amod->nn->nn->nsubj->root->prep->pobj->assmod->amod->nn,机载(amod) — 导弹(nn) — 发射(nn) — 装置(nsubj) — 纳入(root) — 作为(prep) — 产品(pobj) — 系统(assmod) — 机载(amod) — 武器(nn),[机载导弹发射装置] → [机载武器系统],10,机载导弹发射装置PHM系统总体设计,机载导弹发射装置,机载武器系统
设备 → 纳入 → 系统,amod->nn->nn->nsubj->root->root->dep->prnmod->punct,机载(amod) — 导弹(nn) — 发射(nn) — 装置(nsubj) — 纳入(root) — 是(root) — 管理(dep) — PHM(prnmod) — ((punct),[机载导弹发射装置] → [飞机PHM系统],9,机载导弹发射装置PHM系统总体设计,机载导弹发射装置,飞机PHM系统
技术 → 包含 → 技术,cc->nn->dep->root->attr->nn,与(cc) — 健康(nn) — 管理(dep) — 是(root) — 手段(attr) — 技术(nn),[预测与健康管理(PHM)] → [关键技术],6,机载导弹发射装置PHM系统总体设计,预测与健康管理(PHM),关键技术
架构 → 针对 → 设备,punct->prnmod->dep->root->root->nsubj->amod->nn->nn,((punct) — PHM(prnmod) — 管理(dep) — 是(root) — 纳入(root) — 装置(nsubj) — 机载(amod) — 导弹(nn) — 发射(nn),[发射装置PHM框架结构] → [机载导弹发射装置],9,机载导弹发射装置PHM系统总体设计,发射装置PHM框架结构,机载导弹发射装置
技术 → 需要选取 → 参数,cc->nn->dep->root->root->conj->dobj->conj->assmod->nn,与(cc) — 健康(nn) — 管理(dep) — 是(root) — 介绍(root) — 探讨(conj) — 方法(dobj) — 选取(conj) — 参数(assmod) — 监测(nn),[预测与健康管理(PHM)] → [监测参数],10,机载导弹发射装置PHM系统总体设计,预测与健康管理(PHM),监测参数
技术 → 具有 → 体系架构,amod->amod->amod->nn->top->root->root->conj->dobj->nn,机载(amod) — 无线(amod) — 传感(amod) — 网络(nn) — 技术(top) — 是(root) — 分析(root) — 给出(conj) — 架构(dobj) — 体系(nn),[机载无线传感网络技术] → [体系架构],10,机载无线传感网络技术的发展与应用,机载无线传感网络技术,体系架构
技术 → 具有 → 发展情况,amod->amod->amod->nn->top->root->attr->rcmod->cpm->nn,机载(amod) — 无线(amod) — 传感(amod) — 网络(nn) — 技术(top) — 是(root) — 方向(attr) — 有(rcmod) — 的(cpm) — 发展(nn),[机载无线传感网络技术] → [发展情况],10,机载无线传感网络技术的发展与应用,机载无线传感网络技术,发展情况
技术 → 响应 → 需求,amod->amod->amod->nn->top->root->root->conj->prep->pobj->amod,机载(amod) — 无线(amod) — 传感(amod) — 网络(nn) — 技术(top) — 是(root) — 分析(root) — 给出(conj) — 对(prep) — 需求(pobj) — 实际(amod),[机载无线传感网络技术] → [实际需求],11,机载无线传感网络技术的发展与应用,机载无线传感网络技术,实际需求
技术 → 响应 → 需求,punct->prnmod->top->root->root->prep->pobj->nn,((punct) — PHM(prnmod) — 管理(top) — 是(root) — 入手(root) — 从(prep) — 需求(pobj) — 军事(nn),[PHM技术] → [军事需求],8,航空发动机PHM中的数据挖掘机遇与挑战,PHM技术,军事需求
建议 → 指导 → 技术,nn->cpm->rcmod->attr->root->top->amod->amod->amod->nn,发展(nn) — 的(cpm) — 有(rcmod) — 方向(attr) — 是(root) — 技术(top) — 机载(amod) — 无线(amod) — 传感(amod) — 网络(nn),[发展建议] → [机载无线传感网络技术],10,机载无线传感网络技术的发展与应用,发展建议,机载无线传感网络技术
平台 → 以...为例 → 系统,nn->dobj->rcmod->lobj->plmod->prep->root->prep->pobj->prnmod->nn->nn,PHM(nn) — 测试床(dobj) — 研究(rcmod) — 基础(lobj) — 上(plmod) — 在(prep) — 为(root) — 以(prep) — 系统(pobj) — 系统(prnmod) — 燃油(nn) — 测量(nn),[PHM测试床] → [燃油测量系统],12,机载燃油测量系统PHM测试床设计及故障注入实现,PHM测试床,燃油测量系统
系统 → 是 → 系统类别,nn->nn->prnmod->pobj->nn->amod->nn,燃油(nn) — 测量(nn) — 系统(prnmod) — 系统(pobj) — 飞机(nn) — 典型(amod) — 机电子(nn),[燃油测量系统] → [飞机典型机电子系统],7,机载燃油测量系统PHM测试床设计及故障注入实现,燃油测量系统,飞机典型机电子系统
平台 → 采用 → 组件,nn->dobj->rcmod->lobj->plmod->prep->root->dep->dobj->nn->conj->nn->amod,PHM(nn) — 测试床(dobj) — 研究(rcmod) — 基础(lobj) — 上(plmod) — 在(prep) — 为(root) — 采用(dep) — 仪器(dobj) — 模块(nn) — 仪器(conj) — NI(nn) — 虚拟(amod),[PHM测试床] → [NI虚拟仪器],13,机载燃油测量系统PHM测试床设计及故障注入实现,PHM测试床,NI虚拟仪器
平台 → 采用 → 组件,nn->dobj->rcmod->lobj->plmod->prep->root->dep->dobj->nn->nn->nn,PHM(nn) — 测试床(dobj) — 研究(rcmod) — 基础(lobj) — 上(plmod) — 在(prep) — 为(root) — 采用(dep) — 仪器(dobj) — PXI(nn) — 总线(nn) — 模块(nn),[PHM测试床] → [PXI总线模块仪器],12,机载燃油测量系统PHM测试床设计及故障注入实现,PHM测试床,PXI总线模块仪器
平台 → 实现 → 功能,nn->dobj->rcmod->lobj->plmod->prep->root->dep->dobj->nn->nn,PHM(nn) — 测试床(dobj) — 研究(rcmod) — 基础(lobj) — 上(plmod) — 在(prep) — 为(root) — 实现(dep) — 功能(dobj) — 故障(nn) — 注入(nn),[PHM测试床] → [故障注入功能],11,机载燃油测量系统PHM测试床设计及故障注入实现,PHM测试床,故障注入功能
平台 → 解决 → 问题,nn->dobj->rcmod->lobj->plmod->prep->root->dep->dobj->rcmod->nsubj,PHM(nn) — 测试床(dobj) — 研究(rcmod) — 基础(lobj) — 上(plmod) — 在(prep) — 为(root) — 解决(dep) — 问题(dobj) — 匮乏(rcmod) — 数据源(nsubj),[PHM测试床] → [数据源匮乏],11,机载燃油测量系统PHM测试床设计及故障注入实现,PHM测试床,数据源匮乏
平台 → 再现 → 状态,nn->dobj->rcmod->lobj->plmod->prep->root->prep->pobj->assmod->nn->nn,PHM(nn) — 测试床(dobj) — 研究(rcmod) — 基础(lobj) — 上(plmod) — 在(prep) — 为(root) — 针对(prep) — 现状(pobj) — 平台(assmod) — 管理(nn) — 故障(nn),[PHM测试床] → [故障模式],12,机载燃油测量系统PHM测试床设计及故障注入实现,PHM测试床,故障模式
平台 → 提供验证 → 技术,nn->dobj->rcmod->lobj->plmod->prep->root->prep->pobj->assmod->nn->prnmod->punct,"PHM(nn) — 测试床(dobj) — 研究(rcmod) — 基础(lobj) — 上(plmod) — 在(prep) — 为(root) — 针对(prep) — 现状(pobj) — 平台(assmod) — 管理(nn) — PHM(prnmod) — ,(punct)",[PHM测试床] → [PHM技术],13,机载燃油测量系统PHM测试床设计及故障注入实现,PHM测试床,PHM技术
平台 → 为...提供参考 → 研究,nn->dobj->rcmod->lobj->plmod->prep->root->prep->pobj->assmod->nn->prnmod->punct,"PHM(nn) — 测试床(dobj) — 研究(rcmod) — 基础(lobj) — 上(plmod) — 在(prep) — 为(root) — 针对(prep) — 现状(pobj) — 平台(assmod) — 管理(nn) — PHM(prnmod) — ,(punct)",[PHM测试床] → [机电系统PHM通用化验证平台研究],13,机载燃油测量系统PHM测试床设计及故障注入实现,PHM测试床,机电系统PHM通用化验证平台研究
方法 → 基于 → 分析方法,nn->nn->nn->nn->conj->assm->assmod->pobj->conj->nn->nn,健康(nn) — 表征(nn) — 参数(nn) — 选取(nn) — 原则(conj) — 的(assm) — 基于(assmod) — 案例(pobj) — 影响(conj) — 失效(nn) — 模式(nn),[健康表征参数选取原则和方法] → [失效模式影响及危害性分析],11,机载航电系统射频信道健康表征及影响评估,健康表征参数选取原则和方法,失效模式影响及危害性分析
方法 → 基于 → 分析方法,nn->nn->nn->nn->conj->assm->assmod->pobj->conj->nn,健康(nn) — 表征(nn) — 参数(nn) — 选取(nn) — 原则(conj) — 的(assm) — 基于(assmod) — 案例(pobj) — 分析(conj) — 故障树(nn),[健康表征参数选取原则和方法] → [故障树分析],10,机载航电系统射频信道健康表征及影响评估,健康表征参数选取原则和方法,故障树分析
方法 → 基于 → 数据源,nn->nn->nn->nn->conj->assm->assmod->pobj->nn,健康(nn) — 表征(nn) — 参数(nn) — 选取(nn) — 原则(conj) — 的(assm) — 基于(assmod) — 案例(pobj) — 历史(nn),[健康表征参数选取原则和方法] → [历史案例],9,机载航电系统射频信道健康表征及影响评估,健康表征参数选取原则和方法,历史案例
Model → 分析 → 影响,nn->pobj->rcmod->dobj->conj->root->dobj->assmod->pobj->conj,模型(nn) — 贝叶斯(pobj) — 基于(rcmod) — 应用(dobj) — 探讨(conj) — 提出(root) — 方法(dobj) — 基于(assmod) — 案例(pobj) — 影响(conj),[模型] → [射频信道的健康影响],10,机载航电系统射频信道健康表征及影响评估,模型,射频信道的健康影响
分析 → 得到 → 参数,conj->pobj->assmod->assm->nn->nn,影响(conj) — 案例(pobj) — 基于(assmod) — 的(assm) — 健康(nn) — 表征(nn),[健康影响分析] → [射频信道健康表征的优先参量],6,机载航电系统射频信道健康表征及影响评估,健康影响分析,射频信道健康表征的优先参量
技术研究 → 促进 → 研究领域,nn->nn->assm,健康(nn) — 表征(nn) — 的(assm),[射频信道健康表征及影响评估] → [先进战斗机健康管理技术研究],3,机载航电系统射频信道健康表征及影响评估,射频信道健康表征及影响评估,先进战斗机健康管理技术研究
系统 → 推动 → 维修策略,nn->conj->nn->nsubj->root->prep->pccomp->ccomp->prep->pobj->nn,故障(nn) — 预测(conj) — 管理(nn) — 系统(nsubj) — 具有(root) — 对于(prep) — 推动(pccomp) — 转变(ccomp) — 向(prep) — 维修(pobj) — 视情(nn),[故障预测与健康管理(PHM)系统] → [视情维修],11,机载预测与健康管理(PHM)系统的体系结构,故障预测与健康管理(PHM)系统,视情维修
系统 → 应用于 → 装备,nn->conj->nn->nsubj->root->prep->pccomp->ccomp->nsubj->nn,故障(nn) — 预测(conj) — 管理(nn) — 系统(nsubj) — 具有(root) — 对于(prep) — 推动(pccomp) — 转变(ccomp) — 飞机(nsubj) — 作战(nn),[故障预测与健康管理(PHM)系统] → [作战飞机],10,机载预测与健康管理(PHM)系统的体系结构,故障预测与健康管理(PHM)系统,作战飞机
系统 → 采用 → 体系结构,prnmod->punct->nsubj->root->root->dep->dobj->amod->nn,PHM(prnmod) — )(punct) — 系统(nsubj) — 具有(root) — 进行(root) — 提出(dep) — 结构(dobj) — 层次化(amod) — 体系(nn),[机载PHM系统] → [层次化体系结构],9,机载预测与健康管理(PHM)系统的体系结构,机载PHM系统,层次化体系结构
体系结构 → 针对 → 装备,amod->nn->dobj->dep->root->root->prep->pccomp->ccomp->nsubj->nn,层次化(amod) — 体系(nn) — 结构(dobj) — 提出(dep) — 进行(root) — 具有(root) — 对于(prep) — 推动(pccomp) — 转变(ccomp) — 飞机(nsubj) — 作战(nn),[层次化体系结构] → [新一代作战飞机],11,机载预测与健康管理(PHM)系统的体系结构,层次化体系结构,新一代作战飞机
体系结构 → 包含 → 层级,amod->nn->dobj->dep->root->root->nsubj->prnmod,层次化(amod) — 体系(nn) — 结构(dobj) — 提出(dep) — 进行(root) — 具有(root) — 系统(nsubj) — PHM(prnmod),[层次化体系结构] → [模块/单元层PHM],8,机载预测与健康管理(PHM)系统的体系结构,层次化体系结构,模块/单元层PHM
体系结构 → 包含 → 层级,amod->nn->dobj->dep->root->root->nsubj->prnmod,层次化(amod) — 体系(nn) — 结构(dobj) — 提出(dep) — 进行(root) — 具有(root) — 系统(nsubj) — PHM(prnmod),[层次化体系结构] → [子系统级PHM],8,机载预测与健康管理(PHM)系统的体系结构,层次化体系结构,子系统级PHM
体系结构 → 包含 → 层级,amod->nn->dobj->dep->root->root->nsubj->prnmod,层次化(amod) — 体系(nn) — 结构(dobj) — 提出(dep) — 进行(root) — 具有(root) — 系统(nsubj) — PHM(prnmod),[层次化体系结构] → [区域级PHM],8,机载预测与健康管理(PHM)系统的体系结构,层次化体系结构,区域级PHM
体系结构 → 包含 → 层级,amod->nn->dobj->dep->root->root->nsubj->prnmod,层次化(amod) — 体系(nn) — 结构(dobj) — 提出(dep) — 进行(root) — 具有(root) — 系统(nsubj) — PHM(prnmod),[层次化体系结构] → [平台级PHM],8,机载预测与健康管理(PHM)系统的体系结构,层次化体系结构,平台级PHM
研究 → 目的为 → 目标,det->nn->nn->nn->assm->nn->dobj->assmod,某(det) — 地区(nn) — 民航(nn) — 空勤(nn) — 的(assm) — 健康(nn) — 状况(dobj) — 人员(assmod),[某地区民航空勤人员健康状况分析] → [了解民航空勤人员的健康状况],8,某地区民航空勤人员健康状况分析,某地区民航空勤人员健康状况分析,了解民航空勤人员的健康状况
研究 → 提供依据 → 措施,det->nn->nn->nn->assmod->assm->nn->dobj->root->conj->prep->pobj->nn->nn->nn->conj,某(det) — 地区(nn) — 民航(nn) — 空勤(nn) — 人员(assmod) — 的(assm) — 健康(nn) — 状况(dobj) — 了解(root) — 提供(conj) — 为(prep) — 防治(pobj) — 人员(nn) — 飞行(nn) — 健康(nn) — 管理(conj),[某地区民航空勤人员健康状况分析] → [飞行人员健康管理],16,某地区民航空勤人员健康状况分析,某地区民航空勤人员健康状况分析,飞行人员健康管理
研究 → 提供依据 → 措施,det->nn->nn->nn->assmod->assm->nn->dobj->root->conj->prep->pobj->nn,某(det) — 地区(nn) — 民航(nn) — 空勤(nn) — 人员(assmod) — 的(assm) — 健康(nn) — 状况(dobj) — 了解(root) — 提供(conj) — 为(prep) — 防治(pobj) — 常见病(nn),[某地区民航空勤人员健康状况分析] → [常见病防治],13,某地区民航空勤人员健康状况分析,某地区民航空勤人员健康状况分析,常见病防治
活动 → 采用 → 统计方法,nn->dobj->root->dep->dobj->conj->nn,研究(nn) — 对象(dobj) — 为(root) — 采用(dep) — 检验(dobj) — 检验(conj) — t(nn),[研究] → [t检验],7,某地区民航空勤人员健康状况分析,研究,t检验
活动 → 采用 → 统计方法,nn->dobj->root->dep->dobj->conj->conj->conj,研究(nn) — 对象(dobj) — 为(root) — 采用(dep) — 检验(dobj) — 检验(conj) — Wilcoxon(conj) — 秩和(conj),[研究] → [Wilcoxon秩和检验],8,某地区民航空勤人员健康状况分析,研究,Wilcoxon秩和检验
活动 → 采用 → 统计方法,nn->dobj->root->dep->dobj->nn,研究(nn) — 对象(dobj) — 为(root) — 采用(dep) — 检验(dobj) — χ2(nn),[研究] → [χ2检验],6,某地区民航空勤人员健康状况分析,研究,χ2检验
人群 → 主要健康威胁 → 疾病,nn->assmod->dobj->root->root->nsubj->nn->amod,空勤(nn) — 人员(assmod) — 状况(dobj) — 了解(root) — 为(root) — 患病率(nsubj) — 血症(nn) — 高尿酸(amod),[空勤人员] → [高尿酸血症],8,某地区民航空勤人员健康状况分析,空勤人员,高尿酸血症
人群 → 主要健康威胁 → 疾病,nn->assmod->dobj->root->root->attr,空勤(nn) — 人员(assmod) — 状况(dobj) — 了解(root) — 为(root) — 脂肪肝(attr),[空勤人员] → [脂肪肝],6,某地区民航空勤人员健康状况分析,空勤人员,脂肪肝
人群 → 主要健康威胁 → 疾病,nn->assmod->dobj->root->root->conj->nsubj,空勤(nn) — 人员(assmod) — 状况(dobj) — 了解(root) — 为(root) — 次(conj) — 超重(nsubj),[空勤人员] → [超重],7,某地区民航空勤人员健康状况分析,空勤人员,超重
疾病 → 患病率为 → 比率,amod->nn->nsubj->root->attr,高尿酸(amod) — 血症(nn) — 患病率(nsubj) — 为(root) — 29.2%(attr),[高尿酸血症] → [29.2%],5,某地区民航空勤人员健康状况分析,高尿酸血症,29.2%
疾病 → 患病率为 → 比率,attr->root->conj->attr->nummod,脂肪肝(attr) — 为(root) — 为(conj) — 18.2%(attr) — 28.9%(nummod),[脂肪肝] → [28.9%],5,某地区民航空勤人员健康状况分析,脂肪肝,28.9%
疾病 → 患病率为 → 比率,nsubj->conj->root->root->prep->pobj->rcmod->tmod->conj,超重(nsubj) — 次(conj) — 为(root) — 为(root) — 以(prep) — 人员(pobj) — 参加(rcmod) — 12月(tmod) — 1(conj),[超重] → [18.2%],9,某地区民航空勤人员健康状况分析,超重,18.2%
职业 → 健康状况优于 → 职业,nn->nsubj->root->dobj,安全员(nn) — 状况(nsubj) — 好于(root) — 驾驶员(dobj),[安全员] → [驾驶员],4,某地区民航空勤人员健康状况分析,安全员,驾驶员
职业 → 患病率较高 → 疾病,dobj->root->root->nsubj->nn->amod,驾驶员(dobj) — 好于(root) — 为(root) — 患病率(nsubj) — 血症(nn) — 高尿酸(amod),[驾驶员] → [高尿酸血症],6,某地区民航空勤人员健康状况分析,驾驶员,高尿酸血症
职业 → 患病率较高 → 疾病,dobj->root->root->nsubj->nn,驾驶员(dobj) — 好于(root) — 为(root) — 患病率(nsubj) — 血症(nn),[驾驶员] → [高脂血症],5,某地区民航空勤人员健康状况分析,驾驶员,高脂血症
职业 → 患病率较高 → 疾病,dobj->root->root->attr,驾驶员(dobj) — 好于(root) — 为(root) — 脂肪肝(attr),[驾驶员] → [脂肪肝],4,某地区民航空勤人员健康状况分析,驾驶员,脂肪肝
职业 → 患病率较高 → 疾病类别,dobj->root->conj->nsubj->amod,驾驶员(dobj) — 好于(root) — 高(conj) — 疾病(nsubj) — 代谢性(amod),[驾驶员] → [代谢性疾病],5,某地区民航空勤人员健康状况分析,驾驶员,代谢性疾病
活动 → 建议 → 方案,nn->dobj->root->root->conj->prep->pobj->conj->nn,研究(nn) — 对象(dobj) — 为(root) — 了解(root) — 提供(conj) — 为(prep) — 防治(pobj) — 管理(conj) — 健康(nn),[研究] → [制订健康管理方案],9,某地区民航空勤人员健康状况分析,研究,制订健康管理方案
人群 → 健康水平 → 状态,nn->assmod->dobj->root->root->conj->advmod,空勤(nn) — 人员(assmod) — 状况(dobj) — 了解(root) — 好于(root) — 高(conj) — 较(advmod),[空勤人员] → [较低],7,某地区民航空勤人员健康状况分析,空勤人员,较低
研究 → 以...为例 → 飞机系统,dobj->dep->root->prep->pobj->nn->nn,研究(dobj) — 开展(dep) — 为(root) — 以(prep) — 系统(pobj) — B737NG(nn) — 空调(nn),[本研究] → [B737NG空调系统],7,民机PHM预测维修模式在空调系统的应用,本研究,B737NG空调系统
研究 → 建立 → Model,dobj->dep->root->root->prep->pobj->nn->prnmod->punct,"研究(dobj) — 开展(dep) — 为(root) — 探讨(root) — 针对(prep) — 问题(pobj) — 技术(nn) — PHM(prnmod) — ,(punct)",[本研究] → [空调系统PHM模型],9,民机PHM预测维修模式在空调系统的应用,本研究,空调系统PHM模型
Model → 是 → 方法,punct->prnmod->nn->pobj->prep->root->root->dep->dobj->rcmod->dobj->nn,",(punct) — PHM(prnmod) — 技术(nn) — 问题(pobj) — 针对(prep) — 探讨(root) — 为(root) — 建立(dep) — 模型(dobj) — 基于(rcmod) — 驱动(dobj) — 数据(nn)",[空调系统PHM模型] → [数据驱动],12,民机PHM预测维修模式在空调系统的应用,空调系统PHM模型,数据驱动
维修模式 → 可取消 → 维修任务,nn->nn->dobj->root->root->ccomp->dobj->amod->nn,维修(nn) — 模式(nn) — 设计(dobj) — 探讨(root) — 表明(root) — 取消(ccomp) — 工作(dobj) — 定期(amod) — 检查(nn),[PHM维修模式] → [定期检查工作],9,民机PHM预测维修模式在空调系统的应用,PHM维修模式,定期检查工作
维修模式 → 可减少 → 维修事件,nn->nn->dobj->root->prep->pobj->assmod->plmod->lobj->nn,维修(nn) — 模式(nn) — 设计(dobj) — 探讨(root) — 针对(prep) — 问题(pobj) — 在(assmod) — 中(plmod) — 工程(lobj) — 维修(nn),[PHM维修模式] → [非计划的维修事件],10,民机PHM预测维修模式在空调系统的应用,PHM维修模式,非计划的维修事件
维修模式 → 可降低 → 成本,nn->nn->dobj->root->prep->pobj->assmod->plmod->lobj->nn,维修(nn) — 模式(nn) — 设计(dobj) — 探讨(root) — 针对(prep) — 问题(pobj) — 在(assmod) — 中(plmod) — 工程(lobj) — 民机(nn),[PHM维修模式] → [民机系统全寿命周期维修成本],10,民机PHM预测维修模式在空调系统的应用,PHM维修模式,民机系统全寿命周期维修成本
维修模式 → 成本低于 → 维修模式,punct->prnmod->nn->pobj->assmod->plmod->lobj->nn,",(punct) — PHM(prnmod) — 技术(nn) — 问题(pobj) — 在(assmod) — 中(plmod) — 工程(lobj) — 维修(nn)",[PHM维修] → [传统计划维修],8,民机PHM预测维修模式在空调系统的应用,PHM维修,传统计划维修
维修模式 → 带来 → 效益,punct->prnmod->nn->pobj->prep->root->root->ccomp->conj->dobj->nn->conj,",(punct) — PHM(prnmod) — 技术(nn) — 问题(pobj) — 针对(prep) — 探讨(root) — 表明(root) — 降低(ccomp) — 带来(conj) — 效益(dobj) — 经济(nn) — 效益(conj)",[PHM维修] → [经济效益],12,民机PHM预测维修模式在空调系统的应用,PHM维修,经济效益
维修模式 → 带来 → 效益,punct->prnmod->nn->pobj->prep->root->root->ccomp->dep->dep->dobj->nn->nn->det,",(punct) — PHM(prnmod) — 技术(nn) — 问题(pobj) — 针对(prep) — 探讨(root) — 表明(root) — 取消(ccomp) — 减少(dep) — 降低(dep) — 成本(dobj) — 周期(nn) — 寿命(nn) — 全(det)",[PHM维修] → [安全效益],14,民机PHM预测维修模式在空调系统的应用,PHM维修,安全效益
研究 → 提出 → 流程,dobj->dep->root->root->dep->dobj->conj->amod->nn->nn->nn,研究(dobj) — 开展(dep) — 为(root) — 探讨(root) — 提出(dep) — 方法(dobj) — 流程(conj) — 初始(amod) — 维修(nn) — 任务(nn) — 分析(nn),[本研究] → [初始维修任务分析流程],11,民机PHM预测维修模式在空调系统的应用,本研究,初始维修任务分析流程
系统 → 包含 → 功能模块,cc->nn->nn->conj,与(cc) — 健康(nn) — 管理(nn) — 诊断(conj),[发动机健康管理 (EHM)] → [气路性能退化诊断和预测],4,民用航空发动机故障诊断与健康管理现状、挑战与机遇Ⅰ：气路、机械和FADEC系统故障诊断与预测,发动机健康管理 (EHM),气路性能退化诊断和预测
系统 → 包含 → 功能模块,cc->nn->nn->nn->conj,与(cc) — 健康(nn) — 管理(nn) — 故障(nn) — 诊断(conj),[发动机健康管理 (EHM)] → [发动机机械系统故障诊断],5,民用航空发动机故障诊断与健康管理现状、挑战与机遇Ⅰ：气路、机械和FADEC系统故障诊断与预测,发动机健康管理 (EHM),发动机机械系统故障诊断
系统 → 包含 → 功能模块,cc->nn->nn->nn->conj,与(cc) — 健康(nn) — 管理(nn) — 故障(nn) — 诊断(conj),[发动机健康管理 (EHM)] → [FADEC系统故障诊断],5,民用航空发动机故障诊断与健康管理现状、挑战与机遇Ⅰ：气路、机械和FADEC系统故障诊断与预测,发动机健康管理 (EHM),FADEC系统故障诊断
组件 → 应用于 → 设备,amod->nn->nsubj->root->root->prep->pobj->nn->nn,复合(amod) — 材料(nn) — 叶片(nsubj) — 得到(root) — 提出(root) — 给(prep) — 研发(pobj) — 管理(nn) — 发动机(nn),[复合材料叶片] → [涡扇发动机],9,民用航空发动机故障诊断与健康管理现状、挑战与机遇Ⅰ：气路、机械和FADEC系统故障诊断与预测,复合材料叶片,涡扇发动机
技术 → 用于制造 → 组件,assmod->root->root->prep->pobj->nn->nn,技术(assmod) — 发展(root) — 提出(root) — 给(prep) — 研发(pobj) — 管理(nn) — 发动机(nn),[增材制造技术] → [复杂发动机零部件],7,民用航空发动机故障诊断与健康管理现状、挑战与机遇Ⅰ：气路、机械和FADEC系统故障诊断与预测,增材制造技术,复杂发动机零部件
传感器 → 促进 → 方法,nn->nn->assmod->nsubj->root->root->prep->pobj->nn->conj,金属(nn) — 屑末(nn) — 传感器(assmod) — 精度(nsubj) — 获得(root) — 提出(root) — 给(prep) — 研发(pobj) — 管理(nn) — 诊断(conj),[金属屑末传感器] → [融合诊断],10,民用航空发动机故障诊断与健康管理现状、挑战与机遇Ⅰ：气路、机械和FADEC系统故障诊断与预测,金属屑末传感器,融合诊断
方法 → 融合 → 信号,conj->nn->pobj->prep->root->root->conj->prep->pobj->assmod->pobj->nn,诊断(conj) — 管理(nn) — 研发(pobj) — 给(prep) — 提出(root) — 获得(root) — 铺平(conj) — 为(prep) — 诊断(pobj) — 与(assmod) — 信号(pobj) — 振动(nn),[融合诊断] → [振动信号],12,民用航空发动机故障诊断与健康管理现状、挑战与机遇Ⅰ：气路、机械和FADEC系统故障诊断与预测,融合诊断,振动信号
控制系统 → 挑战 → 算法,nn->punct->prnmod->nn->nn->conj,系统(nn) — ）(punct) — EHM(prnmod) — 管理(nn) — 故障(nn) — 诊断(conj),[全权限数字控制系统 (FADEC)] → [故障诊断算法],6,民用航空发动机故障诊断与健康管理现状、挑战与机遇Ⅰ：气路、机械和FADEC系统故障诊断与预测,全权限数字控制系统 (FADEC),故障诊断算法
技术领域 → 包含 → 功能模块,amod->nn->nn->nn->assmod->pobj->root->root->dobj->conj->nn->amod,民用(amod) — 航空(nn) — 发动机(nn) — 健康(nn) — 管理(assmod) — 目标(pobj) — 基于(root) — 讨论(root) — 技术(dobj) — 诊断(conj) — 地面(nn) — 综合(amod),[民用航空发动机健康管理] → [地面综合诊断],12,民用航空发动机故障诊断与健康管理现状、挑战与机遇Ⅱ：地面综合诊断、寿命管理和智能维护维修决策,民用航空发动机健康管理,地面综合诊断
技术领域 → 包含 → 功能模块,amod->nn->nn->nn->assmod,民用(amod) — 航空(nn) — 发动机(nn) — 健康(nn) — 管理(assmod),[民用航空发动机健康管理] → [寿命管理],5,民用航空发动机故障诊断与健康管理现状、挑战与机遇Ⅱ：地面综合诊断、寿命管理和智能维护维修决策,民用航空发动机健康管理,寿命管理
技术领域 → 包含 → 功能模块,amod->nn->nn->nn->assmod->pobj->root->root->dobj->assmod->nn->nn->nn->nn->nn,民用(amod) — 航空(nn) — 发动机(nn) — 健康(nn) — 管理(assmod) — 目标(pobj) — 基于(root) — 讨论(root) — 技术(dobj) — 决策(assmod) — 智能(nn) — 视(nn) — 情(nn) — 维护(nn) — 维修(nn),[民用航空发动机健康管理] → [智能视情维护维修决策],15,民用航空发动机故障诊断与健康管理现状、挑战与机遇Ⅱ：地面综合诊断、寿命管理和智能维护维修决策,民用航空发动机健康管理,智能视情维护维修决策
技术领域 → 存在 → 问题,amod->nn->nn->nn->assmod->pobj->root->root->dobj->conj,民用(amod) — 航空(nn) — 发动机(nn) — 健康(nn) — 管理(assmod) — 目标(pobj) — 基于(root) — 总结(root) — 挑战(dobj) — 差距(conj),[民用航空发动机健康管理] → [差距],10,民用航空发动机故障诊断与健康管理现状、挑战与机遇Ⅱ：地面综合诊断、寿命管理和智能维护维修决策,民用航空发动机健康管理,差距
技术领域 → 具有 → 研究方向,amod->nn->nn->nn->assmod->pobj->root->root->dobj->nn,民用(amod) — 航空(nn) — 发动机(nn) — 健康(nn) — 管理(assmod) — 目标(pobj) — 基于(root) — 指出(root) — 方向(dobj) — 研发(nn),[民用航空发动机健康管理] → [研发方向],10,民用航空发动机故障诊断与健康管理现状、挑战与机遇Ⅱ：地面综合诊断、寿命管理和智能维护维修决策,民用航空发动机健康管理,研发方向
方法论 → 用于分析 → 系统,dep->punct->det->assmod->pobj->prep->root->root->pobj->assmod->amod->nn->nn->nn,CBM(dep) — +(punct) — 全(det) — 流程(assmod) — 角度(pobj) — 从(prep) — 分析(root) — 基于(root) — 目标(pobj) — 管理(assmod) — 民用(amod) — 航空(nn) — 发动机(nn) — 健康(nn),[CBM+全流程] → [民用航空发动机健康管理系统],14,民用航空发动机故障诊断与健康管理现状、挑战与机遇Ⅱ：地面综合诊断、寿命管理和智能维护维修决策,CBM+全流程,民用航空发动机健康管理系统
功能模块 → 具有 → 技术,nn->amod->conj->dobj->nn,地面(nn) — 综合(amod) — 诊断(conj) — 技术(dobj) — 热点(nn),[地面综合诊断] → [热点技术],5,民用航空发动机故障诊断与健康管理现状、挑战与机遇Ⅱ：地面综合诊断、寿命管理和智能维护维修决策,地面综合诊断,热点技术
功能模块 → 具有 → 技术,assmod->pobj->root->root->dobj->nn,管理(assmod) — 目标(pobj) — 基于(root) — 讨论(root) — 技术(dobj) — 热点(nn),[寿命管理] → [热点技术],6,民用航空发动机故障诊断与健康管理现状、挑战与机遇Ⅱ：地面综合诊断、寿命管理和智能维护维修决策,寿命管理,热点技术
功能模块 → 具有 → 技术,nn->nn->nn->nn->nn->assmod->dobj->nn,智能(nn) — 视(nn) — 情(nn) — 维护(nn) — 维修(nn) — 决策(assmod) — 技术(dobj) — 热点(nn),[智能视情维护维修决策] → [热点技术],8,民用航空发动机故障诊断与健康管理现状、挑战与机遇Ⅱ：地面综合诊断、寿命管理和智能维护维修决策,智能视情维护维修决策,热点技术
管理方法 → 保证 → 目标,nn->dobj->top->root->attr->rcmod->dobj->nn->conj,健康(nn) — 管理(dobj) — 实施(top) — 是(root) — 手段(attr) — 保证(rcmod) — 经济(dobj) — 飞行(nn) — 安全(conj),[飞机健康管理] → [飞行安全],9,民用飞机健康管理决策的不确定性分析,飞机健康管理,飞行安全
管理方法 → 保证 → 目标,nn->dobj->top->root->attr->rcmod->dobj,健康(nn) — 管理(dobj) — 实施(top) — 是(root) — 手段(attr) — 保证(rcmod) — 经济(dobj),[飞机健康管理] → [经济],7,民用飞机健康管理决策的不确定性分析,飞机健康管理,经济
决策 → 存在 → 问题,nn->nn->assmod->pobj->nn,健康(nn) — 管理(nn) — 决策(assmod) — 问题(pobj) — 不确定性(nn),[健康管理决策] → [不确定性],5,民用飞机健康管理决策的不确定性分析,健康管理决策,不确定性
过程 → 引入 → 问题,nn->nn->lobj->loc->rcmod->dobj->conj->root->conj->prep->pobj->nn,监测(nn) — 状态(nn) — 环节(lobj) — 中(loc) — 引入(rcmod) — 不确定性(dobj) — 分析(conj) — 是(root) — 展开(conj) — 针对(prep) — 问题(pobj) — 不确定性(nn),[状态监测] → [不确定性],12,民用飞机健康管理决策的不确定性分析,状态监测,不确定性
过程 → 引入 → 问题,nn->conj->conj->nn->lobj->assmod->dobj->root->root->conj->prep->pobj->nn,信号(nn) — 检测(conj) — 处理(conj) — 确定(nn) — 过程(lobj) — 中(assmod) — 因素(dobj) — 分析(root) — 是(root) — 展开(conj) — 针对(prep) — 问题(pobj) — 不确定性(nn),[信号检测与处理] → [不确定性],13,民用飞机健康管理决策的不确定性分析,信号检测与处理,不确定性
过程 → 引入 → 问题,nn->nn->lobj->assmod->dobj->root->root->conj->prep->pobj->nn,阈值(nn) — 确定(nn) — 过程(lobj) — 中(assmod) — 因素(dobj) — 分析(root) — 是(root) — 展开(conj) — 针对(prep) — 问题(pobj) — 不确定性(nn),[阈值确定] → [不确定性],11,民用飞机健康管理决策的不确定性分析,阈值确定,不确定性
技术 → 引入 → 问题,rcmod->dobj->dobj->dep->root->root->conj->prep->pobj->nn,基于(rcmod) — 模型(dobj) — 来源(dobj) — 分析(dep) — 分析(root) — 是(root) — 展开(conj) — 针对(prep) — 问题(pobj) — 不确定性(nn),[基于模型的寿命预测] → [不确定性],10,民用飞机健康管理决策的不确定性分析,基于模型的寿命预测,不确定性
决策 → 引入 → 问题,assmod->pobj->nn,决策(assmod) — 问题(pobj) — 不确定性(nn),[维修决策] → [不确定性],3,民用飞机健康管理决策的不确定性分析,维修决策,不确定性
方法 → 用于 → 目标,prep->top->root->conj->prep->pobj->assmod->assm->nn,对(prep) — 实施(top) — 是(root) — 展开(conj) — 针对(prep) — 问题(pobj) — 决策(assmod) — 的(assm) — 不确定性(nn),[对策] → [降低不确定性],9,民用飞机健康管理决策的不确定性分析,对策,降低不确定性
参数 → 影响 → 目标,nn->nn->pobj->assmod->pobj->nn,维修(nn) — 间隔(nn) — 重要性(pobj) — 对(assmod) — 安全(pobj) — 飞行(nn),[维修间隔] → [飞行安全],6,民用飞机维修间隔风险评估方法研究,维修间隔,飞行安全
方法 → 仿真 → 数据,nn->nn->nn->nn->dobj->conj->root->dobj->conj->nn,维修(nn) — 间隔(nn) — 风险(nn) — 评估(nn) — 方法(dobj) — 提出(conj) — 结合(root) — 模型(dobj) — 预测(conj) — 故障(nn),[民用飞机维修间隔风险评估方法] → [飞机总温探头的故障时间],10,民用飞机维修间隔风险评估方法研究,民用飞机维修间隔风险评估方法,飞机总温探头的故障时间
方法 → 预测 → 风险,nn->nn->nn->nn->dobj->conj->root->prep->pobj->assmod->pobj->nn,维修(nn) — 间隔(nn) — 风险(nn) — 评估(nn) — 方法(dobj) — 提出(conj) — 结合(root) — 鉴于(prep) — 重要性(pobj) — 对(assmod) — 安全(pobj) — 飞行(nn),[民用飞机维修间隔风险评估方法] → [机队飞行事故的发生次数],12,民用飞机维修间隔风险评估方法研究,民用飞机维修间隔风险评估方法,机队飞行事故的发生次数
方法 → 得出 → 指标,nn->nn->nn->nn->dobj->conj->root->prep->pobj->assmod->assm->nn,维修(nn) — 间隔(nn) — 风险(nn) — 评估(nn) — 方法(dobj) — 提出(conj) — 结合(root) — 针对(prep) — 问题(pobj) — 间隔(assmod) — 的(assm) — 风险(nn),[民用飞机维修间隔风险评估方法] → [风险因子],12,民用飞机维修间隔风险评估方法研究,民用飞机维修间隔风险评估方法,风险因子
方法 → 得出 → 指标,nn->nn->nn->nn->dobj->conj->root->prep->pobj->assmod->pobj->nn,维修(nn) — 间隔(nn) — 风险(nn) — 评估(nn) — 方法(dobj) — 提出(conj) — 结合(root) — 鉴于(prep) — 重要性(pobj) — 对(assmod) — 安全(pobj) — 飞行(nn),[民用飞机维修间隔风险评估方法] → [飞行事故率],12,民用飞机维修间隔风险评估方法研究,民用飞机维修间隔风险评估方法,飞行事故率
方法 → 评估 → 风险,nn->nn->nn->nn->dobj->conj->root->prep->pobj->nn->nn,维修(nn) — 间隔(nn) — 风险(nn) — 评估(nn) — 方法(dobj) — 提出(conj) — 结合(root) — 鉴于(prep) — 重要性(pobj) — 间隔(nn) — 维修(nn),[民用飞机维修间隔风险评估方法] → [维修间隔的风险],11,民用飞机维修间隔风险评估方法研究,民用飞机维修间隔风险评估方法,维修间隔的风险
方案 → 具有 → 指标,nn->nn->pobj->prep->root->prep->pobj->assmod->assm->nn,维修(nn) — 间隔(nn) — 重要性(pobj) — 鉴于(prep) — 结合(root) — 针对(prep) — 问题(pobj) — 间隔(assmod) — 的(assm) — 风险(nn),[维修间隔方案] → [风险因子],10,民用飞机维修间隔风险评估方法研究,维修间隔方案,风险因子
方案 → 具有 → 指标,nn->nn->pobj->assmod->pobj->nn,维修(nn) — 间隔(nn) — 重要性(pobj) — 对(assmod) — 安全(pobj) — 飞行(nn),[维修间隔方案] → [飞行事故率],6,民用飞机维修间隔风险评估方法研究,维修间隔方案,飞行事故率
系统 → 采用 → 技术,nn->amod->nn->nn->assmod,飞机(nn) — 高(amod) — 升力(nn) — 系统(nn) — 技术(assmod),[新一代典型飞机高升力系统] → [先进技术],5,民用飞机高升力系统先进技术及发展,新一代典型飞机高升力系统,先进技术
研究活动 → 结合 → 理念,assm->nn->assmod->conj->dobj->root->root->dep->dobj->amod->nn,的(assm) — 发展(nn) — 技术(assmod) — 现状(conj) — 瓶颈(dobj) — 分析(root) — 进行(root) — 结合(dep) — 理念(dobj) — 绿色(amod) — 航空(nn),[发展趋势预测] → [绿色航空理念],11,民用飞机高升力系统先进技术及发展,发展趋势预测,绿色航空理念
研究活动 → 利用 → 理论,assm->nn->assmod->conj->dobj->root->root->dep->conj->dobj->nn,的(assm) — 发展(nn) — 技术(assmod) — 现状(conj) — 瓶颈(dobj) — 分析(root) — 进行(root) — 结合(dep) — 利用(conj) — 理论(dobj) — TRIZ(nn),[发展趋势预测] → [TRIZ],11,民用飞机高升力系统先进技术及发展,发展趋势预测,TRIZ
理论 → 全称是 → 理论,nn->prnmod->prep->amod->nn->pobj,TRIZ(nn) — Theory(prnmod) — of(prep) — Inventive(amod) — Problem(nn) — Solving(pobj),[TRIZ] → [Theory of Inventive Problem Solving],6,民用飞机高升力系统先进技术及发展,TRIZ,Theory of Inventive Problem Solving
研究活动 → 包含维度 → 维度,root->dobj->conj->assmod->nn->nn,分析(root) — 瓶颈(dobj) — 现状(conj) — 技术(assmod) — 系统(nn) — 飞机(nn),[分析研究工作] → [飞机层级],6,民用飞机高升力系统先进技术及发展,分析研究工作,飞机层级
研究活动 → 包含维度 → 维度,root->dobj->conj->assmod->nn,分析(root) — 瓶颈(dobj) — 现状(conj) — 技术(assmod) — 系统(nn),[分析研究工作] → [系统层级],5,民用飞机高升力系统先进技术及发展,分析研究工作,系统层级
研究活动 → 包含维度 → 维度,root->dobj->conj->assmod,分析(root) — 瓶颈(dobj) — 现状(conj) — 技术(assmod),[分析研究工作] → [关键部件技术],4,民用飞机高升力系统先进技术及发展,分析研究工作,关键部件技术
研究活动 → 包含维度 → 维度,root->root->prep->pobj->nn,分析(root) — 开展(root) — 从(prep) — 维度(pobj) — 材料(nn),[分析研究工作] → [材料],5,民用飞机高升力系统先进技术及发展,分析研究工作,材料
成果 → 提供支持 → 应用,dobj->root->root->dobj->conj->assmod->nn->nn->amod->nn,研究(dobj) — 进行(root) — 分析(root) — 瓶颈(dobj) — 现状(conj) — 技术(assmod) — 系统(nn) — 飞机(nn) — 高(amod) — 升力(nn),[研究结论] → [民用飞机高升力系统先进技术应用],10,民用飞机高升力系统先进技术及发展,研究结论,民用飞机高升力系统先进技术应用
Model → 结合 → 方法,dobj->dep->root->root->dobj->rcmod->nsubj->conj->nn,评估(dobj) — 进行(dep) — 在于(root) — 提出(root) — 方法(dobj) — 结合(rcmod) — 网络(nsubj) — 分析法(conj) — 层次(nn),[评估模型] → [层次分析法],9,民航飞机健康维修管理评估系统设计仿真,评估模型,层次分析法
Model → 结合 → 技术,dobj->dep->root->root->dobj->rcmod->nsubj->nn->nn->nn,评估(dobj) — 进行(dep) — 在于(root) — 提出(root) — 方法(dobj) — 结合(rcmod) — 网络(nsubj) — T-S(nn) — 模糊(nn) — 神经(nn),[评估模型] → [T-S模糊神经网络],10,民航飞机健康维修管理评估系统设计仿真,评估模型,T-S模糊神经网络
Model → 评估 → 状态,dobj->nn->nn,评估(dobj) — 飞机(nn) — 健康(nn),[评估模型] → [飞机健康状态],3,民航飞机健康维修管理评估系统设计仿真,评估模型,飞机健康状态
Model → 评估 → 状态,amod->dobj->rcmod->dobj->root->prep->pobj->assmod->nn,自适应(amod) — 模型(dobj) — 基于(rcmod) — 方法(dobj) — 提出(root) — 针对(prep) — 问题(pobj) — 状态(assmod) — 健康(nn),[增强型自适应模型] → [健康参数状态],9,航空发动机增强型机载自适应模型气路故障诊断方法,增强型自适应模型,健康参数状态
技术 → 是 → 工具,pobj,系统(pobj),[T-S模糊神经网络系统] → [复杂系统建模和控制的有效工具],1,民航飞机健康维修管理评估系统设计仿真,T-S模糊神经网络系统,复杂系统建模和控制的有效工具
任务 → 需要 → 数据,nn->nn->nn->nn->nn->dobj->dep->root->ccomp->dobj->rcmod->nsubj,民航(nn) — 飞机(nn) — 健康(nn) — 管理(nn) — 状态(nn) — 评估(dobj) — 进行(dep) — 在于(root) — 获得(ccomp) — 数据(dobj) — 采集(rcmod) — 传感器(nsubj),[民航飞机健康管理状态评估] → [传感器采集的基础数据],12,民航飞机健康维修管理评估系统设计仿真,民航飞机健康管理状态评估,传感器采集的基础数据
任务 → 需要 → 数据,nn->dobj->dep->dep->ccomp->nsubj,健康(nn) — 状态(dobj) — 掌握(dep) — 预防(dep) — 发生(ccomp) — 故障(nsubj),[健康评估] → [故障特征],6,飞机起落架液压收放系统多故障仿真与健康评估,健康评估,故障特征
过程 → 包含 → 技术,nn->nn->lobj->plmod->lobj->conj->nn->nn->nn->nn,数据(nn) — 处理(nn) — 过程(lobj) — 中(plmod) — 决策(lobj) — 提取(conj) — 健康(nn) — 状态(nn) — 特征(nn) — 参数(nn),[数据处理过程] → [健康状态特征参数提取],10,民航飞机健康维修管理评估系统设计仿真,数据处理过程,健康状态特征参数提取
过程 → 包含 → 技术,nn->nn->lobj->plmod->lobj->conj->nn->nn,数据(nn) — 处理(nn) — 过程(lobj) — 中(plmod) — 决策(lobj) — 技术(conj) — 故障(nn) — 预测(nn),[数据处理过程] → [故障预测技术],8,民航飞机健康维修管理评估系统设计仿真,数据处理过程,故障预测技术
过程 → 包含 → 算法,nn->nn->lobj->plmod->lobj->conj->nn->nn,数据(nn) — 处理(nn) — 过程(lobj) — 中(plmod) — 决策(lobj) — 算法(conj) — 故障(nn) — 诊断(nn),[数据处理过程] → [故障诊断算法],8,民航飞机健康维修管理评估系统设计仿真,数据处理过程,故障诊断算法
过程 → 包含 → 决策,nn->nn->lobj->plmod->lobj->nn->nn,数据(nn) — 处理(nn) — 过程(lobj) — 中(plmod) — 决策(lobj) — 健康(nn) — 管理(nn),[数据处理过程] → [健康管理决策],7,民航飞机健康维修管理评估系统设计仿真,数据处理过程,健康管理决策
分析方法 → 有助于发现 → 现象,dobj->nn->nn->nn,评估(dobj) — 飞机(nn) — 民航(nn) — 健康(nn),[评估结果分析] → [民航飞机健康状态的变化],4,民航飞机健康维修管理评估系统设计仿真,评估结果分析,民航飞机健康状态的变化
现象 → 决定 → 措施,nn->nn->nn->conj->lobj->plmod->prep->conj->root->root->dobj->rcmod->advmod,健康(nn) — 状态(nn) — 参数(nn) — 提取(conj) — 决策(lobj) — 中(plmod) — 在(prep) — 具有(conj) — 在于(root) — 提出(root) — 方法(dobj) — 结合(rcmod) — 相(advmod),[健康状态变化趋势] → [相关维护措施],13,民航飞机健康维修管理评估系统设计仿真,健康状态变化趋势,相关维护措施
状态 → 影响 → 信号,nn->nn->nsubj->rcmod->nsubj->nn->nn->nn,发动机(nn) — 试车台(nn) — 实验(nsubj) — 获得(rcmod) — 信号(nsubj) — 尾气(nn) — 静电(nn) — 监测(nn),[发动机工作状态] → [尾气静电监测信号],8,涡轴发动机尾气静电监测信号影响因素分析,发动机工作状态,尾气静电监测信号
状态 → 影响 → 信号,nn->nn->nsubj->rcmod->nsubj->nn->nn->nn,发动机(nn) — 试车台(nn) — 实验(nsubj) — 获得(rcmod) — 信号(nsubj) — 尾气(nn) — 静电(nn) — 监测(nn),[发动机健康状态] → [尾气静电监测信号],8,涡轴发动机尾气静电监测信号影响因素分析,发动机健康状态,尾气静电监测信号
参数 → 影响 → 信号,nn->attr->ccomp->root->root->nsubj->rcmod->cpm->nn->nn,燃油(nn) — 供给量(attr) — 为(ccomp) — 发现(root) — 结合(root) — 信号(nsubj) — 获得(rcmod) — 的(cpm) — 尾气(nn) — 静电(nn),[燃油供给量] → [尾气静电信号],10,涡轴发动机尾气静电监测信号影响因素分析,燃油供给量,尾气静电信号
参数 → 导致增加 → 参数,nn->attr->ccomp->root->root->nsubj->rcmod->cpm->nn->nn,燃油(nn) — 供给量(attr) — 为(ccomp) — 发现(root) — 结合(root) — 信号(nsubj) — 获得(rcmod) — 的(cpm) — 尾气(nn) — 静电(nn),[燃油供给量] → [尾气静电信号能量],10,涡轴发动机尾气静电监测信号影响因素分析,燃油供给量,尾气静电信号能量
现象 → 导致增加 → 参数,nn->nn->nsubj->rcmod->cpm->nn->nn,发动机(nn) — 试车台(nn) — 实验(nsubj) — 获得(rcmod) — 的(cpm) — 尾气(nn) — 静电(nn),[发动机性能衰退] → [尾气静电信号能量],7,涡轴发动机尾气静电监测信号影响因素分析,发动机性能衰退,尾气静电信号能量
信号 → 用于建立 → 基准,cpm->nn->nn->rcmod->nsubj->root->root->ccomp->nsubj->cc->nn,的(cpm) — 尾气(nn) — 静电(nn) — 获得(rcmod) — 信号(nsubj) — 结合(root) — 发现(root) — 产生(ccomp) — 状态(nsubj) — 和(cc) — 健康(nn),[尾气静电信号] → [健康基线],11,涡轴发动机尾气静电监测信号影响因素分析,尾气静电信号,健康基线
基准 → 用于 → 应用,cc->nn->nsubj->ccomp->root->root->nsubj->nn,和(cc) — 健康(nn) — 状态(nsubj) — 产生(ccomp) — 发现(root) — 结合(root) — 信号(nsubj) — 监测(nn),[健康基线] → [气路状态监测],8,涡轴发动机尾气静电监测信号影响因素分析,健康基线,气路状态监测
基准 → 用于 → 应用,cc->nn->nsubj->ccomp->root->root->ccomp->top->rcmod->loc->lobj->rcmod->dobj,和(cc) — 健康(nn) — 状态(nsubj) — 产生(ccomp) — 发现(root) — 发现(root) — 为(ccomp) — 因素(top) — 影响(rcmod) — 下(loc) — 情况(lobj) — 无(rcmod) — 故障(dobj),[健康基线] → [故障识别],13,涡轴发动机尾气静电监测信号影响因素分析,健康基线,故障识别
技术 → 提供 → 信息,nn->nn->nsubj->root->root->ccomp->dobj->nn,静电(nn) — 监测(nn) — 信号(nsubj) — 结合(root) — 发现(root) — 提供(ccomp) — 信息(dobj) — 预警(nn),[静电监测技术] → [预警信息],8,涡轴发动机尾气静电监测信号影响因素分析,静电监测技术,预警信息
信息 → 针对 → 故障,nn->dobj->ccomp->root->root->ccomp->top->rcmod->loc->lobj->rcmod->dobj,预警(nn) — 信息(dobj) — 提供(ccomp) — 发现(root) — 发现(root) — 为(ccomp) — 因素(top) — 影响(rcmod) — 下(loc) — 情况(lobj) — 无(rcmod) — 故障(dobj),[预警信息] → [突发性故障],12,涡轴发动机尾气静电监测信号影响因素分析,预警信息,突发性故障
技术 → 反映 → 现象,nn->nn->nsubj->rcmod->nsubj->nn->nn,监测(nn) — 静电(nn) — 信号(nsubj) — 获得(rcmod) — 实验(nsubj) — 试车台(nn) — 发动机(nn),[静电监测技术] → [发动机整机性能衰退],7,涡轴发动机尾气静电监测信号影响因素分析,静电监测技术,发动机整机性能衰退
技术 → 拓展能力 → 组件,nn->nn,监测(nn) — 静电(nn),[静电监测技术] → [静电传感器],2,涡轴发动机尾气静电监测信号影响因素分析,静电监测技术,静电传感器
方法 → 缺少 → 方法,amod->nn->nn->dobj,传统(amod) — 离线(nn) — 校准(nn) — 方法(dobj),[传统离线校准方法] → [系统综合误差的判定方法],4,温度计量技术在航空发动机试车台健康管理中的应用,传统离线校准方法,系统综合误差的判定方法
方法 → 校准 → 组件,nn->dobj->nn->nn,校准(nn) — 方法(dobj) — 参数(nn) — 温度(nn),[整机在线校准方法] → [温度传感器],4,温度计量技术在航空发动机试车台健康管理中的应用,整机在线校准方法,温度传感器
方法 → 校准 → 组件,nn->dobj->nn->nn,校准(nn) — 方法(dobj) — 参数(nn) — 温度(nn),[整机在线校准方法] → [温度通道],4,温度计量技术在航空发动机试车台健康管理中的应用,整机在线校准方法,温度通道
方法 → 使用 → 设备,nn->dobj->root->root->pobj->rcmod->dobj->amod,校准(nn) — 方法(dobj) — 分析(root) — 通过(root) — 方式(pobj) — 提供(rcmod) — 热源(dobj) — 标准(amod),[整机在线校准方法] → [标准热源],8,温度计量技术在航空发动机试车台健康管理中的应用,整机在线校准方法,标准热源
过程 → 确认 → 属性,amod->dobj->rcmod->pobj->root->root->dobj->nn,标准(amod) — 热源(dobj) — 提供(rcmod) — 方式(pobj) — 通过(root) — 分析(root) — 方法(dobj) — 校准(nn),[比较模拟仪表显示结果与标准器读数] → [在线校准的有效性],8,温度计量技术在航空发动机试车台健康管理中的应用,比较模拟仪表显示结果与标准器读数,在线校准的有效性
任务 → 支撑 → 应用,nn,试车台(nn),[试车台系统综合误差校准] → [试车台健康管理],1,温度计量技术在航空发动机试车台健康管理中的应用,试车台系统综合误差校准,试车台健康管理
技术 → 应用于 → 系统,punct->prnmod->assmod->dobj->top->conj->root->top->nn,",(punct) — PHM(prnmod) — 技术(assmod) — 研究(dobj) — 开展(top) — 是(conj) — 是(root) — 系统(top) — 任务(nn)",[PHM技术] → [任务系统],9,特种飞机综合化任务系统PHM设计与实现,PHM技术,任务系统
技术 → 应用于 → 系统,punct->nn->prnmod->nn->top->root->attr->rcmod->ccomp->nsubj->nn->nn,)(punct) — 技术(nn) — PHM(prnmod) — 管理(nn) — 应用(top) — 是(root) — 方法(attr) — 保障(rcmod) — 完成(ccomp) — 任务(nsubj) — 电子(nn) — 系统(nn),[PHM技术] → [航空电子系统],12,综合化航空电子系统PHM应用与设计,PHM技术,航空电子系统
技术 → 应用于 → 系统,cc->nn->nn->assmod->dobj->dep->root->dobj->assmod->plmod->lobj->nn->nn,和(cc) — 健康(nn) — 管理(nn) — 技术(assmod) — 历程(dobj) — 结合(dep) — 论述(root) — 应用(dobj) — 在(assmod) — 中(plmod) — 系统(lobj) — 武器(nn) — 装备(nn),[故障预测和健康管理技术] → [武器装备系统],13,美国故障预测和健康管理技术的军品应用与发展研究,故障预测和健康管理技术,武器装备系统
技术 → 应用于 → 系统,cc->nn->nn->assmod->dobj->dep->root->dep->dobj->assmod->plmod->lobj->nn->nn,和(cc) — 健康(nn) — 管理(nn) — 技术(assmod) — 历程(dobj) — 结合(dep) — 论述(root) — 分析(dep) — 意义(dobj) — 在(assmod) — 中(plmod) — 系统(lobj) — 导弹(nn) — 武器(nn),[故障预测和健康管理技术] → [导弹武器系统],14,美国故障预测和健康管理技术的军品应用与发展研究,故障预测和健康管理技术,导弹武器系统
技术 → 应用于 → 系统,conj->nn->nn->top->root->conj->dep->prep->pobj->nn,预测(conj) — 故障(nn) — 管理(nn) — 技术(top) — 是(root) — 成为(conj) — 应用(dep) — 于(prep) — 系统(pobj) — 电子(nn),[故障预测与健康管理(PHM)技术] → [电子系统],10,航空电子系统故障预测与健康管理技术现状与发展,故障预测与健康管理(PHM)技术,电子系统
技术 → 应用于 → 系统,amod->nn->dobj->dep->root->prep->pobj->nn->nn,虚拟(amod) — 仪器(nn) — 技术(dobj) — 采用(dep) — 为(root) — 以(prep) — 系统(pobj) — 飞机(nn) — 燃油(nn),[虚拟仪器技术] → [飞机燃油系统],9,虚拟仪器技术在飞机燃油系统健康监控中的应用,虚拟仪器技术,飞机燃油系统
技术 → 应用于 → 系统,nn->nn->dobj->dep->root->root->nsubj->nn->nn,健康(nn) — 管理(nn) — 技术(dobj) — 应用(dep) — 达到(root) — 有(root) — 系统(nsubj) — 飞机(nn) — 燃油(nn),[健康管理技术] → [飞机燃油系统],9,飞机燃油供油系统性能退化与故障预测,健康管理技术,飞机燃油系统
系统 → 是...的关键因素 → 能力,nn->top->root->attr->assmod->amod->nn,任务(nn) — 系统(top) — 是(root) — 因素(attr) — 能力(assmod) — 特种(amod) — 飞机(nn),[任务系统] → [特种飞机能力],7,特种飞机综合化任务系统PHM设计与实现,任务系统,特种飞机能力
系统 → 导致 → 问题,nn->top->root->conj->top->dobj->assmod->nn,任务(nn) — 系统(top) — 是(root) — 是(conj) — 开展(top) — 研究(dobj) — 技术(assmod) — 故障(nn),[任务系统] → [故障诊断难度加大],8,特种飞机综合化任务系统PHM设计与实现,任务系统,故障诊断难度加大
系统 → 包含 → 组成部分,punct->prnmod->assmod->dobj->top->conj->root->root->prep->pobj->nn->conj->nn,",(punct) — PHM(prnmod) — 技术(assmod) — 研究(dobj) — 开展(top) — 是(conj) — 是(root) — 开展(root) — 对(prep) — 环节(pobj) — 管理(nn) — 结构(conj) — 层次(nn)",[PHM系统] → [层次结构],13,特种飞机综合化任务系统PHM设计与实现,PHM系统,层次结构
系统 → 包含 → 组成部分,punct->prnmod->assmod->dobj->top->conj->root->root->prep->pobj->nn->conj->amod->nn,",(punct) — PHM(prnmod) — 技术(assmod) — 研究(dobj) — 开展(top) — 是(conj) — 是(root) — 开展(root) — 对(prep) — 环节(pobj) — 管理(nn) — 要素(conj) — 基础(amod) — 资源(nn)",[PHM系统] → [基础资源要素],14,特种飞机综合化任务系统PHM设计与实现,PHM系统,基础资源要素
系统 → 包含 → 组成部分,punct->prnmod->assmod->dobj->top->conj->root->root->prep->pobj->nn->conj->nn,",(punct) — PHM(prnmod) — 技术(assmod) — 研究(dobj) — 开展(top) — 是(conj) — 是(root) — 开展(root) — 对(prep) — 环节(pobj) — 管理(nn) — 要素(conj) — 功能(nn)",[PHM系统] → [功能要素],13,特种飞机综合化任务系统PHM设计与实现,PHM系统,功能要素
系统 → 包含 → 组成部分,punct->prnmod->assmod->dobj->top->conj->root->root->prep->pobj->nn->nn->conj,",(punct) — PHM(prnmod) — 技术(assmod) — 研究(dobj) — 开展(top) — 是(conj) — 是(root) — 开展(root) — 对(prep) — 环节(pobj) — 管理(nn) — 状态(nn) — 策略(conj)",[PHM系统] → [状态策略],13,特种飞机综合化任务系统PHM设计与实现,PHM系统,状态策略
系统 → 降低 → Performance Metric,punct->prnmod->assmod->dobj->top->conj->root->top->nn,",(punct) — PHM(prnmod) — 技术(assmod) — 研究(dobj) — 开展(top) — 是(conj) — 是(root) — 系统(top) — 任务(nn)",[PHM系统] → [飞机再次出动执行任务的间隔时间],9,特种飞机综合化任务系统PHM设计与实现,PHM系统,飞机再次出动执行任务的间隔时间
系统 → 缩短 → Performance Metric,punct->prnmod->assmod->dobj->top->conj->root->root->ccomp->prep->pobj->vmod->conj->dobj->nn->nn,",(punct) — PHM(prnmod) — 技术(assmod) — 研究(dobj) — 开展(top) — 是(conj) — 是(root) — 表明(root) — 具有(ccomp) — 在(prep) — 方面(pobj) — 降低(vmod) — 缩短(conj) — 时间(dobj) — 地面(nn) — 维修(nn)",[PHM系统] → [地面维修时间],16,特种飞机综合化任务系统PHM设计与实现,PHM系统,地面维修时间
方法 → 应用于 → 应用,nn->nn->nn->nsubj->root->prep->plmod->lobj->nn->nn->nn->conj,时间(nn) — 序列(nn) — 分析(nn) — 方法(nsubj) — 应用(root) — 于(prep) — 中(plmod) — 诊断(lobj) — 发动机(nn) — 航空(nn) — 状态(nn) — 监视(conj),[时间序列分析方法] → [航空发动机状态监视],12,监视参数预测和故障识别法,时间序列分析方法,航空发动机状态监视
方法 → 应用于 → 任务,nn->nn->nn->nsubj->root->prep->plmod->lobj->nn,时间(nn) — 序列(nn) — 分析(nn) — 方法(nsubj) — 应用(root) — 于(prep) — 中(plmod) — 诊断(lobj) — 故障(nn),[时间序列分析方法] → [故障诊断],9,监视参数预测和故障识别法,时间序列分析方法,故障诊断
方法 → 应用于 → 任务,nn->rcmod->nsubj->lccomp->prep->pobj->nn->conj->nn->nn,向量机(nn) — 支持(rcmod) — 方法(nsubj) — 应用(lccomp) — 于(prep) — 预测(pobj) — 关系(nn) — 磨粒(conj) — 发动机(nn) — 油液(nn),[支持向量机] → [发动机油液磨粒与故障关系预测],10,航空发动机油液磨粒与故障关系RVM预测方法,支持向量机,发动机油液磨粒与故障关系预测
任务 → 针对 → 参数,nn->dobj->root->root->prep->plmod->lobj->conj,趋势(nn) — 预测(dobj) — 进行(root) — 应用(root) — 于(prep) — 中(plmod) — 诊断(lobj) — 监视(conj),[趋势预测] → [监视参数],8,监视参数预测和故障识别法,趋势预测,监视参数
任务 → 针对 → 参数,nn->dobj->root->root->conj->conj->conj->dobj->assmod->nn,预测(nn) — 方法(dobj) — 提出(root) — 提出(root) — 采用(conj) — 采用(conj) — 进行(conj) — 预测(dobj) — 参数(assmod) — 特征(nn),[趋势预测] → [特征参数],10,航空电子设备故障预测框架与方法,趋势预测,特征参数
方法 → 使用 → 方法,cc->nn->lobj->plmod->prep->root->root->pccomp->dobj->nn,与(cc) — 故障(nn) — 诊断(lobj) — 中(plmod) — 于(prep) — 应用(root) — 通过(root) — 构造(pccomp) — 函数(dobj) — 判别(nn),[故障识别法] → [判别函数],10,监视参数预测和故障识别法,故障识别法,判别函数
方法 → 使用 → 方法,nn->cc->lobj->plmod->prep->root->nsubj->nn,故障(nn) — 与(cc) — 诊断(lobj) — 中(plmod) — 于(prep) — 应用(root) — 方法(nsubj) — 分析(nn),[故障识别法] → [参数相关分析法],8,监视参数预测和故障识别法,故障识别法,参数相关分析法
方法 → 识别 → 故障,nn->cc->lobj->nn,故障(nn) — 与(cc) — 诊断(lobj) — 发动机(nn),[故障识别法] → [发动机典型故障],4,监视参数预测和故障识别法,故障识别法,发动机典型故障
系统 → 监控 → 状态,nn->nn->nn->dobj->pccomp->prep->ccomp->prep->pobj->assmod->assm->nn,直升机(nn) — 健康(nn) — 管理(nn) — 系统(dobj) — 构建(pccomp) — 通过(prep) — 进行(ccomp) — 对(prep) — 状态(pobj) — 直升机(assmod) — 的(assm) — 运行(nn),[直升机健康管理系统] → [直升机运行状态],12,直升机健康管理系统体系结构研究,直升机健康管理系统,直升机运行状态
系统 → 预测 → 事件,nn->nn->nn->dobj->pccomp->prep->ccomp->conj->dep->dobj,直升机(nn) — 健康(nn) — 管理(nn) — 系统(dobj) — 构建(pccomp) — 通过(prep) — 进行(ccomp) — 发现(conj) — 预测(dep) — 故障(dobj),[直升机健康管理系统] → [故障],10,直升机健康管理系统体系结构研究,直升机健康管理系统,故障
系统 → 预测 → 事件,nn->nn->nn->dobj->pccomp->prep->ccomp->conj->dep->dobj,直升机(nn) — 健康(nn) — 管理(nn) — 系统(dobj) — 构建(pccomp) — 通过(prep) — 进行(ccomp) — 发现(conj) — 预测(dep) — 故障(dobj),[直升机健康管理系统] → [故障],10,直升机健康管理系统体系结构研究,直升机健康管理系统,故障
系统 → 提供 → 功能,nn->nn->nn->dobj->pccomp->prep->ccomp->dep->dobj->nn,直升机(nn) — 健康(nn) — 管理(nn) — 系统(dobj) — 构建(pccomp) — 通过(prep) — 进行(ccomp) — 提供(dep) — 支撑(dobj) — 技术(nn),[直升机健康管理系统] → [技术支撑],10,直升机健康管理系统体系结构研究,直升机健康管理系统,技术支撑
功能 → 服务于 → 角色,nn->dobj->dep->prep->pobj->nn->conj,技术(nn) — 支撑(dobj) — 提供(dep) — 为(prep) — 人员(pobj) — 操作(nn) — 人员(conj),[技术支撑] → [操作人员],7,直升机健康管理系统体系结构研究,技术支撑,操作人员
功能 → 服务于 → 角色,nn->dobj->dep->prep->pobj->nn,技术(nn) — 支撑(dobj) — 提供(dep) — 为(prep) — 人员(pobj) — 维修(nn),[技术支撑] → [维修人员],6,直升机健康管理系统体系结构研究,技术支撑,维修人员
组件 → 采用 → 架构,nn->nn->conj->assmod->amod->nn,HUMS(nn) — 处理(nn) — 单元(conj) — 架构(assmod) — 开放式(amod) — 体系(nn),[HUMS处理单元] → [开放式体系架构],6,直升机健康管理系统体系结构研究,HUMS处理单元,开放式体系架构
组件 → 采用 → 架构,conj->dobj->assmod->amod->nn,地面站(conj) — 系统(dobj) — 架构(assmod) — 分布式(amod) — 体系(nn),[地面站] → [分布式体系架构],5,直升机健康管理系统体系结构研究,地面站,分布式体系架构
组织 → 主办 → 会议,nn->amod->conj->nn->pobj->prep->rcmod->nsubj->cc->nn->nn->nn,计算机(nn) — 自动(amod) — 测量(conj) — 中国(nn) — 协会(pobj) — 由(prep) — 主办(rcmod) — 研讨会(nsubj) — 与(cc) — 故障(nn) — 诊断(nn) — 技术(nn),[中国计算机自动测量与控制技术协会] → [第二十一届测试与故障诊断技术研讨会],12,第二十一届测试与故障诊断技术研讨会在南昌市举办,中国计算机自动测量与控制技术协会,第二十一届测试与故障诊断技术研讨会
组织 → 协办 → 会议,nn->nn->nn->nn->amod->conj->nsubj->dep->rcmod->nsubj->cc->nn->nn->nn,北京(nn) — 航天(nn) — 测控(nn) — 技术(nn) — 有限(amod) — 公司(conj) — 杂志社(nsubj) — 协办(dep) — 主办(rcmod) — 研讨会(nsubj) — 与(cc) — 故障(nn) — 诊断(nn) — 技术(nn),[北京航天测控技术有限公司] → [第二十一届测试与故障诊断技术研讨会],14,第二十一届测试与故障诊断技术研讨会在南昌市举办,北京航天测控技术有限公司,第二十一届测试与故障诊断技术研讨会
组织 → 协办 → 会议,nn->nn->conj->nsubj->dep->rcmod->nsubj->cc->nn->nn->nn,安捷伦(nn) — 科技(nn) — 公司(conj) — 杂志社(nsubj) — 协办(dep) — 主办(rcmod) — 研讨会(nsubj) — 与(cc) — 故障(nn) — 诊断(nn) — 技术(nn),[安捷伦科技公司] → [第二十一届测试与故障诊断技术研讨会],11,第二十一届测试与故障诊断技术研讨会在南昌市举办,安捷伦科技公司,第二十一届测试与故障诊断技术研讨会
组织 → 协办 → 会议,punct->nn->conj->cc->nsubj->dep->rcmod->nsubj->cc->nn->nn->nn,《(punct) — 计算机(nn) — 测量(conj) — 和(cc) — 杂志社(nsubj) — 协办(dep) — 主办(rcmod) — 研讨会(nsubj) — 与(cc) — 故障(nn) — 诊断(nn) — 技术(nn),[《计算机测量与控制》杂志社] → [第二十一届测试与故障诊断技术研讨会],12,第二十一届测试与故障诊断技术研讨会在南昌市举办,《计算机测量与控制》杂志社,第二十一届测试与故障诊断技术研讨会
会议 → 旨在推进 → 技术,cc->nn->nn->nn->nsubj->root->prep->pccomp->dobj->nn->cc->nn->nn,与(cc) — 故障(nn) — 诊断(nn) — 技术(nn) — 研讨会(nsubj) — 举办(root) — 为了(prep) — 推进(pccomp) — 应用(dobj) — 技术(nn) — 与(cc) — 健康(nn) — 管理(nn),[第二十一届测试与故障诊断技术研讨会] → [测试、预测与健康管理技术],13,第二十一届测试与故障诊断技术研讨会在南昌市举办,第二十一届测试与故障诊断技术研讨会,测试、预测与健康管理技术
人物 → 供职于 → 组织机构,nn->nsubj->nn->nn->nn->nn->nn->amod,伊大伟(nn) — 工程师(nsubj) — 公司(nn) — 北京(nn) — 航天(nn) — 测控(nn) — 技术(nn) — 有限(amod),[伊大伟] → [北京航天测控技术有限公司],8,第二十届测试与故障诊断技术研讨会会议报道之三,伊大伟,北京航天测控技术有限公司
人物 → 研究 → 方法,nn->nsubj->root->nsubj->cc->nn->nn,伊大伟(nn) — 工程师(nsubj) — 组成(root) — 方法(nsubj) — 与(cc) — 健康(nn) — 管理(nn),[伊大伟] → [故障预测与健康管理方法],7,第二十届测试与故障诊断技术研讨会会议报道之三,伊大伟,故障预测与健康管理方法
系统 → 包含 → 部件,nn->nn->nn->nsubj->root->prep->pobj->amod,直升机(nn) — 旋翼(nn) — 系统(nn) — 方法(nsubj) — 组成(root) — 由(prep) — 部件(pobj) — 动(amod),[直升机旋翼系统] → [动部件],8,第二十届测试与故障诊断技术研讨会会议报道之三,直升机旋翼系统,动部件
系统 → 包含 → 部件,nn->nn->assmod->dep->prnmod->nn->nn->nn,飞机(nn) — 机电(nn) — 系统(assmod) — 部件(dep) — 部件(prnmod) — 飞机(nn) — 机电(nn) — 系统(nn),[飞机机电系统] → [飞机机电系统部件],8,飞机机电系统部件数据驱动健康状态在线估计方法综述,飞机机电系统,飞机机电系统部件
系统 → 具有特性 → 特性,nn->nn->nn->nsubj->root->conj->ccomp->amod->top->dobj,直升机(nn) — 旋翼(nn) — 系统(nn) — 方法(nsubj) — 组成(root) — 为(conj) — 无(ccomp) — 单一(amod) — 通道(top) — 备份(dobj),[直升机旋翼系统] → [单一通道无备份],10,第二十届测试与故障诊断技术研讨会会议报道之三,直升机旋翼系统,单一通道无备份
系统 → 工作于 → 环境,nn->nn->nn->nsubj->root->conj->ccomp->conj->nsubj->nn,直升机(nn) — 旋翼(nn) — 系统(nn) — 方法(nsubj) — 组成(root) — 为(conj) — 无(ccomp) — 复杂(conj) — 环境(nsubj) — 工作(nn),[直升机旋翼系统] → [复杂工作环境],10,第二十届测试与故障诊断技术研讨会会议报道之三,直升机旋翼系统,复杂工作环境
飞机 → 对...有要求 → 动力系统,ordmod->clf->assmod->dobj->assmod->pobj,第四(ordmod) — 代(clf) — 战斗机(assmod) — 要求(dobj) — 对(assmod) — 发动机(pobj),[第四代战斗机] → [发动机],6,第四代战斗机动力技术特征和实现途径,第四代战斗机,发动机
动力系统 → 采用 → 技术参数,ordmod->clf->nsubj->ccomp->dobj->conj->amod->nn->nn,第四(ordmod) — 代(clf) — 发动机(nsubj) — 采用(ccomp) — 特征(dobj) — 参数(conj) — 高(amod) — 性能(nn) — 循环(nn),[第四代发动机] → [高性能循环参数],9,第四代战斗机动力技术特征和实现途径,第四代发动机,高性能循环参数
动力系统 → 采用 → 关键技术,ordmod->clf->nsubj->ccomp->dobj->conj->amod->nn,第四(ordmod) — 代(clf) — 发动机(nsubj) — 采用(ccomp) — 特征(dobj) — 技术(conj) — 高(amod) — 推重比(nn),[第四代发动机] → [高推重比技术],8,第四代战斗机动力技术特征和实现途径,第四代发动机,高推重比技术
动力系统 → 采用 → 关键技术,ordmod->clf->nsubj->ccomp->dobj->conj->nn->nn,第四(ordmod) — 代(clf) — 发动机(nsubj) — 采用(ccomp) — 特征(dobj) — 技术(conj) — 推力(nn) — 矢量(nn),[第四代发动机] → [推力矢量技术],8,第四代战斗机动力技术特征和实现途径,第四代发动机,推力矢量技术
动力系统 → 采用 → 关键技术,ordmod->clf->nsubj->ccomp->dobj->conj->amod,第四(ordmod) — 代(clf) — 发动机(nsubj) — 采用(ccomp) — 特征(dobj) — 技术(conj) — 隐身(amod),[第四代发动机] → [隐身技术],7,第四代战斗机动力技术特征和实现途径,第四代发动机,隐身技术
动力系统 → 采用 → 关键技术,ordmod->clf->nsubj->ccomp->dobj->conj->nn->nn,第四(ordmod) — 代(clf) — 发动机(nsubj) — 采用(ccomp) — 特征(dobj) — 技术(conj) — 热(nn) — 管理(nn),[第四代发动机] → [热管理技术],8,第四代战斗机动力技术特征和实现途径,第四代发动机,热管理技术
动力系统 → 采用 → 控制系统,ordmod->clf->nsubj->ccomp->dobj->conj->amod->amod->nn,第四(ordmod) — 代(clf) — 发动机(nsubj) — 采用(ccomp) — 特征(dobj) — 系统(conj) — 全权限(amod) — 数字式(amod) — 控制(nn),[第四代发动机] → [全权限数字式控制系统],9,第四代战斗机动力技术特征和实现途径,第四代发动机,全权限数字式控制系统
动力系统 → 采用 → 管理系统,ordmod->clf->nsubj->ccomp->dobj->conj->nn->nn,第四(ordmod) — 代(clf) — 发动机(nsubj) — 采用(ccomp) — 特征(dobj) — 系统(conj) — 健康(nn) — 管理(nn),[第四代发动机] → [健康管理系统],8,第四代战斗机动力技术特征和实现途径,第四代发动机,健康管理系统
动力系统 → 具有 → 设计目标,ordmod->clf->nsubj->ccomp->dobj->punct->amod->conj,第四(ordmod) — 代(clf) — 发动机(nsubj) — 采用(ccomp) — 特征(dobj) — 、(punct) — 高(amod) — 可靠性(conj),[第四代发动机] → [高可靠性和维修性],8,第四代战斗机动力技术特征和实现途径,第四代发动机,高可靠性和维修性
动力系统 → 依赖 → 支撑技术,ordmod->clf->nsubj->ccomp->conj->root->conj->ccomp->prep->dobj->rcmod->comod,第四(ordmod) — 代(clf) — 发动机(nsubj) — 采用(ccomp) — 综述(conj) — 介绍(root) — 指出(conj) — 做(ccomp) — 依赖(prep) — 管理(dobj) — 先进(rcmod) — 成熟(comod),[第四代发动机] → [先进成熟的基础技术],12,第四代战斗机动力技术特征和实现途径,第四代发动机,先进成熟的基础技术
动力系统 → 依赖 → 支撑条件,ordmod->clf->nsubj->ccomp->dobj->conj->nn,第四(ordmod) — 代(clf) — 发动机(nsubj) — 采用(ccomp) — 特征(dobj) — 系统(conj) — 管理(nn),[第四代发动机] → [科学的管理],7,第四代战斗机动力技术特征和实现途径,第四代发动机,科学的管理
动力系统 → 注重 → 设计方法,ordmod->clf->nsubj->ccomp->dobj->assmod->assm->nn,第四(ordmod) — 代(clf) — 发动机(nsubj) — 采用(ccomp) — 特征(dobj) — 维修性(assmod) — 的(assm) — 设计(nn),[第四代发动机] → [综合权衡设计],8,第四代战斗机动力技术特征和实现途径,第四代发动机,综合权衡设计
系统 → 发展为 → 系统,nn->nn->nsubj->rcmod->nsubj->root->dep->prep->pobj->rcmod->cpm->nn->nn->nn,航空(nn) — 电子(nn) — 系统(nsubj) — 完成(rcmod) — 功能(nsubj) — 复杂(root) — 发展(dep) — 向(prep) — 方向(pobj) — 综合化(rcmod) — 的(cpm) — 航空(nn) — 电子(nn) — 系统(nn),[航空电子系统] → [综合化航空电子系统],14,综合化航空电子的系统管理技术,航空电子系统,综合化航空电子系统
技术 → 应用在 → 平台,conj->assmod->pobj->prep->root->dep->prep->pobj->rcmod->cpm->nn->nn,技术(conj) — 技术(assmod) — 发展(pobj) — 随着(prep) — 复杂(root) — 发展(dep) — 向(prep) — 方向(pobj) — 综合化(rcmod) — 的(cpm) — 航空(nn) — 电子(nn),[系统管理技术] → [综合化航空电子平台],12,综合化航空电子的系统管理技术,系统管理技术,综合化航空电子平台
技术 → 包含 → 管理方法,conj->assmod->pobj->prep->root->root->ccomp->conj->prep->pobj->nn->conj,技术(conj) — 技术(assmod) — 发展(pobj) — 随着(prep) — 复杂(root) — 研究(root) — 采用(ccomp) — 解决(conj) — 通过(prep) — 管理(pobj) — 健康(nn) — 管理(conj),[系统管理技术] → [健康管理],12,综合化航空电子的系统管理技术,系统管理技术,健康管理
技术 → 包含 → 管理方法,conj->assmod->pobj->prep->root->root->ccomp->conj->prep->pobj->conj->nn,技术(conj) — 技术(assmod) — 发展(pobj) — 随着(prep) — 复杂(root) — 研究(root) — 采用(ccomp) — 解决(conj) — 通过(prep) — 管理(pobj) — 管理(conj) — 故障(nn),[系统管理技术] → [故障管理],12,综合化航空电子的系统管理技术,系统管理技术,故障管理
技术 → 包含 → 管理方法,conj->assmod->pobj->prep->root->root->ccomp->conj->prep->pobj->nn->conj,技术(conj) — 技术(assmod) — 发展(pobj) — 随着(prep) — 复杂(root) — 研究(root) — 采用(ccomp) — 解决(conj) — 通过(prep) — 管理(pobj) — 安全(nn) — 管理(conj),[系统管理技术] → [安全管理],12,综合化航空电子的系统管理技术,系统管理技术,安全管理
技术 → 包含 → 管理方法,conj->assmod->pobj->prep->root->root->ccomp->conj->prep->pobj->nn,技术(conj) — 技术(assmod) — 发展(pobj) — 随着(prep) — 复杂(root) — 研究(root) — 采用(ccomp) — 解决(conj) — 通过(prep) — 管理(pobj) — 配置(nn),[系统管理技术] → [配置管理],11,综合化航空电子的系统管理技术,系统管理技术,配置管理
技术 → 保障 → 指标,punct->nn->prnmod->nn->top->root->attr->rcmod->ccomp->nsubj->dobj,)(punct) — 技术(nn) — PHM(prnmod) — 管理(nn) — 应用(top) — 是(root) — 方法(attr) — 保障(rcmod) — 完成(ccomp) — 任务(nsubj) — 成功率(dobj),[PHM技术] → [任务完成成功率],11,综合化航空电子系统PHM应用与设计,PHM技术,任务完成成功率
体系 → 适用于 → 系统,cc->nn->nn->top->root->attr->rcmod->ccomp->nsubj->nn->nn,与(cc) — 健康(nn) — 管理(nn) — 应用(top) — 是(root) — 方法(attr) — 保障(rcmod) — 完成(ccomp) — 任务(nsubj) — 电子(nn) — 系统(nn),[健康管理体系] → [综合化航空电子系统],11,综合化航空电子系统PHM应用与设计,健康管理体系,综合化航空电子系统
工程 → 包含 → 技术,punct->prnmod->punct->nn,((punct) — PHM(prnmod) — )(punct) — 技术(nn),[PHM工程实现] → [关键技术],4,综合化航空电子系统PHM应用与设计,PHM工程实现,关键技术
工程 → 包含 → 方案,punct->prnmod->nn->top->root->root->prep->pobj->nn,((punct) — PHM(prnmod) — 管理(nn) — 应用(top) — 是(root) — 进行(root) — 对(prep) — 方案(pobj) — 解决(nn),[PHM工程实现] → [解决方案],9,综合化航空电子系统PHM应用与设计,PHM工程实现,解决方案
方法 → 是 → 技术,cc->attr->root->top->nn->prnmod->punct->nn,和(cc) — 方法(attr) — 是(root) — 应用(top) — 管理(nn) — PHM(prnmod) — )(punct) — 技术(nn),[多信号增强诊断方法] → [关键技术],8,综合化航空电子系统PHM应用与设计,多信号增强诊断方法,关键技术
方法 → 是 → 技术,nn->cc->nn->prnmod->punct->nn,健康(nn) — 与(cc) — 管理(nn) — PHM(prnmod) — )(punct) — 技术(nn),[健康评估方法] → [关键技术],6,综合化航空电子系统PHM应用与设计,健康评估方法,关键技术
系统 → 要求 → 属性,nn->nn->nsubj->root->dep->dobj->conj,航空(nn) — 电子(nn) — 系统(nsubj) — 要求(root) — 具有(dep) — 可控性(dobj) — 确定性(conj),[航空电子系统] → [确定性],7,综合化航空电子系统可信软件技术,航空电子系统,确定性
系统 → 要求 → 属性,nn->nn->nsubj->root->dep->dobj->punct->conj,航空(nn) — 电子(nn) — 系统(nsubj) — 要求(root) — 具有(dep) — 可控性(dobj) — 、(punct) — 可预测(conj),[航空电子系统] → [可预测性],8,综合化航空电子系统可信软件技术,航空电子系统,可预测性
系统 → 要求 → 属性,nn->nn->nsubj->root->dep->dobj,航空(nn) — 电子(nn) — 系统(nsubj) — 要求(root) — 具有(dep) — 可控性(dobj),[航空电子系统] → [可控性],6,综合化航空电子系统可信软件技术,航空电子系统,可控性
软件 → 具有 → 需求,nn->nn->nsubj->root->root->dobj->nn->conj,航空(nn) — 电子(nn) — 系统(nsubj) — 要求(root) — 分析(root) — 需求(dobj) — 实时性(nn) — 安全性(conj),[综合化航空电子系统软件] → [安全性需求],8,综合化航空电子系统可信软件技术,综合化航空电子系统软件,安全性需求
软件 → 具有 → 需求,nn->nn->nsubj->root->root->dobj->nn->punct->conj,航空(nn) — 电子(nn) — 系统(nsubj) — 要求(root) — 分析(root) — 需求(dobj) — 实时性(nn) — 、(punct) — 可靠性(conj),[综合化航空电子系统软件] → [可靠性需求],9,综合化航空电子系统可信软件技术,综合化航空电子系统软件,可靠性需求
软件 → 具有 → 需求,nn->nn->nsubj->root->root->dobj->nn->punct->conj,航空(nn) — 电子(nn) — 系统(nsubj) — 要求(root) — 分析(root) — 需求(dobj) — 实时性(nn) — 、(punct) — 完整性(conj),[综合化航空电子系统软件] → [完整性需求],9,综合化航空电子系统可信软件技术,综合化航空电子系统软件,完整性需求
软件 → 具有 → 需求,nn->nn->nsubj->root->root->dobj->nn,航空(nn) — 电子(nn) — 系统(nsubj) — 要求(root) — 分析(root) — 需求(dobj) — 实时性(nn),[综合化航空电子系统软件] → [实时性需求],7,综合化航空电子系统可信软件技术,综合化航空电子系统软件,实时性需求
技术 → 引入 → 系统,amod->nsubj->root->root->nsubj->nn->nn,可信(amod) — 计算(nsubj) — 引入(root) — 要求(root) — 系统(nsubj) — 航空(nn) — 电子(nn),[可信计算] → [综合化航空电子系统],7,综合化航空电子系统可信软件技术,可信计算,综合化航空电子系统
系统 → 建立 → 架构,nn->nn->nsubj->root->root->dobj->nn->nn,航空(nn) — 电子(nn) — 系统(nsubj) — 要求(root) — 分析(root) — 需求(dobj) — 实时性(nn) — 软件(nn),[综合化航空电子系统] → [可信软件体系结构],8,综合化航空电子系统可信软件技术,综合化航空电子系统,可信软件体系结构
架构 → 支持 → 方法,nn,软件(nn),[可信软件体系结构] → [软件可信运行环境构建方法],1,综合化航空电子系统可信软件技术,可信软件体系结构,软件可信运行环境构建方法
架构 → 支持 → 技术,nn->nn->punct->conj,软件(nn) — 实时性(nn) — 、(punct) — 可靠性(conj),[可信软件体系结构] → [可靠性增强技术],4,综合化航空电子系统可信软件技术,可信软件体系结构,可靠性增强技术
技术 → 保障 → 属性,punct->conj->nn->dobj->root->root->nsubj->nn->nn,、(punct) — 可靠性(conj) — 实时性(nn) — 需求(dobj) — 分析(root) — 要求(root) — 系统(nsubj) — 航空(nn) — 电子(nn),[可靠性增强技术] → [综合化航空电子系统的可预测性],9,综合化航空电子系统可信软件技术,可靠性增强技术,综合化航空电子系统的可预测性
软件 → 保障 → 任务,nn->nn->nsubj->root->dobj->assmod,航空(nn) — 电子(nn) — 系统(nsubj) — 要求(root) — 执行(dobj) — 任务(assmod),[综合化航空电子系统可信软件] → [飞机任务的执行],6,综合化航空电子系统可信软件技术,综合化航空电子系统可信软件,飞机任务的执行
软件 → 保障 → 属性,nn->nn->nsubj->root->root->conj->prep->pccomp->dobj->assmod->nn,航空(nn) — 电子(nn) — 系统(nsubj) — 要求(root) — 保障(root) — 具有(conj) — 对(prep) — 保证(pccomp) — 安全(dobj) — 任务(assmod) — 飞机(nn),[综合化航空电子系统可信软件] → [飞机安全],11,综合化航空电子系统可信软件技术,综合化航空电子系统可信软件,飞机安全
软件 → 应用于 → 产品,nn->nn->nsubj->root->root->loc,航空(nn) — 电子(nn) — 系统(nsubj) — 要求(root) — 引入(root) — 中(loc),[综合化航空电子系统可信软件] → [中国大飞机],6,综合化航空电子系统可信软件技术,综合化航空电子系统可信软件,中国大飞机
技术 → 保证 → 属性,cc->nn->nn->assmod->dobj->top->conj->attr->rcmod->dobj->nn,及(cc) — 健康(nn) — 管理(nn) — 技术(assmod) — 研究(dobj) — 开展(top) — 是(conj) — 课题(attr) — 保证(rcmod) — 安全性(dobj) — 飞机(nn),[故障预测及健康管理技术] → [飞机安全性],11,综合模块化航空电子系统的故障预测与健康管理技术,故障预测及健康管理技术,飞机安全性
系统 → 保障 → 性能,nn->nn->top->root->attr->rcmod->dobj->amod->nn,航空(nn) — 电子(nn) — 系统(top) — 是(root) — 之一(attr) — 保障(rcmod) — 性能(dobj) — 现代(amod) — 飞机(nn),[航空电子系统] → [现代飞机性能],9,综合模块化航空电子系统的故障预测与健康管理技术,航空电子系统,现代飞机性能
系统 → 面向 → 系统,conj->nn->assmod->dobj->top->conj->root->top->nn->nn,预测(conj) — 故障(nn) — 技术(assmod) — 研究(dobj) — 开展(top) — 是(conj) — 是(root) — 系统(top) — 航空(nn) — 电子(nn),[故障预测与健康管理系统] → [综合模块化航空电子系统],10,综合模块化航空电子系统的故障预测与健康管理技术,故障预测与健康管理系统,综合模块化航空电子系统
系统 → 具有 → 结构,nn->nn->top->root->root->prep->pobj->nn->nn,航空(nn) — 电子(nn) — 系统(top) — 是(root) — 结合(root) — 通过(prep) — 分析(pobj) — 分层(nn) — 结构(nn),[综合模块化航空电子系统] → [分层结构],9,综合模块化航空电子系统的故障预测与健康管理技术,综合模块化航空电子系统,分层结构
系统 → 包含 → 设计,top->root->root->conj->dobj->conj->nn->nn,系统(top) — 是(root) — 结合(root) — 包含(conj) — 实现(dobj) — 设计(conj) — 体系(nn) — 结构(nn),[飞机PHM系统] → [体系结构设计],8,综合模块化航空电子系统的故障预测与健康管理技术,飞机PHM系统,体系结构设计
设计 → 满足 → 要求,nn->nn->conj->dobj->conj->root->root->ccomp->dobj->assmod->conj,体系(nn) — 结构(nn) — 设计(conj) — 实现(dobj) — 包含(conj) — 结合(root) — 表明(root) — 满足(ccomp) — 要求(dobj) — 开放性(assmod) — 标准化(conj),[体系结构] → [标准化],11,综合模块化航空电子系统的故障预测与健康管理技术,体系结构,标准化
设计 → 满足 → 要求,nn->nn->conj->dobj->conj->root->root->ccomp->dobj->assmod->conj,体系(nn) — 结构(nn) — 设计(conj) — 实现(dobj) — 包含(conj) — 结合(root) — 表明(root) — 满足(ccomp) — 要求(dobj) — 开放性(assmod) — 层次化(conj),[体系结构] → [层次化],11,综合模块化航空电子系统的故障预测与健康管理技术,体系结构,层次化
设计 → 满足 → 要求,nn->nn->conj->dobj->conj->root->root->prep->pobj->assmod,体系(nn) — 结构(nn) — 设计(conj) — 实现(dobj) — 包含(conj) — 结合(root) — 研究(root) — 针对(prep) — 趋势(pobj) — 模块化(assmod),[体系结构] → [模块化],10,综合模块化航空电子系统的故障预测与健康管理技术,体系结构,模块化
设计 → 满足 → 要求,nn->nn->conj->dobj->conj->root->root->ccomp->dobj->assmod,体系(nn) — 结构(nn) — 设计(conj) — 实现(dobj) — 包含(conj) — 结合(root) — 表明(root) — 满足(ccomp) — 要求(dobj) — 开放性(assmod),[体系结构] → [开放性],10,综合模块化航空电子系统的故障预测与健康管理技术,体系结构,开放性
系统 → 采用 → 体系架构,nn->nn->assmod->dobj->conj->root->root->conj->dobj->nn->amod->nn,航空(nn) — 电子(nn) — 系统(assmod) — 之一(dobj) — 成为(conj) — 是(root) — 总结(root) — 介绍(conj) — 架构(dobj) — OSA-CBM(nn) — 开放式(amod) — 体系(nn),[综合航空电子PHM系统] → [OSA-CBM开放式体系架构],12,综合航空电子系统故障诊断与健康管理技术发展,综合航空电子PHM系统,OSA-CBM开放式体系架构
系统 → 包含 → 技术集合,nn->nn->assmod->dobj->conj->amod,电子(nn) — 航空(nn) — 系统(assmod) — 之一(dobj) — 技术(conj) — 关键(amod),[综合航空电子PHM系统] → [关键技术],6,综合航空电子系统故障诊断与健康管理技术发展,综合航空电子PHM系统,关键技术
系统 → 发展趋势为 → 趋势,nn->nn->nsubj->root->prep->pobj->nn,航空(nn) — 电子(nn) — 系统(nsubj) — 发展(root) — 向(prep) — 方向(pobj) — 综合化(nn),[航空电子系统] → [综合化],7,综合航空电子系统故障预测问题研究,航空电子系统,综合化
趋势 → 对...提出挑战 → 技术,nn->pobj->prep->root->dep->prep->pobj->nn->nn,综合化(nn) — 方向(pobj) — 向(prep) — 发展(root) — 提出(dep) — 对(prep) — 技术(pobj) — 故障(nn) — 预测(nn),[综合化] → [故障预测技术],9,综合航空电子系统故障预测问题研究,综合化,故障预测技术
技术架构 → 包括 → 技术架构,nn->nn->nsubj->root->root->dep->dobj->rcmod->nn->conj,航空(nn) — 电子(nn) — 系统(nsubj) — 发展(root) — 剖析(root) — 包括(dep) — 结构(dobj) — 基于(rcmod) — 模型(nn) — 结构(conj),[航空电子产品故障预测结构] → [基于模型结构],10,综合航空电子系统故障预测问题研究,航空电子产品故障预测结构,基于模型结构
技术架构 → 包括 → 技术架构,nn->nn->nsubj->root->root->dep->dobj->conj->nn->nn,航空(nn) — 电子(nn) — 系统(nsubj) — 发展(root) — 剖析(root) — 包括(dep) — 结构(dobj) — 结构(conj) — 数据(nn) — 驱动(nn),[航空电子产品故障预测结构] → [数据驱动结构],10,综合航空电子系统故障预测问题研究,航空电子产品故障预测结构,数据驱动结构
技术架构 → 包括 → 技术架构,nn->nn->nsubj->root->dep->prep->pobj->nn,电子(nn) — 航空(nn) — 系统(nsubj) — 发展(root) — 提出(dep) — 对(prep) — 技术(pobj) — 预测(nn),[航空电子产品故障预测结构] → [综合预测结构],8,综合航空电子系统故障预测问题研究,航空电子产品故障预测结构,综合预测结构
技术架构 → 具有 → 特征,nn->nn->nsubj->root->root->conj->dobj->conj->amod,航空(nn) — 电子(nn) — 系统(nsubj) — 发展(root) — 剖析(root) — 讨论(conj) — 应用(dobj) — 特征(conj) — 共性(amod),[航空电子产品故障预测结构] → [共性特征],9,综合航空电子系统故障预测问题研究,航空电子产品故障预测结构,共性特征
技术架构 → 应用于 → 领域,nn->nn,电子(nn) — 航空(nn),[航空电子产品故障预测结构] → [航空领域],2,综合航空电子系统故障预测问题研究,航空电子产品故障预测结构,航空领域
Problem → 面临 → 问题,nn->nn->nsubj->root->root->dobj,航空(nn) — 电子(nn) — 系统(nsubj) — 发展(root) — 分析(root) — 问题(dobj),[综合航空电子系统故障预测] → [问题],6,综合航空电子系统故障预测问题研究,综合航空电子系统故障预测,问题
Problem → 具有 → 解决方案,nn->nn->nsubj->root->root->dep->dobj->amod->nn,航空(nn) — 电子(nn) — 系统(nsubj) — 发展(root) — 分析(root) — 提出(dep) — 思路(dobj) — 初步(amod) — 解决(nn),[综合航空电子系统故障预测问题] → [初步解决思路],9,综合航空电子系统故障预测问题研究,综合航空电子系统故障预测问题,初步解决思路
系统 → 分为 → 组成部分,amod->nn->nn->dobj->conj->root->root->conj->dobj->conj,综合(amod) — 飞行器(nn) — 管理(nn) — 技术(dobj) — 促使(conj) — 提出(root) — 介绍(root) — 分为(conj) — 执行层(dobj) — 感知层(conj),[综合飞行器管理系统] → [感知层],10,综合飞行器管理系统(IVMS)研究综述,综合飞行器管理系统,感知层
系统 → 分为 → 组成部分,amod->nn->nn->dobj->conj->root->root->conj->dobj->conj,综合(amod) — 飞行器(nn) — 管理(nn) — 技术(dobj) — 促使(conj) — 提出(root) — 介绍(root) — 分为(conj) — 执行层(dobj) — 决策层(conj),[综合飞行器管理系统] → [决策层],10,综合飞行器管理系统(IVMS)研究综述,综合飞行器管理系统,决策层
系统 → 分为 → 组成部分,amod->nn->nn->dobj->conj->root->root->conj->dobj,综合(amod) — 飞行器(nn) — 管理(nn) — 技术(dobj) — 促使(conj) — 提出(root) — 介绍(root) — 分为(conj) — 执行层(dobj),[综合飞行器管理系统] → [执行层],9,综合飞行器管理系统(IVMS)研究综述,综合飞行器管理系统,执行层
背景 → 促进 → 技术,nn->nsubj->root->conj->dobj->amod->nn->nn,空战(nn) — 模式(nsubj) — 提出(root) — 促使(conj) — 技术(dobj) — 综合(amod) — 飞行器(nn) — 管理(nn),[空战模式] → [综合飞行器管理技术],8,综合飞行器管理系统(IVMS)研究综述,空战模式,综合飞行器管理技术
技术 → 是 → 技术类别,amod->nn->nn->dobj->conj->root->dep->dep->dobj->amod,综合(amod) — 飞行器(nn) — 管理(nn) — 技术(dobj) — 促使(conj) — 提出(root) — 使(dep) — 成为(dep) — 技术(dobj) — 关键(amod),[综合飞行器管理技术] → [关键技术],10,综合飞行器管理系统(IVMS)研究综述,综合飞行器管理技术,关键技术
技术 → 是 → 技术类别,amod->nn->nn->top->root->attr->nn->amod,防热(amod) — 系统(nn) — 健康(nn) — 管理(top) — 是(root) — 之一(attr) — 技术(nn) — 关键(amod),[防热系统健康管理] → [关键技术],8,航天飞机考虑意外损伤时防热系统的健康管理研究,防热系统健康管理,关键技术
技术 → 实现 → 属性,amod->top->root->attr->rcmod->dobj->conj,综合(amod) — 诊断(top) — 是(root) — 方向(attr) — 实现(rcmod) — 保障性(dobj) — 可靠性(conj),[综合诊断] → [可靠性],7,美军新机的综合诊断技术及启示,综合诊断,可靠性
技术 → 实现 → 属性,amod->top->root->attr->rcmod->dobj->conj,综合(amod) — 诊断(top) — 是(root) — 方向(attr) — 实现(rcmod) — 保障性(dobj) — 维修性(conj),[综合诊断] → [维修性],7,美军新机的综合诊断技术及启示,综合诊断,维修性
技术 → 实现 → 属性,amod->top->root->attr->rcmod->dobj,综合(amod) — 诊断(top) — 是(root) — 方向(attr) — 实现(rcmod) — 保障性(dobj),[综合诊断] → [保障性],6,美军新机的综合诊断技术及启示,综合诊断,保障性
技术 → 是 → 概念,amod->top->root->attr->nn->conj,综合(amod) — 诊断(top) — 是(root) — 方向(attr) — 技术(nn) — 手段(conj),[综合诊断] → [技术手段],6,美军新机的综合诊断技术及启示,综合诊断,技术手段
技术 → 是 → 概念,amod->top->root->attr->nn,综合(amod) — 诊断(top) — 是(root) — 方向(attr) — 发展(nn),[综合诊断] → [发展方向],5,美军新机的综合诊断技术及启示,综合诊断,发展方向
组织 → 拥有 → 架构,nn->conj->dobj->root->root->top->amod,美军(nn) — 结构(conj) — 技术(dobj) — 分析(root) — 是(root) — 诊断(top) — 综合(amod),[美军] → [综合诊断体系结构],7,美军新机的综合诊断技术及启示,美军,综合诊断体系结构
架构 → 拥有 → 技术,amod->top->root->attr->nn,综合(amod) — 诊断(top) — 是(root) — 方向(attr) — 技术(nn),[综合诊断体系结构] → [支撑技术],5,美军新机的综合诊断技术及启示,综合诊断体系结构,支撑技术
技术 → 应用于 → 维护活动,cc->nn->nn->assmod->dobj->dep->root->dep->dobj->assmod->plmod->lobj->conj->nn,和(cc) — 健康(nn) — 管理(nn) — 技术(assmod) — 历程(dobj) — 结合(dep) — 论述(root) — 分析(dep) — 意义(dobj) — 在(assmod) — 中(plmod) — 标准(lobj) — 维护(conj) — 视情(nn),[故障预测和健康管理技术] → [视情维护],14,美国故障预测和健康管理技术的军品应用与发展研究,故障预测和健康管理技术,视情维护
国家 → 研究 → 技术,nn->nn->dobj->root->dep->dobj->assmod->cc->nn->nn,美国(nn) — 技术(nn) — 应用(dobj) — 论述(root) — 结合(dep) — 历程(dobj) — 技术(assmod) — 和(cc) — 健康(nn) — 管理(nn),[美国] → [故障预测和健康管理技术],10,美国故障预测和健康管理技术的军品应用与发展研究,美国,故障预测和健康管理技术
系统 → 是一种 → 系统,nn->nn->lobj->plmod->assmod->dobj->dep->root->dobj->assmod->plmod->lobj->nn->nn,导弹(nn) — 武器(nn) — 系统(lobj) — 中(plmod) — 在(assmod) — 意义(dobj) — 分析(dep) — 论述(root) — 应用(dobj) — 在(assmod) — 中(plmod) — 系统(lobj) — 武器(nn) — 装备(nn),[导弹武器系统] → [武器装备系统],14,美国故障预测和健康管理技术的军品应用与发展研究,导弹武器系统,武器装备系统
维修活动 → 保障 → 目标,nn->nsubj->root->conj->attr->rcmod->dobj->amod,航空(nn) — 维修(nsubj) — 是(root) — 是(conj) — 途径(attr) — 保障(rcmod) — 飞行(dobj) — 安全(amod),[航空维修] → [安全飞行],8,考虑预测与健康管理的民机维修成本效益仿真评估方法,航空维修,安全飞行
维修活动 → 控制 → 成本,nn->nsubj->root->conj->attr->rcmod->conj->dobj->nn,航空(nn) — 维修(nsubj) — 是(root) — 是(conj) — 途径(attr) — 保障(rcmod) — 控制(conj) — 成本(dobj) — 运营(nn),[航空维修] → [运营成本],9,考虑预测与健康管理的民机维修成本效益仿真评估方法,航空维修,运营成本
技术 → 应用于 → 维修活动,nsubj->root->root->nsubj->nn,PHM(nsubj) — 处(root) — 是(root) — 维修(nsubj) — 航空(nn),[PHM] → [航空维修],5,考虑预测与健康管理的民机维修成本效益仿真评估方法,PHM,航空维修
方法 → 使用 → 技术,nsubj->root->root->prep->pobj->rcmod->dobj->rcmod->dobj,维修(nsubj) — 是(root) — 基于(root) — 针对(prep) — 问题(pobj) — 缺乏(rcmod) — 数据(dobj) — 应用(rcmod) — 技术(dobj),[民机维修成本效益仿真评估方法] → [计算机仿真技术],9,考虑预测与健康管理的民机维修成本效益仿真评估方法,民机维修成本效益仿真评估方法,计算机仿真技术
方法 → 评估 → 维修模式,nsubj,维修(nsubj),[民机维修成本效益仿真评估方法] → [基于PHM的维修模式],1,考虑预测与健康管理的民机维修成本效益仿真评估方法,民机维修成本效益仿真评估方法,基于PHM的维修模式
方法 → 选取 → 飞机系统,nsubj->root->root->conj->prep->pobj->assmod->assm->nn,维修(nsubj) — 是(root) — 借助(root) — 输入(conj) — 由(prep) — 参数(pobj) — 不同(assmod) — 的(assm) — 系统(nn),[民机维修成本效益仿真评估方法] → [空调系统],9,考虑预测与健康管理的民机维修成本效益仿真评估方法,民机维修成本效益仿真评估方法,空调系统
维修模式 → 减少 → 指标,nsubj,维修(nsubj),[基于PHM的维修模式] → [维修工时],1,考虑预测与健康管理的民机维修成本效益仿真评估方法,基于PHM的维修模式,维修工时
维修模式 → 节约 → 成本,nsubj,维修(nsubj),[基于PHM的维修模式] → [维修成本],1,考虑预测与健康管理的民机维修成本效益仿真评估方法,基于PHM的维修模式,维修成本
维修模式 → 避免 → 事件,nsubj,维修(nsubj),[基于PHM的维修模式] → [非计划维修事件],1,考虑预测与健康管理的民机维修成本效益仿真评估方法,基于PHM的维修模式,非计划维修事件
维修模式 → 优于 → 维修模式,nsubj,维修(nsubj),[基于PHM的维修模式] → [传统的预防性维修],1,考虑预测与健康管理的民机维修成本效益仿真评估方法,基于PHM的维修模式,传统的预防性维修
方法 → 通过监测 → 指标,amod->nn->nn->top->root->attr->assmod->assm->amod,防热(amod) — 系统(nn) — 健康(nn) — 管理(top) — 是(root) — 之一(attr) — 飞行器(assmod) — 的(assm) — 关键(amod),[航天飞机防热系统健康管理方法] → [关键性能指标],9,航天飞机考虑意外损伤时防热系统的健康管理研究,航天飞机防热系统健康管理方法,关键性能指标
方法 → 分析评估 → 状态,amod->nn->top->nn,防热(amod) — 健康(nn) — 管理(top) — 系统(nn),[航天飞机防热系统健康管理方法] → [系统状态],4,航天飞机考虑意外损伤时防热系统的健康管理研究,航天飞机防热系统健康管理方法,系统状态
技术 → 考虑 → 故障,amod->nn->nn->top->root->root->ccomp->conj->prep->pobj->rcmod->dobj->nn,防热(amod) — 系统(nn) — 健康(nn) — 管理(top) — 是(root) — 提出(root) — 论述(ccomp) — 探讨(conj) — 从(prep) — 角度(pobj) — 考虑(rcmod) — 损伤(dobj) — 意外(nn),[防热系统健康监控] → [意外损伤],13,航天飞机考虑意外损伤时防热系统的健康管理研究,防热系统健康监控,意外损伤
软件 → 用于模拟 → 物理量,nn->dobj->root->conj->dobj->nn->nn,ANSYS(nn) — 软件(dobj) — 利用(root) — 模拟(conj) — 情况(dobj) — 温度(nn) — 分布(nn),[ANSYS软件] → [温度分布],7,航天飞机考虑意外损伤时防热系统的健康管理研究,ANSYS软件,温度分布
组件 → 遭受 → 故障,amod->nn->top->root->root->ccomp->conj->prep->pobj->rcmod->dobj,防热(amod) — 系统(nn) — 管理(top) — 是(root) — 提出(root) — 论述(ccomp) — 探讨(conj) — 从(prep) — 角度(pobj) — 考虑(rcmod) — 损伤(dobj),[防热瓦] → [损伤],11,航天飞机考虑意外损伤时防热系统的健康管理研究,防热瓦,损伤
物理量 → 发生在 → 过程,nn->nn->dobj->assmod->plmod->lobj->vmod,分布(nn) — 温度(nn) — 情况(dobj) — 在(assmod) — 中(plmod) — 过程(lobj) — 再入(vmod),[温度分布] → [再入过程],7,航天飞机考虑意外损伤时防热系统的健康管理研究,温度分布,再入过程
Method → 论证 → 属性,punct->rcmod->nsubj,",(punct) — 分析(rcmod) — 方法(nsubj)",[比较分析] → [方法可行性],3,航天飞机考虑意外损伤时防热系统的健康管理研究,比较分析,方法可行性
技术 → 实现 → 维护策略,cc->nn->top->root->attr->rcmod->conj->dobj->ordmod->clf->nn,与(cc) — 健康(nn) — 管理(top) — 是(root) — 技术(attr) — 确保(rcmod) — 实现(conj) — 维修(dobj) — 二(ordmod) — 级(clf) — 视情(nn),[预测与健康管理(PHM)] → [二级视情维修],11,航空发动机PHM中的数据挖掘机遇与挑战,预测与健康管理(PHM),二级视情维修
技术 → 是核心技术 → 技术,nn->top->root->root->top->cc->nn,数据(nn) — 挖掘(top) — 是(root) — 是(root) — 管理(top) — 与(cc) — 健康(nn),[数据挖掘] → [预测与健康管理(PHM)],7,航空发动机PHM中的数据挖掘机遇与挑战,数据挖掘,预测与健康管理(PHM)
技术 → 实现 → 任务,nn->top->root->root->attr->rcmod->nsubj,数据(nn) — 挖掘(top) — 是(root) — 是(root) — 技术(attr) — 确保(rcmod) — 发动机(nsubj),[数据挖掘] → [发动机健康状态评估],7,航空发动机PHM中的数据挖掘机遇与挑战,数据挖掘,发动机健康状态评估
技术 → 实现 → 任务,nn->top->root->attr->rcmod->dobj->conj,数据(nn) — 挖掘(top) — 是(root) — 技术(attr) — 实现(rcmod) — 预测(dobj) — 诊断(conj),[数据挖掘] → [诊断],7,航空发动机PHM中的数据挖掘机遇与挑战,数据挖掘,诊断
技术 → 实现 → 任务,nn->top->root->root->top->nn->conj,数据(nn) — 挖掘(top) — 是(root) — 是(root) — 管理(top) — 健康(nn) — 预测(conj),[数据挖掘] → [剩余寿命预测],7,航空发动机PHM中的数据挖掘机遇与挑战,数据挖掘,剩余寿命预测
问题 → 具有 → 挑战,nn->top->root->root->attr,数据(nn) — 挖掘(top) — 是(root) — 是(root) — 技术(attr),[数据挖掘问题] → [技术挑战],5,航空发动机PHM中的数据挖掘机遇与挑战,数据挖掘问题,技术挑战
学科 → 推动 → 技术,conj->nn->dobj->rcmod->dobj->root->root->top->prnmod->punct,计算机(conj) — 宇航(nn) — 学科(dobj) — 集(rcmod) — 建议(dobj) — 提出(root) — 是(root) — 管理(top) — PHM(prnmod) — ((punct),[计算机学科] → [发动机PHM技术],10,航空发动机PHM中的数据挖掘机遇与挑战,计算机学科,发动机PHM技术
学科 → 推动 → 技术,nn->nsubj->rcmod->attr->root->top->prnmod->punct,航空(nn) — 发动机(nsubj) — 确保(rcmod) — 技术(attr) — 是(root) — 管理(top) — PHM(prnmod) — ((punct),[航空宇航学科] → [发动机PHM技术],8,航空发动机PHM中的数据挖掘机遇与挑战,航空宇航学科,发动机PHM技术
算法 → 是 → 方法类别,nn->nn->cpm->rcmod->dobj->root->prep->pobj->nn->nn,卡尔曼(nn) — 滤波(nn) — 的(cpm) — 基于(rcmod) — 方法(dobj) — 研究(root) — 针对(prep) — 问题(pobj) — 参数(nn) — 估计(nn),[扩展卡尔曼滤波] → [非线性参数估计方法],10,航空发动机健康参数的卡尔曼滤波估计方法分析,扩展卡尔曼滤波,非线性参数估计方法
算法 → 求取 → 参数,nn->nn->cpm,卡尔曼(nn) — 滤波(nn) — 的(cpm),[扩展卡尔曼滤波] → [卡尔曼增益],3,航空发动机健康参数的卡尔曼滤波估计方法分析,扩展卡尔曼滤波,卡尔曼增益
活动 → 模拟 → 故障,pobj->prep->root->root->prep->pobj->nn->nn,仿真(pobj) — 通过(prep) — 比较(root) — 研究(root) — 针对(prep) — 问题(pobj) — 部件(nn) — 气路(nn),[仿真] → [气路部件渐变故障],8,航空发动机健康参数的卡尔曼滤波估计方法分析,仿真,气路部件渐变故障
设计/架构 → 是 → 技术,nn->top->root->attr->amod,架构(nn) — 设计(top) — 是(root) — 技术(attr) — 关键(amod),[架构设计] → [关键技术],5,航空发动机健康管理系统功能架构优化方法,架构设计,关键技术
设计/架构 → 发挥 → 功能,top,系统(top),[系统架构] → [系统功能],1,航空发动机健康管理系统功能架构优化方法,系统架构,系统功能
方法 → 采用 → 方法,assm->conj->assmod->dobj->root->root->prep->pccomp->dobj->nn->conj,的(assm) — 功能(conj) — 系统(assmod) — 作用(dobj) — 发挥(root) — 提出(root) — 基于(prep) — 采用(pccomp) — 分析法(dobj) — 逻辑(nn) — 决断图(conj),[功能分配方法] → [逻辑决断图],11,航空发动机健康管理系统功能架构优化方法,功能分配方法,逻辑决断图
方法 → 采用 → 方法,assm->conj->assmod->dobj->root->root->dep->cc,的(assm) — 功能(conj) — 系统(assmod) — 作用(dobj) — 发挥(root) — 分析(root) — 比较(dep) — 和(cc),[功能分配方法] → [层次分析法],8,航空发动机健康管理系统功能架构优化方法,功能分配方法,层次分析法
方法 → 针对 → 研究对象,assm->conj->assmod->dobj->root->root->dobj->assmod->pobj->conj,的(assm) — 功能(conj) — 系统(assmod) — 作用(dobj) — 发挥(root) — 提出(root) — 方法(dobj) — 针对(assmod) — 故障(pobj) — 部件(conj),[功能分配方法] → [部件和故障],10,航空发动机健康管理系统功能架构优化方法,功能分配方法,部件和故障
方法 → 分配 → 功能,conj->assm,功能(conj) — 的(assm),[功能分配方法] → [状态监测功能],2,航空发动机健康管理系统功能架构优化方法,功能分配方法,状态监测功能
方法 → 分配 → 功能,conj->assm,功能(conj) — 的(assm),[功能分配方法] → [故障诊断功能],2,航空发动机健康管理系统功能架构优化方法,功能分配方法,故障诊断功能
方法 → 分配 → 功能,conj->assm,功能(conj) — 的(assm),[功能分配方法] → [故障预测功能],2,航空发动机健康管理系统功能架构优化方法,功能分配方法,故障预测功能
方法 → 分配 → 功能,assm->conj->assmod->dobj->root->root->top->nn,的(assm) — 功能(conj) — 系统(assmod) — 作用(dobj) — 发挥(root) — 是(root) — 系统(top) — 管理(nn),[功能分配方法] → [寿命管理功能],8,航空发动机健康管理系统功能架构优化方法,功能分配方法,寿命管理功能
方法 → 分配 → 功能,conj->assm,功能(conj) — 的(assm),[功能分配方法] → [趋势分析功能],2,航空发动机健康管理系统功能架构优化方法,功能分配方法,趋势分析功能
设计/架构 → 覆盖 → 功能,nn->nn->top->root->attr->rcmod->cpm->nn,健康(nn) — 管理(nn) — 系统(top) — 是(root) — 之一(attr) — 提升(rcmod) — 的(cpm) — 核心(nn),[通用健康管理系统架构] → [核心功能],8,航空发动机健康管理系统功能架构优化方法,通用健康管理系统架构,核心功能
设计/架构 → 覆盖 → 需求,nn->nn->top->root->root->pobj,健康(nn) — 管理(nn) — 系统(top) — 是(root) — 针对(root) — 需求(pobj),[通用健康管理系统架构] → [用户需求],6,航空发动机健康管理系统功能架构优化方法,通用健康管理系统架构,用户需求
方法 → 实现 → 目标,assm->conj->assmod->dobj->root->root->top,的(assm) — 功能(conj) — 系统(assmod) — 作用(dobj) — 发挥(root) — 是(root) — 系统(top),[功能分配方法] → [机载、地面系统功能的优化配置],7,航空发动机健康管理系统功能架构优化方法,功能分配方法,机载、地面系统功能的优化配置
框架 → 融合 → 方法论,nummod->clf->advmod->nn->dobj->root->root->dobj->nn,五(nummod) — 层(clf) — 协同(advmod) — 建模(nn) — 框架(dobj) — 提出(root) — 融合(root) — 方法论(dobj) — MagicGrid(nn),[五层协同建模框架] → [MagicGrid方法论],9,航空发动机健康管理系统功能架构分析与研究,五层协同建模框架,MagicGrid方法论
方法论 → 应用于 → 系统,nn,系统(nn),[基于模型的系统工程] → [航空发动机健康管理系统],1,航空发动机健康管理系统功能架构分析与研究,基于模型的系统工程,航空发动机健康管理系统
方法论 → 使用 → 语言,nn,系统(nn),[基于模型的系统工程] → [系统建模语言],1,航空发动机健康管理系统功能架构分析与研究,基于模型的系统工程,系统建模语言
方法论 → 执行于 → 工具,nn->pobj->root->root->nsubj->nn,系统(nn) — 难题(pobj) — 针对(root) — 开展(root) — 平台(nsubj) — MagicDraw(nn),[基于模型的系统工程] → [MagicDraw平台],6,航空发动机健康管理系统功能架构分析与研究,基于模型的系统工程,MagicDraw平台
Model → 用于定义 → 概念,nn->pobj->prep->conj->root->root->pobj->nn,内部(nn) — 块图(pobj) — 通过(prep) — 建立(conj) — 开展(root) — 针对(root) — 难题(pobj) — 系统(nn),[内部块图] → [系统边界],8,航空发动机健康管理系统功能架构分析与研究,内部块图,系统边界
Model → 构建 → 产物,nn->nn->pobj->root->root->conj->dobj->amod,需求(nn) — 优化(nn) — 难题(pobj) — 针对(root) — 利用(root) — 构建(conj) — 矩阵(dobj) — 可追溯性(amod),[需求图] → [可追溯性矩阵],8,航空发动机健康管理系统功能架构分析与研究,需求图,可追溯性矩阵
产物 → 用于 → 任务,amod->dobj->conj->root->root->pobj->nn->nn,可追溯性(amod) — 矩阵(dobj) — 构建(conj) — 利用(root) — 针对(root) — 难题(pobj) — 优化(nn) — 需求(nn),[可追溯性矩阵] → [需求完整性分析],8,航空发动机健康管理系统功能架构分析与研究,可追溯性矩阵,需求完整性分析
技术 → 用于建模 → 概念,amod->nn->pobj->root->root->dobj->nn->punct->dep,动态(amod) — 优化(nn) — 难题(pobj) — 针对(root) — 提出(root) — 框架(dobj) — 物理(nn) — -(punct) — 功能(dep),[用例图-活动图动态组合建模] → [功能行为],9,航空发动机健康管理系统功能架构分析与研究,用例图-活动图动态组合建模,功能行为
技术 → 形成 → 架构,amod->pccomp->prep->root->root->pobj->nn->cc->nn,模块化(amod) — 分解(pccomp) — 经(prep) — 形成(root) — 针对(root) — 难题(pobj) — 优化(nn) — 与(cc) — 架构(nn),[模块化分解] → [逻辑架构],9,航空发动机健康管理系统功能架构分析与研究,模块化分解,逻辑架构
Model → 构建 → Model,nn->pobj->prep->conj->root->root->dobj->nn->punct,内部(nn) — 块图(pobj) — 通过(prep) — 建立(conj) — 开展(root) — 提出(root) — 框架(dobj) — 物理(nn) — -(punct),[块定义图与内部块图] → [物理模型],9,航空发动机健康管理系统功能架构分析与研究,块定义图与内部块图,物理模型
设计原则 → 实现 → 设计原则,nn->pobj->dep->root->dep->dobj->nn,接口(nn) — 标准化(pobj) — 借助(dep) — 构建(root) — 实现(dep) — 设计(dobj) — 解耦(nn),[接口标准化] → [解耦设计],7,航空发动机健康管理系统功能架构分析与研究,接口标准化,解耦设计
框架 → 降低 → Performance Metric,nummod->clf->advmod->nn->dobj->root->root->prep->plmod->lccomp->conj->dobj,五(nummod) — 层(clf) — 协同(advmod) — 建模(nn) — 框架(dobj) — 提出(root) — 具有(root) — 在(prep) — 上(plmod) — 降低(lccomp) — 降低(conj) — 虚警率(dobj),[五层协同建模框架] → [虚警率],12,航空发动机健康管理系统功能架构分析与研究,五层协同建模框架,虚警率
框架 → 提升 → Performance Metric,nummod->clf->advmod->nn->dobj->root->root->prep->plmod->lccomp->conj->dobj->nn,五(nummod) — 层(clf) — 协同(advmod) — 建模(nn) — 框架(dobj) — 提出(root) — 具有(root) — 在(prep) — 上(plmod) — 降低(lccomp) — 提升(conj) — 效率(dobj) — 预测(nn),[五层协同建模框架] → [预测效率],13,航空发动机健康管理系统功能架构分析与研究,五层协同建模框架,预测效率
成果 → 构建 → 范式,nn->nsubj->root->root->dobj->nn,研究(nn) — 成果(nsubj) — 构建(root) — 提出(root) — 框架(dobj) — 建模(nn),[研究成果] → [全生命周期建模范式],6,航空发动机健康管理系统功能架构分析与研究,研究成果,全生命周期建模范式
成果 → 实现 → 能力,nn->nsubj->root->root->pobj->nn->nn,研究(nn) — 成果(nsubj) — 构建(root) — 针对(root) — 难题(pobj) — 优化(nn) — 需求(nn),[研究成果] → [场景-需求-功能-物理全链条追溯],7,航空发动机健康管理系统功能架构分析与研究,研究成果,场景-需求-功能-物理全链条追溯
机制 → 适用于 → 领域,advmod->nn->dobj->root->root->pobj->nn->amod,协同(advmod) — 建模(nn) — 框架(dobj) — 提出(root) — 针对(root) — 难题(pobj) — 系统(nn) — 复杂(amod),[多视图协同建模机制] → [复杂装备系统设计],8,航空发动机健康管理系统功能架构分析与研究,多视图协同建模机制,复杂装备系统设计
系统 → 是...的必备功能 → 设备,cc->nn->nn->top->ccomp->attr->rcmod->dobj->amod,与(cc) — 健康(nn) — 管理(nn) — 系统(top) — 是(ccomp) — 功能(attr) — 实现(rcmod) — 发动机(dobj) — 先进(amod),[预测与健康管理(PHM)系统] → [先进发动机],9,航空发动机健康管理系统发展现状及其指标体系研究,预测与健康管理(PHM)系统,先进发动机
系统 → 发展自 → 技术,cc->nn->nn->top->ccomp->dep->root->dobj->assmod->nn->nn->nn->conj,与(cc) — 健康(nn) — 管理(nn) — 系统(top) — 是(ccomp) — 表明(dep) — 简述(root) — 历程(dobj) — 诊断(assmod) — 发动机(nn) — 航空(nn) — 故障(nn) — 检测(conj),[预测与健康管理(PHM)系统] → [航空发动机故障检测与诊断],13,航空发动机健康管理系统发展现状及其指标体系研究,预测与健康管理(PHM)系统,航空发动机故障检测与诊断
系统 → 具有 → 需求,punct->punct->top->prnmod,((punct) — )(punct) — 系统(top) — PHM(prnmod),[EPHM系统] → [EPHM的需求],4,航空发动机健康管理系统发展现状及其指标体系研究,EPHM系统,EPHM的需求
系统 → 具有 → 体系,punct->prnmod->punct->top->nn->ccomp->dep->root->root->dep->dobj->nn,((punct) — PHM(prnmod) — )(punct) — 系统(top) — 管理(nn) — 是(ccomp) — 表明(dep) — 简述(root) — 阐述(root) — 梳理(dep) — 体系(dobj) — 指标(nn),[EPHM系统] → [指标体系],12,航空发动机健康管理系统发展现状及其指标体系研究,EPHM系统,指标体系
研究 → 展望 → 研究领域,nn->nn,航空(nn) — 发动机(nn),[航空发动机健康管理系统发展现状及其指标体系研究] → [我国航空发动机健康管理],2,航空发动机健康管理系统发展现状及其指标体系研究,航空发动机健康管理系统发展现状及其指标体系研究,我国航空发动机健康管理
方法 → 利用 → 控制规律,nn->nummod->nn->nn->nn->conj->nn,航空(nn) — 双余度(nummod) — 控制(nn) — 设计(nn) — 发动机(nn) — 概念(conj) — 规律(nn),[航空发动机双余度控制规律设计方法] → [双余度控制规律],7,航空发动机双余度控制规律设计方法,航空发动机双余度控制规律设计方法,双余度控制规律
控制规律 → 作为 → 策略,nummod->nn->nn->conj->dobj->rcmod->conj->dobj->vmod->nn->nn->dobj->nn,双余度(nummod) — 控制(nn) — 规律(nn) — 概念(conj) — 方法(dobj) — 利用(rcmod) — 作为(conj) — 策略(dobj) — 控制(vmod) — 传感器(nn) — 信号(nn) — 故障(dobj) — 处理(nn),[双余度控制规律] → [控制传感器信号故障处理策略],13,航空发动机双余度控制规律设计方法,双余度控制规律,控制传感器信号故障处理策略
方法 → 建立 → 方法,nn->nummod->nn->nn->nn->nn->conj->dobj->root->conj->dobj->nn->nn->nn->nn->conj,航空(nn) — 双余度(nummod) — 控制(nn) — 规律(nn) — 设计(nn) — 发动机(nn) — 概念(conj) — 方法(dobj) — 提出(root) — 建立(conj) — 原则(dobj) — 规律(nn) — 备份(nn) — 控制(nn) — 设计(nn) — 方法(conj),[航空发动机双余度控制规律设计方法] → [备份控制规律设计方法],16,航空发动机双余度控制规律设计方法,航空发动机双余度控制规律设计方法,备份控制规律设计方法
方法 → 建立 → 方法,nn->nn->amod->nn->nn->nsubj->rcmod->dobj->rcmod->nsubj->nn,航空(nn) — 发动机(nn) — 机载(amod) — 健康(nn) — 管理(nn) — 系统(nsubj) — 正向(rcmod) — 问题(dobj) — 清晰(rcmod) — 流程(nsubj) — 设计(nn),[航空发动机机载健康管理系统设计方法] → [图形化设计方法],11,航空发动机机载健康管理系统设计方法,航空发动机机载健康管理系统设计方法,图形化设计方法
控制规律 → 实现 → 功能,nummod->nn->nn->conj->dobj->root->conj->ccomp->dobj->amod,双余度(nummod) — 控制(nn) — 规律(nn) — 概念(conj) — 方法(dobj) — 提出(root) — 表明(conj) — 实现(ccomp) — 转换(dobj) — 无扰动(amod),[双余度控制规律] → [无扰动转换],10,航空发动机双余度控制规律设计方法,双余度控制规律,无扰动转换
控制规律 → 重构 → 组件,nummod->nn->nn->conj->dobj->root->conj->ccomp->conj->dobj->nn,双余度(nummod) — 控制(nn) — 规律(nn) — 概念(conj) — 方法(dobj) — 提出(root) — 表明(conj) — 实现(ccomp) — 重构(conj) — 回路(dobj) — 控制(nn),[双余度控制规律] → [控制回路],11,航空发动机双余度控制规律设计方法,双余度控制规律,控制回路
控制规律 → 提高 → Performance Metric,nummod->nn->nn->conj->dobj->root->conj->ccomp->conj->dobj->assmod->assm->nn,双余度(nummod) — 控制(nn) — 规律(nn) — 概念(conj) — 方法(dobj) — 提出(root) — 表明(conj) — 实现(ccomp) — 提高(conj) — 可靠性(dobj) — 发动机(assmod) — 的(assm) — 任务(nn),[双余度控制规律] → [发动机的任务可靠性],13,航空发动机双余度控制规律设计方法,双余度控制规律,发动机的任务可靠性
设备 → 配装 → 系统,det->clf->pobj->rcmod->dobj->amod->nn->nn,各(det) — 类(clf) — 发动机(pobj) — 配装(rcmod) — 系统(dobj) — 数字式(amod) — 电子(nn) — 控制(nn),[各类发动机] → [数字式电子控制系统],8,航空发动机双余度控制规律设计方法,各类发动机,数字式电子控制系统
诊断结构 → 用于 → 功能,nn->dobj->root->root->dep->dobj->assmod->nn->conj,诊断(nn) — 任务(dobj) — 使得(root) — 监测(root) — 减少(dep) — 潜伏期(dobj) — 隔离(assmod) — 故障(nn) — 检测(conj),[在线综合诊断结构] → [气路故障检测和隔离],9,航空发动机在线综合诊断结构设计及仿真验证,在线综合诊断结构,气路故障检测和隔离
诊断结构 → 用于 → 功能,nn->dobj->root->root,诊断(nn) — 任务(dobj) — 使得(root) — 监测(root),[在线综合诊断结构] → [健康监测],4,航空发动机在线综合诊断结构设计及仿真验证,在线综合诊断结构,健康监测
诊断结构 → 用于 → 功能,nn->dobj->root->root->dep->dobj->rcmod->prep->pobj->nn,诊断(nn) — 任务(dobj) — 使得(root) — 提出(root) — 设计(dep) — 结构(dobj) — 用(rcmod) — 于(prep) — 估计(pobj) — 参数(nn),[在线综合诊断结构] → [参数估计],10,航空发动机在线综合诊断结构设计及仿真验证,在线综合诊断结构,参数估计
诊断结构 → 监测 → 状态,nn->dobj->rcmod->cpm->nn,诊断(nn) — 任务(dobj) — 承担(rcmod) — 的(cpm) — 发动机(nn),[在线综合诊断结构] → [发动机性能退化],5,航空发动机在线综合诊断结构设计及仿真验证,在线综合诊断结构,发动机性能退化
仿真平台 → 基于 → 原理,amod->assmod->nsubj->root->root->prep->pobj->nn->nn,实时(amod) — 数据(assmod) — 使用(nsubj) — 监测(root) — 搭建(root) — 基于(prep) — 原理(pobj) — xPC(nn) — Target(nn),[硬件实时仿真平台] → [xPC Target原理],9,航空发动机在线综合诊断结构设计及仿真验证,硬件实时仿真平台,xPC Target原理
仿真平台 → 验证 → 诊断结构,amod->assmod->nsubj->root->root->dobj->nn,实时(amod) — 数据(assmod) — 使用(nsubj) — 监测(root) — 使得(root) — 任务(dobj) — 诊断(nn),[硬件实时仿真平台] → [在线综合诊断结构],7,航空发动机在线综合诊断结构设计及仿真验证,硬件实时仿真平台,在线综合诊断结构
诊断结构 → 包含 → Model,nn->dobj->root->prep->pobj->assmod->amod,诊断(nn) — 任务(dobj) — 使得(root) — 随着(prep) — 发展(pobj) — 设备(assmod) — 机载(amod),[在线综合诊断结构] → [机载自适应模型],7,航空发动机在线综合诊断结构设计及仿真验证,在线综合诊断结构,机载自适应模型
Model → 估计 → 参数,amod->assmod->pobj->prep->root->dobj->rcmod->cpm->nn,机载(amod) — 设备(assmod) — 发展(pobj) — 随着(prep) — 使得(root) — 任务(dobj) — 承担(rcmod) — 的(cpm) — 发动机(nn),[机载自适应模型] → [发动机健康参数],9,航空发动机在线综合诊断结构设计及仿真验证,机载自适应模型,发动机健康参数
Model → 估计 → 参数,amod->assmod->pobj->prep->root->root->dep->dobj->rcmod->prep->pobj->cc->nn,机载(amod) — 设备(assmod) — 发展(pobj) — 随着(prep) — 使得(root) — 提出(root) — 设计(dep) — 结构(dobj) — 用(rcmod) — 于(prep) — 估计(pobj) — 及(cc) — 参数(nn),[机载自适应模型] → [可测参数],13,航空发动机在线综合诊断结构设计及仿真验证,机载自适应模型,可测参数
Model → 估计 → 参数,amod->assmod->pobj->prep->root->root->dep->dobj->rcmod->prep->pobj->cc->nn,机载(amod) — 设备(assmod) — 发展(pobj) — 随着(prep) — 使得(root) — 提出(root) — 设计(dep) — 结构(dobj) — 用(rcmod) — 于(prep) — 估计(pobj) — 及(cc) — 参数(nn),[机载自适应模型] → [不可测参数],13,航空发动机在线综合诊断结构设计及仿真验证,机载自适应模型,不可测参数
诊断系统 → 采用 → 数据,nsubj->rcmod->dobj->root->root->nsubj->assmod->amod,系统(nsubj) — 承担(rcmod) — 任务(dobj) — 使得(root) — 监测(root) — 使用(nsubj) — 数据(assmod) — 实时(amod),[气路故障诊断系统] → [实时数据],8,航空发动机在线综合诊断结构设计及仿真验证,气路故障诊断系统,实时数据
诊断系统 → 隔离 → 故障,nsubj->rcmod->dobj->root->root->dep->dobj->assmod->nn,系统(nsubj) — 承担(rcmod) — 任务(dobj) — 使得(root) — 监测(root) — 减少(dep) — 潜伏期(dobj) — 隔离(assmod) — 故障(nn),[气路故障诊断系统] → [气路故障],9,航空发动机在线综合诊断结构设计及仿真验证,气路故障诊断系统,气路故障
诊断系统 → 隔离 → 故障,nsubj->rcmod->dobj->root->root->dep->dobj->assmod->nn,系统(nsubj) — 承担(rcmod) — 任务(dobj) — 使得(root) — 监测(root) — 减少(dep) — 潜伏期(dobj) — 隔离(assmod) — 故障(nn),[气路故障诊断系统] → [气路故障],9,航空发动机在线综合诊断结构设计及仿真验证,气路故障诊断系统,气路故障
诊断系统 → 检测 → 故障,nsubj->rcmod->dobj->root->root->dep->dobj->assmod->amod,系统(nsubj) — 承担(rcmod) — 任务(dobj) — 使得(root) — 监测(root) — 增加(dep) — 检测率(dobj) — 故障(assmod) — 间歇性(amod),[气路故障诊断系统] → [间歇性故障],9,航空发动机在线综合诊断结构设计及仿真验证,气路故障诊断系统,间歇性故障
算法 → 修正 → 参数,nn->nn->nn->dobj->root->root->dobj->rcmod->dobj->nn,神经(nn) — 网络(nn) — 补偿(nn) — 算法(dobj) — 加入(root) — 提出(root) — 方法(dobj) — 基于(rcmod) — 模型(dobj) — 机载(nn),[神经网络补偿算法] → [机载模型的输出误差],10,航空发动机增强型机载自适应模型气路故障诊断方法,神经网络补偿算法,机载模型的输出误差
算法 → 提高 → 指标,nn->nn->nn->dobj->root->conj->dobj->nn->nn->nn,神经(nn) — 网络(nn) — 补偿(nn) — 算法(dobj) — 加入(root) — 提高(conj) — 精度(dobj) — 卡尔曼(nn) — 滤波器(nn) — 估计(nn),[神经网络补偿算法] → [卡尔曼滤波器估计精度],10,航空发动机增强型机载自适应模型气路故障诊断方法,神经网络补偿算法,卡尔曼滤波器估计精度
Model → 指导 → Model,amod->dobj,自适应(amod) — 模型(dobj),[增强型自适应模型] → [性能基线模型],2,航空发动机增强型机载自适应模型气路故障诊断方法,增强型自适应模型,性能基线模型
Model → 跟踪 → 趋势,dobj->rcmod->dobj->root->prep->pobj->nn,模型(dobj) — 基于(rcmod) — 方法(dobj) — 提出(root) — 针对(prep) — 问题(pobj) — 发动机(nn),[性能基线模型] → [发动机正常性能降级趋势],7,航空发动机增强型机载自适应模型气路故障诊断方法,性能基线模型,发动机正常性能降级趋势
Model → 模拟 → 数据库,nn->pobj->prep->root->dobj->nn,发动机(nn) — 问题(pobj) — 针对(prep) — 提出(root) — 方法(dobj) — 故障(nn),[发动机性能仿真模型] → [故障特征数据库],6,航空发动机增强型机载自适应模型气路故障诊断方法,发动机性能仿真模型,故障特征数据库
技术 → 执行 → 任务,nn->nn->dobj->root->root->dobj->nn,神经(nn) — 网络(nn) — 算法(dobj) — 加入(root) — 提出(root) — 方法(dobj) — 故障(nn),[RBF神经网络] → [故障模式判定],7,航空发动机增强型机载自适应模型气路故障诊断方法,RBF神经网络,故障模式判定
技术 → 执行 → 任务,nn->nn->dobj->root->root->dobj->nn,神经(nn) — 网络(nn) — 算法(dobj) — 加入(root) — 提出(root) — 方法(dobj) — 故障(nn),[RBF神经网络] → [故障隔离],7,航空发动机增强型机载自适应模型气路故障诊断方法,RBF神经网络,故障隔离
平台 → 用于 → 任务,cpm->nn->nn->nn->rcmod->dobj->root->root->nsubj->nn->nn,的(cpm) — 气路(nn) — 故障(nn) — 诊断(nn) — 基于(rcmod) — 方法(dobj) — 提出(root) — 采用(root) — 数据库(nsubj) — 模型(nn) — 仿真(nn),[气路故障诊断平台] → [仿真验证],11,航空发动机增强型机载自适应模型气路故障诊断方法,气路故障诊断平台,仿真验证
方法 → 监视 → 状态,nn->nn->nn->dobj->root->prep->pobj->assmod->nn->nn,气路(nn) — 故障(nn) — 诊断(nn) — 方法(dobj) — 提出(root) — 针对(prep) — 问题(pobj) — 状态(assmod) — 气路(nn) — 健康(nn),[气路故障诊断方法] → [气路健康状况],10,航空发动机增强型机载自适应模型气路故障诊断方法,气路故障诊断方法,气路健康状况
研究对象 → 汇集 → 技术,nn->nsubj->root->dobj->advmod->amod,航空(nn) — 发动机(nsubj) — 汇集(root) — 技术(dobj) — 高(advmod) — 精尖(amod),[航空发动机] → [高精尖技术],6,航空发动机振动监测与故障诊断技术研究进展,航空发动机,高精尖技术
研究对象 → 体现 → 概念,nn->nsubj->root->root->attr->assmod->nn->conj,航空(nn) — 发动机(nsubj) — 汇集(root) — 是(root) — 体现(attr) — 实力(assmod) — 国家(nn) — 科技(conj),[航空发动机] → [国家科技、工业和国防实力],8,航空发动机振动监测与故障诊断技术研究进展,航空发动机,国家科技、工业和国防实力
属性 → 导致 → 现象,amod->conj->nsubj->root->dep->nsubj,复杂(amod) — 结构(conj) — 环境(nsubj) — 致使(root) — 频发(dep) — 故障(nsubj),[复杂结构] → [故障频发],6,航空发动机振动监测与故障诊断技术研究进展,复杂结构,故障频发
环境 → 导致 → 现象,amod->nn->nsubj->root->dep->nsubj,恶劣(amod) — 服役(nn) — 环境(nsubj) — 致使(root) — 频发(dep) — 故障(nsubj),[恶劣服役环境] → [故障频发],6,航空发动机振动监测与故障诊断技术研究进展,恶劣服役环境,故障频发
技术 → 保障 → 目标,nsubj->root->root->dobj->rcmod->dobj->amod->punct->dep,发动机(nsubj) — 汇集(root) — 成为(root) — 支撑(dobj) — 保障(rcmod) — 运行(dobj) — 安全(amod) — 、(punct) — 可靠(dep),[发动机故障诊断与健康管理技术] → [安全、可靠运行],9,航空发动机振动监测与故障诊断技术研究进展,发动机故障诊断与健康管理技术,安全、可靠运行
故障类型 → 是 → 概念,nsubj,故障(nsubj),[振动类故障] → [主要故障模式],1,航空发动机振动监测与故障诊断技术研究进展,振动类故障,主要故障模式
技术 → 包括 → 方法,nn->nsubj->root->root->dobj->nn->conj->nn,航空(nn) — 发动机(nsubj) — 汇集(root) — 包括(root) — 技术(dobj) — 学习(nn) — 分析(conj) — 动力学(nn),[航空发动机振动类故障诊断技术] → [动力学分析],8,航空发动机振动监测与故障诊断技术研究进展,航空发动机振动类故障诊断技术,动力学分析
技术 → 包括 → 方法,nn->nsubj->root->root->dobj->nn->conj->nn,航空(nn) — 发动机(nsubj) — 汇集(root) — 包括(root) — 技术(dobj) — 学习(nn) — 处理(conj) — 信号(nn),[航空发动机振动类故障诊断技术] → [信号处理],8,航空发动机振动监测与故障诊断技术研究进展,航空发动机振动类故障诊断技术,信号处理
技术 → 包括 → 方法,nn->nsubj->root->root->dobj->nn->nn,航空(nn) — 发动机(nsubj) — 汇集(root) — 包括(root) — 技术(dobj) — 学习(nn) — 深度(nn),[航空发动机振动类故障诊断技术] → [深度学习],7,航空发动机振动监测与故障诊断技术研究进展,航空发动机振动类故障诊断技术,深度学习
方法 → 研究 → 流程,nn->nn->amod->nn->nn->nsubj->rcmod->nn,航空(nn) — 发动机(nn) — 机载(amod) — 健康(nn) — 管理(nn) — 系统(nsubj) — 正向(rcmod) — 设计(nn),[航空发动机机载健康管理系统设计方法] → [正向设计基本流程],8,航空发动机机载健康管理系统设计方法,航空发动机机载健康管理系统设计方法,正向设计基本流程
方法 → 引入 → 思想,nn->nn->amod->nn->nn->nsubj,航空(nn) — 发动机(nn) — 机载(amod) — 健康(nn) — 管理(nn) — 系统(nsubj),[航空发动机机载健康管理系统设计方法] → [基于模型的系统工程思想],6,航空发动机机载健康管理系统设计方法,航空发动机机载健康管理系统设计方法,基于模型的系统工程思想
方法 → 采用 → 思想,nn->nn->amod->nn->nn->nsubj->rcmod->dobj->rcmod->nsubj->nn,航空(nn) — 发动机(nn) — 机载(amod) — 健康(nn) — 管理(nn) — 系统(nsubj) — 正向(rcmod) — 问题(dobj) — 清晰(rcmod) — 流程(nsubj) — 设计(nn),[航空发动机机载健康管理系统设计方法] → [面向对象的工程设计思路],11,航空发动机机载健康管理系统设计方法,航空发动机机载健康管理系统设计方法,面向对象的工程设计思路
方法 → 包含 → 设计内容,nn->nsubj->rcmod->dobj->pccomp->root->root->plmod->lobj->rcmod->dobj->nn,设计(nn) — 流程(nsubj) — 清晰(rcmod) — 问题(dobj) — 解决(pccomp) — 为(root) — 在(root) — 上(plmod) — 基础(lobj) — 对比(rcmod) — 体系(dobj) — 功能(nn),[图形化设计方法] → [功能目标量化],12,航空发动机机载健康管理系统设计方法,图形化设计方法,功能目标量化
方法 → 包含 → 设计内容,nn->nsubj->rcmod->dobj->pccomp->root->root->plmod->lobj->rcmod->dobj->nn,设计(nn) — 流程(nsubj) — 清晰(rcmod) — 问题(dobj) — 解决(pccomp) — 为(root) — 在(root) — 上(plmod) — 基础(lobj) — 对比(rcmod) — 体系(dobj) — 功能(nn),[图形化设计方法] → [功能描述],12,航空发动机机载健康管理系统设计方法,图形化设计方法,功能描述
方法 → 包含 → 设计内容,nn->nsubj->rcmod->dobj->pccomp->root->root->dobj->nn->nn,设计(nn) — 流程(nsubj) — 清晰(rcmod) — 问题(dobj) — 解决(pccomp) — 为(root) — 建立(root) — 方法(dobj) — 定义(nn) — 模块(nn),[图形化设计方法] → [模块定义],10,航空发动机机载健康管理系统设计方法,图形化设计方法,模块定义
活动 → 开发 → 平台,root->root->pccomp->dobj->rcmod->nn->nsubj,研究(root) — 为(root) — 解决(pccomp) — 问题(dobj) — 正向(rcmod) — 设计(nn) — 流程(nsubj),[研究] → [航空发动机健康管理正向设计流程平台],7,航空发动机机载健康管理系统设计方法,研究,航空发动机健康管理正向设计流程平台
平台 → 实现 → 任务,nn->nsubj->rcmod->nsubj->amod,设计(nn) — 流程(nsubj) — 正向(rcmod) — 系统(nsubj) — 机载(amod),[航空发动机健康管理正向设计流程平台] → [机载功能架构的设计],5,航空发动机机载健康管理系统设计方法,航空发动机健康管理正向设计流程平台,机载功能架构的设计
方法 → 可用于 → 应用领域,nn->nn->amod->nn->nn->nsubj->rcmod->dobj->rcmod->nsubj->nn,航空(nn) — 发动机(nn) — 机载(amod) — 健康(nn) — 管理(nn) — 系统(nsubj) — 正向(rcmod) — 问题(dobj) — 清晰(rcmod) — 流程(nsubj) — 设计(nn),[航空发动机机载健康管理系统设计方法] → [硬件设计],11,航空发动机机载健康管理系统设计方法,航空发动机机载健康管理系统设计方法,硬件设计
方法 → 提供参考 → 领域,nn->nn->amod->nn->nn->nsubj,航空(nn) — 发动机(nn) — 机载(amod) — 健康(nn) — 管理(nn) — 系统(nsubj),[航空发动机机载健康管理系统设计方法] → [航空发动机机载健康管理系统设计],6,航空发动机机载健康管理系统设计方法,航空发动机机载健康管理系统设计方法,航空发动机机载健康管理系统设计
技术 → 分析 → 参数,nn->nn->nn->nn->nsubj->root->dep->prep->pccomp->prep->pobj->nn,航空(nn) — 发动机(nn) — 气路(nn) — 故障(nn) — 诊断(nsubj) — 是(root) — 识别(dep) — 通过(prep) — 进行(pccomp) — 对(prep) — 参数(pobj) — 气路(nn),[航空发动机气路故障诊断] → [气路参数],12,航空发动机气路故障诊断研究现状与展望,航空发动机气路故障诊断,气路参数
技术 → 识别 → 故障,nn->nn->nn->nn->nsubj->root->dep->dobj->rcmod->nn->nn->nsubj,航空(nn) — 发动机(nn) — 气路(nn) — 故障(nn) — 诊断(nsubj) — 是(root) — 识别(dep) — 过程(dobj) — 退化(rcmod) — 气路(nn) — 部件(nn) — 性能(nsubj),[航空发动机气路故障诊断] → [气路部件性能退化],12,航空发动机气路故障诊断研究现状与展望,航空发动机气路故障诊断,气路部件性能退化
技术 → 识别 → 故障,nn->nn->nn->nsubj->nn,航空(nn) — 发动机(nn) — 气路(nn) — 诊断(nsubj) — 故障(nn),[航空发动机气路故障诊断] → [故障],5,航空发动机气路故障诊断研究现状与展望,航空发动机气路故障诊断,故障
技术 → 提高 → 目标,nn->nn->nn->nn->nsubj->root->conj->attr->rcmod->dobj->nn->conj,航空(nn) — 发动机(nn) — 气路(nn) — 故障(nn) — 诊断(nsubj) — 是(root) — 是(conj) — 途径(attr) — 提高(rcmod) — 可靠性(dobj) — 飞行(nn) — 安全性(conj),[航空发动机气路故障诊断] → [飞行安全性],12,航空发动机气路故障诊断研究现状与展望,航空发动机气路故障诊断,飞行安全性
技术 → 提高 → 目标,nn->nn->nn->nn->nsubj->root->conj->attr->rcmod->dobj,航空(nn) — 发动机(nn) — 气路(nn) — 故障(nn) — 诊断(nsubj) — 是(root) — 是(conj) — 途径(attr) — 提高(rcmod) — 可靠性(dobj),[航空发动机气路故障诊断] → [可靠性],10,航空发动机气路故障诊断研究现状与展望,航空发动机气路故障诊断,可靠性
技术 → 是 → 研究现状,nn->nn->nn->nn->nsubj->root->conj->dobj->assmod->nn->nn->nn->nn,航空(nn) — 发动机(nn) — 气路(nn) — 故障(nn) — 诊断(nsubj) — 是(root) — 成为(conj) — 热点(dobj) — 领域(assmod) — 飞行(nn) — 推进(nn) — 技术(nn) — 研究(nn),[航空发动机气路故障诊断] → [飞行推进技术研究领域的热点],13,航空发动机气路故障诊断研究现状与展望,航空发动机气路故障诊断,飞行推进技术研究领域的热点
技术 → 存在 → 挑战,nn->nn->nsubj->root->conj->dobj->assmod->nn,气路(nn) — 故障(nn) — 诊断(nsubj) — 是(root) — 成为(conj) — 热点(dobj) — 领域(assmod) — 技术(nn),[气路故障诊断技术] → [关键技术],8,航空发动机气路故障诊断研究现状与展望,气路故障诊断技术,关键技术
技术 → 存在 → 挑战,nn->nn->nsubj->root->root->conj->dobj,气路(nn) — 故障(nn) — 诊断(nsubj) — 是(root) — 阐述(root) — 指出(conj) — 难点(dobj),[气路故障诊断技术] → [难点],7,航空发动机气路故障诊断研究现状与展望,气路故障诊断技术,难点
分析技术 → 获取 → 数据,nn->dobj->conj->root->root->loc->lccomp->prep->pobj->nn->conj,滑油(nn) — 光谱(dobj) — 分析(conj) — 利用(root) — 出现(root) — 时(loc) — 应用(lccomp) — 于(prep) — 预测(pobj) — 关系(nn) — 磨粒(conj),[滑油光谱分析] → [金属磨粒浓度],11,航空发动机油液磨粒与故障关系RVM预测方法,滑油光谱分析,金属磨粒浓度
方法 → 使用数据 → 数据,nn->nsubj->lccomp->prep->pobj->nn->conj,向量机(nn) — 方法(nsubj) — 应用(lccomp) — 于(prep) — 预测(pobj) — 关系(nn) — 磨粒(conj),[相关向量机] → [金属磨粒浓度],7,航空发动机油液磨粒与故障关系RVM预测方法,相关向量机,金属磨粒浓度
方法 → 预测 → 数据,nn->nsubj->lccomp->prep->pobj->nn->conj->nn,向量机(nn) — 方法(nsubj) — 应用(lccomp) — 于(prep) — 预测(pobj) — 关系(nn) — 磨粒(conj) — 发动机(nn),[相关向量机] → [发动机工作状态],8,航空发动机油液磨粒与故障关系RVM预测方法,相关向量机,发动机工作状态
方法 → 预测 → 数据,nn->rcmod->nsubj->lccomp->prep->pobj->nn->conj->nn,向量机(nn) — 支持(rcmod) — 方法(nsubj) — 应用(lccomp) — 于(prep) — 预测(pobj) — 关系(nn) — 磨粒(conj) — 发动机(nn),[最小二乘支持向量机] → [发动机工作状态],9,航空发动机油液磨粒与故障关系RVM预测方法,最小二乘支持向量机,发动机工作状态
方法 → 预测 → 数据,advmod->rcmod->nn->nn->dobj->conj->root->root->loc->lccomp->prep->pobj->nn->conj->nn,反向(advmod) — 传播(rcmod) — 神经(nn) — 网络(nn) — 方法(dobj) — 支持(conj) — 采用(root) — 出现(root) — 时(loc) — 应用(lccomp) — 于(prep) — 预测(pobj) — 关系(nn) — 磨粒(conj) — 发动机(nn),[反向传播神经网络] → [发动机工作状态],15,航空发动机油液磨粒与故障关系RVM预测方法,反向传播神经网络,发动机工作状态
方法 → 具有 → 优势,nn->nsubj->lccomp->loc->root->dobj->vmod->punct->nsubj,向量机(nn) — 方法(nsubj) — 应用(lccomp) — 时(loc) — 出现(root) — 问题(dobj) — 强(vmod) — 、(punct) — 计算量(nsubj),[相关向量机] → [计算量较少],9,航空发动机油液磨粒与故障关系RVM预测方法,相关向量机,计算量较少
方法 → 具有 → 优势,nn->nsubj->lccomp->prep->pobj->loc,向量机(nn) — 方法(nsubj) — 应用(lccomp) — 于(prep) — 预测(pobj) — 时(loc),[相关向量机] → [预测时间较短],6,航空发动机油液磨粒与故障关系RVM预测方法,相关向量机,预测时间较短
方法 → 具有 → 优势,nn->nsubj->lccomp->loc->root->root->ccomp->dobj->vmod->conj->nsubj->advmod,向量机(nn) — 方法(nsubj) — 应用(lccomp) — 时(loc) — 出现(root) — 表明(root) — 拥有(ccomp) — 优势(dobj) — 少(vmod) — 高(conj) — 精度(nsubj) — 较(advmod),[相关向量机] → [精度较高],12,航空发动机油液磨粒与故障关系RVM预测方法,相关向量机,精度较高
Model → 支撑 → 应用领域,nn->nn,系统(nn) — 滑油(nn),[滑油系统仿真模型] → [滑油系统健康管理],2,航空发动机滑油系统建模、优化及应用研究,滑油系统仿真模型,滑油系统健康管理
Model → 基于 → 理论基础,nn->nn,系统(nn) — 滑油(nn),[滑油系统仿真模型] → [滑油系统元件物理特性],2,航空发动机滑油系统建模、优化及应用研究,滑油系统仿真模型,滑油系统元件物理特性
Model → 包含 → 子系统模型,nn->nn->nn,滑油(nn) — 预测(nn) — 系统(nn),[滑油系统仿真模型] → [通风子系统模型],3,航空发动机滑油系统建模、优化及应用研究,滑油系统仿真模型,通风子系统模型
Model → 包含 → 子系统模型,nn->nn->nn,滑油(nn) — 预测(nn) — 系统(nn),[滑油系统仿真模型] → [供油子系统模型],3,航空发动机滑油系统建模、优化及应用研究,滑油系统仿真模型,供油子系统模型
Model → 包含 → 子系统模型,nn->nn->nn,滑油(nn) — 预测(nn) — 系统(nn),[滑油系统仿真模型] → [热力子系统模型],3,航空发动机滑油系统建模、优化及应用研究,滑油系统仿真模型,热力子系统模型
Model → 包含 → 子系统模型,nn->nn->nn,滑油(nn) — 预测(nn) — 系统(nn),[滑油系统仿真模型] → [回油子系统模型],3,航空发动机滑油系统建模、优化及应用研究,滑油系统仿真模型,回油子系统模型
优化算法 → 用于优化 → Model,etc->amod->nn->dobj->dep->root->root->prep->pccomp->dobj->nn->nn->nn,等(etc) — 子(amod) — 回油(nn) — 模型(dobj) — 构建(dep) — 为(root) — 具备(root) — 针对(prep) — 开展(pccomp) — 工作(dobj) — 预测(nn) — 滑油(nn) — 系统(nn),[粒子群算法] → [滑油系统仿真模型],13,航空发动机滑油系统建模、优化及应用研究,粒子群算法,滑油系统仿真模型
优化算法 → 用于优化 → Model,amod->dobj->root->root->prep->pccomp->dobj->nn->nn->nn,遗传(amod) — 算法(dobj) — 结合(root) — 具备(root) — 针对(prep) — 开展(pccomp) — 工作(dobj) — 预测(nn) — 滑油(nn) — 系统(nn),[遗传算法] → [滑油系统仿真模型],10,航空发动机滑油系统建模、优化及应用研究,遗传算法,滑油系统仿真模型
优化算法 → 具有 → 性能,etc->amod->nn->dobj->dep->root->root->dobj->cc,等(etc) — 子(amod) — 回油(nn) — 模型(dobj) — 构建(dep) — 为(root) — 开展(root) — 优化(dobj) — 与(cc),[粒子群算法] → [较好的收敛性与优化效果],9,航空发动机滑油系统建模、优化及应用研究,粒子群算法,较好的收敛性与优化效果
过程 → 降低 → Performance Metric,nn->dobj->root->root->prep->pccomp->dobj->nn->etc,模型(nn) — 优化(dobj) — 开展(root) — 具备(root) — 针对(prep) — 开展(pccomp) — 工作(dobj) — 预测(nn) — 等(etc),[模型优化] → [工作参数平均误差],9,航空发动机滑油系统建模、优化及应用研究,模型优化,工作参数平均误差
Model → 用于 → 健康管理任务,nn->nn,系统(nn) — 滑油(nn),[滑油系统仿真模型] → [滑油监测],2,航空发动机滑油系统建模、优化及应用研究,滑油系统仿真模型,滑油监测
Model → 用于 → 健康管理任务,nn->nn->nn->conj,系统(nn) — 滑油(nn) — 预测(nn) — 诊断(conj),[滑油系统仿真模型] → [诊断],4,航空发动机滑油系统建模、优化及应用研究,滑油系统仿真模型,诊断
Model → 用于 → 健康管理任务,nn->nn->nn,系统(nn) — 滑油(nn) — 预测(nn),[滑油系统仿真模型] → [预测],3,航空发动机滑油系统建模、优化及应用研究,滑油系统仿真模型,预测
传统方法 → 具有 → 缺点,nn->pobj->prep->pccomp->prep->root->dobj->vmod->punct->nsubj->conj->dep,试验(nn) — 方法(pobj) — 基于(prep) — 开展(pccomp) — 针对(prep) — 具备(root) — 缺点(dobj) — 高(vmod) — 、(punct) — 周期(nsubj) — 长(conj) — 等(dep),[试验方法] → [成本高、周期长缺点],12,航空发动机滑油系统建模、优化及应用研究,试验方法,成本高、周期长缺点
理论 → 去除 → 数据,amod->conj->nn->dobj->root->conj->dep->dobj->amod,粗糙(amod) — 集(conj) — 理论(nn) — 特点(dobj) — 结合(root) — 利用(conj) — 去除(dep) — 信息(dobj) — 冗余(amod),[粗糙集] → [冗余信息],9,航空发动机的多参数快速故障诊断模型,粗糙集,冗余信息
Model → 预测 → 数据,dobj->root->root->conj->prep->pobj->assmod->lccomp,模型(dobj) — 建立(root) — 结合(root) — 进行(conj) — 对(prep) — 信息(pobj) — 后(assmod) — 约简(lccomp),[多参数灰色模型] → [约简后的信息],8,航空发动机的多参数快速故障诊断模型,多参数灰色模型,约简后的信息
Model → 降低 → 问题,nn->nn->dobj->assmod->assm->amod,故障(nn) — 诊断(nn) — 依赖(dobj) — 对(assmod) — 的(assm) — 过分(amod),[多参数快速故障诊断模型] → [对人的过分依赖],6,航空发动机的多参数快速故障诊断模型,多参数快速故障诊断模型,对人的过分依赖
Model → 减少 → Performance Metric,nn->nn->dobj->conj->pccomp->prep->root->root->ccomp->dobj->nn,故障(nn) — 诊断(nn) — 依赖(dobj) — 降低(conj) — 提高(pccomp) — 为了(prep) — 建立(root) — 表明(root) — 减少(ccomp) — 时间(dobj) — 计算(nn),[多参数快速故障诊断模型] → [计算时间],11,航空发动机的多参数快速故障诊断模型,多参数快速故障诊断模型,计算时间
Model → 保持 → Performance Metric,nn->nn->dobj->conj->pccomp->prep->root->root->conj->dobj->rcmod->cpm,故障(nn) — 诊断(nn) — 依赖(dobj) — 降低(conj) — 提高(pccomp) — 为了(prep) — 建立(root) — 结合(root) — 进行(conj) — 预测(dobj) — 快速(rcmod) — 的(cpm),[多参数快速故障诊断模型] → [预测精度],12,航空发动机的多参数快速故障诊断模型,多参数快速故障诊断模型,预测精度
技术 → 克服 → 问题,nn->nn->nn->nn->nn->nn->dobj->dep->root->prep->pccomp->dobj->assmod->nn->assmod->assm->nn->nn,航空(nn) — 发动机(nn) — 限寿件(nn) — 使用(nn) — 寿命(nn) — 监视(nn) — 技术(dobj) — 发展(dep) — 提出(root) — 为(prep) — 克服(pccomp) — 不足(dobj) — 方法(assmod) — 早期(nn) — 传统(assmod) — 的(assm) — 使用(nn) — 监视(nn),[航空发动机限寿件使用寿命监视技术] → [早期传统使用监视方法的不足],18,航空发动机限寿件使用寿命监视研究,航空发动机限寿件使用寿命监视技术,早期传统使用监视方法的不足
理念 → 促进 → 技术,nn->conj->assmod->pobj->prep->root->dep->dobj->nn->nn->nn->nn->nn->nn,单元体(nn) — 设计(conj) — 理念(assmod) — 发展(pobj) — 随着(prep) — 提出(root) — 发展(dep) — 技术(dobj) — 航空(nn) — 发动机(nn) — 限寿件(nn) — 使用(nn) — 寿命(nn) — 监视(nn),[单元体设计] → [航空发动机限寿件使用寿命监视技术],14,航空发动机限寿件使用寿命监视研究,单元体设计,航空发动机限寿件使用寿命监视技术
理念 → 促进 → 技术,nn->nn->vmod->assmod->pobj->prep->root->dep->dobj->nn->nn->nn->nn->nn->nn,状态(nn) — 维修(nn) — 基于(vmod) — 理念(assmod) — 发展(pobj) — 随着(prep) — 提出(root) — 发展(dep) — 技术(dobj) — 航空(nn) — 发动机(nn) — 限寿件(nn) — 使用(nn) — 寿命(nn) — 监视(nn),[基于状态维修] → [航空发动机限寿件使用寿命监视技术],15,航空发动机限寿件使用寿命监视研究,基于状态维修,航空发动机限寿件使用寿命监视技术
技术 → 具有 → 属性,nn->nn->nn->dobj->dep->root->root->dobj->nn->conj,使用(nn) — 寿命(nn) — 监视(nn) — 技术(dobj) — 发展(dep) — 提出(root) — 论述(root) — 趋势(dobj) — 功能(nn) — 结构(conj),[使用寿命监视] → [功能结构],10,航空发动机限寿件使用寿命监视研究,使用寿命监视,功能结构
技术 → 具有 → 属性,nn->nn->nn->dobj->dep->root->prep->pobj->assmod->assm,使用(nn) — 监视(nn) — 寿命(nn) — 技术(dobj) — 发展(dep) — 提出(root) — 随着(prep) — 发展(pobj) — 理念(assmod) — 的(assm),[使用寿命监视] → [发展现状],10,航空发动机限寿件使用寿命监视研究,使用寿命监视,发展现状
技术 → 具有 → 属性,nn->nn->nn->dobj->dep->root->root->dobj->nn,使用(nn) — 寿命(nn) — 监视(nn) — 技术(dobj) — 发展(dep) — 提出(root) — 论述(root) — 趋势(dobj) — 未来(nn),[使用寿命监视] → [未来趋势],9,航空发动机限寿件使用寿命监视研究,使用寿命监视,未来趋势
技术 → 具有 → 属性,nn->nn->nn->dobj->dep->root->root->dep->dobj->conj,使用(nn) — 寿命(nn) — 监视(nn) — 技术(dobj) — 发展(dep) — 提出(root) — 论述(root) — 对比(dep) — 必要性(dobj) — 优越性(conj),[使用寿命监视] → [优越性],10,航空发动机限寿件使用寿命监视研究,使用寿命监视,优越性
技术 → 具有 → 属性,nn->nn->nn->dobj->dep->root->root->dep->dobj->nn,使用(nn) — 寿命(nn) — 监视(nn) — 技术(dobj) — 发展(dep) — 提出(root) — 论述(root) — 分析(dep) — 前景(dobj) — 应用(nn),[使用寿命监视] → [应用前景],10,航空发动机限寿件使用寿命监视研究,使用寿命监视,应用前景
技术 → 具有 → 属性,nn->nn->dobj->conj->root->dobj->nn->nn,PHM(nn) — 技术(nn) — 现状(dobj) — 考察(conj) — 回顾(root) — 历程(dobj) — 发展(nn) — 演变(nn),[PHM技术] → [发展演变历程],8,预测与健康管理技术的发展及应用,PHM技术,发展演变历程
技术 → 具有 → 属性,nn->nn->dobj->nn,PHM(nn) — 技术(nn) — 现状(dobj) — 应用(nn),[PHM技术] → [应用现状],4,预测与健康管理技术的发展及应用,PHM技术,应用现状
技术 → 具有 → 属性,nn->nn->dobj->conj->root->conj->dobj->nn->nn,PHM(nn) — 技术(nn) — 现状(dobj) — 考察(conj) — 回顾(root) — 展望(conj) — 方向(dobj) — 未来(nn) — 发展(nn),[PHM技术] → [未来发展方向],9,预测与健康管理技术的发展及应用,PHM技术,未来发展方向
技术 → 需要解决 → 问题,nn->nn->nn->dobj,使用(nn) — 监视(nn) — 寿命(nn) — 技术(dobj),[使用寿命监视] → [关键技术],4,航空发动机限寿件使用寿命监视研究,使用寿命监视,关键技术
系统 → 具有 → 概念,nn->nn->nn->nn->nn->conj->dobj->conj->root->dobj->conj,航空(nn) — 发动机(nn) — 预测(nn) — 健康(nn) — 管理(nn) — 系统(conj) — 方案(dobj) — 设计(conj) — 介绍(root) — 功能(dobj) — 定义(conj),[航空发动机预测健康管理系统 (EPHM)] → [定义],11,航空发动机预测健康管理系统设计的关键技术,航空发动机预测健康管理系统 (EPHM),定义
系统 → 具有 → 概念,nn->nn->nn->nn->nn->conj->dobj->conj->root->dobj->nn->conj,航空(nn) — 发动机(nn) — 预测(nn) — 健康(nn) — 管理(nn) — 系统(conj) — 方案(dobj) — 设计(conj) — 介绍(root) — 功能(dobj) — 设计(nn) — 目标(conj),[航空发动机预测健康管理系统 (EPHM)] → [设计目标],12,航空发动机预测健康管理系统设计的关键技术,航空发动机预测健康管理系统 (EPHM),设计目标
系统 → 具有 → 概念,nn->nn->nn->nn->nn->conj->dobj->conj->root->dobj,航空(nn) — 发动机(nn) — 预测(nn) — 健康(nn) — 管理(nn) — 系统(conj) — 方案(dobj) — 设计(conj) — 介绍(root) — 功能(dobj),[航空发动机预测健康管理系统 (EPHM)] → [功能],10,航空发动机预测健康管理系统设计的关键技术,航空发动机预测健康管理系统 (EPHM),功能
系统 → 包含实例 → 发动机型号,clf->nn->nn->nn->nn->assmod->nn->conj,代(clf) — 战斗机(nn) — 发动机(nn) — 健康(nn) — 管理(nn) — 系统(assmod) — F119(nn) — EJ200(conj),[第四代战斗机发动机健康管理系统] → [EJ200],8,航空发动机预测健康管理系统设计的关键技术,第四代战斗机发动机健康管理系统,EJ200
系统 → 包含实例 → 发动机型号,clf->nn->nn->nn->nn->assmod->nn,代(clf) — 战斗机(nn) — 发动机(nn) — 健康(nn) — 管理(nn) — 系统(assmod) — F119(nn),[第四代战斗机发动机健康管理系统] → [F119],7,航空发动机预测健康管理系统设计的关键技术,第四代战斗机发动机健康管理系统,F119
系统 → 需要 → 方案,nn->nn->nn->nn->nn->conj->dobj->nn,航空(nn) — 发动机(nn) — 预测(nn) — 健康(nn) — 管理(nn) — 系统(conj) — 方案(dobj) — 交联(nn),[航空发动机预测健康管理系统 (EPHM)] → [交联方案],8,航空发动机预测健康管理系统设计的关键技术,航空发动机预测健康管理系统 (EPHM),交联方案
方案 → 连接 → 设备,nn->dobj->assmod->pobj->conj,交联(nn) — 方案(dobj) — 与(assmod) — 发动机(pobj) — 飞机(conj),[交联方案] → [飞机],5,航空发动机预测健康管理系统设计的关键技术,交联方案,飞机
方案 → 连接 → 设备,nn->dobj->conj->root->dobj->assmod->nn,交联(nn) — 方案(dobj) — 设计(conj) — 介绍(root) — 功能(dobj) — 系统(assmod) — 发动机(nn),[交联方案] → [发动机],7,航空发动机预测健康管理系统设计的关键技术,交联方案,发动机
系统 → 包含 → 系统,nn->nn->nn->nn->nn->conj->dobj->conj->root->conj->dobj->assmod->conj->amod->amod->nn,航空(nn) — 发动机(nn) — 预测(nn) — 健康(nn) — 管理(nn) — 系统(conj) — 方案(dobj) — 设计(conj) — 介绍(root) — 完成(conj) — 设计(dobj) — 系统(assmod) — 系统(conj) — 在线(amod) — 机载(amod) — EPHM(nn),[航空发动机预测健康管理系统 (EPHM)] → [在线机载EPHM系统],16,航空发动机预测健康管理系统设计的关键技术,航空发动机预测健康管理系统 (EPHM),在线机载EPHM系统
系统 → 包含 → 系统,nn->nn->nn->nn->nn->conj->dobj->conj->root->conj->dobj->assmod->amod->nn,航空(nn) — 发动机(nn) — 预测(nn) — 健康(nn) — 管理(nn) — 系统(conj) — 方案(dobj) — 设计(conj) — 介绍(root) — 完成(conj) — 设计(dobj) — 系统(assmod) — 离线(amod) — EPHM(nn),[航空发动机预测健康管理系统 (EPHM)] → [离线EPHM系统],14,航空发动机预测健康管理系统设计的关键技术,航空发动机预测健康管理系统 (EPHM),离线EPHM系统
系统 → 具有 → 设计,amod->amod->nn->conj->assmod->dobj->amod->nn,在线(amod) — 机载(amod) — EPHM(nn) — 系统(conj) — 系统(assmod) — 设计(dobj) — 基本(amod) — 结构(nn),[在线机载EPHM系统] → [基本结构设计],8,航空发动机预测健康管理系统设计的关键技术,在线机载EPHM系统,基本结构设计
系统 → 具有 → 设计,amod->nn->assmod->dobj->amod->nn,离线(amod) — EPHM(nn) — 系统(assmod) — 设计(dobj) — 基本(amod) — 结构(nn),[离线EPHM系统] → [基本结构设计],6,航空发动机预测健康管理系统设计的关键技术,离线EPHM系统,基本结构设计
系统 → 应实现 → 指标,nn->nn->amod->nn->nn->nn->nsubj->rcmod->dobj->nn,航空(nn) — 发动机(nn) — 机载(amod) — 预测(nn) — 健康(nn) — 管理(nn) — 系统(nsubj) — 实现(rcmod) — 指标(dobj) — 技术(nn),[航空发动机机载预测健康管理系统] → [技术指标],10,航空发动机预测健康管理系统设计的关键技术,航空发动机机载预测健康管理系统,技术指标
任务 → 涉及 → 技术,nn->nn->nn->nn->nn->nn->assmod->dobj->amod,航空(nn) — 发动机(nn) — 预测(nn) — 健康(nn) — 管理(nn) — 系统(nn) — 设计(assmod) — 技术(dobj) — 关键(amod),[航空发动机预测健康管理系统设计] → [关键技术],9,航空发动机预测健康管理系统设计的关键技术,航空发动机预测健康管理系统设计,关键技术
技术 → 具有应用价值 → 应用领域,amod->nn->nsubj->root->root->prep->pobj->nn->conj->nn,大(amod) — 数据(nn) — 技术(nsubj) — 得到(root) — 有(root) — 在(prep) — 领域(pobj) — 保障(nn) — 设计(conj) — 飞行器(nn),[大数据技术] → [飞行器设计],10,航空大数据技术的发展与应用,大数据技术,飞行器设计
技术 → 具有应用价值 → 应用领域,amod->nn->nsubj->root->root->prep->pobj->nn->conj->nn->nn->nn,大(amod) — 数据(nn) — 技术(nsubj) — 得到(root) — 有(root) — 在(prep) — 领域(pobj) — 保障(nn) — 预测(conj) — 系统(nn) — 级(nn) — 故障(nn),[大数据技术] → [系统级故障预测],12,航空大数据技术的发展与应用,大数据技术,系统级故障预测
技术 → 具有应用价值 → 应用领域,amod->nn->nsubj->root->conj->prep->pobj->nn,大(amod) — 数据(nn) — 技术(nsubj) — 得到(root) — 得到(conj) — 在(prep) — 领域(pobj) — 航空(nn),[大数据技术] → [航空装备维修与保障],8,航空大数据技术的发展与应用,大数据技术,航空装备维修与保障
系统 → 用于验证 → 算法,nn->nn->nn->nn->nn->nn->dobj->root->prep->pobj->assmod->nn->nn->nn->conj,航空(nn) — 机电(nn) — 作动器(nn) — 健康(nn) — 管理(nn) — 验证(nn) — 系统(dobj) — 设计(root) — 针对(prep) — 需求(pobj) — 性能(assmod) — 管理(nn) — 健康(nn) — 智能(nn) — 算法(conj),[航空机电作动器健康管理验证系统] → [健康管理智能算法],15,航空机电作动器健康管理验证系统研究,航空机电作动器健康管理验证系统,健康管理智能算法
系统 → 用于评估 → Model,nn->nn->nn->nn->nn->nn->dobj->root->prep->pobj->assmod->nn->nn,航空(nn) — 机电(nn) — 作动器(nn) — 健康(nn) — 管理(nn) — 验证(nn) — 系统(dobj) — 设计(root) — 针对(prep) — 需求(pobj) — 性能(assmod) — 推理(nn) — 模型(nn),[航空机电作动器健康管理验证系统] → [推理模型],13,航空机电作动器健康管理验证系统研究,航空机电作动器健康管理验证系统,推理模型
系统 → 包含 → 硬件,nn->nn->nn->nn->nn->nn->dobj->root->conj->dobj->conj->rcmod->nn->nn,航空(nn) — 机电(nn) — 作动器(nn) — 健康(nn) — 管理(nn) — 验证(nn) — 系统(dobj) — 设计(root) — 提出(conj) — 模块(dobj) — 平台(conj) — 验证(rcmod) — 系统(nn) — 硬件(nn),[航空机电作动器健康管理验证系统] → [验证系统硬件平台],14,航空机电作动器健康管理验证系统研究,航空机电作动器健康管理验证系统,验证系统硬件平台
系统 → 包含 → 软件环境,nn->nn->nn->nn->nn->nn->dobj->root->conj->dobj->conj->amod->nn->nn,航空(nn) — 机电(nn) — 作动器(nn) — 健康(nn) — 管理(nn) — 验证(nn) — 系统(dobj) — 设计(root) — 提出(conj) — 模块(dobj) — 环境(conj) — 通用(amod) — 软件(nn) — 运行(nn),[航空机电作动器健康管理验证系统] → [通用软件运行环境],14,航空机电作动器健康管理验证系统研究,航空机电作动器健康管理验证系统,通用软件运行环境
系统 → 包含 → 模块,nn->nn->nn->nn->nn->nn->dobj->root->conj->dobj->cc->nn,航空(nn) — 机电(nn) — 作动器(nn) — 健康(nn) — 管理(nn) — 验证(nn) — 系统(dobj) — 设计(root) — 提出(conj) — 模块(dobj) — 与(cc) — 评估(nn),[航空机电作动器健康管理验证系统] → [验证与评估模块],12,航空机电作动器健康管理验证系统研究,航空机电作动器健康管理验证系统,验证与评估模块
软件环境 → 基于 → 模式,amod->nn->nn->conj->assmod->pobj->nn,通用(amod) — 软件(nn) — 运行(nn) — 环境(conj) — 基于(assmod) — 模式(pobj) — 组件(nn),[通用软件运行环境] → [组件模式],7,航空机电作动器健康管理验证系统研究,通用软件运行环境,组件模式
模块 → 支持 → 功能,cc->nn->dobj->rcmod->dobj->amod->nn,与(cc) — 评估(nn) — 模块(dobj) — 支持(rcmod) — 功能(dobj) — 实时(amod) — 显示(nn),[验证与评估模块] → [实时显示功能],7,航空机电作动器健康管理验证系统研究,验证与评估模块,实时显示功能
系统 → 提出 → 方法,nn->nn->nn->nn->nn->nn->dobj->root->conj->dobj->conj->nn->nn,航空(nn) — 机电(nn) — 作动器(nn) — 健康(nn) — 管理(nn) — 验证(nn) — 系统(dobj) — 设计(root) — 提出(conj) — 方法(dobj) — 方法(conj) — 数学(nn) — 建模(nn),[航空机电作动器健康管理验证系统] → [数学建模方法],13,航空机电作动器健康管理验证系统研究,航空机电作动器健康管理验证系统,数学建模方法
系统 → 提出 → 方法,nn->nn->nn->nn->nn->nn->dobj->root->conj->dobj->nn->nn,航空(nn) — 机电(nn) — 作动器(nn) — 健康(nn) — 管理(nn) — 验证(nn) — 系统(dobj) — 设计(root) — 提出(conj) — 方法(dobj) — 故障(nn) — 注入(nn),[航空机电作动器健康管理验证系统] → [故障注入方法],12,航空机电作动器健康管理验证系统研究,航空机电作动器健康管理验证系统,故障注入方法
方法 → 针对 → 组件,nn->nn->conj->assmod->conj,数学(nn) — 建模(nn) — 方法(conj) — 减速器(assmod) — 电机(conj),[数学建模方法] → [电机],5,航空机电作动器健康管理验证系统研究,数学建模方法,电机
方法 → 针对 → 组件,nn->nn->conj->assmod->conj,数学(nn) — 建模(nn) — 方法(conj) — 减速器(assmod) — 控制器(conj),[数学建模方法] → [控制器],5,航空机电作动器健康管理验证系统研究,数学建模方法,控制器
方法 → 针对 → 组件,nn->nn->conj->assmod->nn,数学(nn) — 建模(nn) — 方法(conj) — 减速器(assmod) — 齿轮(nn),[数学建模方法] → [齿轮减速器],5,航空机电作动器健康管理验证系统研究,数学建模方法,齿轮减速器
方法 → 针对 → 失效模式,nn->nn->dobj->assmod->amod->amod,故障(nn) — 注入(nn) — 方法(dobj) — 模式(assmod) — 主要(amod) — 失效(amod),[故障注入方法] → [主要失效模式],6,航空机电作动器健康管理验证系统研究,故障注入方法,主要失效模式
系统 → 支持 → 算法,nn->nn->nn->nn->nn->nn->dobj->root->dobj->assmod->nn->nn->conj,航空(nn) — 机电(nn) — 作动器(nn) — 健康(nn) — 管理(nn) — 验证(nn) — 系统(dobj) — 设计(root) — 调用(dobj) — 模型(assmod) — 健康(nn) — 管理(nn) — 算法(conj),[航空机电作动器健康管理验证系统] → [健康管理算法],13,航空机电作动器健康管理验证系统研究,航空机电作动器健康管理验证系统,健康管理算法
系统 → 支持 → Model,nn->nn->nn->nn->nn->nn->dobj->root->dobj->assmod->nn,航空(nn) — 机电(nn) — 作动器(nn) — 健康(nn) — 管理(nn) — 验证(nn) — 系统(dobj) — 设计(root) — 调用(dobj) — 模型(assmod) — 系统(nn),[航空机电作动器健康管理验证系统] → [系统模型],11,航空机电作动器健康管理验证系统研究,航空机电作动器健康管理验证系统,系统模型
系统 → 在线显示 → 信息,nn->nn->nn->nn->nn->nn->dobj->root->conj->dobj->assmod->cc->nn,航空(nn) — 机电(nn) — 作动器(nn) — 健康(nn) — 管理(nn) — 验证(nn) — 系统(dobj) — 设计(root) — 实现(conj) — 显示(dobj) — 信息(assmod) — 与(cc) — 评估(nn),[航空机电作动器健康管理验证系统] → [验证与评估信息],13,航空机电作动器健康管理验证系统研究,航空机电作动器健康管理验证系统,验证与评估信息
关键技术 → 提高 → Performance Metric,nn->nn->nn->top->root->attr->rcmod->dobj->conj,航空(nn) — 发动机(nn) — 健康(nn) — 管理(top) — 是(root) — 技术(attr) — 提高(rcmod) — 可承受性(dobj) — 安全性(conj),[航空发动机健康管理] → [安全性],9,航空燃气涡轮发动机气路故障诊断进展,航空发动机健康管理,安全性
关键技术 → 提高 → Performance Metric,nn->nn->nn->top->root->attr->rcmod->dobj->conj,航空(nn) — 发动机(nn) — 健康(nn) — 管理(top) — 是(root) — 技术(attr) — 提高(rcmod) — 可承受性(dobj) — 可靠性(conj),[航空发动机健康管理] → [可靠性],9,航空燃气涡轮发动机气路故障诊断进展,航空发动机健康管理,可靠性
关键技术 → 提高 → Performance Metric,nn->nn->nn->top->root->attr->rcmod->dobj->nn,航空(nn) — 发动机(nn) — 健康(nn) — 管理(top) — 是(root) — 技术(attr) — 提高(rcmod) — 可承受性(dobj) — 经济(nn),[航空发动机健康管理] → [经济可承受性],9,航空燃气涡轮发动机气路故障诊断进展,航空发动机健康管理,经济可承受性
关键技术 → 实现 → 维修方法,nn->nn->top->nn,航空(nn) — 健康(nn) — 管理(top) — 发动机(nn),[航空发动机健康管理] → [发动机视情维修],4,航空燃气涡轮发动机气路故障诊断进展,航空发动机健康管理,发动机视情维修
支撑技术 → 支撑 → 系统,nn->nn->top->nn,航空(nn) — 发动机(nn) — 管理(top) — 健康(nn),[航空发动机气路故障诊断] → [健康管理系统],4,航空燃气涡轮发动机气路故障诊断进展,航空发动机气路故障诊断,健康管理系统
流程 → 包括 → 步骤,nn->nn->top->root->root->nsubj->nn,航空(nn) — 发动机(nn) — 管理(top) — 是(root) — 作为(root) — 诊断(nsubj) — 气路(nn),[航空发动机气路故障诊断的总体实施流程] → [气路测量参数的选择],7,航空燃气涡轮发动机气路故障诊断进展,航空发动机气路故障诊断的总体实施流程,气路测量参数的选择
流程 → 包括 → 方法,nn->nn->top->root->root->attr->nn,航空(nn) — 发动机(nn) — 管理(top) — 是(root) — 是(root) — 之一(attr) — 方法(nn),[航空发动机气路故障诊断的总体实施流程] → [参数预处理方法],7,航空燃气涡轮发动机气路故障诊断进展,航空发动机气路故障诊断的总体实施流程,参数预处理方法
流程 → 包括 → 方法,nn->nn->top->root->root->attr->nn,航空(nn) — 发动机(nn) — 管理(top) — 是(root) — 是(root) — 之一(attr) — 方法(nn),[航空发动机气路故障诊断的总体实施流程] → [基线模型的构建方法],7,航空燃气涡轮发动机气路故障诊断进展,航空发动机气路故障诊断的总体实施流程,基线模型的构建方法
技术领域 → 包含 → 诊断方法,nn->nn->top->root->root->attr->nn,航空(nn) — 发动机(nn) — 管理(top) — 是(root) — 是(root) — 之一(attr) — 方法(nn),[航空发动机气路故障诊断] → [基于模型的诊断方法],7,航空燃气涡轮发动机气路故障诊断进展,航空发动机气路故障诊断,基于模型的诊断方法
技术领域 → 包含 → 诊断方法,nn->nn->top->root->root->attr->nn,航空(nn) — 发动机(nn) — 管理(top) — 是(root) — 是(root) — 之一(attr) — 方法(nn),[航空发动机气路故障诊断] → [数据驱动的诊断方法],7,航空燃气涡轮发动机气路故障诊断进展,航空发动机气路故障诊断,数据驱动的诊断方法
技术领域 → 未来发展方向 → 研究方向,nn->nn->nsubj->root->root->prep->pobj->conj->nn,气路(nn) — 故障(nn) — 诊断(nsubj) — 作为(root) — 进行(root) — 对(prep) — 现状(pobj) — 预测(conj) — 性能(nn),[气路故障诊断] → [性能预测],9,航空燃气涡轮发动机气路故障诊断进展,气路故障诊断,性能预测
技术领域 → 未来发展方向 → 研究方向,nn->nn->nsubj,气路(nn) — 故障(nn) — 诊断(nsubj),[气路故障诊断] → [在线气路故障诊断],3,航空燃气涡轮发动机气路故障诊断进展,气路故障诊断,在线气路故障诊断
技术领域 → 未来发展方向 → 研究方向,nn->nn->nsubj->root->root->prep->pobj->conj->nn,气路(nn) — 故障(nn) — 诊断(nsubj) — 作为(root) — 进行(root) — 对(prep) — 现状(pobj) — 融合(conj) — 信息(nn),[气路故障诊断] → [信息融合],9,航空燃气涡轮发动机气路故障诊断进展,气路故障诊断,信息融合
技术领域 → 未来发展方向 → 研究方向,nn->nn->nsubj,气路(nn) — 故障(nn) — 诊断(nsubj),[气路故障诊断] → [过渡态气路故障诊断],3,航空燃气涡轮发动机气路故障诊断进展,气路故障诊断,过渡态气路故障诊断
技术领域 → 形成 → 体系,nn->nn->top->root->root->attr->nn,航空(nn) — 发动机(nn) — 管理(top) — 是(root) — 是(root) — 之一(attr) — 方法(nn),[航空发动机气路故障诊断] → [诊断方法体系],7,航空燃气涡轮发动机气路故障诊断进展,航空发动机气路故障诊断,诊断方法体系
体系 → 基于 → 诊断方法,nn,方法(nn),[诊断方法体系] → [基于模型的诊断方法],1,航空燃气涡轮发动机气路故障诊断进展,诊断方法体系,基于模型的诊断方法
体系 → 基于 → 诊断方法,nn,方法(nn),[诊断方法体系] → [数据驱动的诊断方法],1,航空燃气涡轮发动机气路故障诊断进展,诊断方法体系,数据驱动的诊断方法
国家 → 应建立 → 设计体系,plmod->prep->root->root->top->nn->nn->nn,中(plmod) — 在(prep) — 具有(root) — 是(root) — 管理(top) — 航空(nn) — 发动机(nn) — 健康(nn),[中国] → [航空发动机健康管理系统的设计体系],8,航空燃气涡轮发动机气路故障诊断进展,中国,航空发动机健康管理系统的设计体系
合作模式 → 提供技术支撑 → 系统,nummod->nn->dobj->root->root->top->nn->nn->nn,多(nummod) — 方(nn) — 协作(dobj) — 增强(root) — 是(root) — 管理(top) — 航空(nn) — 发动机(nn) — 健康(nn),[多方协作] → [先进航空发动机健康管理系统],9,航空燃气涡轮发动机气路故障诊断进展,多方协作,先进航空发动机健康管理系统
设备 → 支撑 → 系统,nn->nn->nn->top->root->attr->assmod->nn->nn,航空(nn) — 状态(nn) — 监测(nn) — 传感器(top) — 是(root) — 基础(attr) — 管理(assmod) — 飞机(nn) — 健康(nn),[航空状态监测传感器] → [飞机健康管理],9,航空状态监测传感器技术的发展,航空状态监测传感器,飞机健康管理
设备 → 基于 → 技术,nn->nn->nn->top->root->root->conj->prep->pobj->rcmod->dobj->conj,航空(nn) — 状态(nn) — 监测(nn) — 传感器(top) — 是(root) — 概述(root) — 做(conj) — 针对(prep) — 进展(pobj) — 基于(rcmod) — 原理(dobj) — MEMS(conj),[新型航空状态监测传感器] → [MEMS],12,航空状态监测传感器技术的发展,新型航空状态监测传感器,MEMS
设备 → 基于 → 技术,nn->nn->nn->top->root->root->conj->prep->pobj->rcmod->dobj->conj,航空(nn) — 状态(nn) — 监测(nn) — 传感器(top) — 是(root) — 概述(root) — 做(conj) — 针对(prep) — 进展(pobj) — 基于(rcmod) — 原理(dobj) — 光纤(conj),[新型航空状态监测传感器] → [光纤],12,航空状态监测传感器技术的发展,新型航空状态监测传感器,光纤
设备 → 基于 → 技术,nn->nn->nn->top->root->root->conj->prep->pobj->rcmod->dobj->conj->amod->nn,航空(nn) — 状态(nn) — 监测(nn) — 传感器(top) — 是(root) — 概述(root) — 做(conj) — 针对(prep) — 进展(pobj) — 基于(rcmod) — 原理(dobj) — 网络(conj) — 无线(amod) — 传感(nn),[新型航空状态监测传感器] → [无线传感网络],14,航空状态监测传感器技术的发展,新型航空状态监测传感器,无线传感网络
设备 → 基于 → 原理,nn->nn->nn->top->root->root->conj->prep->pobj->rcmod->dobj->nn->nn,航空(nn) — 状态(nn) — 监测(nn) — 传感器(top) — 是(root) — 概述(root) — 做(conj) — 针对(prep) — 进展(pobj) — 基于(rcmod) — 原理(dobj) — 静电(nn) — 感应(nn),[新型航空状态监测传感器] → [静电感应原理],13,航空状态监测传感器技术的发展,新型航空状态监测传感器,静电感应原理
设备 → 属于 → 设备,nn->nn->nn->top,航空(nn) — 状态(nn) — 监测(nn) — 传感器(top),[新型航空状态监测传感器] → [航空状态监测传感器],4,航空状态监测传感器技术的发展,新型航空状态监测传感器,航空状态监测传感器
专家系统 → 涉及 → 关键技术,nn->nn->nn->nn->nn->nn->nn->assmod->dobj->root->dobj->nn->conj->assmod->nn,航空(nn) — 电子(nn) — 健康(nn) — 管理(nn) — 专家(nn) — 系统(nn) — 系统(nn) — 平台(assmod) — 概念(dobj) — 介绍(root) — 技术(dobj) — 策略(nn) — 模式(conj) — 状态(assmod) — 健康(nn),[航空电子系统健康管理专家系统] → [健康状态的管理模式],15,航空电子系统健康管理专家系统的关键技术综述,航空电子系统健康管理专家系统,健康状态的管理模式
专家系统 → 涉及 → 关键技术,nn->nn->nn->nn->nn->nn->nn->assmod->dobj->root->dobj->nn->conj->assmod->assm->nn,航空(nn) — 电子(nn) — 健康(nn) — 管理(nn) — 专家(nn) — 系统(nn) — 系统(nn) — 平台(assmod) — 概念(dobj) — 介绍(root) — 技术(dobj) — 策略(nn) — 设计(conj) — 推理机(assmod) — 的(assm) — 模型(nn),[航空电子系统健康管理专家系统] → [推理机的模型设计],16,航空电子系统健康管理专家系统的关键技术综述,航空电子系统健康管理专家系统,推理机的模型设计
专家系统 → 涉及 → 关键技术,nn->nn->nn->nn->nn->nn->nn->assmod->dobj->root->dobj->nn->nn->nn,航空(nn) — 电子(nn) — 健康(nn) — 管理(nn) — 专家(nn) — 系统(nn) — 系统(nn) — 平台(assmod) — 概念(dobj) — 介绍(root) — 技术(dobj) — 策略(nn) — 故障(nn) — 修复(nn),[航空电子系统健康管理专家系统] → [故障修复策略],14,航空电子系统健康管理专家系统的关键技术综述,航空电子系统健康管理专家系统,故障修复策略
技术 → 高于 → 技术,conj->nn->nn->top->root->attr->rcmod->prep->pobj->assmod->assm->nn->nn,预测(conj) — 故障(nn) — 管理(nn) — 技术(top) — 是(root) — 技术(attr) — 高级(rcmod) — 比(prep) — 技术(pobj) — 传统(assmod) — 的(assm) — 故障(nn) — 诊断(nn),[故障预测与健康管理(PHM)技术] → [传统的故障诊断技术],13,航空电子系统故障预测与健康管理技术现状与发展,故障预测与健康管理(PHM)技术,传统的故障诊断技术
任务 → 包含方法 → 方法,nn->conj->nn->top->root->root->dobj->conj->nn,故障(nn) — 预测(conj) — 管理(nn) — 技术(top) — 是(root) — 总结(root) — 综合法(dobj) — 参数法(conj) — 特征(nn),[电子系统故障预测] → [特征参数法],9,航空电子系统故障预测与健康管理技术现状与发展,电子系统故障预测,特征参数法
任务 → 包含方法 → 方法,nn->conj->nn->top->root->root->dobj->conj->amod,故障(nn) — 预测(conj) — 管理(nn) — 技术(top) — 是(root) — 总结(root) — 综合法(dobj) — 电路(conj) — 预警(amod),[电子系统故障预测] → [预警电路],9,航空电子系统故障预测与健康管理技术现状与发展,电子系统故障预测,预警电路
任务 → 包含方法 → 方法,nn->conj->nn->top->root->root->dobj->conj->amod->nn,故障(nn) — 预测(conj) — 管理(nn) — 技术(top) — 是(root) — 总结(root) — 综合法(dobj) — 模型法(conj) — 累积(amod) — 损伤(nn),[电子系统故障预测] → [累积损伤模型法],10,航空电子系统故障预测与健康管理技术现状与发展,电子系统故障预测,累积损伤模型法
任务 → 包含方法 → 方法,nn->conj->nn->top->root->root->dobj,故障(nn) — 预测(conj) — 管理(nn) — 技术(top) — 是(root) — 总结(root) — 综合法(dobj),[电子系统故障预测] → [综合法],7,航空电子系统故障预测与健康管理技术现状与发展,电子系统故障预测,综合法
技术 → 面临挑战 → 挑战,punct->prnmod->punct->top->nn->root->root->conj->dobj->rcmod->prep->pobj->nn->conj->nn->nn,((punct) — PHM(prnmod) — )(punct) — 技术(top) — 管理(nn) — 是(root) — 总结(root) — 探讨(conj) — 挑战(dobj) — 遇到(rcmod) — 在(prep) — 方面(pobj) — 质量(nn) — 获取(conj) — 特征(nn) — 参数(nn),[电子系统PHM技术] → [特征参数获取],16,航空电子系统故障预测与健康管理技术现状与发展,电子系统PHM技术,特征参数获取
技术 → 面临挑战 → 挑战,punct->prnmod->punct->top->nn->root->root->conj->dobj->rcmod->prep->pobj->nn->nn->amod->conj,((punct) — PHM(prnmod) — )(punct) — 技术(top) — 管理(nn) — 是(root) — 总结(root) — 探讨(conj) — 挑战(dobj) — 遇到(rcmod) — 在(prep) — 方面(pobj) — 质量(nn) — 损伤(nn) — 物理(amod) — 模型(conj),[电子系统PHM技术] → [物理损伤模型],16,航空电子系统故障预测与健康管理技术现状与发展,电子系统PHM技术,物理损伤模型
技术 → 面临挑战 → 挑战,punct->punct->prnmod->nn->top->root->conj->dep->prep->pobj->nn,((punct) — )(punct) — PHM(prnmod) — 管理(nn) — 技术(top) — 是(root) — 成为(conj) — 应用(dep) — 于(prep) — 系统(pobj) — 电子(nn),[电子系统PHM技术] → [电子元器件质量],11,航空电子系统故障预测与健康管理技术现状与发展,电子系统PHM技术,电子元器件质量
技术 → 需要考虑 → 发展方向,punct->prnmod->punct->top->nn->root->root->prep->pobj->nn->conj,((punct) — PHM(prnmod) — )(punct) — 技术(top) — 管理(nn) — 是(root) — 提出(root) — 从(prep) — 方面(pobj) — 指标(nn) — 可测性(conj),[电子系统PHM技术] → [可测性],11,航空电子系统故障预测与健康管理技术现状与发展,电子系统PHM技术,可测性
技术 → 需要考虑 → 发展方向,punct->punct->top->prnmod,((punct) — )(punct) — 技术(top) — PHM(prnmod),[电子系统PHM技术] → [PHM的标准化],4,航空电子系统故障预测与健康管理技术现状与发展,电子系统PHM技术,PHM的标准化
技术 → 需要考虑 → 发展方向,punct->prnmod->punct->top->nn->root->root->prep->pobj->nn->nn,((punct) — PHM(prnmod) — )(punct) — 技术(top) — 管理(nn) — 是(root) — 提出(root) — 从(prep) — 方面(pobj) — 指标(nn) — 评价(nn),[电子系统PHM技术] → [评价指标],11,航空电子系统故障预测与健康管理技术现状与发展,电子系统PHM技术,评价指标
框架 → 覆盖 → 阶段,nn->conj->nn->dobj->rcmod->dobj->nn->nn->amod->nn,预测(nn) — 框架(conj) — 故障(nn) — 方法(dobj) — 覆盖(rcmod) — 周期(dobj) — 电子(nn) — 设备(nn) — 全(amod) — 寿命(nn),[故障预测框架] → [电子设备全寿命周期],10,航空电子设备故障预测框架与方法,故障预测框架,电子设备全寿命周期
因素 → 造成 → 问题,nn->nsubj->rcmod->pobj->amod,环境(nn) — 应力(nsubj) — 造成(rcmod) — 损伤(pobj) — 累积(amod),[环境应力] → [累积损伤],5,航空电子设备故障预测框架与方法,环境应力,累积损伤
软件 → 用于 → 设计,nn->nn->dobj->conj->root->root->dobj->nn,辅助(nn) — 软件(nn) — eXpress(dobj) — 采用(conj) — 提出(root) — 提出(root) — 方法(dobj) — 预测(nn),[辅助软件eXpress] → [可预测性设计],8,航空电子设备故障预测框架与方法,辅助软件eXpress,可预测性设计
准则 → 基于 → 理论,nummod->nn->nn->nn->dobj->root->prep->pobj->nn,多(nummod) — 指标(nn) — 评价(nn) — 准则(nn) — 方法(dobj) — 采用(root) — 基于(prep) — 理论(pobj) — 信息熵(nn),[多指标评价准则] → [信息熵理论],9,航空电子设备故障预测框架与方法,多指标评价准则,信息熵理论
准则 → 融合 → 方法,nummod->nn->nn->nn->dobj->root->root->dobj->nn,多(nummod) — 指标(nn) — 评价(nn) — 准则(nn) — 方法(dobj) — 采用(root) — 提出(root) — 方法(dobj) — 预测(nn),[多指标评价准则] → [单项预测方法],9,航空电子设备故障预测框架与方法,多指标评价准则,单项预测方法
框架 → 验证于 → 设备,conj->nn->dobj->rcmod->dobj->nn->nn,框架(conj) — 预测(nn) — 方法(dobj) — 覆盖(rcmod) — 周期(dobj) — 设备(nn) — 电子(nn),[预测框架] → [某型电子设备],7,航空电子设备故障预测框架与方法,预测框架,某型电子设备
技术 → 是关键技术 → 应用领域,nn->nn->top->root->attr->assmod->nn->nn->nn->nn,故障(nn) — 特征(nn) — 提取(top) — 是(root) — 技术(attr) — 预测(assmod) — 航空(nn) — 电子(nn) — 设备(nn) — 故障(nn),[故障特征提取] → [航空电子设备故障预测],10,航空电子设备故障预测特征参数提取方法研究,故障特征提取,航空电子设备故障预测
设备 → 属于 → 组件类型,nn->nn->nn->assmod->attr->root->conj->prep->pccomp->dobj->amod->nn->amod,航空(nn) — 电子(nn) — 设备(nn) — 预测(assmod) — 技术(attr) — 是(root) — 混叠(conj) — 由于(prep) — 属于(pccomp) — 电路(dobj) — 大(amod) — 规模(nn) — 集成(amod),[航空电子设备] → [大规模集成电路],13,航空电子设备故障预测特征参数提取方法研究,航空电子设备,大规模集成电路
问题 → 影响 → Performance Metric,nn->nn->top->root->conj->conj->dobj->nn->nn->conj,特征(nn) — 故障(nn) — 提取(top) — 是(root) — 混叠(conj) — 影响(conj) — 速度(dobj) — 故障(nn) — 预测(nn) — 精度(conj),[故障特征数量大] → [故障预测精度],10,航空电子设备故障预测特征参数提取方法研究,故障特征数量大,故障预测精度
问题 → 影响 → Performance Metric,nn->nn->top->root->attr->assmod->nn,特征(nn) — 故障(nn) — 提取(top) — 是(root) — 技术(attr) — 预测(assmod) — 故障(nn),[故障特征数量大] → [故障预测速度],7,航空电子设备故障预测特征参数提取方法研究,故障特征数量大,故障预测速度
方法 → 估计 → 属性,amod->nn->dobj->pccomp->prep->conj->root->top->nn->nn,大(amod) — 规模(nn) — 电路(dobj) — 属于(pccomp) — 由于(prep) — 混叠(conj) — 是(root) — 提取(top) — 故障(nn) — 特征(nn),[极大似然法] → [故障特征维数],10,航空电子设备故障预测特征参数提取方法研究,极大似然法,故障特征维数
方法 → 提取 → 数据,dobj->advmod->vmod->nn->nn->rcmod->nsubj->ccomp->root->root->top->nn->nn,降噪(dobj) — 自(advmod) — 编码(vmod) — 神经(nn) — 网络(nn) — 基于(rcmod) — 方法(nsubj) — 提取(ccomp) — 提出(root) — 是(root) — 提取(top) — 故障(nn) — 特征(nn),[降噪自编码神经网络] → [关键故障特征],13,航空电子设备故障预测特征参数提取方法研究,降噪自编码神经网络,关键故障特征
方法 → 去除 → 数据,dobj->advmod->vmod->nn->nn->rcmod->nsubj->ccomp->root->root->conj->top->prep->plmod->lobj,降噪(dobj) — 自(advmod) — 编码(vmod) — 神经(nn) — 网络(nn) — 基于(rcmod) — 方法(nsubj) — 提取(ccomp) — 提出(root) — 是(root) — 是(conj) — 提取(top) — 从(prep) — 中(plmod) — 信息(lobj),[降噪自编码神经网络] → [冗余信息],15,航空电子设备故障预测特征参数提取方法研究,降噪自编码神经网络,冗余信息
方法 → 验证于 → 组件,etc->nn->dobj->conj->root->attr->assmod->nn->nn->nn,等(etc) — 分解(nn) — 方法(dobj) — 采用(conj) — 是(root) — 技术(attr) — 预测(assmod) — 设备(nn) — 航空(nn) — 电子(nn),[新方法] → [航空电子系统电源模块],10,航空电子设备故障预测特征参数提取方法研究,新方法,航空电子系统电源模块
技术 → 验证 → 方法,nn->dobj->conj->conj->root->root->conj->dobj->nn->etc,健康(nn) — 评估(dobj) — 进行(conj) — 采用(conj) — 使用(root) — 是(root) — 采用(conj) — 方法(dobj) — 分解(nn) — 等(etc),[健康评估] → [新方法],10,航空电子设备故障预测特征参数提取方法研究,健康评估,新方法
技术 → 验证 → 方法,nn->nn->top->root->conj->dobj->nn->etc,特征(nn) — 故障(nn) — 提取(top) — 是(root) — 采用(conj) — 方法(dobj) — 分解(nn) — 等(etc),[故障特征可视化] → [新方法],8,航空电子设备故障预测特征参数提取方法研究,故障特征可视化,新方法
研究课题 → 提出 → 方法,nn->nn->nn->nn->nsubj->dep->ccomp->conj->root->dobj->conj->assmod->cpm->nn->nn->nn->nn->nn->nn,航空(nn) — 装备(nn) — 风险(nn) — 故障(nn) — 趋势(nsubj) — 有效(dep) — 预测(ccomp) — 表明(conj) — 提出(root) — 方法(dobj) — 方法(conj) — 基于(assmod) — 的(cpm) — 飞行(nn) — 试验(nn) — 故障(nn) — 后果(nn) — 定量(nn) — 分析(nn),[航空装备故障风险分析与趋势预测方法] → [基于可拓学的飞行试验故障后果定量分析方法],19,航空装备故障风险分析与趋势预测方法,航空装备故障风险分析与趋势预测方法,基于可拓学的飞行试验故障后果定量分析方法
研究课题 → 提出 → 方法,nn->nn->nn->nn->nsubj->dep->ccomp->conj->root->dobj->conj->assmod->nn->nn->nn->nn->nn,航空(nn) — 装备(nn) — 风险(nn) — 故障(nn) — 趋势(nsubj) — 有效(dep) — 预测(ccomp) — 表明(conj) — 提出(root) — 方法(dobj) — 方法(conj) — 分析法(assmod) — 试验(nn) — 飞行(nn) — 故障(nn) — 可能性(nn) — 评定(nn),[航空装备故障风险分析与趋势预测方法] → [飞行试验故障可能性评定方法],17,航空装备故障风险分析与趋势预测方法,航空装备故障风险分析与趋势预测方法,飞行试验故障可能性评定方法
研究课题 → 提出 → 方法,nn->nn->nn->nn->nsubj->dep->ccomp->conj->root->dobj->assmod->assm->nn->nn->amod->nn->nn->nn,航空(nn) — 装备(nn) — 风险(nn) — 故障(nn) — 趋势(nsubj) — 有效(dep) — 预测(ccomp) — 表明(conj) — 提出(root) — 方法(dobj) — 基于(assmod) — 的(assm) — 故障(nn) — 风险(nn) — 综合(amod) — 预警(nn) — 信号(nn) — 预测(nn),[航空装备故障风险分析与趋势预测方法] → [基于灰色波形的故障风险综合预警信号预测方法],18,航空装备故障风险分析与趋势预测方法,航空装备故障风险分析与趋势预测方法,基于灰色波形的故障风险综合预警信号预测方法
方法 → 应用 → 技术,nn->nn->nn->nn->conj->nn->assmod->conj->nn,飞行(nn) — 故障(nn) — 可能性(nn) — 评定(nn) — 方法(conj) — 试验(nn) — 分析法(assmod) — 抽样(conj) — 蒙特卡洛(nn),[飞行试验故障可能性评定方法] → [蒙特卡洛抽样],9,航空装备故障风险分析与趋势预测方法,飞行试验故障可能性评定方法,蒙特卡洛抽样
方法 → 应用 → 技术,nn->nn->nn->nn->conj->nn->assmod->nn,飞行(nn) — 故障(nn) — 可能性(nn) — 评定(nn) — 方法(conj) — 试验(nn) — 分析法(assmod) — 层次(nn),[飞行试验故障可能性评定方法] → [层次分析法],8,航空装备故障风险分析与趋势预测方法,飞行试验故障可能性评定方法,层次分析法
方法 → 预测 → 分析目标,nn->nn->amod->nn->nn->nn->assm->assmod->dobj->root->conj->ccomp->dep->nsubj->nn->nn->nn->nn,故障(nn) — 风险(nn) — 综合(amod) — 预警(nn) — 信号(nn) — 预测(nn) — 的(assm) — 基于(assmod) — 方法(dobj) — 提出(root) — 表明(conj) — 预测(ccomp) — 有效(dep) — 趋势(nsubj) — 航空(nn) — 装备(nn) — 故障(nn) — 风险(nn),[基于灰色波形的故障风险综合预警信号预测方法] → [航空装备故障风险趋势],18,航空装备故障风险分析与趋势预测方法,基于灰色波形的故障风险综合预警信号预测方法,航空装备故障风险趋势
方法 → 适合于 → Application,nn->nn->amod->nn->nn->nn->assm->assmod->dobj->root->conj->ccomp->dep->dep->prep->pobj->amod,故障(nn) — 风险(nn) — 综合(amod) — 预警(nn) — 信号(nn) — 预测(nn) — 的(assm) — 基于(assmod) — 方法(dobj) — 提出(root) — 表明(conj) — 预测(ccomp) — 有效(dep) — 适合(dep) — 于(prep) — 预测(pobj) — 短期(amod),[基于灰色波形的故障风险综合预警信号预测方法] → [短期预测],17,航空装备故障风险分析与趋势预测方法,基于灰色波形的故障风险综合预警信号预测方法,短期预测
指标 → 实现 → 功能,nn->amod->nn->nn->dobj->conj->conj->dobj->conj->amod,风险(nn) — 综合(amod) — 预警(nn) — 指数(nn) — 曲线(dobj) — 建立(conj) — 实现(conj) — 预测(dobj) — 监控(conj) — 实时(amod),[风险综合预警指数曲线] → [实时监控],10,航空装备故障风险分析与趋势预测方法,风险综合预警指数曲线,实时监控
指标 → 实现 → 功能,nn->amod->nn->nn->dobj->conj->root->prep->pobj->rcmod->dobj->nn->cc->nn,风险(nn) — 综合(amod) — 预警(nn) — 指数(nn) — 曲线(dobj) — 建立(conj) — 提出(root) — 针对(prep) — 问题(pobj) — 形成(rcmod) — 方法(dobj) — 预测(nn) — 与(cc) — 趋势(nn),[风险综合预警指数曲线] → [短期趋势预测],14,航空装备故障风险分析与趋势预测方法,风险综合预警指数曲线,短期趋势预测
方法 → 提供思路 → 应用领域,dobj->rcmod->pobj->prep->root->conj->prep->pobj->nn->nn->nn->nn->conj,方法(dobj) — 形成(rcmod) — 问题(pobj) — 针对(prep) — 提出(root) — 提供(conj) — 为(prep) — 预警(pobj) — 故障(nn) — 飞行(nn) — 试验(nn) — 风险(nn) — 监测(conj),[本文方法] → [飞行试验故障风险监测与预警],13,航空装备故障风险分析与趋势预测方法,本文方法,飞行试验故障风险监测与预警
方法 → 制约 → 过程,conj->nn->nsubj->root->dobj->rcmod->dobj->nn->nn->nn->nn,验证(conj) — PHM(nn) — 方法(nsubj) — 成为(root) — 难点(dobj) — 制约(rcmod) — 转化(dobj) — PHM(nn) — 技术(nn) — 成果(nn) — 工程(nn),[PHM验证与确认方法] → [PHM技术成果工程转化],11,航空装备预测与健康管理系统的验证方法概述,PHM验证与确认方法,PHM技术成果工程转化
生命周期 → 包含 → 流程,nn->nsubj->pccomp->prep->root->nsubj->nn->conj,PHM(nn) — 技术(nsubj) — 迅速(pccomp) — 随着(prep) — 成为(root) — 方法(nsubj) — 确认(nn) — 验证(conj),[PHM系统全寿命周期] → [验证流程],8,航空装备预测与健康管理系统的验证方法概述,PHM系统全寿命周期,验证流程
流程 → 包含 → 阶段,conj->nn->nsubj->root->root->dep->dobj->assmod->pobj->nn->nn->conj,验证(conj) — 确认(nn) — 方法(nsubj) — 成为(root) — 提出(root) — 明确(dep) — 要求(dobj) — 在(assmod) — 阶段(pobj) — 维护(nn) — 需求(nn) — 分析(conj),[验证流程] → [需求分析阶段],12,航空装备预测与健康管理系统的验证方法概述,验证流程,需求分析阶段
流程 → 包含 → 阶段,conj->nn->nsubj->root->root->dep->dobj->assmod->pobj->nn->punct->nn->conj,验证(conj) — 确认(nn) — 方法(nsubj) — 成为(root) — 提出(root) — 明确(dep) — 要求(dobj) — 在(assmod) — 阶段(pobj) — 维护(nn) — 、(punct) — 设计(nn) — 研制(conj),[验证流程] → [设计研制阶段],13,航空装备预测与健康管理系统的验证方法概述,验证流程,设计研制阶段
流程 → 包含 → 阶段,conj->nn->nsubj->root->root->dep->dobj->assmod->pobj->cc->nn->etc,验证(conj) — 确认(nn) — 方法(nsubj) — 成为(root) — 提出(root) — 明确(dep) — 要求(dobj) — 在(assmod) — 阶段(pobj) — 与(cc) — 维护(nn) — 等(etc),[验证流程] → [使用与维护阶段],12,航空装备预测与健康管理系统的验证方法概述,验证流程,使用与维护阶段
文献 → 提出 → 流程,cc->nn->nn->nsubj->pccomp->prep->root->nsubj->nn->conj,与(cc) — 健康(nn) — 管理(nn) — 技术(nsubj) — 迅速(pccomp) — 随着(prep) — 成为(root) — 方法(nsubj) — 确认(nn) — 验证(conj),[航空装备预测与健康管理系统的验证方法概述] → [验证流程],10,航空装备预测与健康管理系统的验证方法概述,航空装备预测与健康管理系统的验证方法概述,验证流程
文献 → 阐述 → 方法,cc->nn->nn->nsubj->pccomp->prep->root->nsubj->nn->conj,与(cc) — 健康(nn) — 管理(nn) — 技术(nsubj) — 迅速(pccomp) — 随着(prep) — 成为(root) — 方法(nsubj) — PHM(nn) — 验证(conj),[航空装备预测与健康管理系统的验证方法概述] → [PHM验证和确认方法],10,航空装备预测与健康管理系统的验证方法概述,航空装备预测与健康管理系统的验证方法概述,PHM验证和确认方法
维修模式 → 演变为 → 维修模式,assmod->assm->nn->nn->nsubj->root->dobj->prep->pobj->assmod->assm->amod,飞机(assmod) — 的(assm) — 维修(nn) — 保障(nn) — 模式(nsubj) — 经历(root) — 演变(dobj) — 向(prep) — 维修(pobj) — 基于(assmod) — 的(assm) — 预测性(amod),[飞机维修保障模式] → [基于状态的预测性维修],12,航空预测性维修研究进展,飞机维修保障模式,基于状态的预测性维修
维修模式 → 是 → 工程方法,amod->pobj->prep->dobj->root->root->attr->nn,预测性(amod) — 维修(pobj) — 向(prep) — 演变(dobj) — 经历(root) — 是(root) — 工程(attr) — 系统(nn),[预测性维修] → [系统工程],8,航空预测性维修研究进展,预测性维修,系统工程
维修模式 → 整合 → 要素,amod->pobj->prep->dobj->root->root->nsubj->conj,预测性(amod) — 维修(pobj) — 向(prep) — 演变(dobj) — 经历(root) — 应用(root) — 能力(nsubj) — 技术(conj),[预测性维修] → [技术],8,航空预测性维修研究进展,预测性维修,技术
维修模式 → 整合 → 要素,amod->pobj->prep->dobj->root->root->nsubj->conj,预测性(amod) — 维修(pobj) — 向(prep) — 演变(dobj) — 经历(root) — 应用(root) — 能力(nsubj) — 过程(conj),[预测性维修] → [过程],8,航空预测性维修研究进展,预测性维修,过程
维修模式 → 整合 → 要素,amod->pobj->prep->dobj->root->root->nsubj,预测性(amod) — 维修(pobj) — 向(prep) — 演变(dobj) — 经历(root) — 应用(root) — 能力(nsubj),[预测性维修] → [能力],7,航空预测性维修研究进展,预测性维修,能力
维修模式 → 涉及 → 规范/政策,amod->pobj->prep->dobj->root->root->dobj->nn->conj,预测性(amod) — 维修(pobj) — 向(prep) — 演变(dobj) — 经历(root) — 涉及(root) — 技术(dobj) — 管理(nn) — 政策(conj),[预测性维修] → [管理政策],9,航空预测性维修研究进展,预测性维修,管理政策
维修模式 → 涉及 → 规范/政策,amod->pobj->prep->dobj->root->root->dobj->conj->nn,预测性(amod) — 维修(pobj) — 向(prep) — 演变(dobj) — 经历(root) — 涉及(root) — 技术(dobj) — 规范(conj) — 标准(nn),[预测性维修] → [标准规范],9,航空预测性维修研究进展,预测性维修,标准规范
维修模式 → 贯穿 → 阶段,amod->pobj->prep->dobj->root->root->dobj->nn->nn,预测性(amod) — 维修(pobj) — 向(prep) — 演变(dobj) — 经历(root) — 贯穿(root) — 运行(dobj) — 周期(nn) — 寿命(nn),[预测性维修] → [寿命周期],9,航空预测性维修研究进展,预测性维修,寿命周期
维修模式 → 包含 → 关键技术,assm->amod->pobj->assmod->prep->dobj->root->root->dobj->nn,的(assm) — 预测性(amod) — 维修(pobj) — 基于(assmod) — 向(prep) — 演变(dobj) — 经历(root) — 综述(root) — 进展(dobj) — 航空(nn),[航空预测性维修] → [航空健康监测],10,航空预测性维修研究进展,航空预测性维修,航空健康监测
维修模式 → 包含 → 关键技术,assm->amod->pobj->assmod->prep->dobj->root->root->dobj->conj->conj->nn,的(assm) — 预测性(amod) — 维修(pobj) — 基于(assmod) — 向(prep) — 演变(dobj) — 经历(root) — 梳理(root) — 现状(dobj) — 预测(conj) — 诊断(conj) — 故障(nn),[航空预测性维修] → [故障诊断],12,航空预测性维修研究进展,航空预测性维修,故障诊断
维修模式 → 包含 → 关键技术,assm->amod->pobj->assmod->prep->dobj->root->root->dobj->conj->nn,的(assm) — 预测性(amod) — 维修(pobj) — 基于(assmod) — 向(prep) — 演变(dobj) — 经历(root) — 梳理(root) — 现状(dobj) — 预测(conj) — 失效(nn),[航空预测性维修] → [失效预测],11,航空预测性维修研究进展,航空预测性维修,失效预测
维修模式 → 包含 → 关键技术,amod->pobj->assm,预测性(amod) — 维修(pobj) — 的(assm),[航空预测性维修] → [预测性维修决策技术],3,航空预测性维修研究进展,航空预测性维修,预测性维修决策技术
维修模式 → 面临 → 挑战,assm->amod->pobj->assmod->prep->dobj->root->root->nsubj->rcmod->cpm->conj,的(assm) — 预测性(amod) — 维修(pobj) — 基于(assmod) — 向(prep) — 演变(dobj) — 经历(root) — 应用(root) — 能力(nsubj) — 适用(rcmod) — 的(cpm) — 技术(conj),[航空预测性维修] → [技术挑战],12,航空预测性维修研究进展,航空预测性维修,技术挑战
维修模式 → 面临 → 挑战,assm->amod->pobj->assmod->prep->dobj->root->root,的(assm) — 预测性(amod) — 维修(pobj) — 基于(assmod) — 向(prep) — 演变(dobj) — 经历(root) — 应用(root),[航空预测性维修] → [应用挑战],8,航空预测性维修研究进展,航空预测性维修,应用挑战
实践 → 涉及 → 规范/政策,assm->amod->pobj->assmod->prep->dobj->root->root->dobj->punct->nn,的(assm) — 预测性(amod) — 维修(pobj) — 基于(assmod) — 向(prep) — 演变(dobj) — 经历(root) — 涉及(root) — 技术(dobj) — 、(punct) — 标准(nn),[预测性维修实践] → [行业标准],11,航空预测性维修研究进展,预测性维修实践,行业标准
实践 → 涉及 → 实践,assm->amod->pobj->assmod->prep->dobj->root->root->dobj->nn,的(assm) — 预测性(amod) — 维修(pobj) — 基于(assmod) — 向(prep) — 演变(dobj) — 经历(root) — 总结(root) — 情况(dobj) — 实践(nn),[预测性维修实践] → [工业界实践],10,航空预测性维修研究进展,预测性维修实践,工业界实践
实践 → 涉及 → 实践,assm->amod->pobj->assmod->prep->dobj->root->root->dobj->nn,的(assm) — 预测性(amod) — 维修(pobj) — 基于(assmod) — 向(prep) — 演变(dobj) — 经历(root) — 总结(root) — 情况(dobj) — 实践(nn),[预测性维修实践] → [用户实践],10,航空预测性维修研究进展,预测性维修实践,用户实践
传统方法 → 适用于 → Model,amod->nn->nn->nn->nsubj->root->prep->pobj->amod->nn,传统(amod) — 模型(nn) — 匹配(nn) — 检测(nn) — 方法(nsubj) — 适用(root) — 于(prep) — 模型(pobj) — 线性(amod) — 气动(nn),[传统模型匹配检测方法] → [线性气动模型],10,舵面损伤在线故障模式预测及故障检测,传统模型匹配检测方法,线性气动模型
传统方法 → 受影响于 → 影响因素,amod->nn->nn->nn->nsubj->root->conj->dep->dobj->nn->cc->amod,传统(amod) — 模型(nn) — 匹配(nn) — 检测(nn) — 方法(nsubj) — 适用(root) — 大(conj) — 受(dep) — 影响(dobj) — 状态(nn) — 和(cc) — 机动(amod),[传统模型匹配检测方法] → [操纵和机动状态],12,舵面损伤在线故障模式预测及故障检测,传统模型匹配检测方法,操纵和机动状态
传统方法 → 忽略 → 参数,amod->assm->assmod->nsubj->root->conj->dep->dobj->nn,传统(amod) — 的(assm) — 损伤(assmod) — 方法(nsubj) — 适用(root) — 大(conj) — 受(dep) — 影响(dobj) — 状态(nn),[传统方法] → [实时飞行状态和参数变化],9,舵面损伤在线故障模式预测及故障检测,传统方法,实时飞行状态和参数变化
新方法 → 实现 → 任务,dobj->root->root->conj->dep->nsubj->nn,法(dobj) — 采用(root) — 适用(root) — 大(conj) — 受(dep) — 能力(nsubj) — 故障(nn),[新算法] → [在线故障模式预测],7,舵面损伤在线故障模式预测及故障检测,新算法,在线故障模式预测
新方法 → 引入 → 参数,dobj->root->root->conj->dep->dobj->nn,法(dobj) — 采用(root) — 适用(root) — 大(conj) — 受(dep) — 影响(dobj) — 状态(nn),[新算法] → [实时飞行状态及参数],7,舵面损伤在线故障模式预测及故障检测,新算法,实时飞行状态及参数
新方法 → 考虑 → 参数,dobj->root->root->nsubj->assmod->nn,法(dobj) — 采用(root) — 适用(root) — 方法(nsubj) — 损伤(assmod) — 舵面(nn),[新算法] → [实时飞行状态、舵面偏转、质量、惯量等参数变化],6,舵面损伤在线故障模式预测及故障检测,新算法,实时飞行状态、舵面偏转、质量、惯量等参数变化
操作 → 获得 → 指标,amod->dobj->ccomp->root->root->conj->dobj,实时(amod) — 变化(dobj) — 忽略(ccomp) — 是(root) — 改为(root) — 获得(conj) — 残差(dobj),[比较实时估算值与实测值] → [残差],7,舵面损伤在线故障模式预测及故障检测,比较实时估算值与实测值,残差
新方法 → 用于 → 任务,nn->nsubj->root->conj->dep->nsubj->nn,匹配(nn) — 方法(nsubj) — 适用(root) — 大(conj) — 受(dep) — 能力(nsubj) — 故障(nn),[故障模式空间最优方向匹配法] → [故障隔离],7,舵面损伤在线故障模式预测及故障检测,故障模式空间最优方向匹配法,故障隔离
新方法 → 减小 → Performance Metric,nn->nsubj->root->root->dobj,匹配(nn) — 方法(nsubj) — 适用(root) — 改为(root) — 计算(dobj),[故障模式空间最优方向匹配法] → [残差决策的计算量],5,舵面损伤在线故障模式预测及故障检测,故障模式空间最优方向匹配法,残差决策的计算量
新方法 → 适用于 → Model,dobj->root->root->prep->pobj->nn,法(dobj) — 采用(root) — 适用(root) — 于(prep) — 模型(pobj) — 气动(nn),[新算法] → [多种故障气动模型],6,舵面损伤在线故障模式预测及故障检测,新算法,多种故障气动模型
新方法 → 不受影响 → 影响因素,dobj->root->root->conj->dep->dobj->nn->cc->amod,法(dobj) — 采用(root) — 适用(root) — 大(conj) — 受(dep) — 影响(dobj) — 状态(nn) — 和(cc) — 机动(amod),[新算法] → [机动状态、舵面操纵],9,舵面损伤在线故障模式预测及故障检测,新算法,机动状态、舵面操纵
功能 → 用于判断 → 故障,assmod->dobj->dep->root->prep->pobj->nn,油压(assmod) — 分析(dobj) — 实现(dep) — 为(root) — 以(prep) — 系统(pobj) — 燃油(nn),[油压的采集和分析] → [燃油系统的故障模式],7,虚拟仪器技术在飞机燃油系统健康监控中的应用,油压的采集和分析,燃油系统的故障模式
技术 → 提供 → 方法,amod->nn->dobj->dep->root->root->ccomp->dobj->assmod->nn,虚拟(amod) — 仪器(nn) — 技术(dobj) — 采用(dep) — 为(root) — 表明(root) — 提供(ccomp) — 手段(dobj) — 验证(assmod) — 演示(nn),[虚拟仪器技术] → [演示验证的手段],10,虚拟仪器技术在飞机燃油系统健康监控中的应用,虚拟仪器技术,演示验证的手段
方法 → 用于 → 功能,nn->assmod->dobj->ccomp->root->root->prep->pobj->nn,演示(nn) — 验证(assmod) — 手段(dobj) — 提供(ccomp) — 表明(root) — 为(root) — 以(prep) — 系统(pobj) — 燃油(nn),[演示验证的手段] → [燃油系统的故障监控],9,虚拟仪器技术在飞机燃油系统健康监控中的应用,演示验证的手段,燃油系统的故障监控
技术 → 证明 → 结论,amod->nn->dobj->dep->root->root->ccomp->dep->dobj->assmod->nummod->nn->nn->nn,虚拟(amod) — 仪器(nn) — 技术(dobj) — 采用(dep) — 为(root) — 表明(root) — 提供(ccomp) — 证明(dep) — 可行性(dobj) — 实验(assmod) — 半(nummod) — 物理(nn) — 演示(nn) — 验证(nn),[虚拟仪器技术] → [半物理演示验证实验的可行性],14,虚拟仪器技术在飞机燃油系统健康监控中的应用,虚拟仪器技术,半物理演示验证实验的可行性
产品 → 产生 → 数据,nn->assmod->pobj->root->root->dobj->amod->amod,飞机(nn) — 程度(assmod) — 提高(pobj) — 随着(root) — 产生(root) — 数据(dobj) — 多源(amod) — 异构(amod),[飞机] → [多源异构数据],8,融合多源异构数据的飞机故障诊断方法研究进展,飞机,多源异构数据
数据 → 保障 → 目标,amod->amod->dobj->root->root->pobj->assmod->nn,多源(amod) — 异构(amod) — 数据(dobj) — 产生(root) — 随着(root) — 提高(pobj) — 程度(assmod) — 飞机(nn),[多源异构数据] → [飞机安全],8,融合多源异构数据的飞机故障诊断方法研究进展,多源异构数据,飞机安全
阶段 → 包含 → 类别,nn->assmod->pobj->root->root->dobj,飞机(nn) — 程度(assmod) — 提高(pobj) — 随着(root) — 产生(root) — 数据(dobj),[飞机全寿命周期] → [数据源类型],6,融合多源异构数据的飞机故障诊断方法研究进展,飞机全寿命周期,数据源类型
类别 → 包括 → 数据,dobj,数据(dobj),[数据源类型] → [初始适航设计数据],1,融合多源异构数据的飞机故障诊断方法研究进展,数据源类型,初始适航设计数据
类别 → 包括 → 数据,dobj,数据(dobj),[数据源类型] → [运营可靠性数据],1,融合多源异构数据的飞机故障诊断方法研究进展,数据源类型,运营可靠性数据
类别 → 包括 → 数据,dobj,数据(dobj),[数据源类型] → [运行维护数据],1,融合多源异构数据的飞机故障诊断方法研究进展,数据源类型,运行维护数据
类别 → 包括 → 数据,dobj,数据(dobj),[数据源类型] → [机载设备数据],1,融合多源异构数据的飞机故障诊断方法研究进展,数据源类型,机载设备数据
方法 → 分析 → 原因,assm->amod->amod->dobj->assmod->root->root->dobj->rcmod->cpm->nn,的(assm) — 多源(amod) — 异构(amod) — 数据(dobj) — 大量(assmod) — 产生(root) — 介绍(root) — 方法(dobj) — 融合(rcmod) — 的(cpm) — 故障(nn),[多源异构数据的融合应用] → [故障成因],11,融合多源异构数据的飞机故障诊断方法研究进展,多源异构数据的融合应用,故障成因
方法 → 辅助 → 活动,assm->amod->amod->dobj->assmod->root->root->dobj->rcmod,的(assm) — 多源(amod) — 异构(amod) — 数据(dobj) — 大量(assmod) — 产生(root) — 起到(root) — 作用(dobj) — 排故(rcmod),[多源异构数据的融合应用] → [排故],9,融合多源异构数据的飞机故障诊断方法研究进展,多源异构数据的融合应用,排故
方法 → 辅助 → 设计,assm->amod->amod->dobj->assmod->root->root->dobj->conj->nn,的(assm) — 多源(amod) — 异构(amod) — 数据(dobj) — 大量(assmod) — 产生(root) — 包括(root) — 数据(dobj) — 数据(conj) — 设计(nn),[多源异构数据的融合应用] → [维修性设计],10,融合多源异构数据的飞机故障诊断方法研究进展,多源异构数据的融合应用,维修性设计
方法 → 是 → 概念,assm->amod->amod->dobj->assmod->root->root->attr->nn,的(assm) — 多源(amod) — 异构(amod) — 数据(dobj) — 大量(assmod) — 产生(root) — 是(root) — 趋势(attr) — 发展(nn),[多源异构数据的融合应用] → [发展趋势],9,融合多源异构数据的飞机故障诊断方法研究进展,多源异构数据的融合应用,发展趋势
技术 → 保证 → 目标,nn->conj->assm->assmod->nsubj->root->conj->dobj->nn,健康(nn) — 管理(conj) — 的(assm) — 飞机(assmod) — 技术(nsubj) — 重要(root) — 保证(conj) — 安全(dobj) — 飞行(nn),[健康管理与预测(PHM)技术] → [飞行安全],9,轻型飞机健康管理与故障预测的应用,健康管理与预测(PHM)技术,飞行安全
技术 → 保证 → 目标,nn->nsubj,飞机(nn) — 结构(nsubj),[飞机结构健康监测与管理技术] → [结构安全性],2,飞机结构健康监测与管理技术研究进展和展望,飞机结构健康监测与管理技术,结构安全性
技术 → 安排 → 计划,nn->conj->assm->assmod->nsubj->root->conj->dep->dobj->nn,健康(nn) — 管理(conj) — 的(assm) — 飞机(assmod) — 技术(nsubj) — 重要(root) — 保证(conj) — 安排(dep) — 计划(dobj) — 维修(nn),[健康管理与预测(PHM)技术] → [维修计划],10,轻型飞机健康管理与故障预测的应用,健康管理与预测(PHM)技术,维修计划
产品 → 面临挑战 → 属性,amod->assmod->pobj->prep->root->nsubj->conj,轻型(amod) — 飞机(assmod) — 使用(pobj) — 随着(prep) — 面临(root) — 可用性(nsubj) — 可靠性(conj),[轻型飞机] → [可靠性],7,轻型飞机健康管理与故障预测的应用,轻型飞机,可靠性
产品 → 面临挑战 → 属性,amod->assmod->pobj->prep->root->nsubj,轻型(amod) — 飞机(assmod) — 使用(pobj) — 随着(prep) — 面临(root) — 可用性(nsubj),[轻型飞机] → [可用性],6,轻型飞机健康管理与故障预测的应用,轻型飞机,可用性
系统 → 具有 → 组成部分,amod->assmod->pobj->prep->root->root->prep->pobj->conj,轻型(amod) — 飞机(assmod) — 使用(pobj) — 随着(prep) — 面临(root) — 进行(root) — 对(prep) — 受益(pobj) — 框架(conj),[轻型飞机PHM系统] → [框架],9,轻型飞机健康管理与故障预测的应用,轻型飞机PHM系统,框架
技术 → 融合 → 技术,nn->nn->nn->dobj->rcmod->nn->dobj,时序(nn) — 回归(nn) — 预测(nn) — 技术(dobj) — 模糊(rcmod) — 信息(nn) — 粒化(dobj),[时序回归预测技术] → [模糊信息粒化],7,通航飞机起落架系统故障频率预测研究,时序回归预测技术,模糊信息粒化
技术 → 融合 → 技术,nn->nn->nn->dobj->rcmod->dep->prep,时序(nn) — 回归(nn) — 预测(nn) — 技术(dobj) — 模糊(rcmod) — 支持(dep) — 向量机(prep),[时序回归预测技术] → [支持向量机],7,通航飞机起落架系统故障频率预测研究,时序回归预测技术,支持向量机
技术 → 预测 → Performance Metric,nn->nn->nn->dobj->ccomp->root->root->dobj->rcmod->nsubj->nn,时序(nn) — 回归(nn) — 预测(nn) — 技术(dobj) — 采用(ccomp) — 提出(root) — 研究(root) — 频率(dobj) — 发生(rcmod) — 系统(nsubj) — 起落架(nn),[时序回归预测技术] → [起落架系统故障频率],11,通航飞机起落架系统故障频率预测研究,时序回归预测技术,起落架系统故障频率
技术 → 基于 → 数据,nn->nn->nn->dobj->ccomp->root->root->dobj->rcmod->nsubj->nn,时序(nn) — 回归(nn) — 预测(nn) — 技术(dobj) — 采用(ccomp) — 提出(root) — 研究(root) — 频率(dobj) — 发生(rcmod) — 系统(nsubj) — 起落架(nn),[时序回归预测技术] → [起落架故障数据],11,通航飞机起落架系统故障频率预测研究,时序回归预测技术,起落架故障数据
研究活动 → 旨在实现 → 维修策略,root->conj->dep->attr->nn,研究(root) — 变(conj) — 为(dep) — 维修(attr) — 预防(nn),[研究] → [预防维修],5,通航飞机起落架系统故障频率预测研究,研究,预防维修
维修策略 → 保证 → 目标,nn->attr->dep->conj->root->conj->dobj->nn,预防(nn) — 维修(attr) — 为(dep) — 变(conj) — 研究(root) — 保证(conj) — 安全(dobj) — 飞行(nn),[预防维修] → [飞行安全],8,通航飞机起落架系统故障频率预测研究,预防维修,飞行安全
结果 → 提供 → 支持,nn->dobj->rcmod->cc->dep,预测(nn) — 技术(dobj) — 模糊(rcmod) — 和(cc) — 支持(dep),[预测结果] → [技术支持],5,通航飞机起落架系统故障频率预测研究,预测结果,技术支持
支持 → 用于 → 维修活动,cc->dep->rcmod->dobj->ccomp->root->root->conj->dobj,和(cc) — 支持(dep) — 模糊(rcmod) — 技术(dobj) — 采用(ccomp) — 提出(root) — 研究(root) — 变(conj) — 维修(dobj),[技术支持] → [机务维修],9,通航飞机起落架系统故障频率预测研究,技术支持,机务维修
结果 → 揭示 → 分析结果,nn->dobj->ccomp->root->root->dobj->rcmod->dobj->cpm,预测(nn) — 技术(dobj) — 采用(ccomp) — 提出(root) — 研究(root) — 频率(dobj) — 发生(rcmod) — 故障(dobj) — 的(cpm),[预测结果] → [起落架故障频率的变化趋势],9,通航飞机起落架系统故障频率预测研究,预测结果,起落架故障频率的变化趋势
系统 → 满足 → 业务需求,nn->nn->nn->nn->nn->dobj->root->prep->pobj->assmod->nn->nn->conj,民航(nn) — 发动机(nn) — 拆发(nn) — 日期(nn) — 预测(nn) — 系统(dobj) — 开发(root) — 针对(prep) — 需求(pobj) — 大修(assmod) — 发动机(nn) — 民航(nn) — 维护(conj),[民航发动机拆发日期预测系统] → [民航发动机维护、维修和大修业务需求],13,面向MRO的民航发动机拆发日期预测系统,民航发动机拆发日期预测系统,民航发动机维护、维修和大修业务需求
系统 → 预测 → 数据,nn->nn->nn->nn->dobj->nn,民航(nn) — 拆发(nn) — 日期(nn) — 预测(nn) — 系统(dobj) — 发动机(nn),[民航发动机拆发日期预测系统] → [在翼民航发动机拆发日期],6,面向MRO的民航发动机拆发日期预测系统,民航发动机拆发日期预测系统,在翼民航发动机拆发日期
系统 → 考虑 → 影响因素,nn->nn->nn->nn->nn->dobj->root->root->prep->pobj->nn->conj,民航(nn) — 发动机(nn) — 拆发(nn) — 日期(nn) — 预测(nn) — 系统(dobj) — 开发(root) — 进行(root) — 根据(prep) — 因素(pobj) — 时限(nn) — 性能(conj),[民航发动机拆发日期预测系统] → [性能],12,面向MRO的民航发动机拆发日期预测系统,民航发动机拆发日期预测系统,性能
系统 → 考虑 → 影响因素,nn->nn->nn->nn->nn->dobj->root->root->prep->pobj->nn->conj,民航(nn) — 发动机(nn) — 拆发(nn) — 日期(nn) — 预测(nn) — 系统(dobj) — 开发(root) — 进行(root) — 根据(prep) — 因素(pobj) — 时限(nn) — 故障(conj),[民航发动机拆发日期预测系统] → [故障],12,面向MRO的民航发动机拆发日期预测系统,民航发动机拆发日期预测系统,故障
系统 → 考虑 → 影响因素,nn->nn->nn->nn->nn->dobj->root->root->prep->pobj->nn,民航(nn) — 发动机(nn) — 拆发(nn) — 日期(nn) — 预测(nn) — 系统(dobj) — 开发(root) — 进行(root) — 根据(prep) — 因素(pobj) — 时限(nn),[民航发动机拆发日期预测系统] → [时限],11,面向MRO的民航发动机拆发日期预测系统,民航发动机拆发日期预测系统,时限
系统 → 提出 → 概念,nn->nn->nn->nn->nn->dobj->root->root->dobj->assmod->nn,民航(nn) — 发动机(nn) — 拆发(nn) — 日期(nn) — 预测(nn) — 系统(dobj) — 开发(root) — 提出(root) — 概念(dobj) — 基线(assmod) — 损伤(nn),[民航发动机拆发日期预测系统] → [损伤基线],11,面向MRO的民航发动机拆发日期预测系统,民航发动机拆发日期预测系统,损伤基线
系统 → 应用于 → 组织,nn->nn->nn->nn->nn->dobj->root->root->pccomp->nsubj->assmod,民航(nn) — 发动机(nn) — 拆发(nn) — 日期(nn) — 预测(nn) — 系统(dobj) — 开发(root) — 提出(root) — 少(pccomp) — 样本(nsubj) — 中(assmod),[民航发动机拆发日期预测系统] → [中国国际航空股份有限公司],11,面向MRO的民航发动机拆发日期预测系统,民航发动机拆发日期预测系统,中国国际航空股份有限公司
系统 → 作为子系统集成于 → 系统,nn->nn->nn->nn->nn->dobj->root->prep->pobj->assmod->nn,民航(nn) — 发动机(nn) — 拆发(nn) — 日期(nn) — 预测(nn) — 系统(dobj) — 开发(root) — 针对(prep) — 需求(pobj) — 大修(assmod) — 发动机(nn),[民航发动机拆发日期预测系统] → [发动机健康管理和维修决策支持系统],11,面向MRO的民航发动机拆发日期预测系统,民航发动机拆发日期预测系统,发动机健康管理和维修决策支持系统
系统 → 获取 → 数据,nn->nn->nn->nn->nn->dobj->root->root->pccomp->nsubj->nn,民航(nn) — 发动机(nn) — 拆发(nn) — 日期(nn) — 预测(nn) — 系统(dobj) — 开发(root) — 提出(root) — 少(pccomp) — 样本(nsubj) — 数据(nn),[民航发动机拆发日期预测系统] → [支撑数据],11,面向MRO的民航发动机拆发日期预测系统,民航发动机拆发日期预测系统,支撑数据
系统 → 提供 → 数据,nn->nn->nn->nn->dobj->nn,民航(nn) — 发动机(nn) — 拆发(nn) — 日期(nn) — 系统(dobj) — 预测(nn),[民航发动机拆发日期预测系统] → [预测结果],6,面向MRO的民航发动机拆发日期预测系统,民航发动机拆发日期预测系统,预测结果
数据 → 支撑 → 系统模块,nn->dobj->root->prep->pobj->assmod->punct->conj,预测(nn) — 系统(dobj) — 开发(root) — 针对(prep) — 需求(pobj) — 大修(assmod) — 、(punct) — 维修(conj),[预测结果] → [维修计划制定模块],8,面向MRO的民航发动机拆发日期预测系统,预测结果,维修计划制定模块
研究领域 → 存在 → 问题,amod->nn->nn->nsubj->root->dobj->rcmod->nsubj,军用(amod) — 飞机(nn) — 健康(nn) — 评估(nsubj) — 存在(root) — 问题(dobj) — 困难(rcmod) — 应用(nsubj),[军用飞机健康评估] → [应用困难],8,面向军用飞机任务能力的健康评估方法,军用飞机健康评估,应用困难
评估方法 → 研究 → 研究对象,nn->nsubj->nn->amod,健康(nn) — 评估(nsubj) — 飞机(nn) — 军用(amod),[健康评估方法] → [军用飞机],4,面向军用飞机任务能力的健康评估方法,健康评估方法,军用飞机
评估方法 → 包含 → 研究内容,nn->nsubj->root->root->dep->dobj->rcmod->dobj,健康(nn) — 评估(nsubj) — 存在(root) — 为(root) — 开展(dep) — 研究(dobj) — 面向(rcmod) — 任务(dobj),[健康评估方法] → [面向任务的能力分析],8,面向军用飞机任务能力的健康评估方法,健康评估方法,面向任务的能力分析
评估方法 → 包含 → 研究内容,nn->nsubj->root->root->dep->dobj->nn->punct->assmod->nn->pobj,健康(nn) — 评估(nsubj) — 存在(root) — 为(root) — 开展(dep) — 研究(dobj) — 评估(nn) — 、(punct) — 基于(assmod) — 故障(nn) — 劣化(pobj),[健康评估方法] → [基于故障劣化的功能分析],11,面向军用飞机任务能力的健康评估方法,健康评估方法,基于故障劣化的功能分析
评估方法 → 包含 → 研究内容,nn->nsubj,健康(nn) — 评估(nsubj),[健康评估方法] → [参数化的健康评估],2,面向军用飞机任务能力的健康评估方法,健康评估方法,参数化的健康评估
评估方法 → 得到 → Model,nn->nsubj->nn,健康(nn) — 评估(nsubj) — 飞机(nn),[健康评估方法] → [“飞机-任务功能-影响参数”两级映射],3,面向军用飞机任务能力的健康评估方法,健康评估方法,“飞机-任务功能-影响参数”两级映射
Model → 作为 → 评估对象,nn->nsubj->nn,飞机(nn) — 评估(nsubj) — 健康(nn),[“飞机-任务功能-影响参数”两级映射] → [健康评估的对象],3,面向军用飞机任务能力的健康评估方法,“飞机-任务功能-影响参数”两级映射,健康评估的对象
评估方法 → 利用 → 评估指标,nn->nsubj->root->root->dep->conj->dobj->nn->conj,健康(nn) — 评估(nsubj) — 存在(root) — 为(root) — 得到(dep) — 利用(conj) — 方法(dobj) — 分析法(nn) — 劣化度(conj),[健康评估方法] → [劣化度],9,面向军用飞机任务能力的健康评估方法,健康评估方法,劣化度
评估方法 → 利用 → 评估指标,nn->nsubj->root->root->dep->conj->dobj->nn->conj,健康(nn) — 评估(nsubj) — 存在(root) — 为(root) — 得到(dep) — 利用(conj) — 方法(dobj) — 分析法(nn) — 严酷度(conj),[健康评估方法] → [严酷度],9,面向军用飞机任务能力的健康评估方法,健康评估方法,严酷度
评估方法 → 利用 → 分析方法,nn->nsubj->root->root->dep->conj->dobj->nn->amod->nn->nn->nn->nn,健康(nn) — 评估(nsubj) — 存在(root) — 为(root) — 得到(dep) — 利用(conj) — 方法(dobj) — 分析法(nn) — 极大(amod) — 熵(nn) — 改进(nn) — 区间(nn) — 层次(nn),[健康评估方法] → [极大熵改进区间层次分析法],13,面向军用飞机任务能力的健康评估方法,健康评估方法,极大熵改进区间层次分析法
评估方法 → 得到 → 评估结果,nn->nsubj->nn,健康(nn) — 评估(nsubj) — 飞机(nn),[健康评估方法] → [飞机健康状态评估结果],3,面向军用飞机任务能力的健康评估方法,健康评估方法,飞机健康状态评估结果
评估方法 → 具有 → 属性,nn->nsubj->root->root->ccomp->nsubj,健康(nn) — 评估(nsubj) — 存在(root) — 表明(root) — 高(ccomp) — 可信度(nsubj),[健康评估方法] → [高可信度],6,面向军用飞机任务能力的健康评估方法,健康评估方法,高可信度
评估方法 → 具有 → 属性,nn->nsubj->root->prep->plmod->lobj->nn,健康(nn) — 评估(nsubj) — 存在(root) — 在(prep) — 中(plmod) — 实际(lobj) — 工程(nn),[健康评估方法] → [高工程实用价值],7,面向军用飞机任务能力的健康评估方法,健康评估方法,高工程实用价值
体系结构 → 适应 → 需求,nn->nn->nn->nn->cpm->rcmod->dobj->dep->conj->root->prep->pccomp->dobj->rcmod->nn->nn->nn->nn->nsubj,装甲(nn) — 装备(nn) — PHM(nn) — 体系(nn) — 的(cpm) — 面向(rcmod) — 结构(dobj) — 设计(dep) — 研究(conj) — 提出(root) — 为(prep) — 适应(pccomp) — 需要(dobj) — 改革(rcmod) — 装甲(nn) — 装备(nn) — 维修(nn) — 保障(nn) — 方式(nsubj),[面向服务的装甲装备PHM体系结构] → [装甲装备维修保障方式改革],19,面向服务的装甲装备PHM体系结构研究,面向服务的装甲装备PHM体系结构,装甲装备维修保障方式改革
体系结构 → 具有 → 特征,amod->nn->nn->dobj->conj->conj->dobj->nn,典型(amod) — PHM(nn) — 体系(nn) — 结构(dobj) — 分析(conj) — 得出(conj) — 特征(dobj) — 共性(nn),[典型PHM体系结构] → [共性特征],8,面向服务的装甲装备PHM体系结构研究,典型PHM体系结构,共性特征
体系结构 → 具有 → 特征,nn->nn->nn->nn->cpm->rcmod->dobj->dep->conj->root->conj->dobj->nn->conj,装甲(nn) — 装备(nn) — PHM(nn) — 体系(nn) — 的(cpm) — 面向(rcmod) — 结构(dobj) — 设计(dep) — 研究(conj) — 提出(root) — 具有(conj) — 特点(dobj) — 开放性(nn) — 分布式(conj),[面向服务的装甲装备PHM体系结构] → [分布式特点],14,面向服务的装甲装备PHM体系结构研究,面向服务的装甲装备PHM体系结构,分布式特点
体系结构 → 具有 → 特征,nn->nn->nn->nn->cpm->rcmod->dobj->dep->conj->root->conj->dobj->nn->punct->conj,装甲(nn) — 装备(nn) — PHM(nn) — 体系(nn) — 的(cpm) — 面向(rcmod) — 结构(dobj) — 设计(dep) — 研究(conj) — 提出(root) — 具有(conj) — 特点(dobj) — 开放性(nn) — 、(punct) — 层次化(conj),[面向服务的装甲装备PHM体系结构] → [层次化特点],15,面向服务的装甲装备PHM体系结构研究,面向服务的装甲装备PHM体系结构,层次化特点
体系结构 → 具有 → 特征,nn->nn->nn->nn->cpm->rcmod->dobj->dep->conj->root->conj->dobj->nn->etc,装甲(nn) — 装备(nn) — PHM(nn) — 体系(nn) — 的(cpm) — 面向(rcmod) — 结构(dobj) — 设计(dep) — 研究(conj) — 提出(root) — 具有(conj) — 特点(dobj) — 开放性(nn) — 等(etc),[面向服务的装甲装备PHM体系结构] → [开放性特点],14,面向服务的装甲装备PHM体系结构研究,面向服务的装甲装备PHM体系结构,开放性特点
体系结构 → 结合 → 技术原理,nn->nn->nn->nn->cpm->rcmod->dobj->dep->conj->prep->dobj->rcmod->nn->dobj,装甲(nn) — 装备(nn) — PHM(nn) — 体系(nn) — 的(cpm) — 面向(rcmod) — 结构(dobj) — 设计(dep) — 研究(conj) — 结合(prep) — 特点(dobj) — 面向(rcmod) — 服务(nn) — 架构(dobj),[面向服务的装甲装备PHM体系结构] → [面向服务架构的原理],14,面向服务的装甲装备PHM体系结构研究,面向服务的装甲装备PHM体系结构,面向服务架构的原理
体系结构 → 结合 → 特征,nn->nn->nn->nn->cpm->rcmod->dobj->dep->conj->prep->dobj->cc->nn->nn->amod->nn->nn->assmod,装甲(nn) — 装备(nn) — PHM(nn) — 体系(nn) — 的(cpm) — 面向(rcmod) — 结构(dobj) — 设计(dep) — 研究(conj) — 结合(prep) — 特点(dobj) — 和(cc) — 装甲(nn) — 装备(nn) — 综合(amod) — 电子(nn) — 信息(nn) — 系统(assmod),[面向服务的装甲装备PHM体系结构] → [装甲装备综合电子信息系统的特点],18,面向服务的装甲装备PHM体系结构研究,面向服务的装甲装备PHM体系结构,装甲装备综合电子信息系统的特点
体系结构 → 满足 → 需求,nn->nn->nn->nn->cpm->rcmod->dobj->dep->conj->root->conj->conj->dobj->nn->nn->nn->nn->amod->nn->nn,装甲(nn) — 装备(nn) — PHM(nn) — 体系(nn) — 的(cpm) — 面向(rcmod) — 结构(dobj) — 设计(dep) — 研究(conj) — 提出(root) — 具有(conj) — 满足(conj) — 要求(dobj) — 装甲(nn) — 装备(nn) — PHM(nn) — 系统(nn) — 分布式(amod) — 应用(nn) — 环境(nn),[面向服务的装甲装备PHM体系结构] → [装甲装备PHM系统分布式应用环境要求],20,面向服务的装甲装备PHM体系结构研究,面向服务的装甲装备PHM体系结构,装甲装备PHM系统分布式应用环境要求
系统 → 缺乏 → 数据,nn->nn->assmod->cc->nsubj->rcmod->dobj->conj->amod,健康(nn) — 管理(nn) — 系统(assmod) — 与(cc) — 应用(nsubj) — 缺乏(rcmod) — 环境(dobj) — 数据(conj) — 实时(amod),[故障预测与健康管理系统] → [实时数据],9,面向自主保障的航空电子设备在线测试系统,故障预测与健康管理系统,实时数据
系统 → 缺乏 → 环境,nn->nn->assmod->cc->nsubj->rcmod->dobj->nn,健康(nn) — 管理(nn) — 系统(assmod) — 与(cc) — 应用(nsubj) — 缺乏(rcmod) — 环境(dobj) — 应用(nn),[故障预测与健康管理系统] → [应用环境],8,面向自主保障的航空电子设备在线测试系统,故障预测与健康管理系统,应用环境
系统 → 应用 → 架构,nn->nn->cpm->amod->nn->dobj->rcmod->dobj->root->conj->dobj->nn->nn,航空(nn) — 电子(nn) — 的(cpm) — 在线(amod) — 测试(nn) — 设备(dobj) — 面向(rcmod) — 系统(dobj) — 提出(root) — 应用(conj) — 结构(dobj) — 信息(nn) — 处理(nn),[航空电子设备在线测试系统] → [信息处理结构],13,面向自主保障的航空电子设备在线测试系统,航空电子设备在线测试系统,信息处理结构
系统 → 分析 → 问题,nn->nn->cpm->amod->nn->dobj->rcmod->dobj->root->conj->dobj->conj->nn->nn->assmod->assm,航空(nn) — 电子(nn) — 的(cpm) — 在线(amod) — 测试(nn) — 设备(dobj) — 面向(rcmod) — 系统(dobj) — 提出(root) — 应用(conj) — 装置(dobj) — 异常(conj) — 航空(nn) — 电子(nn) — 设备(assmod) — 的(assm),[航空电子设备在线测试系统] → [航空电子设备异常],16,面向自主保障的航空电子设备在线测试系统,航空电子设备在线测试系统,航空电子设备异常
系统 → 识别 → 问题,nn->nn->cpm->amod->nn->dobj->rcmod->dobj->root->dobj->rcmod->dep->dobj->amod,航空(nn) — 电子(nn) — 的(cpm) — 在线(amod) — 测试(nn) — 设备(dobj) — 面向(rcmod) — 系统(dobj) — 提出(root) — 方法(dobj) — 监测(rcmod) — 识别(dep) — 异常(dobj) — 复杂(amod),[航空电子设备在线测试系统] → [复杂异常],14,面向自主保障的航空电子设备在线测试系统,航空电子设备在线测试系统,复杂异常
系统 → 识别 → 问题,nn->nn->cpm->amod->nn->dobj->rcmod->dobj->root->dobj->rcmod->dep->dobj->amod,航空(nn) — 电子(nn) — 的(cpm) — 在线(amod) — 测试(nn) — 设备(dobj) — 面向(rcmod) — 系统(dobj) — 提出(root) — 方法(dobj) — 监测(rcmod) — 识别(dep) — 异常(dobj) — 复杂(amod),[航空电子设备在线测试系统] → [复杂异常],14,面向自主保障的航空电子设备在线测试系统,航空电子设备在线测试系统,复杂异常
系统 → 利用 → 数据,nn->nn->cpm->amod->nn->dobj->rcmod->dobj->root->dobj->rcmod->dep->dobj->lobj->dep->nn,航空(nn) — 电子(nn) — 的(cpm) — 在线(amod) — 测试(nn) — 设备(dobj) — 面向(rcmod) — 系统(dobj) — 提出(root) — 方法(dobj) — 监测(rcmod) — 利用(dep) — 数据(dobj) — 机(lobj) — 上(dep) — 环境(nn),[航空电子设备在线测试系统] → [机上环境数据],16,面向自主保障的航空电子设备在线测试系统,航空电子设备在线测试系统,机上环境数据
系统 → 提供基础 → 功能,nn->nn->cpm->amod->nn->dobj->rcmod->dobj->root->dobj->rcmod->dep->prep->pccomp->dobj->cc->nn->nn,航空(nn) — 电子(nn) — 的(cpm) — 在线(amod) — 测试(nn) — 设备(dobj) — 面向(rcmod) — 系统(dobj) — 提出(root) — 方法(dobj) — 监测(rcmod) — 提供(dep) — 为(prep) — 进行(pccomp) — 预测(dobj) — 和(cc) — 线下(nn) — 故障(nn),[航空电子设备在线测试系统] → [在线和线下故障预测],18,面向自主保障的航空电子设备在线测试系统,航空电子设备在线测试系统,在线和线下故障预测
研究对象 → 具有 → 特征,amod->nummod->clf->pobj->prep->root->nsubj->conj->nn,新(amod) — 一(nummod) — 代(clf) — 飞机(pobj) — 针对(prep) — 复杂(root) — 机理(nsubj) — 结构(conj) — 系统(nn),[新一代飞机] → [复杂的系统结构],9,面向飞机PHM的大数据分析与人工智能应用,新一代飞机,复杂的系统结构
研究对象 → 具有 → 特征,amod->nummod->clf->pobj->prep->root->nsubj->cc->amod,新(amod) — 一(nummod) — 代(clf) — 飞机(pobj) — 针对(prep) — 复杂(root) — 机理(nsubj) — 和(cc) — 失效(amod),[新一代飞机] → [复杂的失效机理],9,面向飞机PHM的大数据分析与人工智能应用,新一代飞机,复杂的失效机理
研究对象 → 具有 → 特征,amod->nummod->clf->pobj->prep->root->punct->amod->nsubj,新(amod) — 一(nummod) — 代(clf) — 飞机(pobj) — 针对(prep) — 复杂(root) — 、(punct) — 失效(amod) — 模式(nsubj),[新一代飞机] → [多样的失效模式],9,面向飞机PHM的大数据分析与人工智能应用,新一代飞机,多样的失效模式
方法 → 难以实现 → 目标,assmod->assm->nsubj->rcmod->dobj->amod->nn,传统(assmod) — 的(assm) — 方法(nsubj) — 进行(rcmod) — 管理(dobj) — 有效(amod) — 健康(nn),[传统方法] → [有效健康管理],7,面向飞机PHM的大数据分析与人工智能应用,传统方法,有效健康管理
技术领域 → 应用 → 核心技术,nn->nn->dobj->assmod->pobj->amod->nsubj,PHM(nn) — 飞机(nn) — 研究(dobj) — 基于(assmod) — 挖掘(pobj) — 海量(amod) — 数据(nsubj),[飞机PHM] → [海量数据挖掘],7,面向飞机PHM的大数据分析与人工智能应用,飞机PHM,海量数据挖掘
核心技术 → 包含 → 关键技术,amod->pobj->nsubj,海量(amod) — 挖掘(pobj) — 数据(nsubj),[海量数据挖掘] → [数据预处理],3,面向飞机PHM的大数据分析与人工智能应用,海量数据挖掘,数据预处理
核心技术 → 包含 → 关键技术,amod->nsubj->pobj->assmod->dobj->conj->dobj->rcmod->dobj,海量(amod) — 数据(nsubj) — 挖掘(pobj) — 基于(assmod) — 研究(dobj) — 提出(conj) — 现状(dobj) — 进行(rcmod) — 管理(dobj),[海量数据挖掘] → [集成管理],9,面向飞机PHM的大数据分析与人工智能应用,海量数据挖掘,集成管理
核心技术 → 包含 → 关键技术,amod->nsubj->pobj->assmod->dobj->conj->root->root->conj->dep->dobj->conj,海量(amod) — 数据(nsubj) — 挖掘(pobj) — 基于(assmod) — 研究(dobj) — 提出(conj) — 复杂(root) — 分析(root) — 论述(conj) — 包括(dep) — 预测(dobj) — 聚类(conj),[海量数据挖掘] → [聚类],12,面向飞机PHM的大数据分析与人工智能应用,海量数据挖掘,聚类
核心技术 → 包含 → 关键技术,amod->nsubj->pobj->assmod->dobj->conj->root->root->conj->dep->dobj->conj,海量(amod) — 数据(nsubj) — 挖掘(pobj) — 基于(assmod) — 研究(dobj) — 提出(conj) — 复杂(root) — 分析(root) — 论述(conj) — 包括(dep) — 预测(dobj) — 分类(conj),[海量数据挖掘] → [分类],12,面向飞机PHM的大数据分析与人工智能应用,海量数据挖掘,分类
核心技术 → 包含 → 关键技术,amod->nsubj->pobj->assmod->dobj->conj->root->root->conj->dep->dobj->conj,海量(amod) — 数据(nsubj) — 挖掘(pobj) — 基于(assmod) — 研究(dobj) — 提出(conj) — 复杂(root) — 分析(root) — 论述(conj) — 包括(dep) — 预测(dobj) — 关联(conj),[海量数据挖掘] → [关联],12,面向飞机PHM的大数据分析与人工智能应用,海量数据挖掘,关联
核心技术 → 包含 → 关键技术,amod->nsubj->pobj->assmod->dobj->conj->root->root->conj->dep->dobj,海量(amod) — 数据(nsubj) — 挖掘(pobj) — 基于(assmod) — 研究(dobj) — 提出(conj) — 复杂(root) — 分析(root) — 论述(conj) — 包括(dep) — 预测(dobj),[海量数据挖掘] → [预测],11,面向飞机PHM的大数据分析与人工智能应用,海量数据挖掘,预测
平台 → 基于 → 技术架构,amod->nsubj->pobj->assmod->dobj->conj->root->root->conj->dobj->rcmod->dobj,海量(amod) — 数据(nsubj) — 挖掘(pobj) — 基于(assmod) — 研究(dobj) — 提出(conj) — 复杂(root) — 分析(root) — 提出(conj) — 平台(dobj) — 基于(rcmod) — 私有云(dobj),[飞机PHM海量数据挖掘平台] → [私有云],12,面向飞机PHM的大数据分析与人工智能应用,飞机PHM海量数据挖掘平台,私有云
平台 → 具有 → 组成部分,amod->nsubj->pobj->assmod->dobj->conj->root->root->conj->dobj->nn->conj,海量(amod) — 数据(nsubj) — 挖掘(pobj) — 基于(assmod) — 研究(dobj) — 提出(conj) — 复杂(root) — 分析(root) — 阐述(conj) — 结构(dobj) — 总体(nn) — 框架(conj),[飞机PHM海量数据挖掘平台] → [总体框架],12,面向飞机PHM的大数据分析与人工智能应用,飞机PHM海量数据挖掘平台,总体框架
平台 → 具有 → 组成部分,amod->nsubj->pobj->assmod->dobj->conj->root->nsubj->conj,海量(amod) — 数据(nsubj) — 挖掘(pobj) — 基于(assmod) — 研究(dobj) — 提出(conj) — 复杂(root) — 机理(nsubj) — 结构(conj),[飞机PHM海量数据挖掘平台] → [软硬件结构],9,面向飞机PHM的大数据分析与人工智能应用,飞机PHM海量数据挖掘平台,软硬件结构
平台 → 提供 → 功能,amod->nsubj->pobj->assmod->dobj->conj->root->root->conj->dobj->nn,海量(amod) — 数据(nsubj) — 挖掘(pobj) — 基于(assmod) — 研究(dobj) — 提出(conj) — 复杂(root) — 分析(root) — 提供(conj) — 平台(dobj) — 验证(nn),[飞机PHM海量数据挖掘平台] → [验证平台],11,面向飞机PHM的大数据分析与人工智能应用,飞机PHM海量数据挖掘平台,验证平台
平台 → 促进 → 目标,amod->nsubj->pobj->cpm->nn->nn,海量(amod) — 数据(nsubj) — 挖掘(pobj) — 的(cpm) — 飞机(nn) — PHM(nn),[飞机PHM海量数据挖掘平台] → [飞机PHM的集成与工程化实现],6,面向飞机PHM的大数据分析与人工智能应用,飞机PHM海量数据挖掘平台,飞机PHM的集成与工程化实现
算法 → 确定 → 参数,nn->nn->pobj->prep->root->root->prep->pccomp->dobj->rcmod->nsubj->nn,网格(nn) — 搜索(nn) — 算法(pobj) — 通过(prep) — 确定(root) — 提出(root) — 为(prep) — 解决(pccomp) — 问题(dobj) — 低(rcmod) — 维度(nsubj) — 参数(nn),[网格搜索算法] → [生成器与判别器的优化参数],12,面向飞机辅助动力装置在翼剩余寿命预测的性能参数扩增方法,网格搜索算法,生成器与判别器的优化参数
方法 → 提供 → 参数,nn->cpm->nn->dobj->pccomp->rcmod->dobj->root->prep->pccomp->dobj->rcmod->nsubj->nn->prnmod->punct,性能(nn) — 的(cpm) — 扩增(nn) — 参数(dobj) — 生成(pccomp) — 基于(rcmod) — 方法(dobj) — 提出(root) — 为(prep) — 解决(pccomp) — 问题(dobj) — 低(rcmod) — 维度(nsubj) — 装置(nn) — APU(prnmod) — ((punct),[性能参数扩增方法] → [APU剩余寿命预测的输入参数],16,面向飞机辅助动力装置在翼剩余寿命预测的性能参数扩增方法,性能参数扩增方法,APU剩余寿命预测的输入参数
方法 → 验证于 → 数据,nn->cpm->nn->dobj->pccomp->rcmod->dobj->root->prep->pccomp->dobj->rcmod->nsubj->nn->prnmod->punct->punct->prep->pobj,性能(nn) — 的(cpm) — 扩增(nn) — 参数(dobj) — 生成(pccomp) — 基于(rcmod) — 方法(dobj) — 提出(root) — 为(prep) — 解决(pccomp) — 问题(dobj) — 低(rcmod) — 维度(nsubj) — 装置(nn) — APU(prnmod) — ((punct) — )(punct) — 在(prep) — 翼(pobj),[性能参数扩增方法] → [中国南方航空股份有限公司机队的APU在翼监测参数],19,面向飞机辅助动力装置在翼剩余寿命预测的性能参数扩增方法,性能参数扩增方法,中国南方航空股份有限公司机队的APU在翼监测参数
技术 → 生成 → 参数,nn->nn->pccomp->rcmod->dobj->root->prep->pccomp->dobj->rcmod->nsubj->nn,对抗(nn) — 网络(nn) — 生成(pccomp) — 基于(rcmod) — 方法(dobj) — 提出(root) — 为(prep) — 解决(pccomp) — 问题(dobj) — 低(rcmod) — 维度(nsubj) — 参数(nn),[生成对抗网络] → [10维的排气温度参数],12,面向飞机辅助动力装置在翼剩余寿命预测的性能参数扩增方法,生成对抗网络,10维的排气温度参数
度量方法 → 度量 → 性能,nn->conj->pobj->prep->root->root->prep->pccomp->dobj->rcmod->nsubj->nn,欧几里得(nn) — 距离(conj) — 方法(pobj) — 通过(prep) — 进行(root) — 提出(root) — 为(prep) — 解决(pccomp) — 问题(dobj) — 低(rcmod) — 维度(nsubj) — 参数(nn),[欧几里得距离] → [生成参数与原始参数的一致性],12,面向飞机辅助动力装置在翼剩余寿命预测的性能参数扩增方法,欧几里得距离,生成参数与原始参数的一致性
度量方法 → 度量 → 性能,nn->amod->conj->pobj->prep->root->root->prep->pccomp->dobj->rcmod->nsubj->nn,皮尔森(nn) — 相关(amod) — 系数(conj) — 方法(pobj) — 通过(prep) — 进行(root) — 提出(root) — 为(prep) — 解决(pccomp) — 问题(dobj) — 低(rcmod) — 维度(nsubj) — 参数(nn),[皮尔森相关系数] → [生成参数与原始参数的一致性],13,面向飞机辅助动力装置在翼剩余寿命预测的性能参数扩增方法,皮尔森相关系数,生成参数与原始参数的一致性
度量方法 → 度量 → 性能,nn->nn->pobj->prep->root->root->prep->pccomp->dobj->rcmod->nsubj->nn,KL(nn) — 散度(nn) — 方法(pobj) — 通过(prep) — 进行(root) — 提出(root) — 为(prep) — 解决(pccomp) — 问题(dobj) — 低(rcmod) — 维度(nsubj) — 参数(nn),[KL散度] → [生成参数与原始参数的一致性],12,面向飞机辅助动力装置在翼剩余寿命预测的性能参数扩增方法,KL散度,生成参数与原始参数的一致性
评价指标 → 表征 → Performance Metric,amod->amod->conj->nsubj->rcmod->nsubj->conj->root->root->prep->pccomp->dobj->rcmod->conj->dobj->nn,平均(amod) — 绝对(amod) — 误差(conj) — 误差(nsubj) — 表征(rcmod) — 结果(nsubj) — 提升(conj) — 用(root) — 提出(root) — 为(prep) — 解决(pccomp) — 问题(dobj) — 低(rcmod) — 获得(conj) — 结果(dobj) — 预测(nn),[平均绝对误差] → [预测结果准确性],16,面向飞机辅助动力装置在翼剩余寿命预测的性能参数扩增方法,平均绝对误差,预测结果准确性
评价指标 → 表征 → Performance Metric,amod->nsubj->rcmod->nsubj->conj->root->root->prep->pccomp->dobj->rcmod->conj->dobj->nn,均方根(amod) — 误差(nsubj) — 表征(rcmod) — 结果(nsubj) — 提升(conj) — 用(root) — 提出(root) — 为(prep) — 解决(pccomp) — 问题(dobj) — 低(rcmod) — 获得(conj) — 结果(dobj) — 预测(nn),[均方根误差] → [预测结果准确性],14,面向飞机辅助动力装置在翼剩余寿命预测的性能参数扩增方法,均方根误差,预测结果准确性
技术 → 发展为 → 技术,conj->nn->nn->assmod->dobj->root->conj->dobj->nn->nn,诊断(conj) — 故障(nn) — 管理(nn) — 技术(assmod) — 历程(dobj) — 回顾(root) — 考察(conj) — 现状(dobj) — 技术(nn) — PHM(nn),[故障诊断] → [PHM技术],10,预测与健康管理技术的发展及应用,故障诊断,PHM技术
方法 → 针对 → 系统,nn->nn->nn->nn->conj->cpm->rcmod->dobj->root->prep->pccomp->nsubj->cc->nn->nn,PHM(nn) — 诊断(nn) — 能力(nn) — 外场(nn) — 评估(conj) — 的(cpm) — 基于(rcmod) — 方法(dobj) — 提出(root) — 针对(prep) — 缺乏(pccomp) — 系统(nsubj) — 与(cc) — 健康(nn) — 管理(nn),[PHM诊断能力外场评估和验证方法] → [预测与健康管理系统(PHM)],15,飞机PHM系统故障诊断能力外场验证模型,PHM诊断能力外场评估和验证方法,预测与健康管理系统(PHM)
系统 → 缺乏 → 技术手段,cc->nn->nn->nsubj->pccomp->dobj->cc->nn->nn,与(cc) — 健康(nn) — 管理(nn) — 系统(nsubj) — 缺乏(pccomp) — 手段(dobj) — 和(cc) — 评价(nn) — 技术(nn),[预测与健康管理系统(PHM)] → [外场验证和评价技术手段],9,飞机PHM系统故障诊断能力外场验证模型,预测与健康管理系统(PHM),外场验证和评价技术手段
方法 → 基于 → 信息,nn->nn->nn->nn->conj->cpm->rcmod->pobj->amod,PHM(nn) — 诊断(nn) — 能力(nn) — 外场(nn) — 评估(conj) — 的(cpm) — 基于(rcmod) — 信息(pobj) — 先验(amod),[PHM诊断能力外场评估和验证方法] → [先验信息],9,飞机PHM系统故障诊断能力外场验证模型,PHM诊断能力外场评估和验证方法,先验信息
方法 → 利用 → 信息,nn->nn->nn->nn->conj->cpm->rcmod->pobj,PHM(nn) — 诊断(nn) — 能力(nn) — 外场(nn) — 评估(conj) — 的(cpm) — 基于(rcmod) — 信息(pobj),[PHM诊断能力外场评估和验证方法] → [诊断信息],8,飞机PHM系统故障诊断能力外场验证模型,PHM诊断能力外场评估和验证方法,诊断信息
信息 → 来自 → 组件,pobj->rcmod->dobj->root->prep->pccomp->dobj->assmod->assm->nn,信息(pobj) — 基于(rcmod) — 方法(dobj) — 提出(root) — 针对(prep) — 缺乏(pccomp) — 手段(dobj) — 系统(assmod) — 的(assm) — 外场(nn),[诊断信息] → [LRU(外场可更换单元)],10,飞机PHM系统故障诊断能力外场验证模型,诊断信息,LRU(外场可更换单元)
方法 → 确定 → 参数,nn->nn->nn->conj->cpm->rcmod->dobj->nn,PHM(nn) — 诊断(nn) — 外场(nn) — 评估(conj) — 的(cpm) — 基于(rcmod) — 方法(dobj) — 能力(nn),[PHM诊断能力外场评估和验证方法] → [诊断能力指标先验估计值],8,飞机PHM系统故障诊断能力外场验证模型,PHM诊断能力外场评估和验证方法,诊断能力指标先验估计值
数据 → 修正 → 概率分布,nn->assm->assmod->dobj->pccomp->prep->root->dobj->rcmod->pobj->amod,外场(nn) — 的(assm) — 系统(assmod) — 手段(dobj) — 缺乏(pccomp) — 针对(prep) — 提出(root) — 方法(dobj) — 基于(rcmod) — 信息(pobj) — 先验(amod),[外场数据] → [先验分布],11,飞机PHM系统故障诊断能力外场验证模型,外场数据,先验分布
概率分布 → 形成 → 概率分布,amod->pobj->rcmod->dobj->root->prep->pccomp->loc,先验(amod) — 信息(pobj) — 基于(rcmod) — 方法(dobj) — 提出(root) — 针对(prep) — 缺乏(pccomp) — 后(loc),[先验分布] → [后验分布],8,飞机PHM系统故障诊断能力外场验证模型,先验分布,后验分布
概率分布 → 用于得到 → 参数,loc->pccomp->prep->root->dobj->rcmod->cpm->nn->nn->nn,后(loc) — 缺乏(pccomp) — 针对(prep) — 提出(root) — 方法(dobj) — 基于(rcmod) — 的(cpm) — PHM(nn) — 诊断(nn) — 能力(nn),[后验分布] → [PHM诊断能力参数后验估计值],10,飞机PHM系统故障诊断能力外场验证模型,后验分布,PHM诊断能力参数后验估计值
指标 → 是 → 参数类型,nn->conj->pobj->prep->pccomp->prep->root->root->conj->dep->conj->dobj,故障(nn) — 检测率(conj) — 隔离率(pobj) — 以(prep) — 进行(pccomp) — 通过(prep) — 得到(root) — 利用(root) — 验(conj) — 利用(dep) — 得到(conj) — 参数(dobj),[故障检测率] → [典型测试性参数],12,飞机PHM系统故障诊断能力外场验证模型,故障检测率,典型测试性参数
指标 → 是 → 参数类型,nn->pobj->prep->pccomp->prep->root->root->conj->dep->conj->dobj,故障(nn) — 隔离率(pobj) — 以(prep) — 进行(pccomp) — 通过(prep) — 得到(root) — 利用(root) — 验(conj) — 利用(dep) — 得到(conj) — 参数(dobj),[故障隔离率] → [典型测试性参数],11,飞机PHM系统故障诊断能力外场验证模型,故障隔离率,典型测试性参数
方案 → 无法满足 → 需求,amod->nn->nn->nsubj->rcmod->dobj->nn->nn,集中式(amod) — PHM(nn) — 设计(nn) — 方案(nsubj) — 满足(rcmod) — 要求(dobj) — 供电(nn) — 系统(nn),[集中式PHM设计方案] → [供电系统要求],8,飞机供电系统的改进型PHM方案,集中式PHM设计方案,供电系统要求
方案 → 设计 → 系统,nn->nsubj->rcmod->pobj->prep->root->dobj->punct->amod->nn,PHM(nn) — 方案(nsubj) — 满足(rcmod) — 问题(pobj) — 针对(prep) — 设计(root) — 系统(dobj) — —(punct) — 集中式(amod) — PHM(nn),[改进型PHM方案] → [分布—集中式PHM系统],10,飞机供电系统的改进型PHM方案,改进型PHM方案,分布—集中式PHM系统
系统 → 基于 → 分析方法,punct->amod->nn->dobj->root->prep->plmod->lobj->rcmod->dobj->amod->nn->conj,—(punct) — 集中式(amod) — PHM(nn) — 系统(dobj) — 设计(root) — 在(prep) — 上(plmod) — 基础(lobj) — 进行(rcmod) — 分类(dobj) — 扩展式(amod) — FMEA(nn) — 分析(conj),[分布—集中式PHM系统] → [扩展式FMEA分析],13,飞机供电系统的改进型PHM方案,分布—集中式PHM系统,扩展式FMEA分析
系统 → 采用 → Model,punct->amod->nn->dobj->root->dep->dobj->nn->nn,—(punct) — 集中式(amod) — PHM(nn) — 系统(dobj) — 设计(root) — 采用(dep) — 模型(dobj) — 诊断(nn) — 预测(nn),[分布—集中式PHM系统] → [诊断预测模型],9,飞机供电系统的改进型PHM方案,分布—集中式PHM系统,诊断预测模型
系统 → 融入 → 系统,nn->nn->nsubj->dep->loc->lobj->assmod->assm->amod->nn,供电(nn) — 系统(nn) — PHM(nsubj) — 融入(dep) — 中(loc) — 系统(lobj) — 原有(assmod) — 的(assm) — 总体(amod) — PHM(nn),[供电系统PHM] → [飞机总体PHM系统],10,飞机供电系统的改进型PHM方案,供电系统PHM,飞机总体PHM系统
方案 → 应用于 → 系统,nn->nsubj->rcmod->loc->lobj->nn->nn,PHM(nn) — 方案(nsubj) — 满足(rcmod) — 中(loc) — 系统(lobj) — 飞机(nn) — 供电(nn),[改进型PHM方案] → [飞机供电系统],7,飞机供电系统的改进型PHM方案,改进型PHM方案,飞机供电系统
方案 → 提供参考 → 研究,nn->nsubj->rcmod->pobj->prep->root->dep->prep->pobj->nn->nn->nn->nn->nn,PHM(nn) — 方案(nsubj) — 满足(rcmod) — 问题(pobj) — 针对(prep) — 设计(root) — 提供(dep) — 为(prep) — 研究(pobj) — 供电(nn) — 系统(nn) — PHM(nn) — 系统(nn) — 开发(nn),[改进型PHM方案] → [供电系统PHM系统开发研究],14,飞机供电系统的改进型PHM方案,改进型PHM方案,供电系统PHM系统开发研究
系统 → 是 → 系统,nn->conj->punct->root->prep->pobj->amod->nn->nn,"健康(nn) — 监测(conj) — ,(punct) — 是(root) — 作为(prep) — 系统(pobj) — 先进(amod) — 维护(nn) — 管理(nn)",[健康监测与预测系统] → [先进维护管理系统],9,飞机健康监测与预测系统的发展及展望,健康监测与预测系统,先进维护管理系统
系统 → 是 → 系统,nn->conj->punct->root->attr->cc->nn->nn,"健康(nn) — 监测(conj) — ,(punct) — 是(root) — 系统(attr) — 与(cc) — 状态(nn) — 管理(nn)",[健康监测与预测系统] → [全面的故障检测、预测与状态管理系统],8,飞机健康监测与预测系统的发展及展望,健康监测与预测系统,全面的故障检测、预测与状态管理系统
设备 → 采用 → 系统,amod->nummod->clf->nsubj->rcmod->pobj->prep->root->punct->nn->conj,"新(amod) — 一(nummod) — 代(clf) — 飞机(nsubj) — 采用(rcmod) — 系统(pobj) — 作为(prep) — 是(root) — ,(punct) — 健康(nn) — 监测(conj)",[新一代飞机] → [健康监测与预测系统],11,飞机健康监测与预测系统的发展及展望,新一代飞机,健康监测与预测系统
系统 → 涉及 → 技术领域,punct->nn->conj->root->root->conj->dobj->amod,",(punct) — 健康(nn) — 监测(conj) — 是(root) — 阐述(root) — 包括(conj) — 技术(dobj) — 关键(amod)",[健康监测与预测系统] → [关键技术],8,飞机健康监测与预测系统的发展及展望,健康监测与预测系统,关键技术
理论 → 确立 → 功能,nn->pobj->prep->root->dobj->assmod->punct->nn->punct,"模糊(nn) — 理论(pobj) — 基于(prep) — 确立(root) — 功能(dobj) — 平台(assmod) — ,(punct) — PHM(nn) — )(punct)",[模糊理论] → [PHM平台功能],9,飞机健康管理平台的客户需求分析与PLM服务资源匹配,模糊理论,PHM平台功能
Model → 求解 → 特征,punct->prnmod->nn->pobj->prep->conj->dep->conj->prep->pobj->nn,)(punct) — ARIMA(prnmod) — 平均(nn) — 模型(pobj) — 基于(prep) — 求解(conj) — 利用(dep) — 进行(conj) — 对(prep) — 需求(pobj) — 客户(nn),[ARIMA模型] → [客户需求的动态特征],11,飞机健康管理平台的客户需求分析与PLM服务资源匹配,ARIMA模型,客户需求的动态特征
方法 → 衡量 → 度量,pobj->prep->root->root->dep->conj->prep->pobj->nn,质量屋(pobj) — 在(prep) — 衡量(root) — 确立(root) — 利用(dep) — 进行(conj) — 对(prep) — 需求(pobj) — 客户(nn),[质量屋] → [PLM服务资源与客户需求的匹配度],9,飞机健康管理平台的客户需求分析与PLM服务资源匹配,质量屋,PLM服务资源与客户需求的匹配度
度量 → 反映 → 度量,dobj->root->root->dep->conj->prep->pobj->nn,匹配度(dobj) — 衡量(root) — 确立(root) — 利用(dep) — 进行(conj) — 对(prep) — 需求(pobj) — 客户(nn),[匹配度] → [客户满意度],8,飞机健康管理平台的客户需求分析与PLM服务资源匹配,匹配度,客户满意度
技术 → 简称 → 缩写,nn->conj->nn->nn->assmod->nn,故障(nn) — 诊断(conj) — 飞机(nn) — 管理(nn) — 平台(assmod) — PHM(nn),[飞机故障诊断和健康管理] → [PHM],6,飞机健康管理平台的客户需求分析与PLM服务资源匹配,飞机故障诊断和健康管理,PHM
管理 → 简称 → 缩写,nn->assmod->dobj->root->root->dobj->assmod->prnmod,管理(nn) — 平台(assmod) — 功能(dobj) — 确立(root) — 衡量(root) — 匹配度(dobj) — 管理(assmod) — PLM(prnmod),[全生命周期管理] → [PLM],8,飞机健康管理平台的客户需求分析与PLM服务资源匹配,全生命周期管理,PLM
方法 → 简称 → 缩写,pobj->prnmod->pobj,质量屋(pobj) — of(prnmod) — HOQ(pobj),[质量屋] → [HOQ],3,飞机健康管理平台的客户需求分析与PLM服务资源匹配,质量屋,HOQ
Model → 简称 → Model,nn->nn->prnmod->punct->pobj,自回归求(nn) — 平均(nn) — ARIMA(prnmod) — )(punct) — 模型(pobj),[自回归求和移动平均模型] → [ARIMA模型],5,飞机健康管理平台的客户需求分析与PLM服务资源匹配,自回归求和移动平均模型,ARIMA模型
Model → 针对 → 故障,nsubj->conj->root->nsubj->nn->nn,预测(nsubj) — 使得(conj) — 表现(root) — 故障(nsubj) — 飞机(nn) — 发动机(nn),[多参数预测模型] → [飞机发动机故障],6,飞机发动机故障的多参数预测模型,多参数预测模型,飞机发动机故障
Model → 借鉴 → 方法,nsubj->rcmod->dobj->amod,预测(nsubj) — 基于(rcmod) — 理论(dobj) — 灰色(amod),[多参数预测模型] → [灰色预测建模],4,飞机发动机故障的多参数预测模型,多参数预测模型,灰色预测建模
Model → 借鉴 → 思想,nsubj->conj->root->root->dobj->rcmod->nsubj,预测(nsubj) — 使得(conj) — 表现(root) — 借鉴(root) — 思想(dobj) — 融合(rcmod) — 信息(nsubj),[多参数预测模型] → [信息融合],7,飞机发动机故障的多参数预测模型,多参数预测模型,信息融合
Model → 借鉴 → 思想,nsubj,预测(nsubj),[多参数预测模型] → [灰色预测建模],1,飞机操纵面故障的多参数预测模型,多参数预测模型,灰色预测建模
Model → 借鉴 → 思想,nsubj->root->root->dobj->rcmod->nsubj,预测(nsubj) — 具有(root) — 借鉴(root) — 思想(dobj) — 融合(rcmod) — 信息(nsubj),[多参数预测模型] → [信息融合],6,飞机操纵面故障的多参数预测模型,多参数预测模型,信息融合
故障 → 表现出 → 信号,nn->nn->nsubj->root->dep->dobj->nummod->clf->nn,飞机(nn) — 发动机(nn) — 故障(nsubj) — 表现(root) — 表征(dep) — 信号(dobj) — 多(nummod) — 种(clf) — 特征(nn),[飞机发动机故障] → [多种特征信号],9,飞机发动机故障的多参数预测模型,飞机发动机故障,多种特征信号
信号 → 反映 → 故障,nn->dobj->dep->root->nsubj->nn->nn,特征(nn) — 信号(dobj) — 表征(dep) — 表现(root) — 故障(nsubj) — 飞机(nn) — 发动机(nn),[特征信号] → [飞机发动机故障],7,飞机发动机故障的多参数预测模型,特征信号,飞机发动机故障
信号 → 反映 → 故障,amod->dobj->ccomp->root->root->nsubj->assmod,特征(amod) — 参数(dobj) — 考虑(ccomp) — 存在(root) — 具有(root) — 预测(nsubj) — 故障(assmod),[特征信号] → [不同的故障],7,飞机操纵面故障的多参数预测模型,特征信号,不同的故障
数据 → 提供 → 信息,nn->dobj->pccomp->prep->conj->nsubj,特征(nn) — 参数(dobj) — 考虑(pccomp) — 由于(prep) — 使得(conj) — 预测(nsubj),[特征参数时间序列] → [预测信息],6,飞机发动机故障的多参数预测模型,特征参数时间序列,预测信息
验证 → 表明 → 结论,nn->nn->nsubj->root->root->conj->dobj->assmod->assm,仿真(nn) — 验证(nn) — 结果(nsubj) — 表明(root) — 表现(root) — 使得(conj) — 准确性(dobj) — 预测(assmod) — 的(assm),[仿真验证结果] → [多参数预测模型具有较高的预测准确性],9,飞机发动机故障的多参数预测模型,仿真验证结果,多参数预测模型具有较高的预测准确性
系统 → 是核心部分 → 系统,nn->nn->nn->top->root->attr->assmod->nn->nn,开关(nn) — 磁阻(nn) — 发电(nn) — 系统(top) — 是(root) — 部分(attr) — 系统(assmod) — 飞机(nn) — 供电(nn),[开关磁阻发电系统] → [飞机供电系统],9,飞机开关磁阻发电系统故障推理模型研究,开关磁阻发电系统,飞机供电系统
软件 → 用于 → 方法,nn->dobj->conj->conj->dobj->nn,MATLAB(nn) — 软件(dobj) — 利用(conj) — 进行(conj) — 分析(dobj) — 仿真(nn),[MATLAB软件] → [仿真分析],6,飞机开关磁阻发电系统故障推理模型研究,MATLAB软件,仿真分析
方法 → 针对 → 故障,nn->dobj->conj->prep->pobj->nn->nn->nn->amod->nn,仿真(nn) — 分析(dobj) — 进行(conj) — 对(prep) — 故障(pobj) — 开关(nn) — 磁阻(nn) — 发电机(nn) — 典型(amod) — 电气(nn),[仿真分析] → [开关磁阻发电机典型电气故障],10,飞机开关磁阻发电系统故障推理模型研究,仿真分析,开关磁阻发电机典型电气故障
模块 → 解决 → 问题,nn->dobj->conj->conj->dobj->nn,记忆(nn) — 模块(dobj) — 引入(conj) — 解决(conj) — 问题(dobj) — 代数环(nn),[记忆模块] → [代数环问题],6,飞机开关磁阻发电系统故障推理模型研究,记忆模块,代数环问题
算法 → 分解 → 信号,nn->dobj->root->root->conj->conj->prep->pobj->nn,EMD(nn) — 算法(dobj) — 利用(root) — 是(root) — 利用(conj) — 进行(conj) — 对(prep) — 故障(pobj) — 发电机(nn),[EMD算法] → [发电机输出电压信号],9,飞机开关磁阻发电系统故障推理模型研究,EMD算法,发电机输出电压信号
特征量 → 训练 → Model,det->clf->nn->assm->assmod->assmod->nsubj->conj->dobj->nn,各(det) — 层(clf) — 频率(nn) — 的(assm) — 后(assmod) — 信号(assmod) — 标准差(nsubj) — 作为(conj) — 网络(dobj) — 神经(nn),[各层频率信号的标准差] → [神经网络],10,飞机开关磁阻发电系统故障推理模型研究,各层频率信号的标准差,神经网络
Model → 生成 → Model,nn->dobj->conj->root->root->conj->prep->pccomp->conj->dobj->assmod->nn->nn,神经(nn) — 网络(dobj) — 作为(conj) — 利用(root) — 是(root) — 利用(conj) — 为了(prep) — 研究(pccomp) — 减少(conj) — 参数(dobj) — 模型(assmod) — 故障(nn) — 推理(nn),[神经网络] → [故障推理模型],13,飞机开关磁阻发电系统故障推理模型研究,神经网络,故障推理模型
Model → 减少 → 参数,nn->nn->assmod->dobj->nn,故障(nn) — 推理(nn) — 模型(assmod) — 参数(dobj) — 检测(nn),[故障推理模型] → [检测参数],5,飞机开关磁阻发电系统故障推理模型研究,故障推理模型,检测参数
Model → 测量 → 参数,nn->nn->assmod->dobj->conj->pccomp->prep->conj->root->root->nsubj->nn->nn,故障(nn) — 推理(nn) — 模型(assmod) — 参数(dobj) — 减少(conj) — 研究(pccomp) — 为了(prep) — 利用(conj) — 是(root) — 利用(root) — 信号(nsubj) — 输出(nn) — 电压(nn),[故障推理模型] → [输出电压],13,飞机开关磁阻发电系统故障推理模型研究,故障推理模型,输出电压
Model → 奠定基础 → Model,nn->nn->assmod->dobj->conj->pccomp->prep->conj->root->top->nn->nn->nn,故障(nn) — 推理(nn) — 模型(assmod) — 参数(dobj) — 减少(conj) — 研究(pccomp) — 为了(prep) — 利用(conj) — 是(root) — 系统(top) — 开关(nn) — 磁阻(nn) — 发电(nn),[故障推理模型] → [开关磁阻发电系统故障预测模型],13,飞机开关磁阻发电系统故障推理模型研究,故障推理模型,开关磁阻发电系统故障预测模型
Model → 奠定基础 → 系统,nn->nn->assmod->dobj->conj->pccomp->dobj->nn->nn->nn->nn->nn,故障(nn) — 推理(nn) — 模型(assmod) — 参数(dobj) — 减少(conj) — 研究(pccomp) — 技术(dobj) — 系统(nn) — 飞机(nn) — 供电(nn) — 健康(nn) — 管理(nn),[故障推理模型] → [飞机供电系统健康管理系统],12,飞机开关磁阻发电系统故障推理模型研究,故障推理模型,飞机供电系统健康管理系统
参数 → 用于 → 应用,assmod->assm->nn->dobj->top->conj->dobj->nn->conj,飞机(assmod) — 的(assm) — 性能(nn) — 参数(dobj) — 利用(top) — 进行(conj) — 监控(dobj) — 故障(nn) — 预报(conj),[飞机性能参数] → [故障预报],9,飞机性能参数预测的不确定性处理,飞机性能参数,故障预报
参数 → 用于 → 应用,assmod->assm->nn->dobj->top->conj->dobj->nn,飞机(assmod) — 的(assm) — 性能(nn) — 参数(dobj) — 利用(top) — 进行(conj) — 监控(dobj) — 状态(nn),[飞机性能参数] → [状态监控],8,飞机性能参数预测的不确定性处理,飞机性能参数,状态监控
参数 → 包含 → 问题,assmod->assm->nn->dobj->top->root->root->conj->dobj,飞机(assmod) — 的(assm) — 性能(nn) — 参数(dobj) — 利用(top) — 重要(root) — 具有(root) — 包含(conj) — 噪声(dobj),[飞机性能参数] → [噪声],9,飞机性能参数预测的不确定性处理,飞机性能参数,噪声
方法 → 处理 → 任务,dobj->root->root->top->dobj->assmod->assm->nn,非线性(dobj) — 具有(root) — 重要(root) — 利用(top) — 参数(dobj) — 飞机(assmod) — 的(assm) — 性能(nn),[非线性支持向量机] → [飞机性能参数预测],8,飞机性能参数预测的不确定性处理,非线性支持向量机,飞机性能参数预测
方法 → 通过增加 → 技术,dobj->root->root->dep->prep->pobj->rcmod->dobj->amod,非线性(dobj) — 具有(root) — 研究(root) — 解决(dep) — 通过(prep) — 方式(pobj) — 增加(rcmod) — 约束(dobj) — 线性(amod),[非线性支持向量机] → [线性约束],9,飞机性能参数预测的不确定性处理,非线性支持向量机,线性约束
方法 → 利用 → 算法,dobj->root->root->conj->dobj->nn->advmod->amod->nn,非线性(dobj) — 具有(root) — 提高(root) — 利用(conj) — 算法(dobj) — 序列(nn) — 最(advmod) — 小(amod) — 最优化(nn),[非线性支持向量机] → [序列最小最优化算法],9,飞机性能参数预测的不确定性处理,非线性支持向量机,序列最小最优化算法
算法 → 用于处理 → 问题,nn->advmod->amod->nn->dobj->rcmod->ccomp->dobj->amod->nn->amod,序列(nn) — 最(advmod) — 小(amod) — 最优化(nn) — 算法(dobj) — 适用于(rcmod) — 处理(ccomp) — 规划(dobj) — 大(amod) — 规模(nn) — 二次(amod),[序列最小最优化算法] → [大规模二次规划],11,飞机性能参数预测的不确定性处理,序列最小最优化算法,大规模二次规划
数据 → 用于验证 → 方法,amod->conj->dobj->root->root->dobj,仿真(amod) — 数据(conj) — 参数(dobj) — 利用(root) — 具有(root) — 非线性(dobj),[仿真数据] → [非线性支持向量机],6,飞机性能参数预测的不确定性处理,仿真数据,非线性支持向量机
故障 → 表征出 → 信号,nn->assmod->nsubj->root->root->ccomp->dobj->amod,操纵面(nn) — 故障(assmod) — 预测(nsubj) — 具有(root) — 存在(root) — 考虑(ccomp) — 参数(dobj) — 特征(amod),[操纵面故障] → [多种特征信号],8,飞机操纵面故障的多参数预测模型,操纵面故障,多种特征信号
Model → 增加 → Performance Metric,nsubj->assmod->assm->amod,预测(nsubj) — 故障(assmod) — 的(assm) — 准确(amod),[多参数预测模型] → [预测的准确性],4,飞机操纵面故障的多参数预测模型,多参数预测模型,预测的准确性
Model → 应用于 → 任务,nsubj->assmod->nn,预测(nsubj) — 故障(assmod) — 操纵面(nn),[多参数预测模型] → [飞机操纵面故障预测],3,飞机操纵面故障的多参数预测模型,多参数预测模型,飞机操纵面故障预测
方法 → 存在不足 → 问题,assmod->nsubj->root->prep,故障(assmod) — 预测(nsubj) — 具有(root) — 对(prep),[现有故障预测方法] → [缺乏对各特征参数的统一考虑],4,飞机操纵面故障的多参数预测模型,现有故障预测方法,缺乏对各特征参数的统一考虑
技术 → 关联 → 维修策略,nn->conj->assmod->conj->nn->nn,故障(nn) — 预测(conj) — 后勤(assmod) — 维修(conj) — 视(nn) — 情(nn),[故障预测与健康管理] → [视情维修],6,飞机故障预测与健康管理应用模式研究,故障预测与健康管理,视情维修
技术 → 关联 → 后勤策略,nn->conj->assmod->amod,故障(nn) — 预测(conj) — 后勤(assmod) — 自主(amod),[故障预测与健康管理] → [自主后勤],4,飞机故障预测与健康管理应用模式研究,故障预测与健康管理,自主后勤
维修策略 → 关联 → 后勤策略,nn->nn->conj->assmod->amod,视(nn) — 情(nn) — 维修(conj) — 后勤(assmod) — 自主(amod),[视情维修] → [自主后勤],5,飞机故障预测与健康管理应用模式研究,视情维修,自主后勤
技术 → 具有 → 应用模式,nn->conj->assmod->dobj->dep->root->root->dobj->nn->prnmod->punct->nn,故障(nn) — 预测(conj) — 后勤(assmod) — 关系(dobj) — 描述(dep) — 进行(root) — 提出(root) — 模式(dobj) — 管理(nn) — PHM(prnmod) — )(punct) — 应用(nn),[故障预测与健康管理] → [PHM应用模式],12,飞机故障预测与健康管理应用模式研究,故障预测与健康管理,PHM应用模式
技术 → 具有 → 发展趋势,nn->conj->assmod->dobj->dep->root->root->conj->dobj->assmod->assm->nn,故障(nn) — 预测(conj) — 后勤(assmod) — 关系(dobj) — 描述(dep) — 进行(root) — 提出(root) — 指出(conj) — 趋势(dobj) — PHM(assmod) — 的(assm) — 发展(nn),[故障预测与健康管理] → [PHM发展趋势],12,飞机故障预测与健康管理应用模式研究,故障预测与健康管理,PHM发展趋势
系统框架 → 用于实现 → 技术,nn->conj,故障(nn) — 预测(conj),[飞机故障预测与健康管理(PHM)系统框架] → [故障预测与健康管理],2,飞机故障预测与健康管理应用模式研究,飞机故障预测与健康管理(PHM)系统框架,故障预测与健康管理
技术 → 用于构建 → 系统,nn->dobj->conj->root->root->dep->dobj->assmod->cc->amod,物联网(nn) — 技术(dobj) — 运用(conj) — 设计(root) — 进行(root) — 描述(dep) — 关系(dobj) — 后勤(assmod) — 和(cc) — 自主(amod),[物联网技术] → [自主保障系统],10,飞机故障预测与健康管理应用模式研究,物联网技术,自主保障系统
系统 → 提升 → 能力,amod->cc->assmod->dobj->dep->root->prep->pobj->assmod->nn,自主(amod) — 和(cc) — 后勤(assmod) — 关系(dobj) — 描述(dep) — 进行(root) — 针对(prep) — 不足(pobj) — 机制(assmod) — 飞机(nn),[自主保障系统] → [飞机自主保障能力],10,飞机故障预测与健康管理应用模式研究,自主保障系统,飞机自主保障能力
技术 → 关联 → 管理策略,nn->conj->assmod->dobj->dep->root->root->dobj->assmod->lobj->cc->det->nn,故障(nn) — 预测(conj) — 后勤(assmod) — 关系(dobj) — 描述(dep) — 进行(root) — 论证(root) — 关系(dobj) — 之间(assmod) — 支持(lobj) — 与(cc) — 全(det) — 寿命(nn),[故障预测与健康管理] → [持续采办与全寿命支持(CALS)],13,飞机故障预测与健康管理应用模式研究,故障预测与健康管理,持续采办与全寿命支持(CALS)
技术 → 提供支持 → 活动,nn->conj->assmod->dobj->dep->root->root->dep->prep->pobj->nn->conj,故障(nn) — 预测(conj) — 后勤(assmod) — 关系(dobj) — 描述(dep) — 进行(root) — 论证(root) — 提供(dep) — 为(prep) — 支持(pobj) — 装备(nn) — 采购(conj),[故障预测与健康管理] → [装备采购],12,飞机故障预测与健康管理应用模式研究,故障预测与健康管理,装备采购
技术 → 提供支持 → 活动,nn->conj->assmod->dobj->dep->root->root->dobj->assmod->lobj->det->nn,故障(nn) — 预测(conj) — 后勤(assmod) — 关系(dobj) — 描述(dep) — 进行(root) — 论证(root) — 关系(dobj) — 之间(assmod) — 支持(lobj) — 全(det) — 寿命(nn),[故障预测与健康管理] → [全寿命支持],12,飞机故障预测与健康管理应用模式研究,故障预测与健康管理,全寿命支持
体系结构 → 解决 → 问题,nn->nn->dobj->root->prep->pobj->nn->nn->nn,PHM(nn) — 体系(nn) — 结构(dobj) — 提出(root) — 针对(prep) — 问题(pobj) — 困难(nn) — 维修(nn) — 保障(nn),[PHM体系结构] → [维修保障困难],9,飞机故障预测与健康管理框架研究,PHM体系结构,维修保障困难
体系结构 → 基于 → 研究背景,nn->nn->dobj->root->conj->prep->pobj->assmod->amod,PHM(nn) — 体系(nn) — 结构(dobj) — 提出(root) — 为(conj) — 以(prep) — 研究(pobj) — 飞机(assmod) — 新型(amod),[PHM体系结构] → [新型飞机],9,飞机故障预测与健康管理框架研究,PHM体系结构,新型飞机
体系结构 → 结合 → 系统,nn->nn->dobj->root->conj->dep->dobj->amod,PHM(nn) — 体系(nn) — 结构(dobj) — 提出(root) — 为(conj) — 结合(dep) — 系统(dobj) — 关键(amod),[PHM体系结构] → [关键系统],8,飞机故障预测与健康管理框架研究,PHM体系结构,关键系统
体系结构 → 包含 → 组成部分,nn->nn->dobj->root->conj->dep->dobj->conj->nn->nn,PHM(nn) — 体系(nn) — 结构(dobj) — 提出(root) — 为(conj) — 包含(dep) — 实现(dobj) — 设计(conj) — 体系(nn) — 结构(nn),[PHM体系结构] → [体系结构设计],10,飞机故障预测与健康管理框架研究,PHM体系结构,体系结构设计
体系结构 → 包含 → 组成部分,nn->nn->dobj->root->conj->dep->dobj->nn,PHM(nn) — 体系(nn) — 结构(dobj) — 提出(root) — 为(conj) — 包含(dep) — 实现(dobj) — 技术(nn),[PHM体系结构] → [技术实现],8,飞机故障预测与健康管理框架研究,PHM体系结构,技术实现
体系结构 → 满足 → 要求,nn->nn->dobj->root->conj->ccomp->dobj->rcmod,PHM(nn) — 体系(nn) — 结构(dobj) — 提出(root) — 表明(conj) — 满足(ccomp) — 要求(dobj) — 标准化(rcmod),[PHM体系结构] → [标准化要求],8,飞机故障预测与健康管理框架研究,PHM体系结构,标准化要求
体系结构 → 满足 → 要求,nn->nn->dobj->root->conj->ccomp->dobj->rcmod->punct->conj,PHM(nn) — 体系(nn) — 结构(dobj) — 提出(root) — 表明(conj) — 满足(ccomp) — 要求(dobj) — 标准化(rcmod) — 、(punct) — 层次化(conj),[PHM体系结构] → [层次化要求],10,飞机故障预测与健康管理框架研究,PHM体系结构,层次化要求
体系结构 → 满足 → 要求,nn->nn->dobj->root->conj->ccomp->dobj->rcmod->punct->conj,PHM(nn) — 体系(nn) — 结构(dobj) — 提出(root) — 表明(conj) — 满足(ccomp) — 要求(dobj) — 标准化(rcmod) — 、(punct) — 可进化(conj),[PHM体系结构] → [可进化要求],10,飞机故障预测与健康管理框架研究,PHM体系结构,可进化要求
体系结构 → 满足 → 要求,nn->nn->dobj->root->conj->ccomp->dobj->rcmod->dep->cpm,PHM(nn) — 体系(nn) — 结构(dobj) — 提出(root) — 表明(conj) — 满足(ccomp) — 要求(dobj) — 标准化(rcmod) — 开放性(dep) — 的(cpm),[PHM体系结构] → [开放性要求],10,飞机故障预测与健康管理框架研究,PHM体系结构,开放性要求
体系结构 → 降低 → 成本,nn->nn->dobj->root->conj->ccomp->conj->dobj->nn->conj,PHM(nn) — 体系(nn) — 结构(dobj) — 提出(root) — 表明(conj) — 满足(ccomp) — 降低(conj) — 难度(dobj) — 维护(nn) — 费用(conj),[PHM体系结构] → [维护费用],10,飞机故障预测与健康管理框架研究,PHM体系结构,维护费用
体系结构 → 降低 → 难度,nn->nn->dobj->root->conj->ccomp->conj->dobj->assmod->assm->nn,PHM(nn) — 体系(nn) — 结构(dobj) — 提出(root) — 表明(conj) — 满足(ccomp) — 降低(conj) — 难度(dobj) — 飞机(assmod) — 的(assm) — 维护(nn),[PHM体系结构] → [维护难度],11,飞机故障预测与健康管理框架研究,PHM体系结构,维护难度
部件 → 具有 → 状态,nn->nn->nn->prnmod->dep->root->top->dobj->nn,飞机(nn) — 机电(nn) — 系统(nn) — 部件(prnmod) — 部件(dep) — 是(root) — 处于(top) — 状态(dobj) — 健康(nn),[飞机机电系统部件] → [健康状态],9,飞机机电系统部件数据驱动健康状态在线估计方法综述,飞机机电系统部件,健康状态
状态 → 保障 → 目标,nn->dobj->top->root->attr->rcmod->advmod,健康(nn) — 状态(dobj) — 处于(top) — 是(root) — 前提(attr) — 运行(rcmod) — 安全(advmod),[健康状态] → [安全运行],7,飞机机电系统部件数据驱动健康状态在线估计方法综述,健康状态,安全运行
状态 → 保障 → 目标,nn->dobj->top->root->dep->assmod->nn,健康(nn) — 状态(dobj) — 处于(top) — 是(root) — 部件(dep) — 系统(assmod) — 飞机(nn),[健康状态] → [飞机正常飞行],7,飞机机电系统部件数据驱动健康状态在线估计方法综述,健康状态,飞机正常飞行
状态 → 保障 → 目标,nn->dobj->top->root->attr->rcmod->advmod,健康(nn) — 状态(dobj) — 处于(top) — 是(root) — 前提(attr) — 运行(rcmod) — 安全(advmod),[健康状态] → [成员安全],7,飞机机电系统部件数据驱动健康状态在线估计方法综述,健康状态,成员安全
方法 → 支撑 → 维修策略,punct->nn->nn->nn->prnmod->dep->root->root->dobj->nn,((punct) — 飞机(nn) — 机电(nn) — 系统(nn) — 部件(prnmod) — 部件(dep) — 是(root) — 支撑(root) — 维修(dobj) — 视情(nn),[飞机机电系统部件健康状态在线估计] → [视情维修],10,飞机机电系统部件数据驱动健康状态在线估计方法综述,飞机机电系统部件健康状态在线估计,视情维修
方法 → 提供 → 功能,punct->nn->nn->nn->prnmod->dep->root->root->dobj->nn,((punct) — 飞机(nn) — 机电(nn) — 系统(nn) — 部件(prnmod) — 部件(dep) — 是(root) — 提供(root) — 参考(dobj) — 决策(nn),[飞机机电系统部件健康状态在线估计] → [决策参考],10,飞机机电系统部件数据驱动健康状态在线估计方法综述,飞机机电系统部件健康状态在线估计,决策参考
功能 → 用于 → 任务,nn->dobj->root->root->prep->pccomp,决策(nn) — 参考(dobj) — 提供(root) — 具有(root) — 对于(prep) — 保障(pccomp),[决策参考] → [飞行任务保障],6,飞机机电系统部件数据驱动健康状态在线估计方法综述,决策参考,飞行任务保障
部件 → 包含 → 部件,nn->nn->nn->prnmod->dep->assmod->nn,飞机(nn) — 机电(nn) — 系统(nn) — 部件(prnmod) — 部件(dep) — 系统(assmod) — 机电(nn),[飞机机电系统部件] → [机电作动器],7,飞机机电系统部件数据驱动健康状态在线估计方法综述,飞机机电系统部件,机电作动器
部件 → 包含 → 部件,nn->nn->nn->prnmod->dep->root->root->prep->pobj->nn->nn,飞机(nn) — 机电(nn) — 系统(nn) — 部件(prnmod) — 部件(dep) — 是(root) — 为(root) — 以(prep) — 装置(pobj) — 辅助(nn) — 动力(nn),[飞机机电系统部件] → [辅助动力装置],11,飞机机电系统部件数据驱动健康状态在线估计方法综述,飞机机电系统部件,辅助动力装置
系统 → 提出 → 方案,nn->nn->nn->conj->assmod->dobj->nn->nn->nn,飞机(nn) — 液压(nn) — 泵源(nn) — 预测(conj) — 系统(assmod) — 方案(dobj) — 体系(nn) — 结构(nn) — 总体(nn),[飞机液压泵源预测与健康管理系统] → [体系结构总体方案],9,飞机液压泵源预测与健康管理系统,飞机液压泵源预测与健康管理系统,体系结构总体方案
子系统 → 基于 → 技术/组件,amod->nn->nn->nn->nn->conj->nn->pobj->prep->conj->root->conj->prep->pobj->nn->nn,机载(amod) — 液压(nn) — 泵源(nn) — 健康(nn) — 监测(nn) — 系统(conj) — 系统(nn) — 技术(pobj) — 对(prep) — 进行(conj) — 提出(root) — 设计(conj) — 基于(prep) — 处理器(pobj) — 数字(nn) — 信号(nn),[机载液压泵源健康监测系统] → [数字信号处理器],16,飞机液压泵源预测与健康管理系统,机载液压泵源健康监测系统,数字信号处理器
系统 → 采用 → 算法,nn->nn->nn->conj->assmod->dobj->root->conj->dobj->nn->nn,飞机(nn) — 液压(nn) — 泵源(nn) — 预测(conj) — 系统(assmod) — 方案(dobj) — 提出(root) — 给出(conj) — 算法(dobj) — 故障(nn) — 诊断(nn),[飞机液压泵源预测与健康管理系统] → [故障诊断算法],11,飞机液压泵源预测与健康管理系统,飞机液压泵源预测与健康管理系统,故障诊断算法
系统 → 用于 → 应用,nn->nn->nn->conj->assmod->dobj->root->dep->prep->pobj->nn->amod->nn->nn->nn->conj,飞机(nn) — 液压(nn) — 泵源(nn) — 预测(conj) — 系统(assmod) — 方案(dobj) — 提出(root) — 提供(dep) — 为(prep) — 保障(pobj) — 系统(nn) — 典型(amod) — 液压(nn) — 泵源(nn) — 故障(nn) — 预测(conj),[飞机液压泵源预测与健康管理系统] → [典型液压泵源系统故障预测],16,飞机液压泵源预测与健康管理系统,飞机液压泵源预测与健康管理系统,典型液压泵源系统故障预测
系统 → 用于 → 应用,nn->nn->nn->conj->assmod->dobj->root->dep->prep->pobj->nn,飞机(nn) — 液压(nn) — 泵源(nn) — 预测(conj) — 系统(assmod) — 方案(dobj) — 提出(root) — 提供(dep) — 为(prep) — 保障(pobj) — 后勤(nn),[飞机液压泵源预测与健康管理系统] → [后勤保障],11,飞机液压泵源预测与健康管理系统,飞机液压泵源预测与健康管理系统,后勤保障
子系统 → 包含 → 数据库,nn->nn->nn->nn->pobj->prep->conj->root->conj->dobj->nn->nn->nn,地面(nn) — 维护(nn) — 管理(nn) — 系统(nn) — 技术(pobj) — 对(prep) — 进行(conj) — 提出(root) — 设计(conj) — 数据库(dobj) — 地面(nn) — 维护(nn) — 管理(nn),[地面维护管理系统] → [地面维护管理数据库],13,飞机液压泵源预测与健康管理系统,地面维护管理系统,地面维护管理数据库
系统 → 管理 → 被监测对象,nn->nn->nn->conj->assmod->dobj->root->prep->pobj->nn->nn->nn->nn,飞机(nn) — 液压(nn) — 泵源(nn) — 预测(conj) — 系统(assmod) — 方案(dobj) — 提出(root) — 针对(prep) — 要求(pobj) — 系统(nn) — 飞机(nn) — 液压(nn) — 泵源(nn),[飞机液压泵源预测与健康管理系统] → [飞机液压泵源系统],13,飞机液压泵源预测与健康管理系统,飞机液压泵源预测与健康管理系统,飞机液压泵源系统
系统 → 影响 → 属性,nn->nn->nsubj->root->prep->pobj->assmod->assm,飞机(nn) — 燃油(nn) — 系统(nsubj) — 有(root) — 对(prep) — 安全性(pobj) — 飞机(assmod) — 的(assm),[飞机燃油系统] → [飞机安全性],8,飞机燃油供油系统性能退化与故障预测,飞机燃油系统,飞机安全性
系统 → 影响 → 属性,nsubj->root->dep->dobj->nn,起落架(nsubj) — 收放(root) — 威胁(dep) — 安全(dobj) — 飞行(nn),[起落架收放系统] → [飞行安全],5,飞机起落架液压收放系统多故障仿真与健康评估,起落架收放系统,飞行安全
技术 → 保证 → 状态,nn->nn->dobj->dep->root->root->nsubj->nn,健康(nn) — 管理(nn) — 技术(dobj) — 应用(dep) — 达到(root) — 有(root) — 系统(nsubj) — 飞机(nn),[健康管理技术] → [飞机飞行安全],8,飞机燃油供油系统性能退化与故障预测,健康管理技术,飞机飞行安全
故障原因 → 导致 → 状态,nn->nn->nsubj->pccomp->prep->rcmod->ccomp->nsubj,供油(nn) — 增压泵(nn) — 叶片(nsubj) — 磨损(pccomp) — 因(prep) — 导致(rcmod) — 退化(ccomp) — 性能(nsubj),[供油增压泵叶片磨损] → [性能退化],8,飞机燃油供油系统性能退化与故障预测,供油增压泵叶片磨损,性能退化
状态 → 发生在 → 子系统,nsubj->ccomp->rcmod->dobj->root->root->nsubj->nn->nn,性能(nsubj) — 退化(ccomp) — 导致(rcmod) — 过程(dobj) — 研究(root) — 有(root) — 系统(nsubj) — 飞机(nn) — 燃油(nn),[性能退化] → [飞机燃油供油系统],9,飞机燃油供油系统性能退化与故障预测,性能退化,飞机燃油供油系统
软件工具 → 用于建立 → Model,dobj->dep->conj->dobj->nn->nn,Simulink(dobj) — 利用(dep) — 建立(conj) — 模型(dobj) — 性能(nn) — 退化(nn),[Simulink] → [性能退化模型],6,飞机燃油供油系统性能退化与故障预测,Simulink,性能退化模型
Model → 仿真 → 过程,nn->nn->dobj->conj->dep->conj->dobj->nn->nn,性能(nn) — 退化(nn) — 模型(dobj) — 建立(conj) — 利用(dep) — 仿真(conj) — 历程(dobj) — 性能(nn) — 退化(nn),[性能退化模型] → [性能退化历程],9,飞机燃油供油系统性能退化与故障预测,性能退化模型,性能退化历程
子系统 → 具有 → 指标,nn->nn->nsubj->root->root->dep->dobj->nn,飞机(nn) — 燃油(nn) — 系统(nsubj) — 有(root) — 达到(root) — 应用(dep) — 技术(dobj) — 健康(nn),[飞机燃油供油系统] → [健康状态指数],8,飞机燃油供油系统性能退化与故障预测,飞机燃油供油系统,健康状态指数
任务 → 属于 → 技术领域,nn->dobj->conj->conj->root->root->dep->dobj->nn->nn,故障(nn) — 预测(dobj) — 进行(conj) — 利用(conj) — 给出(root) — 达到(root) — 应用(dep) — 技术(dobj) — 健康(nn) — 管理(nn),[故障预测] → [健康管理],10,飞机燃油供油系统性能退化与故障预测,故障预测,健康管理
系统架构 → 基于 → 标准架构,nummod->cpm->nn->nn->dobj->rcmod->dobj->dep->root->prep->pobj->nn,多(nummod) — 的(cpm) — 飞机(nn) — 电源(nn) — Agent(dobj) — 基于(rcmod) — 模型(dobj) — 提出(dep) — 为(root) — 以(prep) — 模型(pobj) — OSA-CBM(nn),[多Agent飞机电源PHM系统架构] → [OSA-CBM模型],12,飞机电源多Agent预测与健康管理系统研究,多Agent飞机电源PHM系统架构,OSA-CBM模型
系统架构 → 满足 → 需求,nummod->cpm->nn->nn->dobj->rcmod->dobj->dep->root->prep->pobj->rcmod->cpm->nn->nn,多(nummod) — 的(cpm) — 飞机(nn) — 电源(nn) — Agent(dobj) — 基于(rcmod) — 模型(dobj) — 提出(dep) — 为(root) — 针对(prep) — 需求(pobj) — 复杂(rcmod) — 的(cpm) — 飞机(nn) — 电源(nn),[多Agent飞机电源PHM系统架构] → [飞机电源PHM需求],15,飞机电源多Agent预测与健康管理系统研究,多Agent飞机电源PHM系统架构,飞机电源PHM需求
技术 → 用于构建 → 系统模型,nn->dobj->root->root->dep->dobj->rcmod->dobj->nummod,AUML(nn) — 技术(dobj) — 采用(root) — 为(root) — 提出(dep) — 模型(dobj) — 基于(rcmod) — Agent(dobj) — 多(nummod),[AUML技术] → [多Agent AEPHM系统模型],9,飞机电源多Agent预测与健康管理系统研究,AUML技术,多Agent AEPHM系统模型
图表 → 描述 → 活动,nn->pobj->prep->conj->root->root->dep->dobj->rcmod->dobj,AUML(nn) — 协议图(pobj) — 通过(prep) — 描述(conj) — 采用(root) — 为(root) — 提出(dep) — 模型(dobj) — 基于(rcmod) — Agent(dobj),[AUML协议图] → [Agent交互活动],10,飞机电源多Agent预测与健康管理系统研究,AUML协议图,Agent交互活动
系统架构 → 提供 → 模式,nummod->dobj->cpm->nn->nn->rcmod->dobj->dep->root->root->dobj->nn,多(nummod) — Agent(dobj) — 的(cpm) — 飞机(nn) — 电源(nn) — 基于(rcmod) — 模型(dobj) — 提出(dep) — 为(root) — 结合(root) — 实例(dobj) — 开发(nn),[多Agent飞机电源PHM系统架构] → [设计开发模式],12,飞机电源多Agent预测与健康管理系统研究,多Agent飞机电源PHM系统架构,设计开发模式
模式 → 用于 → 应用领域,nn->dobj->root->root->prep->pobj->nn->nn,开发(nn) — 实例(dobj) — 结合(root) — 为(root) — 以(prep) — 模型(pobj) — 结构(nn) — 系统(nn),[设计开发模式] → [航空机载设备PHM系统建设],8,飞机电源多Agent预测与健康管理系统研究,设计开发模式,航空机载设备PHM系统建设
系统 → 提供 → 能源,nn->nn->top->root->attr->nn,飞机(nn) — 电源(nn) — 系统(top) — 是(root) — 来源(attr) — 电能(nn),[飞机电源系统] → [电能],6,飞机电源系统故障诊断方法综述及发展趋势,飞机电源系统,电能
系统 → 供给 → 设备,nn->nn->top->root->attr->assmod->nn,飞机(nn) — 电源(nn) — 系统(top) — 是(root) — 来源(attr) — 设备(assmod) — 用电(nn),[飞机电源系统] → [用电设备],7,飞机电源系统故障诊断方法综述及发展趋势,飞机电源系统,用电设备
行业 → 推进 → 技术,amod->nn->nsubj->root->root->top->nn,现代(amod) — 航空(nn) — 工业(nsubj) — 推进(root) — 是(root) — 系统(top) — 飞机(nn),[现代航空工业] → [多电/全电飞机技术],7,飞机电源系统故障诊断方法综述及发展趋势,现代航空工业,多电/全电飞机技术
组件 → 影响 → 系统,dep->nn->assmod->dobj->root->root->top->nn->nn,电(dep) — 电(nn) — 技术(assmod) — 应用(dobj) — 推进(root) — 是(root) — 系统(top) — 飞机(nn) — 电源(nn),[电驱动装置] → [飞机电源系统],9,飞机电源系统故障诊断方法综述及发展趋势,电驱动装置,飞机电源系统
组件 → 影响 → 系统,dep->nn->assmod->dobj->root->root->top->nn->nn,电(dep) — 电(nn) — 技术(assmod) — 应用(dobj) — 推进(root) — 是(root) — 系统(top) — 飞机(nn) — 电源(nn),[电力电子器件] → [飞机电源系统],9,飞机电源系统故障诊断方法综述及发展趋势,电力电子器件,飞机电源系统
技术 → 用于 → 系统,assmod->dobj->root->root->top->nn->nn,技术(assmod) — 应用(dobj) — 推进(root) — 是(root) — 系统(top) — 飞机(nn) — 电源(nn),[故障诊断技术] → [飞机电源系统],7,飞机电源系统故障诊断方法综述及发展趋势,故障诊断技术,飞机电源系统
技术 → 旨在提高 → Performance Metric,nn->nn->assmod->pobj->prep->root->dep->prep->pobj->vmod->dobj->nn->nn,BIT(nn) — 智能(nn) — 技术(assmod) — 现状(pobj) — 对(prep) — 进行(root) — 阐述(dep) — 从(prep) — 方面(pobj) — 提高(vmod) — 效能(dobj) — 故障(nn) — 诊断(nn),[智能BIT] → [故障诊断效能],13,飞机电源系统智能BIT的发展及解决方案,智能BIT,故障诊断效能
技术 → 旨在降低 → Performance Metric,nn->nn->assmod->pobj->prep->root->dep->prep->pobj->vmod->conj->dobj,BIT(nn) — 智能(nn) — 技术(assmod) — 现状(pobj) — 对(prep) — 进行(root) — 阐述(dep) — 从(prep) — 方面(pobj) — 提高(vmod) — 降低(conj) — 虚警率(dobj),[智能BIT] → [虚警率],12,飞机电源系统智能BIT的发展及解决方案,智能BIT,虚警率
方案 → 包含 → 方法,nn->nn->dobj->dep->prep->pobj->vmod->nn->nn->nn,系统(nn) — 解决(nn) — 方案(dobj) — 提出(dep) — 从(prep) — 方面(pobj) — 分析(vmod) — 部件级(nn) — 故障(nn) — 模式(nn),[系统解决方案] → [部件级故障模式分析],10,飞机电源系统智能BIT的发展及解决方案,系统解决方案,部件级故障模式分析
方案 → 包含 → 方法,nn->nn->dobj->dep->prep->pobj->vmod->conj->conj->amod->nn->assmod->assm->nn->nn,系统(nn) — 解决(nn) — 方案(dobj) — 提出(dep) — 从(prep) — 方面(pobj) — 分析(vmod) — 预测(conj) — 方法(conj) — 模糊(amod) — 神经(nn) — 网络(assmod) — 的(assm) — 故障(nn) — 诊断(nn),[系统解决方案] → [模糊神经网络故障诊断方法],15,飞机电源系统智能BIT的发展及解决方案,系统解决方案,模糊神经网络故障诊断方法
方案 → 包含 → 方法,nn->nn->dobj->dep->prep->pobj->vmod->conj->nn->nn,系统(nn) — 解决(nn) — 方案(dobj) — 提出(dep) — 从(prep) — 方面(pobj) — 分析(vmod) — 预测(conj) — 系统级(nn) — 故障(nn),[系统解决方案] → [系统级故障预测],10,飞机电源系统智能BIT的发展及解决方案,系统解决方案,系统级故障预测
方案 → 包含 → 方法,nn->nn->dobj->dep->prep->pobj->vmod->conj->amod->nn->dobj,系统(nn) — 解决(nn) — 方案(dobj) — 提出(dep) — 从(prep) — 方面(pobj) — 分析(vmod) — 构建(conj) — 集成(amod) — 神经(nn) — 网络(dobj),[系统解决方案] → [构建集成神经网络],11,飞机电源系统智能BIT的发展及解决方案,系统解决方案,构建集成神经网络
方案 → 用于发展 → 技术,nn->nn->dobj->dep->root->prep->pobj->assmod->nn->nn->nn->nn->nn,系统(nn) — 解决(nn) — 方案(dobj) — 提出(dep) — 进行(root) — 对(prep) — 现状(pobj) — 技术(assmod) — 系统(nn) — 飞机(nn) — 电源(nn) — 智能(nn) — BIT(nn),[系统解决方案] → [飞机电源系统智能BIT],13,飞机电源系统智能BIT的发展及解决方案,系统解决方案,飞机电源系统智能BIT
方案 → 提高 → 系统属性,nn->nn->dobj->dep->root->dep->prep->pccomp->dobj->assmod->nn->nn->nn->conj,系统(nn) — 解决(nn) — 方案(dobj) — 提出(dep) — 进行(root) — 打下(dep) — 为(prep) — 提高(pccomp) — 研究(dobj) — 维护性(assmod) — 系统(nn) — 飞机(nn) — 电源(nn) — 可靠性(conj),[系统解决方案] → [飞机电源系统可靠性],14,飞机电源系统智能BIT的发展及解决方案,系统解决方案,飞机电源系统可靠性
方案 → 提高 → 系统属性,nn->nn->dobj->dep->root->prep->pobj->assmod->nn->nn->nn,系统(nn) — 解决(nn) — 方案(dobj) — 提出(dep) — 进行(root) — 对(prep) — 现状(pobj) — 技术(assmod) — 系统(nn) — 飞机(nn) — 电源(nn),[系统解决方案] → [飞机电源系统测试性],11,飞机电源系统智能BIT的发展及解决方案,系统解决方案,飞机电源系统测试性
方案 → 提高 → 系统属性,nn->nn->dobj->dep->root->prep->pobj->assmod->nn->nn->nn,系统(nn) — 解决(nn) — 方案(dobj) — 提出(dep) — 进行(root) — 对(prep) — 现状(pobj) — 技术(assmod) — 系统(nn) — 飞机(nn) — 电源(nn),[系统解决方案] → [飞机电源系统维护性],11,飞机电源系统智能BIT的发展及解决方案,系统解决方案,飞机电源系统维护性
部件 → 属于 → 系统,amod->nn->pobj->prep->root->root->prep->pobj->rcmod->nsubj->nn->nn->nn->nn,热(amod) — 交换器(nn) — 部件(pobj) — 对(prep) — 运用(root) — 提出(root) — 针对(prep) — 问题(pobj) — 超(rcmod) — 次数(nsubj) — 系统(nn) — 飞机(nn) — 空调(nn) — 冷却子(nn),[热交换器] → [飞机空调冷却子系统],14,飞机空调冷却子系统故障预测,热交换器,飞机空调冷却子系统
方法 → 解出 → 指标,amod->dobj->assmod->pobj->amod,新(amod) — 方法(dobj) — 基于(assmod) — 数据(pobj) — 失效(amod),[更新过程] → [期望失效数],5,飞机空调冷却子系统故障预测,更新过程,期望失效数
Model → 用于 → 方案,amod->pobj->assmod->dobj->root->root->ccomp->conj->nn->dobj,失效(amod) — 模型(pobj) — 基于(assmod) — 方法(dobj) — 提出(root) — 用于(root) — 进行(ccomp) — 拟定(conj) — 可靠性(nn) — 方案(dobj),[失效模型] → [拟定可靠性方案],10,飞机空调冷却子系统故障预测,失效模型,拟定可靠性方案
Model → 修改 → 方案,amod->pobj->assmod->dobj->root->prep->pobj->rcmod->nsubj->nn,失效(amod) — 模型(pobj) — 基于(assmod) — 方法(dobj) — 提出(root) — 针对(prep) — 问题(pobj) — 超(rcmod) — 次数(nsubj) — 维修(nn),[失效模型] → [维修计划],10,飞机空调冷却子系统故障预测,失效模型,维修计划
结构 → 是...的基础 → 系统,nn->nsubj->root->attr->assmod->nn,飞机(nn) — 结构(nsubj) — 是(root) — 基础(attr) — 平台(assmod) — 飞机(nn),[飞机结构] → [飞机平台],6,飞机结构健康监测与管理技术研究进展和展望,飞机结构,飞机平台
结构 → 是 → 结构,nn->nsubj->root->conj->attr->nn,飞机(nn) — 结构(nsubj) — 是(root) — 是(conj) — 架构(attr) — 承力(nn),[飞机结构] → [承力架构],6,飞机结构健康监测与管理技术研究进展和展望,飞机结构,承力架构
结构 → 确保 → 目标,nn->nsubj->root->conj->attr->rcmod->dobj->conj->nsubj,飞机(nn) — 结构(nsubj) — 是(root) — 是(conj) — 架构(attr) — 确保(rcmod) — 使用(dobj) — 安全(conj) — 飞机(nsubj),[飞机结构] → [飞机安全],9,飞机结构健康监测与管理技术研究进展和展望,飞机结构,飞机安全
结构 → 确保 → 目标,nn->nsubj->root->conj->attr->rcmod->dobj->conj->dep->amod,飞机(nn) — 结构(nsubj) — 是(root) — 是(conj) — 架构(attr) — 确保(rcmod) — 使用(dobj) — 安全(conj) — 寿命(dep) — 长(amod),[飞机结构] → [长寿命使用],10,飞机结构健康监测与管理技术研究进展和展望,飞机结构,长寿命使用
技术领域 → 提出要求 → 性能,nn->assmod->pobj->prep->root->root->nsubj->nn,航空(nn) — 技术(assmod) — 发展(pobj) — 随着(prep) — 演变(root) — 是(root) — 结构(nsubj) — 飞机(nn),[航空技术] → [飞机机体结构性能],8,飞机结构健康监测与管理技术研究进展和展望,航空技术,飞机机体结构性能
环境 → 挑战 → 属性,dobj->rcmod->attr->conj->root->nsubj,使用(dobj) — 确保(rcmod) — 架构(attr) — 是(conj) — 是(root) — 结构(nsubj),[严酷的使用环境] → [结构完整性],6,飞机结构健康监测与管理技术研究进展和展望,严酷的使用环境,结构完整性
技术 → 具有 → 特性,nn->nsubj->root->root->dobj->nn->conj,飞机(nn) — 结构(nsubj) — 是(root) — 具有(root) — 优势(dobj) — 在线性(nn) — 实时性(conj),[飞机结构健康监测与管理技术] → [实时性],7,飞机结构健康监测与管理技术研究进展和展望,飞机结构健康监测与管理技术,实时性
技术 → 具有 → 特性,nn->nsubj->root->root->dobj->nn,飞机(nn) — 结构(nsubj) — 是(root) — 具有(root) — 优势(dobj) — 在线性(nn),[飞机结构健康监测与管理技术] → [在线性],6,飞机结构健康监测与管理技术研究进展和展望,飞机结构健康监测与管理技术,在线性
技术 → 包含 → 组成部分,nn->nsubj->root->root->dobj->amod->conj,飞机(nn) — 结构(nsubj) — 是(root) — 阐释(root) — 方法(dobj) — 基本(amod) — 内涵(conj),[飞机结构健康监测与管理技术] → [基本内涵],7,飞机结构健康监测与管理技术研究进展和展望,飞机结构健康监测与管理技术,基本内涵
技术 → 包含 → 组成部分,nn->nsubj->root->root->dobj->conj,飞机(nn) — 结构(nsubj) — 是(root) — 阐释(root) — 方法(dobj) — 任务(conj),[飞机结构健康监测与管理技术] → [任务],6,飞机结构健康监测与管理技术研究进展和展望,飞机结构健康监测与管理技术,任务
技术 → 包含 → 组成部分,nn->nsubj->root->root->dobj->nn,飞机(nn) — 结构(nsubj) — 是(root) — 阐释(root) — 方法(dobj) — 实施(nn),[飞机结构健康监测与管理技术] → [实施方法],6,飞机结构健康监测与管理技术研究进展和展望,飞机结构健康监测与管理技术,实施方法
测试方法 → 是雏形 → 系统/技术,nsubj->assm,测试(nsubj) — 的(assm),[按键测试] → [机内测试设备(BITE)],2,飞机维修系统的演变,按键测试,机内测试设备(BITE)
系统/技术 → 由...组成 → 组件,nsubj->root->root->nsubjpass->rcmod->prep->pobj->nn->conj,系统(nsubj) — 按下(root) — 引入(root) — 系统(nsubjpass) — 组成(rcmod) — 由(prep) — 软件(pobj) — 电子(nn) — 硬件(conj),[数字式系统] → [电子硬件和软件],9,飞机维修系统的演变,数字式系统,电子硬件和软件
系统/技术 → 应用于 → 飞机型号,nsubj->assmod->assm->nn,系统(nsubj) — 早期(assmod) — 的(assm) — 飞机(nn),[数字式系统] → [A320飞机],4,飞机维修系统的演变,数字式系统,A320飞机
系统/技术 → 应用于 → 飞机型号,nsubj->root->prep->pobj->nn->conj,系统(nsubj) — 按下(root) — 像(prep) — 飞机(pobj) — MD-80(nn) — 波音737(conj),[数字式系统] → [波音737],6,飞机维修系统的演变,数字式系统,波音737
系统/技术 → 应用于 → 飞机型号,nsubj->root->root->loc->lobj->nn->punct->conj,系统(nsubj) — 按下(root) — 引入(root) — 上(loc) — 飞机(lobj) — A320(nn) — 、(punct) — 757(conj),[数字式系统] → [波音757],8,飞机维修系统的演变,数字式系统,波音757
系统/技术 → 应用于 → 飞机型号,nsubj->root->root->loc->lobj->nn->punct->conj,系统(nsubj) — 按下(root) — 引入(root) — 上(loc) — 飞机(lobj) — A320(nn) — 、(punct) — 767(conj),[数字式系统] → [波音767],8,飞机维修系统的演变,数字式系统,波音767
系统/技术 → 应用于 → 飞机型号,nsubj->root->root->loc->lobj->nn->conj,系统(nsubj) — 按下(root) — 引入(root) — 上(loc) — 飞机(lobj) — A320(nn) — MD-90(conj),[数字式系统] → [MD-90],7,飞机维修系统的演变,数字式系统,MD-90
系统/技术 → 挑战 → 人员,nsubj->assmod->assm->nn,系统(nsubj) — 早期(assmod) — 的(assm) — 飞机(nn),[数字式系统] → [飞机维修人员],4,飞机维修系统的演变,数字式系统,飞机维修人员
人员 → 执行 → 任务,assm->nn->assmod->nsubj->root->root->prep->pccomp->conj->dobj->nn->conj,的(assm) — 飞机(nn) — 早期(assmod) — 系统(nsubj) — 按下(root) — 提出(root) — 因为(prep) — 获取(pccomp) — 进行(conj) — 隔离(dobj) — 故障(nn) — 检测(conj),[飞机维修人员] → [故障检测和隔离],12,飞机维修系统的演变,飞机维修人员,故障检测和隔离
人员 → 依赖 → 系统/技术,nn->assm->assmod->nsubj,飞机(nn) — 的(assm) — 早期(assmod) — 系统(nsubj),[飞机维修人员] → [数字式系统],4,飞机维修系统的演变,飞机维修人员,数字式系统
飞机型号 → 采用 → 系统/技术,conj->nn->pobj->prep->root->nsubj->assmod->cc->nn,波音727(conj) — MD-80(nn) — 飞机(pobj) — 像(prep) — 按下(root) — 测试(nsubj) — 系统(assmod) — 和(cc) — 模拟(nn),[波音727] → [机械和模拟系统],9,飞机维修系统的演变,波音727,机械和模拟系统
飞机型号 → 采用 → 系统/技术,conj->amod->nn->pobj->prep->root->nsubj->assmod->cc->nn,波音737(conj) — 经典型(amod) — MD-80(nn) — 飞机(pobj) — 像(prep) — 按下(root) — 测试(nsubj) — 系统(assmod) — 和(cc) — 模拟(nn),[经典型波音737] → [机械和模拟系统],10,飞机维修系统的演变,经典型波音737,机械和模拟系统
飞机型号 → 采用 → 系统/技术,conj->nn->pobj->prep->root->nsubj->assmod->cc->nn,DC-9(conj) — MD-80(nn) — 飞机(pobj) — 像(prep) — 按下(root) — 测试(nsubj) — 系统(assmod) — 和(cc) — 模拟(nn),[DC-9] → [机械和模拟系统],9,飞机维修系统的演变,DC-9,机械和模拟系统
飞机型号 → 采用 → 系统/技术,nn->pobj->prep->root->nsubj->assmod->cc->nn,MD-80(nn) — 飞机(pobj) — 像(prep) — 按下(root) — 测试(nsubj) — 系统(assmod) — 和(cc) — 模拟(nn),[MD-80] → [机械和模拟系统],8,飞机维修系统的演变,MD-80,机械和模拟系统
方法 → 研究对象为 → 系统,nn->dobj->dep->root->nsubj,健康(nn) — 状态(dobj) — 掌握(dep) — 收放(root) — 起落架(nsubj),[健康评估方法] → [起落架收放系统],5,飞机起落架液压收放系统多故障仿真与健康评估,健康评估方法,起落架收放系统
Model → 模拟 → 系统,nn->dobj->conj->root->root->nsubj,仿真(nn) — 模型(dobj) — 建立(conj) — 利用(root) — 收放(root) — 起落架(nsubj),[仿真模型] → [起落架收放系统],6,飞机起落架液压收放系统多故障仿真与健康评估,仿真模型,起落架收放系统
属性 → 影响 → 属性,mmod,能(mmod),[元件参数性能] → [系统工作性能],1,飞机起落架液压收放系统多故障仿真与健康评估,元件参数性能,系统工作性能
算法 → 用于实现 → 任务,nn->nn->dobj->conj->root->root->dep->dobj->nn,神经(nn) — 网络(nn) — 算法(dobj) — 利用(conj) — 选取(root) — 收放(root) — 掌握(dep) — 状态(dobj) — 健康(nn),[神经网络算法] → [健康评估],9,飞机起落架液压收放系统多故障仿真与健康评估,神经网络算法,健康评估
数据 → 提取自 → 数据,nsubj->ccomp->dep->dep->root->root->prep->pobj,故障(nsubj) — 发生(ccomp) — 预防(dep) — 掌握(dep) — 收放(root) — 为(root) — 以(prep) — 系统(pobj),[故障特征] → [系统输出参数],8,飞机起落架液压收放系统多故障仿真与健康评估,故障特征,系统输出参数
方法 → 提供思路给 → 系统,nn->dobj->dep->root->nsubj,健康(nn) — 状态(dobj) — 掌握(dep) — 收放(root) — 起落架(nsubj),[健康评估方法] → [新一代飞机起落架液压收放系统],5,飞机起落架液压收放系统多故障仿真与健康评估,健康评估方法,新一代飞机起落架液压收放系统
系统 → 分析 → 数据,nn->nn->nn->dobj->conj->ccomp->dobj->rcmod->cpm,飞机(nn) — 健康(nn) — 管理(nn) — 系统(dobj) — 研究(conj) — 分析(ccomp) — 数据(dobj) — 下载(rcmod) — 的(cpm),[飞机健康管理系统] → [实时数据],9,飞机远程实时监控的一种方案,飞机健康管理系统,实时数据
系统 → 结合 → 文档,nn->nn->nn->dobj->conj->ccomp->dobj->rcmod->loc->lccomp->nsubj,飞机(nn) — 健康(nn) — 管理(nn) — 系统(dobj) — 研究(conj) — 分析(ccomp) — 数据(dobj) — 下载(rcmod) — 时(loc) — 运行(lccomp) — 飞机(nsubj),[飞机健康管理系统] → [飞机维护技术文档],11,飞机远程实时监控的一种方案,飞机健康管理系统,飞机维护技术文档
系统 → 结合 → 知识,nn->nn->nn->dobj->conj->ccomp->root->root->dep->dobj->nn->nn,飞机(nn) — 健康(nn) — 管理(nn) — 系统(dobj) — 研究(conj) — 分析(ccomp) — 在(root) — 着手于(root) — 结合(dep) — 经验(dobj) — 历史(nn) — 维护(nn),[飞机健康管理系统] → [历史维护经验],12,飞机远程实时监控的一种方案,飞机健康管理系统,历史维护经验
方案 → 包含 → 系统,nsubj->lccomp->loc->rcmod->dobj->ccomp->conj->dobj->nn->nn->nn,飞机(nsubj) — 运行(lccomp) — 时(loc) — 下载(rcmod) — 数据(dobj) — 分析(ccomp) — 研究(conj) — 系统(dobj) — 飞机(nn) — 健康(nn) — 管理(nn),[飞机远程实时监控方案] → [飞机健康管理系统],11,飞机远程实时监控的一种方案,飞机远程实时监控方案,飞机健康管理系统
研究 → 研究 → 健康状态,root->dobj->nn->nn->amod->nn->conj,研究(root) — 因素(dobj) — 人员(nn) — 飞行(nn) — 亚(amod) — 健康(nn) — 状态(conj),[本研究] → [飞行人员亚健康状态],7,飞行人员亚健康状态的调查及其健康管理策略,本研究,飞行人员亚健康状态
研究 → 研究 → 影响因素,root->dobj->nn,研究(root) — 因素(dobj) — 影响(nn),[本研究] → [影响因素],3,飞行人员亚健康状态的调查及其健康管理策略,本研究,影响因素
研究 → 实施 → 干预措施,root->conj->dobj->nn->nn,研究(root) — 实施(conj) — 策略(dobj) — 健康(nn) — 管理(nn),[本研究] → [健康管理策略],5,飞行人员亚健康状态的调查及其健康管理策略,本研究,健康管理策略
Method → 采用 → 研究工具,nn->dobj->conj->dep->root->root->dobj->conj->amod->nn,流行病学(nn) — 调查(dobj) — 进行(conj) — 采用(dep) — 选择(root) — 研究(root) — 因素(dobj) — 状态(conj) — 亚(amod) — 健康(nn),[流行病学调查] → [亚健康状态量表],10,飞行人员亚健康状态的调查及其健康管理策略,流行病学调查,亚健康状态量表
社会因素 → 影响 → 健康状态,rcmod->cc->dep->nn->nsubj->root->root->dobj->conj->nn->amod,离婚(rcmod) — 或(cc) — 丧偶(dep) — 人员(nn) — 得分(nsubj) — 高(root) — 研究(root) — 因素(dobj) — 状态(conj) — 健康(nn) — 亚(amod),[离婚或丧偶] → [社会亚健康],11,飞行人员亚健康状态的调查及其健康管理策略,离婚或丧偶,社会亚健康
职业因素 → 影响 → 健康状态,nn->dobj->rcmod->nsubj->conj->root->root->dobj->conj->nn->amod,行政(nn) — 职务(dobj) — 有(rcmod) — 健康(nsubj) — 明显(conj) — 高(root) — 研究(root) — 因素(dobj) — 状态(conj) — 健康(nn) — 亚(amod),[行政职务] → [心理亚健康],11,飞行人员亚健康状态的调查及其健康管理策略,行政职务,心理亚健康
生活习惯 → 影响 → 健康状态,rcmod->nsubj->conj->root->root->dobj->conj->nn->amod,抽烟(rcmod) — 得分(nsubj) — 高(conj) — 高(root) — 研究(root) — 因素(dobj) — 状态(conj) — 健康(nn) — 亚(amod),[抽烟] → [生理亚健康],9,飞行人员亚健康状态的调查及其健康管理策略,抽烟,生理亚健康
生活习惯 → 影响 → 健康状态,dep->rcmod->nsubj->conj->root->root->dobj->conj->nn->amod,饮酒(dep) — 抽烟(rcmod) — 得分(nsubj) — 高(conj) — 高(root) — 研究(root) — 因素(dobj) — 状态(conj) — 健康(nn) — 亚(amod),[饮酒] → [生理亚健康],10,飞行人员亚健康状态的调查及其健康管理策略,饮酒,生理亚健康
生活习惯 → 产生正性影响 → 健康状态,nn->nsubj->conj->root->root->dobj->conj->nn->amod,体育(nn) — 锻炼(nsubj) — 产生(conj) — 高(root) — 研究(root) — 因素(dobj) — 状态(conj) — 健康(nn) — 亚(amod),[体育锻炼] → [心理亚健康],9,飞行人员亚健康状态的调查及其健康管理策略,体育锻炼,心理亚健康
干预措施 → 针对 → 研究对象,nn->conj->dobj->root->root->dobj->assmod->amod,健康(nn) — 状态(conj) — 因素(dobj) — 研究(root) — 预警(root) — 状态(dobj) — 人群(assmod) — 重点(amod),[健康干预措施] → [重点人群],8,飞行人员亚健康状态的调查及其健康管理策略,健康干预措施,重点人群
干预措施 → 促进 → 健康状态,nn,健康(nn),[健康干预措施] → [健康],1,飞行人员亚健康状态的调查及其健康管理策略,健康干预措施,健康
Model → 基于 → 技术,nn->dobj->dep->root->dep->prep->pobj->nummod->clf->nn->amod->nn,NNARX(nn) — 模型(dobj) — 形成(dep) — 分析(root) — 为(dep) — 以(prep) — 网络(pobj) — 三(nummod) — 层(clf) — 前向(nn) — 人工(amod) — 神经(nn),[NNARX模型] → [三层前向人工神经网络],12,飞行试验数据驱动的涡扇发动机模型辨识,NNARX模型,三层前向人工神经网络
Model → 引入 → 机制,nn->dobj->dep->root->dep->prep->pccomp->dobj->rcomp->dobj,NNARX(nn) — 模型(dobj) — 形成(dep) — 分析(root) — 反馈(dep) — 通过(prep) — 引入(pccomp) — 输出层(dobj) — 至(rcomp) — 输入层(dobj),[NNARX模型] → [输出层反馈至输入层],10,飞行试验数据驱动的涡扇发动机模型辨识,NNARX模型,输出层反馈至输入层
Model → 研究 → 参数,dobj->dep->root->prep->pccomp->dobj->nn->nn,模型(dobj) — 形成(dep) — 分析(root) — 为(prep) — 实现(pccomp) — 监控(dobj) — 试验(nn) — 发动机(nn),[辨识模型] → [11个发动机关键参数],8,飞行试验数据驱动的涡扇发动机模型辨识,辨识模型,11个发动机关键参数
参数 → 包含 → 参数,nn->nn->dobj->pccomp->prep->root->root->prep->pobj->rcmod->loc->lobj->nn->nn,发动机(nn) — 试验(nn) — 监控(dobj) — 实现(pccomp) — 为(prep) — 分析(root) — 进行(root) — 对(prep) — 模型(pobj) — 包括(rcmod) — 在内(loc) — 转速(lobj) — 高压(nn) — 转子(nn),[11个发动机关键参数] → [高压转子转速],14,飞行试验数据驱动的涡扇发动机模型辨识,11个发动机关键参数,高压转子转速
Model → 验证于 → 数据,dobj->dep->root->dobj->nn->nn,模型(dobj) — 形成(dep) — 分析(root) — 数据(dobj) — 飞行(nn) — 试验(nn),[辨识模型] → [额外架次全程飞行试验数据],6,飞行试验数据驱动的涡扇发动机模型辨识,辨识模型,额外架次全程飞行试验数据
Model → 应用于 → 应用,dobj->dep->root->prep->pccomp->dobj->amod,模型(dobj) — 形成(dep) — 分析(root) — 为(prep) — 实现(pccomp) — 监控(dobj) — 实时(amod),[辨识模型] → [试飞实时监控],7,飞行试验数据驱动的涡扇发动机模型辨识,辨识模型,试飞实时监控
Model → 提供参考 → Model,dobj->dep->root->prep->pccomp->dobj->amod,模型(dobj) — 形成(dep) — 分析(root) — 为(prep) — 实现(pccomp) — 监控(dobj) — 实时(amod),[辨识模型] → [全包线自适应实时监控模型],7,飞行试验数据驱动的涡扇发动机模型辨识,辨识模型,全包线自适应实时监控模型
