semantic_pattern,syntactic_key,display_path,count
系统 → 预报 → 事件,nn->nn->nn->dobj->rcmod->dep->dobj,飞机(nn) — 健康(nn) — 管理(nn) — 系统(dobj) — 察觉(rcmod) — 预报(dep) — 故障(dobj),6
技术 → 应用于 → 飞机型号,nn->nsubj->conj->root->root->conj->dobj->assmod->plmod->lobj,智能(nn) — 技术(nsubj) — 应用(conj) — 是(root) — 是(root) — 研究(conj) — 应用(dobj) — 在(assmod) — 上(plmod) — 波音787(lobj),5
Model → 包含 → 子系统模型,nn->nn->nn,滑油(nn) — 预测(nn) — 系统(nn),4
方法 → 分配 → 功能,conj->assm,功能(conj) — 的(assm),4
体系结构 → 包含 → 层级,amod->nn->dobj->dep->root->root->nsubj->prnmod,层次化(amod) — 体系(nn) — 结构(dobj) — 提出(dep) — 进行(root) — 具有(root) — 系统(nsubj) — PHM(prnmod),4
研究领域 → 分为 → 研究阶段,nn,故障(nn),4
类别 → 包括 → 数据,dobj,数据(dobj),4
技术 → 应用于 → 应用,nn->nn->nsubj->root->conj->prep->pobj->assmod->pobj->nn,数字(nn) — 孪生体(nn) — 概念(nsubj) — 发展(root) — 起到(conj) — 为(prep) — 发展(pobj) — 在(assmod) — 行业(pobj) — 管道(nn),3
技术 → 包含方法 → 方法,nn->nn->nn->nsubj,发动机(nn) — 气路(nn) — 故障(nn) — 诊断(nsubj),3
学科 → 是 → 学科类别,cc->punct->nn->nn->dobj->root->nsubj->nn,"与(cc) — ""(punct) — 学科(nn) — 控制(nn) — 平台(dobj) — 依托(root) — 中心(nsubj) — 学科(nn)",3
技术 → 联系 → 环节,nn->punct->root->conj->nsubj,制造(nn) — 、(punct) — 复杂(root) — 多(conj) — 环节(nsubj),3
技术领域 → 包含 → 技术,amod->nn->nn->conj->assmod->assm,剩余(amod) — 寿命(nn) — 预测(nn) — 技术(conj) — 驱动(assmod) — 的(assm),3
问题 → 原因为 → 原因,amod->nn->assmod->assm->conj->dobj->root->prep->pccomp->dobj->assmod->pobj,自主式(amod) — 保障(nn) — 系统(assmod) — 的(assm) — 缺陷(conj) — 原因(dobj) — 分析(root) — 通过(prep) — 研究(pccomp) — 报告(dobj) — 关于(assmod) — 保障(pobj),3
方案 → 提高 → 系统属性,nn->nn->dobj->dep->root->prep->pobj->assmod->nn->nn->nn,系统(nn) — 解决(nn) — 方案(dobj) — 提出(dep) — 进行(root) — 对(prep) — 现状(pobj) — 技术(assmod) — 系统(nn) — 飞机(nn) — 电源(nn),2
数据 → 包括 → 参数,punct->punct->prnmod->nn->pobj->rcmod->pobj->prep->root->prep->pccomp->dobj->assmod->pobj->nn->nn,((punct) — )(punct) — QAR(prnmod) — 记录器(nn) — 数据(pobj) — 基于(rcmod) — 类型(pobj) — 针对(prep) — 总结(root) — 为(prep) — 梳理(pccomp) — 现状(dobj) — 对(assmod) — 分析(pobj) — 系统(nn) — 飞机(nn),2
Model → 反映 → 状态,nsubj->cc->vmod->dobj->root->nsubj->nn,模型(nsubj) — 和(cc) — 完备(vmod) — 问题(dobj) — 存在(root) — 方式(nsubj) — 健康(nn),2
方法 → 保证 → 属性,nn->nn->cpm->rcmod->dobj->root->prep->pobj,故障(nn) — 预测(nn) — 的(cpm) — 基于(rcmod) — 研究(dobj) — 进行(root) — 对(prep) — 系统(pobj),2
技术领域 → 包括 → 技术,conj->nn->nsubj->root->prep->pobj->assmod->prnmod->conj,设计(conj) — 强度(nn) — 技术(nsubj) — 提升(root) — 除了(prep) — 贡献(pobj) — 制造(assmod) — 装配(prnmod) — 结构(conj),2
技术领域 → 包含 → 诊断方法,nn->nn->top->root->root->attr->nn,航空(nn) — 发动机(nn) — 管理(top) — 是(root) — 是(root) — 之一(attr) — 方法(nn),2
功能 → 连接 → 系统,assm->nn->conj->assmod->pobj->prep->root->root->conj->prep->pobj->assmod->pobj->nn,的(assm) — 信息(nn) — 交互(conj) — 系统(assmod) — 融合(pobj) — 为(prep) — 提供(root) — 发展(root) — 起到(conj) — 为(prep) — 发展(pobj) — 在(assmod) — 行业(pobj) — 管道(nn),2
Model → 提供技术支撑 → 应用,nn->nsubj,GJB289A(nn) — 总线(nsubj),2
方法 → 基于 → 属性,nsubj,疲劳(nsubj),2
Model → 预测精度高于 → 方法,punct->prnmod->assmod->dobj->pccomp->prep->root->dobj->conj->punct->nn->nn->nn->conj,((punct) — DSVMR(prnmod) — 回归机(assmod) — 稀疏性(dobj) — 改善(pccomp) — 为(prep) — 提出(root) — 方法(dobj) — BP(conj) — )(punct) — 神经(nn) — 网络(nn) — 预测(nn) — 方法(conj),2
技术领域 → 未来发展方向 → 研究方向,nn->nn->nsubj,气路(nn) — 故障(nn) — 诊断(nsubj),2
Model → 判别 → 指标,nn,故障(nn),2
方法 → 应用于 → 应用领域,conj->nn->nsubj->root->prep->pccomp->nsubj->nn,验证(conj) — PHM(nn) — 方法(nsubj) — 成为(root) — 随着(prep) — 迅速(pccomp) — 技术(nsubj) — PHM(nn),2
方法 → 包含 → 设计内容,nn->nsubj->rcmod->dobj->pccomp->root->root->plmod->lobj->rcmod->dobj->nn,设计(nn) — 流程(nsubj) — 清晰(rcmod) — 问题(dobj) — 解决(pccomp) — 为(root) — 在(root) — 上(plmod) — 基础(lobj) — 对比(rcmod) — 体系(dobj) — 功能(nn),2
方法 → 建立 → Model,nsubj,维修(nsubj),2
方法 → 得到 → 分析结果,nn->nn->nn->nn->dobj->root->prep->pobj->rcmod->nsubj,飞机(nn) — 液压泵(nn) — 故障(nn) — 预测(nn) — 方法(dobj) — 提出(root) — 针对(prep) — 难题(pobj) — 预测(rcmod) — 故障(nsubj),2
方法 → 提高 → Performance Metric,nn->assmod->pobj->prep->root->conj->ccomp->dobj->rcmod->cpm->nn,预测(nn) — 方法(assmod) — 不足(pobj) — 针对(prep) — 提出(root) — 表明(conj) — 具有(ccomp) — 精度(dobj) — 高(rcmod) — 的(cpm) — 预测(nn),2
方法 → 提高 → Performance Metric,nn->nn->nsubj->pccomp->prep->root->ccomp->nsubj->assmod->punct->prnmod->punct,静电(nn) — 阵列(nn) — 数目(nsubj) — 受到(pccomp) — 由于(prep) — 导致(root) — 少(ccomp) — 信息数(nsubj) — 系统(assmod) — ((punct) — PHM(prnmod) — )(punct),2
方法 → 校准 → 组件,nn->dobj->nn->nn,校准(nn) — 方法(dobj) — 参数(nn) — 温度(nn),2
架构 → 包含 → 设计,punct->prnmod->nn->nsubj->root->prep->pobj->assmod->lobj->conj,((punct) — PHM(prnmod) — 管理(nn) — 技术(nsubj) — 受到(root) — 作为(prep) — 部分(pobj) — 中(assmod) — 使用(lobj) — 设计(conj),2
概念 → 应用于 → 生命周期阶段,nn->amod->assmod->dobj->dep->root->prep->pccomp->conj->dobj->nn,数字(nn) — 孪生(amod) — 卫星(assmod) — 概念(dobj) — 探讨(dep) — 结合(root) — 为(prep) — 推动(pccomp) — 提升(conj) — 能力(dobj) — 管理(nn),2
模型输入 → 包含 → 数据,nn->dobj->conj->root->root->prep->pccomp->nsubj,输入(nn) — 向量(dobj) — 作为(conj) — 利用(root) — 提出(root) — 针对(prep) — 失效(pccomp) — 密封(nsubj),2
流程 → 包括 → 方法,nn->nn->top->root->root->attr->nn,航空(nn) — 发动机(nn) — 管理(top) — 是(root) — 是(root) — 之一(attr) — 方法(nn),2
状态 → 保障 → 目标,nn->dobj->top->root->attr->rcmod->advmod,健康(nn) — 状态(dobj) — 处于(top) — 是(root) — 前提(attr) — 运行(rcmod) — 安全(advmod),2
状态 → 影响 → 信号,nn->nn->nsubj->rcmod->nsubj->nn->nn->nn,发动机(nn) — 试车台(nn) — 实验(nsubj) — 获得(rcmod) — 信号(nsubj) — 尾气(nn) — 静电(nn) — 监测(nn),2
研究 → 对比 → 方法,dobj->root->root->pccomp->nsubj,研究(dobj) — 进行(root) — 由于(root) — 众多(pccomp) — 变量(nsubj),2
技术 → 关联 → 方法,nn->nn->cpm,航空(nn) — 发动机(nn) — 的(cpm),2
算法 → 估计 → 参数,nn->nn->cpm->rcmod->dobj->root->prep->pobj->nn->nn,卡尔曼(nn) — 滤波(nn) — 的(cpm) — 基于(rcmod) — 方法(dobj) — 研究(root) — 针对(prep) — 问题(pobj) — 健康(nn) — 参数(nn),2
算法 → 采用 → 参数,amod->nn->pobj->assmod->dobj->root->root->dobj->cc->assmod,遗传(amod) — 神经(nn) — 网络(pobj) — 基于(assmod) — 研究(dobj) — 开展(root) — 采用(root) — 变异率(dobj) — 和(cc) — 自适应(assmod),2
算法 → 隔离 → 故障类型,nn->nn->dobj->root->root->prep->pccomp->ccomp->dobj->punct->nn,SDQ(nn) — 算法(nn) — 模型(dobj) — 搭建(root) — 提出(root) — 为(prep) — 实现(pccomp) — 进行(ccomp) — 诊断(dobj) — 、(punct) — 故障(nn),2
体系 → 基于 → 诊断方法,nn,方法(nn),2
系统 → 具有 → 属性,nn->nn->top->root->root->conj->dobj->assmod->assm->nn,飞机(nn) — 电源(nn) — 系统(top) — 是(root) — 具有(root) — 研究(conj) — 技术(dobj) — 系统(assmod) — 的(assm) — 故障(nn),2
系统 → 包含 → 功能模块,cc->nn->nn->nn->conj,与(cc) — 健康(nn) — 管理(nn) — 故障(nn) — 诊断(conj),2
系统 → 包含 → 技术领域,assmod->dobj->root->root->prep->pobj->vmod->amod,系统(assmod) — 需求(dobj) — 面对(root) — 提出(root) — 在(prep) — 方面(pobj) — 控制(vmod) — 综合(amod),2
系统 → 引入 → 方法,nn->nn->nn->nn->dobj->rcmod,飞机(nn) — 健康(nn) — 管理(nn) — 专家(nn) — 系统(dobj) — 基于(rcmod),2
系统 → 识别 → 问题,nn->nn->cpm->amod->nn->dobj->rcmod->dobj->root->dobj->rcmod->dep->dobj->amod,航空(nn) — 电子(nn) — 的(cpm) — 在线(amod) — 测试(nn) — 设备(dobj) — 面向(rcmod) — 系统(dobj) — 提出(root) — 方法(dobj) — 监测(rcmod) — 识别(dep) — 异常(dobj) — 复杂(amod),2
实践 → 涉及 → 实践,assm->amod->pobj->assmod->prep->dobj->root->root->dobj->nn,的(assm) — 预测性(amod) — 维修(pobj) — 基于(assmod) — 向(prep) — 演变(dobj) — 经历(root) — 总结(root) — 情况(dobj) — 实践(nn),2
系统 → 预测 → 事件,nn->nn->nn->dobj->pccomp->prep->ccomp->conj->dep->dobj,直升机(nn) — 健康(nn) — 管理(nn) — 系统(dobj) — 构建(pccomp) — 通过(prep) — 进行(ccomp) — 发现(conj) — 预测(dep) — 故障(dobj),2
组件 → 影响 → 系统,dep->nn->assmod->dobj->root->root->top->nn->nn,电(dep) — 电(nn) — 技术(assmod) — 应用(dobj) — 推进(root) — 是(root) — 系统(top) — 飞机(nn) — 电源(nn),2
组织 → 应储备 → 技术,pobj->prep->conj->nsubj->nn,民机(pobj) — 于(prep) — 应用(conj) — 技术(nsubj) — 智能(nn),2
结构 → 包含 → 测试层级,nn->dobj->conj->pccomp->dobj->assmod,测试(nn) — 成本(dobj) — 降低(conj) — 满足(pccomp) — 可测试性(dobj) — 系统(assmod),2
诊断系统 → 隔离 → 故障,nsubj->rcmod->dobj->root->root->dep->dobj->assmod->nn,系统(nsubj) — 承担(rcmod) — 任务(dobj) — 使得(root) — 监测(root) — 减少(dep) — 潜伏期(dobj) — 隔离(assmod) — 故障(nn),2
技术 → 执行 → 任务,nn->nn->dobj->root->root->dobj->nn,神经(nn) — 网络(nn) — 算法(dobj) — 加入(root) — 提出(root) — 方法(dobj) — 故障(nn),2
领域 → 包含关键技术 → 关键技术,prnmod->nn->dobj->rcmod->cpm->nn,PHM(prnmod) — 管理(nn) — 系统(dobj) — 先进(rcmod) — 的(cpm) — 故障(nn),2
验证方法 → 验证 → 产出物,pobj->nn->nn->dobj->conj->root->root->nsubj,模型(pobj) — 基于(nn) — 开发(nn) — 应用(dobj) — 探索(conj) — 结合(root) — 面临(root) — 开发(nsubj),2
Model → 估计 → 参数,amod->assmod->pobj->prep->root->root->dep->dobj->rcmod->prep->pobj->cc->nn,机载(amod) — 设备(assmod) — 发展(pobj) — 随着(prep) — 使得(root) — 提出(root) — 设计(dep) — 结构(dobj) — 用(rcmod) — 于(prep) — 估计(pobj) — 及(cc) — 参数(nn),2
Model → 使用 → 模型输出,nn->nn->dobj->rcmod->dobj->root->root->conj->conj->dobj->nn,LVQ(nn) — 神经(nn) — 网络(dobj) — 利用(rcmod) — 方法(dobj) — 提出(root) — 利用(root) — 作为(conj) — 作为(conj) — 向量(dobj) — 输出(nn),1
Model → 使用 → 输入,amod->nn->dobj->conj->conj->root->conj->conj->prep->pobj->amod,粗糙(amod) — 神经(nn) — 网络(dobj) — 构造(conj) — 代表(conj) — 开展(root) — 采用(conj) — 为(conj) — 以(prep) — 变量(pobj) — 粗糙(amod),1
Model → 依据 → 属性,nn->nn->dobj->dep->prep->pobj->nn,分层(nn) — 体系(nn) — 模型(dobj) — 给出(dep) — 依据(prep) — 特征(pobj) — 飞机(nn),1
Model → 保持 → Performance Metric,nn->nn->dobj->conj->pccomp->prep->root->root->conj->dobj->rcmod->cpm,故障(nn) — 诊断(nn) — 依赖(dobj) — 降低(conj) — 提高(pccomp) — 为了(prep) — 建立(root) — 结合(root) — 进行(conj) — 预测(dobj) — 快速(rcmod) — 的(cpm),1
Model → 修改 → 方案,amod->pobj->assmod->dobj->root->prep->pobj->rcmod->nsubj->nn,失效(amod) — 模型(pobj) — 基于(assmod) — 方法(dobj) — 提出(root) — 针对(prep) — 问题(pobj) — 超(rcmod) — 次数(nsubj) — 维修(nn),1
Model → 修正 → 参数,nsubj->root->root->conj->conj->dobj,预测(nsubj) — 具有(root) — 具有(root) — 采用(conj) — 修正(conj) — 背景值(dobj),1
Model → 借鉴 → 思想,nsubj,预测(nsubj),1
Model → 借鉴 → 思想,nsubj->conj->root->root->dobj->rcmod->nsubj,预测(nsubj) — 使得(conj) — 表现(root) — 借鉴(root) — 思想(dobj) — 融合(rcmod) — 信息(nsubj),1
Model → 借鉴 → 思想,nsubj->root->root->dobj->rcmod->nsubj,预测(nsubj) — 具有(root) — 借鉴(root) — 思想(dobj) — 融合(rcmod) — 信息(nsubj),1
Model → 借鉴 → 方法,nsubj->rcmod->dobj->amod,预测(nsubj) — 基于(rcmod) — 理论(dobj) — 灰色(amod),1
Model → 具有 → Performance Metric,dobj->dep->root->dep->prep,模型(dobj) — 形成(dep) — 分析(root) — 为(dep) — 以(prep),1
Model → 具有 → Performance Metric,punct->prnmod->nn->dobj->dep->root->prep->pobj->nn,",(punct) — FBPNN(prnmod) — 网络(nn) — 模型(dobj) — 提出(dep) — 展开(root) — 针对(prep) — 问题(pobj) — 预测(nn)",1
Model → 具有 → 特性,nn->nn->nn->dobj->dep->root->root->conj->dobj,小波(nn) — 神经(nn) — 网络(nn) — 模型(dobj) — 提出(dep) — 建立(root) — 起(root) — 表现(conj) — 特性(dobj),1
Model → 具有 → 算法,nn->nn->assmod->dobj->nn,神经(nn) — 网络(nn) — 模型(assmod) — 算法(dobj) — 训练(nn),1
Model → 具有 → 能力,nummod->nn->amod->nn->dobj->rcmod->dobj->root->prep->pobj->nn->nn->nn,多(nummod) — 因子(nn) — 高阶(amod) — 模糊(nn) — 变动(dobj) — 基于(rcmod) — 方法(dobj) — 提出(root) — 针对(prep) — 问题(pobj) — 故障(nn) — 趋势(nn) — 预测(nn),1
Model → 减少 → Performance Metric,nn->nn->dobj->conj->pccomp->prep->root->root->ccomp->dobj->nn,故障(nn) — 诊断(nn) — 依赖(dobj) — 降低(conj) — 提高(pccomp) — 为了(prep) — 建立(root) — 表明(root) — 减少(ccomp) — 时间(dobj) — 计算(nn),1
Model → 减少 → 参数,nn->nn->assmod->dobj->nn,故障(nn) — 推理(nn) — 模型(assmod) — 参数(dobj) — 检测(nn),1
Model → 分析 → 影响,nn->pobj->rcmod->dobj->conj->root->dobj->assmod->pobj->conj,模型(nn) — 贝叶斯(pobj) — 基于(rcmod) — 应用(dobj) — 探讨(conj) — 提出(root) — 方法(dobj) — 基于(assmod) — 案例(pobj) — 影响(conj),1
Model → 分配 → 资源,nn->nsubj->rcmod->pobj->prep->root->dobj->nn->prnmod->punct,资源(nn) — 利用率(nsubj) — 低(rcmod) — 问题(pobj) — 针对(prep) — 提出(root) — 架构(dobj) — 管理(nn) — PHM(prnmod) — ((punct),1
Model → 利用 → 数据,amod->nn->pobj->assmod->dobj->root->prep->pccomp->conj->dobj->assmod,遗传(amod) — 神经(nn) — 网络(pobj) — 基于(assmod) — 研究(dobj) — 开展(root) — 为(prep) — 实现(pccomp) — 实现(conj) — 维修(dobj) — 装备(assmod),1
Model → 利用 → 数据,dobj->rcmod->dobj->root->root->dobj->nn,模型(dobj) — 基于(rcmod) — 方法(dobj) — 提出(root) — 采用(root) — 驱动法(dobj) — 数据(nn),1
Model → 包含 → 模块,nn->nn->dobj->rcmod->prep->pobj->conj->amod->nn,SDQ(nn) — 算法(nn) — 模型(dobj) — 为(rcmod) — 以(prep) — 模块(pobj) — 模块(conj) — 合理性(amod) — 检验(nn),1
Model → 包含 → 模块,nn->nn->dobj->rcmod->prep->pobj->nn->amod->nn,SDQ(nn) — 算法(nn) — 模型(dobj) — 为(rcmod) — 以(prep) — 模块(pobj) — 解析(nn) — 冗余(amod) — 检验(nn),1
Model → 包含 → 模型组件,punct->prnmod->dobj->rcmod->cpm->nn,((punct) — Caps-BiGRU-Attention(prnmod) — 模型(dobj) — 基于(rcmod) — 的(cpm) — 胶囊(nn),1
Model → 包含 → 模型组件,punct->prnmod->dobj->rcmod->dobj->nn,((punct) — Caps-BiGRU-Attention(prnmod) — 模型(dobj) — 基于(rcmod) — 机制(dobj) — 注意力(nn),1
Model → 包含 → 模型组件,punct->prnmod->dobj->root->root->nsubj->nn,((punct) — Caps-BiGRU-Attention(prnmod) — 模型(dobj) — 提出(root) — 用于(root) — 层(nsubj) — BiGRU(nn),1
Model → 包含 → 步骤,nn->nsubj->root->root->conj->dobj->conj->nn,故障(nn) — 预测(nsubj) — 提供(root) — 提出(root) — 包括(conj) — 测试(dobj) — 预处理(conj) — 数据(nn),1
Model → 包含 → 步骤,nn->nsubj->root->root->conj->dobj->nn->nn->conj,故障(nn) — 预测(nsubj) — 提供(root) — 提出(root) — 包括(conj) — 测试(dobj) — 网络(nn) — 模型(nn) — 设计(conj),1
Model → 包含 → 步骤,nn->nsubj->root->root->conj->dobj->punct->conj,故障(nn) — 预测(nsubj) — 提供(root) — 提出(root) — 包括(conj) — 测试(dobj) — 、(punct) — 训练(conj),1
Model → 包含 → 组件,prnmod->punct->dobj->nn->rcmod->dobj->root->root->prep->pobj->nn,LSTM(prnmod) — )(punct) — 分类器(dobj) — 网络(nn) — 基于(rcmod) — 模型(dobj) — 提出(root) — 进行(root) — 通过(prep) — 单元(pobj) — 门控(nn),1
Model → 反映 → 关系,nn,故障(nn),1
Model → 在...上验证 → Dataset,nummod->nn->nn->amod->amod->amod->nn->nn->nn->dobj->root->root->pobj->vmod->nsubj->nn,多(nummod) — 尺度(nn) — 注意力(nn) — 双向(amod) — 长(amod) — 短期(amod) — 记忆(nn) — 神经(nn) — 网络(nn) — 模型(dobj) — 提出(root) — 针对(root) — 挑战(pobj) — 高(vmod) — 维度(nsubj) — 数据(nn),1
Model → 基于 → Model,nn->nsubj->root->root->prep->pobj->amod->nn->nn,GJB289A(nn) — 总线(nsubj) — 用(root) — 构建(root) — 根据(prep) — 模型(pobj) — 有损(amod) — 耦合(nn) — 传输线(nn),1
Model → 基于 → 技术,nn->dobj->dep->root->dep->prep->pobj->nummod->clf->nn->amod->nn,NNARX(nn) — 模型(dobj) — 形成(dep) — 分析(root) — 为(dep) — 以(prep) — 网络(pobj) — 三(nummod) — 层(clf) — 前向(nn) — 人工(amod) — 神经(nn),1
Model → 基于 → 方法,amod->nn->nn->dobj->rcmod->dobj->nn->nn,混沌(amod) — 神经(nn) — 网络(nn) — 模型(dobj) — 基于(rcmod) — 预测(dobj) — 时间(nn) — 序列(nn),1
Model → 基于 → 方法,nn->nn->dobj->rcmod->pccomp->dobj->nn->amod,诊断(nn) — 预测(nn) — 模型(dobj) — 基于(rcmod) — 扩展(pccomp) — 评判(dobj) — 模糊(nn) — 综合(amod),1
Model → 基于 → 方法,nn->nn->nn->dobj->rcmod->dobj->amod->nn,硬件(nn) — 损伤(nn) — 发展(nn) — 模型(dobj) — 基于(rcmod) — 轨道(dobj) — 线性(amod) — 退化(nn),1
Model → 基于 → 方法,nn->nsubj->root->root->dobj->rcmod->dobj->nn->amod->amod->amod,故障(nn) — 预测(nsubj) — 提供(root) — 提出(root) — 方法(dobj) — 基于(rcmod) — 网络(dobj) — 记忆(nn) — 双向(amod) — 长(amod) — 短期(amod),1
Model → 基于 → 机理,nn->lobj->assmod->nsubj->root->root->conj->dvpmod->rcmod->prep->pobj->nn->nn,发动机(nn) — 故障(lobj) — 中(assmod) — 喘(nsubj) — 破坏(root) — 分析(root) — 表征(conj) — 模拟(dvpmod) — 构建(rcmod) — 基于(prep) — 机理(pobj) — 气动(nn) — 热力(nn),1
Model → 基于 → 概率分布,nn->nn->dobj->conj->prep->pobj->nn,故障(nn) — 概率(nn) — 模型(dobj) — 建立(conj) — 以(prep) — 分布(pobj) — 威布尔(nn),1
Model → 基于 → 特性,nummod->nn->amod->nn->dobj->rcmod->dobj->root->prep->dobj->rcmod->cpm,多(nummod) — 因子(nn) — 高阶(amod) — 模糊(nn) — 变动(dobj) — 基于(rcmod) — 方法(dobj) — 提出(root) — 结合(prep) — 特点(dobj) — 表现(rcmod) — 的(cpm),1
Model → 基于 → 理论,nsubj,预测(nsubj),1
Model → 基于 → 理论基础,nn->nn,系统(nn) — 滑油(nn),1
Model → 基于 → 算法,nn->nsubj->rcmod->pobj->prep->root->root->prep->pccomp->dobj->rcmod->dobj->nn,资源(nn) — 利用率(nsubj) — 低(rcmod) — 问题(pobj) — 针对(prep) — 提出(root) — 使得(root) — 通过(prep) — 建立(pccomp) — 模型(dobj) — 基于(rcmod) — 算法(dobj) — 粒子群(nn),1
Model → 基于 → 算法,punct->nn->lobj->prnmod->nn->loc->root->root->conj->dobj->rcmod->dobj,)(punct) — 故障(nn) — 预测(lobj) — APU(prnmod) — 装置(nn) — 时(loc) — 提出(root) — 进行(root) — 建立(conj) — 模型(dobj) — 支持(rcmod) — 向量机(dobj),1
Model → 增加 → Performance Metric,nsubj->assmod->assm->amod,预测(nsubj) — 故障(assmod) — 的(assm) — 准确(amod),1
Model → 处理 → 数据,nsubj->root->root->prep->pobj->nn,预测(nsubj) — 识别(root) — 构建(root) — 针对(prep) — 数据(pobj) — 时序(nn),1
Model → 奠定基础 → Model,nn->nn->assmod->dobj->conj->pccomp->prep->conj->root->top->nn->nn->nn,故障(nn) — 推理(nn) — 模型(assmod) — 参数(dobj) — 减少(conj) — 研究(pccomp) — 为了(prep) — 利用(conj) — 是(root) — 系统(top) — 开关(nn) — 磁阻(nn) — 发电(nn),1
Model → 奠定基础 → 系统,nn->nn->assmod->dobj->conj->pccomp->dobj->nn->nn->nn->nn->nn,故障(nn) — 推理(nn) — 模型(assmod) — 参数(dobj) — 减少(conj) — 研究(pccomp) — 技术(dobj) — 系统(nn) — 飞机(nn) — 供电(nn) — 健康(nn) — 管理(nn),1
Model → 存在 → 问题,punct->prnmod->nn->dobj->dep->root->prep->pobj,",(punct) — FBPNN(prnmod) — 网络(nn) — 模型(dobj) — 提出(dep) — 展开(root) — 针对(prep) — 问题(pobj)",1
Model → 完成 → 任务,nn->nn->dobj->dep->conj->dobj->assmod->nn,预测(nn) — 模型(nn) — GM(dobj) — 建立(dep) — 完成(conj) — 预测(dobj) — 设备(assmod) — 飞机(nn),1
Model → 实现 → 任务,amod->nn->pobj->assmod->dobj->nn->nn,遗传(amod) — 神经(nn) — 网络(pobj) — 基于(assmod) — 研究(dobj) — 故障(nn) — 预测(nn),1
Model → 实现 → 任务,nn->nn->dobj->conj->root->root->dobj->nn->nn,免疫(nn) — 神经(nn) — 网络(dobj) — 得到(conj) — 采用(root) — 开展(root) — 研究(dobj) — 故障(nn) — 预测(nn),1
Model → 实现 → 功能,cc->nsubj->vmod->dobj->root->root->dobj->assmod->nn,和(cc) — 模型(nsubj) — 完备(vmod) — 问题(dobj) — 存在(root) — 开展(root) — 研究(dobj) — 驱动(assmod) — 数字(nn),1
Model → 实现 → 功能,nn->nn->cpm->rcmod->dobj->conj->root->dobj->rcmod->prep->pobj->nn->amod->nn,AANN(nn) — 神经(nn) — 的(cpm) — 优化(rcmod) — 网络(dobj) — 利用(conj) — 搭建(root) — 模型(dobj) — 为(rcmod) — 以(prep) — 模块(pobj) — 解析(nn) — 冗余(amod) — 检验(nn),1
Model → 实现 → 功能,nn->nsubj->root->root->prep->pccomp->dobj->nn->nn,GJB289A(nn) — 总线(nsubj) — 用(root) — 构建(root) — 为了(prep) — 分析(pccomp) — 特性(dobj) — 电气(nn) — 故障(nn),1
Model → 对比 → Model,dep->dvpm,预测(dep) — 地(dvpm),1
Model → 导致 → 技术问题,nn->amod->dobj->dep->root->ccomp->nsubj,模型(nn) — 常规(amod) — 训练(dobj) — 采用(dep) — 导致(root) — 消失(ccomp) — 梯度(nsubj),1
Model → 应用于 → 任务,nsubj->assmod->nn,预测(nsubj) — 故障(assmod) — 操纵面(nn),1
Model → 应用于 → 应用,dobj->dep->root->prep->pccomp->dobj->amod,模型(dobj) — 形成(dep) — 分析(root) — 为(prep) — 实现(pccomp) — 监控(dobj) — 实时(amod),1
Model → 应用于 → 应用领域,amod->nn->dobj->conj->conj->root->dobj->nn->nn->nn->nn,粗糙(amod) — 神经(nn) — 网络(dobj) — 构造(conj) — 代表(conj) — 开展(root) — 研究(dobj) — 故障(nn) — 设备(nn) — 航空(nn) — 电子(nn),1
Model → 应用于 → 应用领域,dvpm->dvpmod->dep->dobj->assmod->assm->nn,地(dvpm) — 有效(dvpmod) — 预测(dep) — 数据(dobj) — 阶段(assmod) — 的(assm) — 故障(nn),1
Model → 应用于 → 应用领域,nn->nsubj->root->prep->pobj->rcmod->dobj->nn->amod,数字(nn) — 孪生(nsubj) — 备受(root) — 作为(prep) — 手段(pobj) — 践行(rcmod) — 理念(dobj) — 城市(nn) — 智慧(amod),1
Model → 应用于 → 应用领域,nn->nsubj->root->prep->pobj->rcmod->dobj->nn->conj,数字(nn) — 孪生(nsubj) — 备受(root) — 作为(prep) — 手段(pobj) — 践行(rcmod) — 理念(dobj) — 城市(nn) — 制造(conj),1
Model → 应用于 → 应用领域,nn->nsubj->root->root->conj->dobj->assmod->pobj->nn->conj,数字(nn) — 孪生(nsubj) — 备受(root) — 结合(root) — 探讨(conj) — 方案(dobj) — 在(assmod) — 领域(pobj) — 城市(nn) — 医疗(conj),1
Model → 应用于 → 应用领域,nn->nsubj->root->root->conj->dobj->assmod->pobj->nn->conj,数字(nn) — 孪生(nsubj) — 备受(root) — 结合(root) — 探讨(conj) — 方案(dobj) — 在(assmod) — 领域(pobj) — 城市(nn) — 发电厂(conj),1
Model → 应用于 → 应用领域,nn->nsubj->root->root->conj->dobj->assmod->pobj->nn->conj,数字(nn) — 孪生(nsubj) — 备受(root) — 结合(root) — 探讨(conj) — 方案(dobj) — 在(assmod) — 领域(pobj) — 城市(nn) — 船舶(conj),1
Model → 应用于 → 应用领域,nn->nsubj->root->root->conj->dobj->assmod->pobj->nn->conj,数字(nn) — 孪生(nsubj) — 备受(root) — 结合(root) — 探讨(conj) — 方案(dobj) — 在(assmod) — 领域(pobj) — 城市(nn) — 车辆(conj),1
Model → 应用于 → 应用领域,nn->nsubj->root->root->conj->dobj->assmod->pobj->nn->conj,数字(nn) — 孪生(nsubj) — 备受(root) — 结合(root) — 探讨(conj) — 方案(dobj) — 在(assmod) — 领域(pobj) — 城市(nn) — 飞机(conj),1
Model → 应用于 → 应用领域,nn->nsubj->root->root->conj->dobj->assmod->pobj->nn->conj->amod,数字(nn) — 孪生(nsubj) — 备受(root) — 结合(root) — 探讨(conj) — 方案(dobj) — 在(assmod) — 领域(pobj) — 城市(nn) — 仓库(conj) — 立体(amod),1
Model → 应用于 → 应用领域,nn->nsubj->root->root->conj->dobj->assmod->pobj->nn->conj->amod->nn,数字(nn) — 孪生(nsubj) — 备受(root) — 结合(root) — 探讨(conj) — 方案(dobj) — 在(assmod) — 领域(pobj) — 城市(nn) — 装备(conj) — 复杂(amod) — 机电(nn),1
Model → 应用于 → 应用领域,nn->nsubj->root->root->conj->dobj->assmod->pobj->nn->punct->nn->nn->conj,数字(nn) — 孪生(nsubj) — 备受(root) — 结合(root) — 探讨(conj) — 方案(dobj) — 在(assmod) — 领域(pobj) — 城市(nn) — /(punct) — 空间(nn) — 通信(nn) — 网络(conj),1
Model → 建模 → 数据分量,nn->conj->dobj->assmod->nn,AR(nn) — 模型(conj) — 模型(dobj) — 分量(assmod) — IMF(nn),1
Model → 建模 → 数据分量,nn->dobj->assmod->nn,RVM(nn) — 模型(dobj) — 分量(assmod) — RF(nn),1
Model → 建立 → Model,amod->nn->dobj->rcmod->dobj->dep->root->prep->pobj->assmod->nn->nn,深度(amod) — 置信(nn) — 网络(dobj) — 基于(rcmod) — 方法(dobj) — 提出(dep) — 提供(root) — 给(prep) — 管理(pobj) — 性能(assmod) — 发动机(nn) — 航空(nn),1
Model → 建立于 → 参数,cc->nn->dobj->rcmod->dobj->root->root->conj->prep->pobj->nn,和(cc) — ARIMA(nn) — average(dobj) — 基于(rcmod) — 方法(dobj) — 提出(root) — 采用(root) — 建立(conj) — 针对(prep) — 系数(pobj) — 指数项(nn),1
Model → 建立于 → 数据,dobj->dep->rcmod->dobj->root->root->prep->pobj->nn->nn,MOG-HMM(dobj) — 简称(dep) — mixture(rcmod) — 方法(dobj) — 提出(root) — 建立(root) — 根据(prep) — 数据(pobj) — 历史(nn) — 监测(nn),1
Model → 引入 → 技术,punct->prnmod->punct->nn->nn->conj->nn->nsubj->conj->rcmod->dobj->root->root->dobj->nn,",(punct) — LSTM(prnmod) — )(punct) — 神经(nn) — 网络(nn) — 模型(conj) — 记忆(nn) — 框架(nsubj) — 结合(conj) — 改进(rcmod) — 方法(dobj) — 提出(root) — 引入(root) — 机制(dobj) — Dropout(nn)",1
Model → 引入 → 机制,nn->dobj->dep->root->dep->prep->pccomp->dobj->rcomp->dobj,NNARX(nn) — 模型(dobj) — 形成(dep) — 分析(root) — 反馈(dep) — 通过(prep) — 引入(pccomp) — 输出层(dobj) — 至(rcomp) — 输入层(dobj),1
Model → 性能优于 → Model,amod->nn->dobj->conj->conj->root->conj->prep->pobj->nn->nn->nn,粗糙(amod) — 神经(nn) — 网络(dobj) — 构造(conj) — 代表(conj) — 开展(root) — 有(conj) — 较(prep) — 性能(pobj) — 网络(nn) — BP(nn) — 神经(nn),1
Model → 指导 → Model,amod->dobj,自适应(amod) — 模型(dobj),1
Model → 描述 → 趋势,cc->nn->dobj->rcmod->dobj->root->root->top->nn,和(cc) — ARIMA(nn) — average(dobj) — 基于(rcmod) — 方法(dobj) — 提出(root) — 是(root) — 数据(top) — 发动机(nn),1
Model → 提供依据 → 方案,cc->nn->dobj->rcmod->dobj->root->root->attr->rcmod->dobj->nn->nn,和(cc) — ARIMA(nn) — average(dobj) — 基于(rcmod) — 方法(dobj) — 提出(root) — 是(root) — 依据(attr) — 制定(rcmod) — 方案(dobj) — 发动机(nn) — 维护(nn),1
Model → 提供参考 → Model,dobj->dep->root->prep->pccomp->dobj->amod,模型(dobj) — 形成(dep) — 分析(root) — 为(prep) — 实现(pccomp) — 监控(dobj) — 实时(amod),1
Model → 提升 → 评价指标,nummod->nn->nn->amod->amod->amod->nn->nn->nn->dobj->root->root->prep->plmod->lobj->nn->conj,多(nummod) — 尺度(nn) — 注意力(nn) — 双向(amod) — 长(amod) — 短期(amod) — 记忆(nn) — 神经(nn) — 网络(nn) — 模型(dobj) — 提出(root) — 有所(root) — 在(prep) — 上(plmod) — 指标(lobj) — 误差(nn) — 准确率(conj),1
Model → 提升 → 评价指标,nummod->nn->nn->amod->amod->amod->nn->nn->nn->dobj->root->root->prep->plmod->lobj->nn->nn,多(nummod) — 尺度(nn) — 注意力(nn) — 双向(amod) — 长(amod) — 短期(amod) — 记忆(nn) — 神经(nn) — 网络(nn) — 模型(dobj) — 提出(root) — 有所(root) — 在(prep) — 上(plmod) — 指标(lobj) — 误差(nn) — 均方根(nn),1
Model → 提取 → 数据,nn->nn->conj->pobj->prep->rcmod->dobj->root->root->conj->dobj,卷积(nn) — 神经(nn) — 网络(conj) — 网络(pobj) — 基于(prep) — 进行(rcmod) — 方法(dobj) — 提出(root) — 利用(root) — 提取(conj) — 特征(dobj),1
Model → 提取 → 特征,nsubj->root->root->dep->dobj->amod->nn->nn->nn,预测(nsubj) — 识别(root) — 构建(root) — 提取(dep) — 特征(dobj) — 深(amod) — 层次(nn) — 关联性(nn) — 抽象(nn),1
Model → 提高 → Performance Metric,amod->nn->nn->dobj->conj->conj->conj->ccomp->dobj->nn,混沌(amod) — 神经(nn) — 网络(nn) — 模型(dobj) — 构建(conj) — 利用(conj) — 表明(conj) — 提高(ccomp) — 精度(dobj) — 预测(nn),1
Model → 提高 → Performance Metric,cpm->nn->nn->nn->rcmod->dobj->dep->root->root->conj->dobj->assmod,的(cpm) — 小波(nn) — 神经(nn) — 网络(nn) — 基于(rcmod) — 模型(dobj) — 提出(dep) — 建立(root) — 起(root) — 提高(conj) — 难度(dobj) — 预测(assmod),1
Model → 提高 → Performance Metric,nn->nn->dobj->conj->pccomp->dobj->nn,故障(nn) — 诊断(nn) — 依赖(dobj) — 降低(conj) — 提高(pccomp) — 效率(dobj) — 诊断(nn),1
Model → 提高 → Performance Metric,nn->nn->dobj->conj->pccomp->prep->root->dobj->nn->amod,故障(nn) — 诊断(nn) — 依赖(dobj) — 降低(conj) — 提高(pccomp) — 为了(prep) — 建立(root) — 模型(dobj) — 诊断(nn) — 快速(amod),1
Model → 提高 → Performance Metric,nn->nn->dobj->conj->pccomp->prep->root->root->ccomp->dep->dobj,故障(nn) — 诊断(nn) — 依赖(dobj) — 降低(conj) — 提高(pccomp) — 为了(prep) — 建立(root) — 表明(root) — 减少(ccomp) — 提高(dep) — 实时性(dobj),1
Model → 提高 → Performance Metric,nn->punct->prnmod->nn->lobj,故障(nn) — )(punct) — APU(prnmod) — 装置(nn) — 预测(lobj),1
Model → 提高 → Performance Metric,punct->prnmod->dobj->root->root->pobj->rcmod->nsubj,((punct) — Caps-BiGRU-Attention(prnmod) — 模型(dobj) — 提出(root) — 针对(root) — 问题(pobj) — 识别(rcmod) — 故障(nsubj),1
Model → 提高 → 指标,nn->nsubj,故障(nn) — 预测(nsubj),1
Model → 提高 → 指标,nsubj,预测(nsubj),1
Model → 提高 → 指标,nsubj->conj->dobj->assmod->assm,预测(nsubj) — 使得(conj) — 准确性(dobj) — 预测(assmod) — 的(assm),1
Model → 提高 → 能力,amod->nn->pobj->assmod->dobj->root->root->ccomp->conj->dobj->nn,遗传(amod) — 神经(nn) — 网络(pobj) — 基于(assmod) — 研究(dobj) — 开展(root) — 表明(root) — 实现(ccomp) — 提高(conj) — 能力(dobj) — 保障(nn),1
Model → 支撑 → 应用领域,nn->nn,系统(nn) — 滑油(nn),1
Model → 改善 → Performance Metric,amod->nn->nn->dobj->conj->conj->conj->ccomp->conj->nsubj->nn->nn,混沌(amod) — 神经(nn) — 网络(nn) — 模型(dobj) — 构建(conj) — 利用(conj) — 表明(conj) — 提高(ccomp) — 得到(conj) — 速度(nsubj) — 网络(nn) — 收敛(nn),1
Model → 无法满足 → 需求,nn->nsubj->root->prep->pobj->conj,数字(nn) — 孪生(nsubj) — 备受(root) — 作为(prep) — 手段(pobj) — 技术(conj),1
Model → 是 → 方法,punct->prnmod->nn->pobj->prep->root->root->dep->dobj->rcmod->dobj->nn,",(punct) — PHM(prnmod) — 技术(nn) — 问题(pobj) — 针对(prep) — 探讨(root) — 为(root) — 建立(dep) — 模型(dobj) — 基于(rcmod) — 驱动(dobj) — 数据(nn)",1
Model → 构建 → Model,nn->pobj->prep->conj->root->root->dobj->nn->punct,内部(nn) — 块图(pobj) — 通过(prep) — 建立(conj) — 开展(root) — 提出(root) — 框架(dobj) — 物理(nn) — -(punct),1
Model → 构建 → 产物,nn->nn->pobj->root->root->conj->dobj->amod,需求(nn) — 优化(nn) — 难题(pobj) — 针对(root) — 利用(root) — 构建(conj) — 矩阵(dobj) — 可追溯性(amod),1
Model → 构建于 → 软件,nn->nsubj->root->root->prep->plmod->lobj->nn,GJB289A(nn) — 总线(nsubj) — 用(root) — 构建(root) — 在(prep) — 中(plmod) — 软件(lobj) — ADS(nn),1
Model → 构建依据 → 信息,nn,故障(nn),1
Model → 模拟 → 数据库,nn->pobj->prep->root->dobj->nn,发动机(nn) — 问题(pobj) — 针对(prep) — 提出(root) — 方法(dobj) — 故障(nn),1
Model → 模拟 → 现象,nn->lobj->assmod->nsubj->root->root->conj->dobj->amod->nn->nn,发动机(nn) — 故障(lobj) — 中(assmod) — 喘(nsubj) — 破坏(root) — 分析(root) — 表征(conj) — 情况(dobj) — 关键(amod) — 参量(nn) — 变化(nn),1
Model → 模拟 → 系统,nn->dobj->conj->root->root->nsubj,仿真(nn) — 模型(dobj) — 建立(conj) — 利用(root) — 收放(root) — 起落架(nsubj),1
Model → 求解 → 特征,punct->prnmod->nn->pobj->prep->conj->dep->conj->prep->pobj->nn,)(punct) — ARIMA(prnmod) — 平均(nn) — 模型(pobj) — 基于(prep) — 求解(conj) — 利用(dep) — 进行(conj) — 对(prep) — 需求(pobj) — 客户(nn),1
Model → 测量 → 参数,nn->nn->assmod->dobj->conj->pccomp->prep->conj->root->root->nsubj->nn->nn,故障(nn) — 推理(nn) — 模型(assmod) — 参数(dobj) — 减少(conj) — 研究(pccomp) — 为了(prep) — 利用(conj) — 是(root) — 利用(root) — 信号(nsubj) — 输出(nn) — 电压(nn),1
Model → 生成 → Model,nn->dobj->conj->root->root->conj->prep->pccomp->conj->dobj->assmod->nn->nn,神经(nn) — 网络(dobj) — 作为(conj) — 利用(root) — 是(root) — 利用(conj) — 为了(prep) — 研究(pccomp) — 减少(conj) — 参数(dobj) — 模型(assmod) — 故障(nn) — 推理(nn),1
Model → 用于 → 任务,amod->pobj->assmod->dobj->root->root->conj->dobj->nn,失效(amod) — 模型(pobj) — 基于(assmod) — 方法(dobj) — 提出(root) — 运用(root) — 进行(conj) — 预测(dobj) — 故障(nn),1
Model → 用于 → 任务,cpm->nn->nn->nn->rcmod->dobj->dep->root->root->conj->dobj->assmod->nn->nn->nn,的(cpm) — 小波(nn) — 神经(nn) — 网络(nn) — 基于(rcmod) — 模型(dobj) — 提出(dep) — 建立(root) — 起(root) — 提高(conj) — 难度(dobj) — 预测(assmod) — 引气(nn) — 系统(nn) — 故障(nn),1
Model → 用于 → 任务,dobj->conj->dep->root->root->conj->conj->dobj->nn,模型(dobj) — 建立(conj) — 利用(dep) — 研究(root) — 给出(root) — 利用(conj) — 进行(conj) — 预测(dobj) — 故障(nn),1
Model → 用于 → 任务,nn->dobj->root->root->dobj->nn,自回归(nn) — 模型(dobj) — 采用(root) — 进行(root) — 预测(dobj) — 趋势(nn),1
Model → 用于 → 任务,nn->nn->dobj->conj->root->root->prep->pccomp->dobj->rcmod->nsubj->nn,免疫(nn) — 神经(nn) — 网络(dobj) — 得到(conj) — 采用(root) — 开展(root) — 为(prep) — 解决(pccomp) — 难题(dobj) — 高(rcmod) — 费用(nsubj) — 装备(nn),1
Model → 用于 → 任务,nn->nn->nn->nn->cpm->rcmod->dobj->dep->root->prep->pobj->nn->nn->nn,模糊(nn) — BP(nn) — 神经(nn) — 网络(nn) — 的(cpm) — 改进(rcmod) — 模型(dobj) — 提出(dep) — 展开(root) — 针对(prep) — 问题(pobj) — 飞机(nn) — 故障(nn) — 预测(nn),1
Model → 用于 → 任务,nn->nsubj->rcmod->dobj->conj->root->root->nsubj->assmod->lobj,LSTM(nn) — 模型(nsubj) — 用于(rcmod) — 有效性(dobj) — 验证(conj) — 分析(root) — 破坏(root) — 喘(nsubj) — 中(assmod) — 故障(lobj),1
Model → 用于 → 任务,prnmod->punct->dobj->nn->rcmod->dobj->root->root->attr->assmod->conj,LSTM(prnmod) — )(punct) — 分类器(dobj) — 网络(nn) — 基于(rcmod) — 模型(dobj) — 提出(root) — 是(root) — 问题(attr) — 管理(assmod) — 预测(conj),1
Model → 用于 → 任务,punct->prnmod->dobj->root->dep->dobj->nn->nn,((punct) — Caps-BiGRU-Attention(prnmod) — 模型(dobj) — 提出(root) — 进行(dep) — 预测(dobj) — 扭矩(nn) — 裕度(nn),1
Model → 用于 → 任务,punct->prnmod->dobj->root->root->pobj->rcmod->nsubj,((punct) — Caps-BiGRU-Attention(prnmod) — 模型(dobj) — 提出(root) — 针对(root) — 问题(pobj) — 识别(rcmod) — 故障(nsubj),1
Model → 用于 → 健康管理任务,nn->nn,系统(nn) — 滑油(nn),1
Model → 用于 → 健康管理任务,nn->nn->nn,系统(nn) — 滑油(nn) — 预测(nn),1
Model → 用于 → 健康管理任务,nn->nn->nn->conj,系统(nn) — 滑油(nn) — 预测(nn) — 诊断(conj),1
Model → 用于 → 应用领域,nn->nn->nn->nn->nn->nn->dobj->dep->root->prep->pobj->assmod->nn->nn,航空(nn) — 排气(nn) — 温度(nn) — 基线(nn) — 模型(nn) — 发动机(nn) — 方法(dobj) — 提出(dep) — 提供(root) — 给(prep) — 管理(pobj) — 性能(assmod) — 发动机(nn) — 航空(nn),1
Model → 用于 → 方案,amod->pobj->assmod->dobj->root->root->ccomp->conj->nn->dobj,失效(amod) — 模型(pobj) — 基于(assmod) — 方法(dobj) — 提出(root) — 用于(root) — 进行(ccomp) — 拟定(conj) — 可靠性(nn) — 方案(dobj),1
Model → 用于 → 研究,conj->dobj->rcmod->dobj->root,模型(conj) — 融合(dobj) — 基于(rcmod) — 优缺点(dobj) — 研究(root),1
Model → 用于分析 → 属性,nn->nsubj->root->root->prep->pccomp->dobj->nn->nn,GJB289A(nn) — 总线(nsubj) — 用(root) — 构建(root) — 为了(prep) — 分析(pccomp) — 特性(dobj) — 电气(nn) — 故障(nn),1
Model → 用于定义 → 概念,nn->pobj->prep->conj->root->root->pobj->nn,内部(nn) — 块图(pobj) — 通过(prep) — 建立(conj) — 开展(root) — 针对(root) — 难题(pobj) — 系统(nn),1
Model → 用于构建 → 方法,nn->conj->nn->dobj->pccomp->root->root->dobj->nn,故障(nn) — 诊断(conj) — 部件(nn) — 技术(dobj) — 研究(pccomp) — 为(root) — 采用(root) — 网络(dobj) — 贝叶斯(nn),1
Model → 用于获取 → 数据,nn->amod->conj->dobj->root->prep->pobj->assmod->nn,发动机(nn) — 非线性(amod) — 模型(conj) — 方法(dobj) — 利用(root) — 针对(prep) — 不足(pobj) — 样本(assmod) — 故障(nn),1
Model → 用于预测 → 参数,amod->nn->dobj->conj->conj->conj->dobj->assmod->amod->nn->nn,粗糙(amod) — 神经(nn) — 网络(dobj) — 构造(conj) — 代表(conj) — 用(conj) — 预测(dobj) — 参数(assmod) — 实际(amod) — 设备(nn) — 特征(nn),1
Model → 研究 → 参数,dobj->dep->root->prep->pccomp->dobj->nn->nn,模型(dobj) — 形成(dep) — 分析(root) — 为(prep) — 实现(pccomp) — 监控(dobj) — 试验(nn) — 发动机(nn),1
Model → 确定 → 模型参数,dobj->dep->rcmod->dobj->rcmod->pobj->nn,MOG-HMM(dobj) — 简称(dep) — mixture(rcmod) — 方法(dobj) — 基于(rcmod) — 模型(pobj) — 状态(nn),1
Model → 确定 → 模型参数,dobj->dep->rcmod->dobj->root->root->conj->dobj->conj->nn->nn,MOG-HMM(dobj) — 简称(dep) — mixture(rcmod) — 方法(dobj) — 提出(root) — 建立(root) — 确定(conj) — 状态(dobj) — 分布(conj) — 观察值(nn) — 概率(nn),1
Model → 确定 → 状态,dobj->dep->rcmod->dobj->root->prep->pobj->assmod->assm->amod,MOG-HMM(dobj) — 简称(dep) — mixture(rcmod) — 方法(dobj) — 提出(root) — 针对(prep) — 故障(pobj) — 发动机(assmod) — 的(assm) — 突发(amod),1
Model → 筛选 → 数据,punct->dobj->prnmod->nn->nn->amod,)(punct) — 分类器(dobj) — LSTM(prnmod) — 网络(nn) — 短期(nn) — 长(amod),1
Model → 简称 → Model,nn->nn->prnmod->punct->pobj,自回归求(nn) — 平均(nn) — ARIMA(prnmod) — )(punct) — 模型(pobj),1
Model → 结合 → Model,nn->nn->cpm->rcmod->dobj->nn,神经(nn) — 网络(nn) — 的(cpm) — 基于(rcmod) — 模型(dobj) — 小波(nn),1
Model → 结合 → 技术,dobj->dep->root->root->dobj->rcmod->nsubj->nn->nn->nn,评估(dobj) — 进行(dep) — 在于(root) — 提出(root) — 方法(dobj) — 结合(rcmod) — 网络(nsubj) — T-S(nn) — 模糊(nn) — 神经(nn),1
Model → 结合 → 方法,dobj->dep->root->root->dobj->rcmod->nsubj->conj->nn,评估(dobj) — 进行(dep) — 在于(root) — 提出(root) — 方法(dobj) — 结合(rcmod) — 网络(nsubj) — 分析法(conj) — 层次(nn),1
Model → 结合 → 理论,amod->nn->nn->dobj->conj->root->dobj->assmod->assm->nn->nn->nn->conj,混沌(amod) — 神经(nn) — 网络(nn) — 模型(dobj) — 构建(conj) — 结合(root) — 理论(dobj) — 序列(assmod) — 的(assm) — 相(nn) — 空间(nn) — 重构(nn) — 理论(conj),1
Model → 结合 → 理论,amod->nn->nn->dobj->conj->root->dobj->nn->nn->nn->nn,混沌(amod) — 神经(nn) — 网络(nn) — 模型(dobj) — 构建(conj) — 结合(root) — 理论(dobj) — BP(nn) — 神经(nn) — 网络(nn) — 预测(nn),1
Model → 结合 → 理论,nn->nn->dobj->conj->pccomp->prep->root->root->dobj->nn->amod,故障(nn) — 诊断(nn) — 依赖(dobj) — 降低(conj) — 提高(pccomp) — 为了(prep) — 建立(root) — 结合(root) — 特点(dobj) — 理论(nn) — 灰色(amod),1
Model → 结合 → 理论,nn->nn->dobj->conj->pccomp->prep->root->root->dobj->nn->conj->amod,故障(nn) — 诊断(nn) — 依赖(dobj) — 降低(conj) — 提高(pccomp) — 为了(prep) — 建立(root) — 结合(root) — 特点(dobj) — 理论(nn) — 集(conj) — 粗糙(amod),1
Model → 结合 → 算法,nn->nn->nn->cpm->rcmod->dobj->amod,小波(nn) — 神经(nn) — 网络(nn) — 的(cpm) — 基于(rcmod) — 算法(dobj) — 遗传(amod),1
Model → 能够预测 → 预测目标,amod->nn->dobj->conj->conj->root->conj->ccomp->dobj->rcmod->nsubj,粗糙(amod) — 神经(nn) — 网络(dobj) — 构造(conj) — 代表(conj) — 开展(root) — 表明(conj) — 预测(ccomp) — 时间(dobj) — 发生(rcmod) — 故障(nsubj),1
Model → 融入 → 数据,nsubj->nsubj->vmod->dobj->root->root->top->nn,模型(nsubj) — 可解释性(nsubj) — 差(vmod) — 问题(dobj) — 存在(root) — 是(root) — 管理(top) — 发动机(nn),1
Model → 解决 → 核心问题,nummod->nn->nn->amod->amod->amod->nn->nn->nn->dobj->root->root->dep->nn->nn->amod,多(nummod) — 尺度(nn) — 注意力(nn) — 双向(amod) — 长(amod) — 短期(amod) — 记忆(nn) — 神经(nn) — 网络(nn) — 模型(dobj) — 提出(root) — 是(root) — 寿命(dep) — 航空(nn) — 发动机(nn) — 剩余(amod),1
Model → 解决 → 问题,amod->dobj->conj->top->root->attr->assmod->conj,预测性(amod) — 维护(dobj) — 进行(conj) — 利用(top) — 是(root) — 问题(attr) — 管理(assmod) — 预测(conj),1
Model → 评估 → 状态,amod->dobj->rcmod->dobj->root->prep->pobj->assmod->nn,自适应(amod) — 模型(dobj) — 基于(rcmod) — 方法(dobj) — 提出(root) — 针对(prep) — 问题(pobj) — 状态(assmod) — 健康(nn),1
Model → 评估 → 状态,dobj->nn->nn,评估(dobj) — 飞机(nn) — 健康(nn),1
Model → 识别 → 状态,nn->nn->nn->nn->dobj->dep->root->dep->ccomp->dobj->nn->nn,Elman(nn) — 神经(nn) — 网络(nn) — 识别(nn) — 模型(dobj) — 建立(dep) — 进行(root) — 表明(dep) — 识别(ccomp) — 状态(dobj) — 直升机(nn) — 飞行(nn),1
Model → 跟踪 → 趋势,dobj->rcmod->dobj->root->prep->pobj->nn,模型(dobj) — 基于(rcmod) — 方法(dobj) — 提出(root) — 针对(prep) — 问题(pobj) — 发动机(nn),1
Model → 进行 → 任务,amod->amod->nn->nn->nn->dobj->dep->conj->dobj->nn->nn->nn,长(amod) — 短(amod) — 记忆(nn) — 神经(nn) — 网络(nn) — 模型(dobj) — 利用(dep) — 进行(conj) — 预测(dobj) — 数据(nn) — 变化(nn) — 趋势(nn),1
Model → 进行 → 任务,amod->nn->dobj->conj->conj->root->root->dobj->nn,改进(amod) — 神经(nn) — 网络(dobj) — 采用(conj) — 采用(conj) — 提出(root) — 提出(root) — 方法(dobj) — 预测(nn),1
Model → 进行 → 任务,amod->nn->nn->pobj->prep->rcmod->dobj->root->root->conj->conj->dobj->nn->nn,长短期(amod) — 记忆(nn) — 神经(nn) — 网络(pobj) — 基于(prep) — 进行(rcmod) — 方法(dobj) — 提出(root) — 利用(root) — 利用(conj) — 进行(conj) — 预测(dobj) — 时间(nn) — 序列(nn),1
Model → 适应 → 需求,nn->nsubj->root->root->conj->dobj,数字(nn) — 孪生(nsubj) — 备受(root) — 是(root) — 满足(conj) — 需求(dobj),1
Model → 适用于 → 数据类型,nsubj->root->root->ccomp->prep->pobj->nn->nn,预测(nsubj) — 具有(root) — 适用于(root) — 进行(ccomp) — 对(prep) — 序列(pobj) — 指数(nn) — 规律(nn),1
Model → 通过...优化 → 技术,cc->nn->nn->dobj->conj->root->root->conj->conj->prep->pobj->rcmod->nn->nn->nn,及(cc) — 模型(nn) — 参数(nn) — 不确定性(dobj) — 考虑(conj) — 分析(root) — 提出(root) — 利用(conj) — 实现(conj) — 通过(prep) — 模型(pobj) — 优化(rcmod) — 选择(nn) — RF(nn) — 特征(nn),1
Model → 避免 → 缺陷,nn->nn->cpm->rcmod->dobj->nn,小波(nn) — 网络(nn) — 的(cpm) — 基于(rcmod) — 模型(dobj) — 神经(nn),1
Model → 避免 → 问题,amod->nn->nn->dobj->conj->conj->conj->dobj->nn->nn->nn->advmod->amod,混沌(amod) — 神经(nn) — 网络(nn) — 模型(dobj) — 构建(conj) — 利用(conj) — 避免(conj) — 问题(dobj) — 神经(nn) — 网络(nn) — 局部(nn) — 极(advmod) — 小(amod),1
Model → 采用 → 方法,nsubj->root->root->conj->dobj->nummod->clf,预测(nsubj) — 具有(root) — 具有(root) — 采用(conj) — 均值法(dobj) — 3(nummod) — 点(clf),1
Model → 采用 → 模型架构,nn->nn->nn->conj->nn->dobj->conj->root->conj->dobj->nummod->clf->nn->nn,神经(nn) — 故障(nn) — 预测(nn) — 模型(conj) — 网络(nn) — 算法(dobj) — 建立(conj) — 具有(root) — 采用(conj) — 模型(dobj) — 三(nummod) — 层(clf) — BP(nn) — 网络(nn),1
Model → 采用 → 算法,amod->nn->nn->nsubj->rcmod->dobj->rcmod->nsubj->nn->nn,基本(amod) — BP(nn) — 神经(nn) — 网络(nsubj) — 采用(rcmod) — 缺点(dobj) — 慢(rcmod) — 算法(nsubj) — 梯度(nn) — 学习(nn),1
Model → 针对 → 故障,nsubj->conj->root->nsubj->nn->nn,预测(nsubj) — 使得(conj) — 表现(root) — 故障(nsubj) — 飞机(nn) — 发动机(nn),1
Model → 防止 → 问题,nsubj->root->root->conj->ccomp->nsubj,预测(nsubj) — 识别(root) — 构建(root) — 防止(conj) — 消失(ccomp) — 梯度(nsubj),1
Model → 降低 → Performance Metric,punct->prnmod->dobj->root->dep->dobj->nn->nn,((punct) — Caps-BiGRU-Attention(prnmod) — 模型(dobj) — 提出(root) — 进行(dep) — 预测(dobj) — 扭矩(nn) — 裕度(nn),1
Model → 降低 → 指标,nn->nsubj->root->root->dep->conj->nsubj->amod,故障(nn) — 预测(nsubj) — 提供(root) — 使用(root) — 下降(dep) — 下降(conj) — 评分(nsubj) — 非对称(amod),1
Model → 降低 → 问题,nn->nn->dobj->assmod->assm->amod,故障(nn) — 诊断(nn) — 依赖(dobj) — 对(assmod) — 的(assm) — 过分(amod),1
Model → 预测 → 应用案例,nummod->nn->amod->nn->dobj->rcmod->dobj->root->prep->pobj->nn->nn,多(nummod) — 因子(nn) — 高阶(amod) — 模糊(nn) — 变动(dobj) — 基于(rcmod) — 方法(dobj) — 提出(root) — 针对(prep) — 问题(pobj) — 故障(nn) — 趋势(nn),1
Model → 预测 → 指标,amod->nn->pobj->assmod->dobj->root->prep->pccomp->conj->dobj->assmod,遗传(amod) — 神经(nn) — 网络(pobj) — 基于(assmod) — 研究(dobj) — 开展(root) — 为(prep) — 实现(pccomp) — 实现(conj) — 维修(dobj) — 装备(assmod),1
Model → 预测 → 指标,prnmod->punct->dobj->nn->rcmod->dobj->root->root->conj->dobj->nn,LSTM(prnmod) — )(punct) — 分类器(dobj) — 网络(nn) — 基于(rcmod) — 模型(dobj) — 提出(root) — 输入(root) — 预测(conj) — 概率(dobj) — 失效(nn),1
Model → 预测 → 故障,amod->nn->nn->dobj->conj->conj->conj->prep->pobj->rcmod->nn->nsubj->nn,混沌(amod) — 神经(nn) — 网络(nn) — 模型(dobj) — 构建(conj) — 利用(conj) — 进行(conj) — 对(prep) — 数据(pobj) — 卡死(rcmod) — 飞机(nn) — 舵面(nsubj) — 故障(nn),1
Model → 预测 → 故障,cc->nn->dobj->rcmod->dobj->root->root->top->nn,和(cc) — ARIMA(nn) — average(dobj) — 基于(rcmod) — 方法(dobj) — 提出(root) — 是(root) — 数据(top) — 发动机(nn),1
Model → 预测 → 故障,nn->nn->dobj->rcmod->dobj->root->prep->pccomp->dobj->nn->nn,LVQ(nn) — 神经(nn) — 网络(dobj) — 利用(rcmod) — 方法(dobj) — 提出(root) — 针对(prep) — 导致(pccomp) — 故障(dobj) — 油液(nn) — 泄漏(nn),1
Model → 预测 → 故障模式,nn->nn->nn->nn->conj->dobj->conj->root->root->conj->prep->pccomp->nn->nsubj,神经(nn) — 网络(nn) — 故障(nn) — 预测(nn) — 模型(conj) — 算法(dobj) — 建立(conj) — 具有(root) — 结合(root) — 进行(conj) — 对(prep) — 卡死(pccomp) — 方向(nn) — 舵(nsubj),1
Model → 预测 → 数据,dobj->root->root->conj->prep->pobj->assmod->lccomp,模型(dobj) — 建立(root) — 结合(root) — 进行(conj) — 对(prep) — 信息(pobj) — 后(assmod) — 约简(lccomp),1
Model → 验证于 → Dataset,punct->prnmod->dobj->root->root->pobj->rcmod->nsubj->nn->nn->nn,((punct) — Caps-BiGRU-Attention(prnmod) — 模型(dobj) — 提出(root) — 针对(root) — 问题(pobj) — 识别(rcmod) — 故障(nsubj) — 发动机(nn) — 直升机(nn) — 涡轮(nn),1
Model → 验证于 → 参数,nsubj->root->root->prep->pobj->nn->nn,预测(nsubj) — 具有(root) — 为(root) — 以(prep) — 温度(pobj) — 水分离器(nn) — 出口(nn),1
Model → 验证于 → 数据,dobj->dep->root->dobj->nn->nn,模型(dobj) — 形成(dep) — 分析(root) — 数据(dobj) — 飞行(nn) — 试验(nn),1
Problem → 具有 → 解决方案,nn->nn->nsubj->root->root->dep->dobj->amod->nn,航空(nn) — 电子(nn) — 系统(nsubj) — 发展(root) — 分析(root) — 提出(dep) — 思路(dobj) — 初步(amod) — 解决(nn),1
Problem → 是 → 评价,nn->nn->assmod->assm->nn->nsubj->root->attr->nn,航空(nn) — 电子(nn) — 设备(assmod) — 的(assm) — 故障(nn) — 预测(nsubj) — 是(root) — 难题(attr) — 业内(nn),1
Problem → 面临 → 问题,nn->nn->nsubj->root->root->dobj,航空(nn) — 电子(nn) — 系统(nsubj) — 发展(root) — 分析(root) — 问题(dobj),1
专家系统 → 涉及 → 关键技术,nn->nn->nn->nn->nn->nn->nn->assmod->dobj->root->dobj->nn->conj->assmod->assm->nn,航空(nn) — 电子(nn) — 健康(nn) — 管理(nn) — 专家(nn) — 系统(nn) — 系统(nn) — 平台(assmod) — 概念(dobj) — 介绍(root) — 技术(dobj) — 策略(nn) — 设计(conj) — 推理机(assmod) — 的(assm) — 模型(nn),1
专家系统 → 涉及 → 关键技术,nn->nn->nn->nn->nn->nn->nn->assmod->dobj->root->dobj->nn->conj->assmod->nn,航空(nn) — 电子(nn) — 健康(nn) — 管理(nn) — 专家(nn) — 系统(nn) — 系统(nn) — 平台(assmod) — 概念(dobj) — 介绍(root) — 技术(dobj) — 策略(nn) — 模式(conj) — 状态(assmod) — 健康(nn),1
专家系统 → 涉及 → 关键技术,nn->nn->nn->nn->nn->nn->nn->assmod->dobj->root->dobj->nn->nn->nn,航空(nn) — 电子(nn) — 健康(nn) — 管理(nn) — 专家(nn) — 系统(nn) — 系统(nn) — 平台(assmod) — 概念(dobj) — 介绍(root) — 技术(dobj) — 策略(nn) — 故障(nn) — 修复(nn),1
事件 → 发生于 → 位置,nn->nn->nn->nn->nsubj->root->prep->pobj->assmod->nn,飞机(nn) — 机体(nn) — 结构(nn) — 疲劳(nn) — 失效(nsubj) — 发生(root) — 在(prep) — 位置(pobj) — 孔(assmod) — 紧固件(nn),1
事件 → 导致 → 事件,nn->nn->nsubj->conj->ccomp->dobj->assmod,结构(nn) — 疲劳(nn) — 断裂(nsubj) — 导致(conj) — 出现(ccomp) — 事故(dobj) — 灾难性(assmod),1
产品 → 产生 → 数据,nn->assmod->pobj->root->root->dobj->amod->amod,飞机(nn) — 程度(assmod) — 提高(pobj) — 随着(root) — 产生(root) — 数据(dobj) — 多源(amod) — 异构(amod),1
产品 → 具有特征 → 特征,nn->nn->nsubj->root,航空(nn) — 产品(nn) — 结构(nsubj) — 复杂(root),1
产品 → 具有特征 → 特征,nn->nn->nsubj->root->conj->nn->nsubj,航空(nn) — 产品(nn) — 结构(nsubj) — 复杂(root) — 多(conj) — 制造(nn) — 环节(nsubj),1
产品 → 具有特征 → 特征,nn->nn->nsubj->root->conj->nn->nsubj,航空(nn) — 产品(nn) — 结构(nsubj) — 复杂(root) — 长(conj) — 研制(nn) — 周期(nsubj),1
产品 → 包含 → 概念,nn->nn,航空(nn) — 产品(nn),1
产品 → 面临挑战 → 属性,amod->assmod->pobj->prep->root->nsubj,轻型(amod) — 飞机(assmod) — 使用(pobj) — 随着(prep) — 面临(root) — 可用性(nsubj),1
产品 → 面临挑战 → 属性,amod->assmod->pobj->prep->root->nsubj->conj,轻型(amod) — 飞机(assmod) — 使用(pobj) — 随着(prep) — 面临(root) — 可用性(nsubj) — 可靠性(conj),1
产物 → 用于 → 任务,amod->dobj->conj->root->root->pobj->nn->nn,可追溯性(amod) — 矩阵(dobj) — 构建(conj) — 利用(root) — 针对(root) — 难题(pobj) — 优化(nn) — 需求(nn),1
人员 → 依赖 → 系统/技术,nn->assm->assmod->nsubj,飞机(nn) — 的(assm) — 早期(assmod) — 系统(nsubj),1
人员 → 执行 → 任务,assm->nn->assmod->nsubj->root->root->prep->pccomp->conj->dobj->nn->conj,的(assm) — 飞机(nn) — 早期(assmod) — 系统(nsubj) — 按下(root) — 提出(root) — 因为(prep) — 获取(pccomp) — 进行(conj) — 隔离(dobj) — 故障(nn) — 检测(conj),1
人物 → 供职于 → 组织机构,nn->nsubj->nn->nn->nn->nn->nn->amod,伊大伟(nn) — 工程师(nsubj) — 公司(nn) — 北京(nn) — 航天(nn) — 测控(nn) — 技术(nn) — 有限(amod),1
人物 → 研究 → 方法,nn->nsubj->root->nsubj->cc->nn->nn,伊大伟(nn) — 工程师(nsubj) — 组成(root) — 方法(nsubj) — 与(cc) — 健康(nn) — 管理(nn),1
人群 → 主要健康威胁 → 疾病,nn->assmod->dobj->root->root->attr,空勤(nn) — 人员(assmod) — 状况(dobj) — 了解(root) — 为(root) — 脂肪肝(attr),1
人群 → 主要健康威胁 → 疾病,nn->assmod->dobj->root->root->conj->nsubj,空勤(nn) — 人员(assmod) — 状况(dobj) — 了解(root) — 为(root) — 次(conj) — 超重(nsubj),1
人群 → 主要健康威胁 → 疾病,nn->assmod->dobj->root->root->nsubj->nn->amod,空勤(nn) — 人员(assmod) — 状况(dobj) — 了解(root) — 为(root) — 患病率(nsubj) — 血症(nn) — 高尿酸(amod),1
人群 → 健康水平 → 状态,nn->assmod->dobj->root->root->conj->advmod,空勤(nn) — 人员(assmod) — 状况(dobj) — 了解(root) — 好于(root) — 高(conj) — 较(advmod),1
任务 → 使用 → 数据,nn->pobj->assmod->dobj->pccomp->prep->root->prep->pobj->rcmod->pobj->nn->prnmod->punct->punct,故障(nn) — 分析(pobj) — 对(assmod) — 现状(dobj) — 梳理(pccomp) — 为(prep) — 总结(root) — 针对(prep) — 类型(pobj) — 基于(rcmod) — 数据(pobj) — 记录器(nn) — QAR(prnmod) — ((punct) — )(punct),1
任务 → 使用 → 计算方法,nn->pobj->assmod->dobj->pccomp->prep->root->root->conj->dobj->conj->amod,故障(nn) — 分析(pobj) — 对(assmod) — 现状(dobj) — 梳理(pccomp) — 为(prep) — 总结(root) — 得出(root) — 包括(conj) — 学习(dobj) — 统计(conj) — 多变量(amod),1
任务 → 使用 → 计算方法,nn->pobj->assmod->dobj->pccomp->prep->root->root->conj->dobj->conj->nn,故障(nn) — 分析(pobj) — 对(assmod) — 现状(dobj) — 梳理(pccomp) — 为(prep) — 总结(root) — 得出(root) — 包括(conj) — 学习(dobj) — 推理(conj) — 逻辑(nn),1
任务 → 使用 → 计算方法,nn->pobj->assmod->dobj->pccomp->prep->root->root->conj->dobj->conj->nn,故障(nn) — 分析(pobj) — 对(assmod) — 现状(dobj) — 梳理(pccomp) — 为(prep) — 总结(root) — 得出(root) — 包括(conj) — 学习(dobj) — 模型(conj) — 物理(nn),1
任务 → 使用 → 计算方法,nn->pobj->assmod->dobj->pccomp->prep->root->root->conj->dobj->nn,故障(nn) — 分析(pobj) — 对(assmod) — 现状(dobj) — 梳理(pccomp) — 为(prep) — 总结(root) — 得出(root) — 包括(conj) — 学习(dobj) — 机器(nn),1
任务 → 保障 → 目标,assmod->assm->nn->dobj->conj->dep->root->prep->pccomp->dobj->nn,状态(assmod) — 的(assm) — 变化(nn) — 趋势(dobj) — 预测(conj) — 检测(dep) — 具有(root) — 对于(prep) — 实现(pccomp) — 安全(dobj) — 飞行(nn),1
任务 → 保障 → 目标,dep->root->prep->pccomp->dobj->nn,检测(dep) — 具有(root) — 对于(prep) — 实现(pccomp) — 安全(dobj) — 飞行(nn),1
任务 → 保障 → 目标,nn->assmod->nsubj->root->prep->pccomp->dobj->nn->nn->dobj,操纵面(nn) — 故障(assmod) — 预测(nsubj) — 具有(root) — 对(prep) — 保障(pccomp) — 可靠(dobj) — 飞机(nn) — 安全(nn) — 工作(dobj),1
任务 → 利用 → 数据,amod->dobj->conj->top->dobj->nn,预测性(amod) — 维护(dobj) — 进行(conj) — 利用(top) — 数据(dobj) — 传感器(nn),1
任务 → 包含 → 流程,cc->nn->conj->dobj->root->root->nsubj->det,和(cc) — 寿命(nn) — 控制(conj) — 预测(dobj) — 给出(root) — 介绍(root) — 文(nsubj) — 本(det),1
任务 → 包含方法 → 方法,nn->conj->nn->top->root->root->dobj,故障(nn) — 预测(conj) — 管理(nn) — 技术(top) — 是(root) — 总结(root) — 综合法(dobj),1
任务 → 包含方法 → 方法,nn->conj->nn->top->root->root->dobj->conj->amod,故障(nn) — 预测(conj) — 管理(nn) — 技术(top) — 是(root) — 总结(root) — 综合法(dobj) — 电路(conj) — 预警(amod),1
任务 → 包含方法 → 方法,nn->conj->nn->top->root->root->dobj->conj->amod->nn,故障(nn) — 预测(conj) — 管理(nn) — 技术(top) — 是(root) — 总结(root) — 综合法(dobj) — 模型法(conj) — 累积(amod) — 损伤(nn),1
任务 → 包含方法 → 方法,nn->conj->nn->top->root->root->dobj->conj->nn,故障(nn) — 预测(conj) — 管理(nn) — 技术(top) — 是(root) — 总结(root) — 综合法(dobj) — 参数法(conj) — 特征(nn),1
任务 → 基于 → 技术,nn->nn->conj->nn->assmod->dobj->root->root->conj->prep->pobj->nn,性能(nn) — 衰退(nn) — 检测(conj) — 估计(nn) — 方面(assmod) — 研究(dobj) — 开展(root) — 分析(root) — 进行(conj) — 基于(prep) — 距离(pobj) — 马氏(nn),1
任务 → 基于 → 数据,nn->nn->nn->nn->pobj->assmod->dobj->pccomp->prep->root->dobj->nn->nn->nn,飞行(nn) — 控制(nn) — 系统(nn) — 故障(nn) — 分析(pobj) — 对(assmod) — 现状(dobj) — 梳理(pccomp) — 为(prep) — 总结(root) — 过程(dobj) — 提取(nn) — QAR(nn) — 数据(nn),1
任务 → 基于 → 数据,nn->punct->assmod->conj->nn,风险(nn) — 、(punct) — 风险(assmod) — 划分(conj) — 故障(nn),1
任务 → 存在 → 问题,nn->nn->nn->nn->lobj->loc->rcmod->dobj->vmod->punct->nsubj->advmod->conj,航空(nn) — 健康(nn) — 管理(nn) — 发动机(nn) — 过程(lobj) — 中(loc) — 存在(rcmod) — 问题(dobj) — 低(vmod) — 、(punct) — 资源(nsubj) — 相对(advmod) — 缺乏(conj),1
任务 → 存在问题 → 问题,nn->nn->nn->nn->nn->lobj->loc->rcmod->conj->neg,航空(nn) — 发动机(nn) — 轴承(nn) — 诊断(nn) — 故障(nn) — 过程(lobj) — 中(loc) — 足(rcmod) — 拟合(conj) — 过(neg),1
任务 → 存在问题 → 问题,nn->nn->nn->nn->nn->lobj->loc->rcmod->nn->nsubj->neg,航空(nn) — 发动机(nn) — 轴承(nn) — 诊断(nn) — 故障(nn) — 过程(lobj) — 中(loc) — 足(rcmod) — 预测(nn) — 精度(nsubj) — 不(neg),1
任务 → 实现 → 策略,nn->nn->dobj->root->prep->pccomp->conj->dobj->nn,预测(nn) — 故障(nn) — 研究(dobj) — 开展(root) — 为(prep) — 实现(pccomp) — 实现(conj) — 维修(dobj) — 视情(nn),1
任务 → 属于 → 技术领域,nn->dobj->conj->conj->root->root->dep->dobj->nn->nn,故障(nn) — 预测(dobj) — 进行(conj) — 利用(conj) — 给出(root) — 达到(root) — 应用(dep) — 技术(dobj) — 健康(nn) — 管理(nn),1
任务 → 应用于 → 研究对象,amod->nn->nn->nn->dobj->conj->root->dobj->assmod->nn->nn->amod->amod,剩余(amod) — 寿命(nn) — 预测(nn) — 量化(nn) — 问题(dobj) — 结合(conj) — 面向(root) — 需求(dobj) — 预测(assmod) — 寿命(nn) — 设备(nn) — 随机(amod) — 退化(amod),1
任务 → 应用于 → 研究对象,nn->nn->dobj->root->prep->pccomp->conj->dobj->assmod,预测(nn) — 故障(nn) — 研究(dobj) — 开展(root) — 为(prep) — 实现(pccomp) — 实现(conj) — 维修(dobj) — 装备(assmod),1
任务 → 影响 → Performance Metric,nn->nn->assmod->top->root->attr->assmod->nn->nn,故障(nn) — 状态(nn) — 类型(assmod) — 判别(top) — 是(root) — 环节(attr) — 系统(assmod) — 故障(nn) — 预测(nn),1
任务 → 指导 → 活动,nn->assm->assmod->dobj->dep->root->prep->pccomp->conj->dobj->nn->nn,故障(nn) — 的(assm) — 阶段(assmod) — 数据(dobj) — 预测(dep) — 具有(root) — 对于(prep) — 制定(pccomp) — 开展(conj) — 活动(dobj) — 可靠性(nn) — 维护(nn),1
任务 → 指导 → 活动,nn->assm->assmod->dobj->dep->root->prep->pccomp->dobj->nn,故障(nn) — 的(assm) — 阶段(assmod) — 数据(dobj) — 预测(dep) — 具有(root) — 对于(prep) — 制定(pccomp) — 计划(dobj) — 可靠性(nn),1
任务 → 提供依据 → 任务,nn->assm->assmod->dobj->prep->root->dep->ccomp->dep->prep->pobj->conj->nn,飞行(nn) — 的(assm) — 识别(assmod) — 状态(dobj) — 对待(prep) — 进行(root) — 表明(dep) — 识别(ccomp) — 提供(dep) — 为(prep) — 管理(pobj) — 诊断(conj) — 故障(nn),1
任务 → 提供依据 → 应用领域,nn->assm->assmod->dobj->prep->root->dep->ccomp->dep->prep->pobj->assmod->assm->nn,飞行(nn) — 的(assm) — 识别(assmod) — 状态(dobj) — 对待(prep) — 进行(root) — 表明(dep) — 识别(ccomp) — 提供(dep) — 为(prep) — 管理(pobj) — 直升机(assmod) — 的(assm) — 健康(nn),1
任务 → 提供依据 → 目标,nn->nn->nn->nsubj->root->prep->pobj->nn,航空(nn) — 发动机(nn) — 故障(nn) — 预测(nsubj) — 提供(root) — 为(prep) — 决策(pobj) — 维修(nn),1
任务 → 提高 → 属性,nn->nsubj->root->prep->pccomp->dobj->assmod->assm,故障(nn) — 预报(nsubj) — 具有(root) — 对(prep) — 提高(pccomp) — 安全性(dobj) — 飞行器(assmod) — 的(assm),1
任务 → 提高 → 指标,nn->nn->nn->nsubj->root->dep->dobj->nn,航空(nn) — 发动机(nn) — 故障(nn) — 预测(nsubj) — 提供(root) — 提高(dep) — 完好率(dobj) — 装备(nn),1
任务 → 支持 → 任务,nn->nsubj->root->prep->pobj->nn->nn->assmod->assm,故障(nn) — 预测(nsubj) — 具有(root) — 对(prep) — 维护(pobj) — 飞机(nn) — 空调(nn) — 系统(assmod) — 的(assm),1
任务 → 支撑 → 应用,nn,试车台(nn),1
任务 → 是核心环节 → 系统,nn->nn->assmod->top->root->attr->assmod->nn->nn->nn->nn,故障(nn) — 状态(nn) — 类型(assmod) — 判别(top) — 是(root) — 环节(attr) — 系统(assmod) — 航空(nn) — 装备(nn) — 故障(nn) — 预测(nn),1
任务 → 最小化 → 风险,nn->nn->nn->nsubj->root->conj->conj->dobj->nn,航空(nn) — 发动机(nn) — 故障(nn) — 预测(nsubj) — 提供(root) — 避免(conj) — 最小化(conj) — 损失(dobj) — 经济(nn),1
任务 → 核心问题是 → 核心问题,amod->nn->nn->nn->amod,剩余(amod) — 寿命(nn) — 预测(nn) — 量化(nn) — 不确定性(amod),1
任务 → 涉及 → 技术,nn->nn->nn->nn->nn->nn->assmod->dobj->amod,航空(nn) — 发动机(nn) — 预测(nn) — 健康(nn) — 管理(nn) — 系统(nn) — 设计(assmod) — 技术(dobj) — 关键(amod),1
任务 → 评价指标 → Performance Metric,nn,估计(nn),1
任务 → 评价指标 → Performance Metric,nn->nn->conj->nn->assmod->dobj->root->root->conj->ccomp->nsubj,性能(nn) — 衰退(nn) — 检测(conj) — 估计(nn) — 方面(assmod) — 研究(dobj) — 开展(root) — 进行(root) — 表明(conj) — 低于(ccomp) — 漏报率(nsubj),1
任务 → 评价指标 → Performance Metric,nn->nn->conj->nn->assmod->dobj->root->root->conj->ccomp->nsubj->conj,性能(nn) — 衰退(nn) — 检测(conj) — 估计(nn) — 方面(assmod) — 研究(dobj) — 开展(root) — 进行(root) — 表明(conj) — 低于(ccomp) — 漏报率(nsubj) — 虚警率(conj),1
任务 → 避免 → 风险,nn->nn->nn->nsubj->root->conj->dobj->amod,航空(nn) — 发动机(nn) — 故障(nn) — 预测(nsubj) — 提供(root) — 避免(conj) — 故障(dobj) — 灾难性(amod),1
任务 → 针对 → 参数,nn->dobj->root->root->conj->conj->conj->dobj->assmod->nn,预测(nn) — 方法(dobj) — 提出(root) — 提出(root) — 采用(conj) — 采用(conj) — 进行(conj) — 预测(dobj) — 参数(assmod) — 特征(nn),1
任务 → 针对 → 参数,nn->dobj->root->root->prep->plmod->lobj->conj,趋势(nn) — 预测(dobj) — 进行(root) — 应用(root) — 于(prep) — 中(plmod) — 诊断(lobj) — 监视(conj),1
任务 → 针对 → 故障,nn->punct->assmod->dobj->root->conj->dobj->nn->nn,风险(nn) — 、(punct) — 风险(assmod) — 方法(dobj) — 给出(root) — 建立(conj) — 流程(dobj) — 模式(nn) — 故障(nn),1
任务 → 针对 → 系统,nn->conj->assmod->nn->nn,故障(nn) — 诊断(conj) — 系统(assmod) — 直升机(nn) — 传动(nn),1
任务 → 针对 → 设备,nn->pobj->prep->conj->root->root->conj->prep->pobj->assmod->nn->amod,维护(nn) — 领域(pobj) — 在(prep) — 得到(conj) — 得到(root) — 提出(root) — 进行(conj) — 通过(prep) — 任务(pobj) — 设备(assmod) — 客舱(nn) — 应急(amod),1
任务 → 针对 → 飞机部件,nn->cpm->rcmod->nsubj->root->prep->pobj->nn->amod,故障(nn) — 的(cpm) — 及时(rcmod) — 预报(nsubj) — 具有(root) — 在(prep) — 领域(pobj) — 航空(nn) — 军用(amod),1
任务 → 需要 → 处理步骤,punct->dobj->prnmod->nn->pobj->rcmod->pobj->prep->root->dobj->nn->nn,)(punct) — 分析(dobj) — QAR(prnmod) — 记录器(nn) — 数据(pobj) — 基于(rcmod) — 类型(pobj) — 针对(prep) — 总结(root) — 过程(dobj) — 提取(nn) — 特征(nn),1
任务 → 需要 → 处理步骤,punct->dobj->prnmod->nn->pobj->rcmod->pobj->prep->root->dobj->nn->nn->conj,)(punct) — 分析(dobj) — QAR(prnmod) — 记录器(nn) — 数据(pobj) — 基于(rcmod) — 类型(pobj) — 针对(prep) — 总结(root) — 过程(dobj) — 提取(nn) — 数据(nn) — 预处理(conj),1
任务 → 需要 → 数据,nn->dobj->dep->dep->ccomp->nsubj,健康(nn) — 状态(dobj) — 掌握(dep) — 预防(dep) — 发生(ccomp) — 故障(nsubj),1
任务 → 需要 → 数据,nn->nn->nn->nn->nn->dobj->dep->root->ccomp->dobj->rcmod->nsubj,民航(nn) — 飞机(nn) — 健康(nn) — 管理(nn) — 状态(nn) — 评估(dobj) — 进行(dep) — 在于(root) — 获得(ccomp) — 数据(dobj) — 采集(rcmod) — 传感器(nsubj),1
任务 → 需要转向 → 维修模式,nn->nsubj->rcmod->prep->pobj->prep->nn,飞机(nn) — 保障(nsubj) — 转变(rcmod) — 向(prep) — 维修(pobj) — 基于(prep) — 状态(nn),1
任务 → 面临 → 问题,nn->nn->nn->nn->nsubj->rcmod->pobj->vmod->conj->nn->nn->nsubj->nsubj,航空(nn) — 电子(nn) — 产品(nn) — 故障(nn) — 预测(nsubj) — 面临(rcmod) — 问题(pobj) — 大(vmod) — 小(conj) — 训练(nn) — 数据(nn) — 样本(nsubj) — 量(nsubj),1
任务 → 面临 → 问题,nn->nn->nn->nn->nsubj->rcmod->pobj->vmod->nn->nn->nsubj,航空(nn) — 电子(nn) — 产品(nn) — 故障(nn) — 预测(nsubj) — 面临(rcmod) — 问题(pobj) — 大(vmod) — 退化(nn) — 趋势(nn) — 差异(nsubj),1
任务 → 面临 → 问题,nn->nsubj->root->root->dobj->rcmod->cpm->conj,航空(nn) — 发动机(nsubj) — 汇集(root) — 分析(root) — 挑战(dobj) — 面临(rcmod) — 的(cpm) — 问题(conj),1
任务 → 验证 → 系统,nn,维护(nn),1
仿真平台 → 基于 → 原理,amod->assmod->nsubj->root->root->prep->pobj->nn->nn,实时(amod) — 数据(assmod) — 使用(nsubj) — 监测(root) — 搭建(root) — 基于(prep) — 原理(pobj) — xPC(nn) — Target(nn),1
仿真平台 → 验证 → 诊断结构,amod->assmod->nsubj->root->root->dobj->nn,实时(amod) — 数据(assmod) — 使用(nsubj) — 监测(root) — 使得(root) — 任务(dobj) — 诊断(nn),1
企业 → 参加 → 会议,nn->nn->amod->nn->dobj->conj->root->punct->nn->conj,"华为(nn) — 技术(nn) — 有限(amod) — 公司(nn) — 单位(dobj) — 来自(conj) — 召开(root) — ,(punct) — 2020(nn) — 预测(conj)",1
优化算法 → 优化 → 参数,nn->nsubj->nn,算法(nn) — 效率(nsubj) — 参数(nn),1
优化算法 → 优化 → 模型参数,nn->amod->nn->dobj->conj->root->conj->dobj->nn,区间(nn) — 自适应(amod) — 粒子群(nn) — 算法(dobj) — 利用(conj) — 提出(root) — 优化(conj) — 参数(dobj) — SVR(nn),1
优化算法 → 具有 → 性能,etc->amod->nn->dobj->dep->root->root->dobj->cc,等(etc) — 子(amod) — 回油(nn) — 模型(dobj) — 构建(dep) — 为(root) — 开展(root) — 优化(dobj) — 与(cc),1
优化算法 → 提高 → Performance Metric,nn->amod->nn->dobj->conj->root->conj->conj->dobj->nn->nn,区间(nn) — 自适应(amod) — 粒子群(nn) — 算法(dobj) — 利用(conj) — 提出(root) — 优化(conj) — 提高(conj) — 速度(dobj) — 参数(nn) — 优化(nn),1
优化算法 → 搜索 → 模型参数,nn->nn->nn->dobj->conj->conj->dep->dobj->assmod->assm->amod->conj,量子(nn) — 粒子群(nn) — 优化(nn) — 算法(dobj) — 采用(conj) — 进化(conj) — 搜索(dep) — 维数(dobj) — RVM(assmod) — 的(assm) — 最优核(amod) — 参数(conj),1
优化算法 → 搜索 → 模型参数,nn->nn->nn->dobj->conj->conj->dep->dobj->cc->nn,量子(nn) — 粒子群(nn) — 优化(nn) — 算法(dobj) — 采用(conj) — 进化(conj) — 搜索(dep) — 维数(dobj) — 和(cc) — 嵌入(nn),1
优化算法 → 用于优化 → Model,amod->dobj->root->root->prep->pccomp->dobj->nn->nn->nn,遗传(amod) — 算法(dobj) — 结合(root) — 具备(root) — 针对(prep) — 开展(pccomp) — 工作(dobj) — 预测(nn) — 滑油(nn) — 系统(nn),1
优化算法 → 用于优化 → Model,etc->amod->nn->dobj->dep->root->root->prep->pccomp->dobj->nn->nn->nn,等(etc) — 子(amod) — 回油(nn) — 模型(dobj) — 构建(dep) — 为(root) — 具备(root) — 针对(prep) — 开展(pccomp) — 工作(dobj) — 预测(nn) — 滑油(nn) — 系统(nn),1
会议 → 举办于 → 地点,cc->nn->nn->nn->nsubj->root->prep->pobj,与(cc) — 故障(nn) — 诊断(nn) — 技术(nn) — 研讨会(nsubj) — 举办(root) — 在(prep) — 南昌市(pobj),1
会议 → 举办于 → 地点,nn->conj->punct->root->prep->pobj,"2020(nn) — 预测(conj) — ,(punct) — 召开(root) — 在(prep) — 成都(pobj)",1
会议 → 举办于 → 时间,nn->conj->punct->root->tmod->nn->nn,"2020(nn) — 预测(conj) — ,(punct) — 召开(root) — 27日(tmod) — 2020年(nn) — 11月(nn)",1
会议 → 于...召开 → 日期,nn->conj->punct->root->tmod->nn->nn,"2017(nn) — 预测(conj) — ,(punct) — 召开(root) — 19日(tmod) — 2017年(nn) — 5月(nn)",1
会议 → 在...召开 → 地点,nn->conj->punct->root->prep->pobj,"2017(nn) — 预测(conj) — ,(punct) — 召开(root) — 在(prep) — 西安(pobj)",1
会议 → 得到...支持 → 期刊,punct->nn->conj->root->root->dep->conj,",(punct) — 2017(nn) — 预测(conj) — 召开(root) — 主办(root) — 电(dep) — INSTRUMENTATION(conj)",1
会议 → 得到...支持 → 期刊,punct->nn->conj->root->root->dep->conj->punct->nn->nn,",(punct) — 2017(nn) — 预测(conj) — 召开(root) — 主办(root) — 电(dep) — 学报(conj) — 《(punct) — 仪器(nn) — 仪表(nn)",1
会议 → 得到...支持 → 期刊,punct->nn->conj->root->root->prep->pobj->conj->nn->conj,",(punct) — 2017(nn) — 预测(conj) — 召开(root) — 主办(root) — 由(prep) — 分会(pobj) — 分会(conj) — 电子(nn) — 测量(conj)",1
会议 → 旨在推进 → 技术,cc->nn->nn->nn->nsubj->root->prep->pccomp->dobj->nn->cc->nn->nn,与(cc) — 故障(nn) — 诊断(nn) — 技术(nn) — 研讨会(nsubj) — 举办(root) — 为了(prep) — 推进(pccomp) — 应用(dobj) — 技术(nn) — 与(cc) — 健康(nn) — 管理(nn),1
会议 → 由...主办 → 机构,punct->nn->conj->root->root->prep->pobj->conj->nn->nn->nn->nn->conj,",(punct) — 2017(nn) — 预测(conj) — 召开(root) — 主办(root) — 由(prep) — 分会(pobj) — 分会(conj) — 学会(nn) — 中国(nn) — 电子(nn) — 电子(nn) — 测量(conj)",1
会议 → 由...主办 → 机构,punct->nn->conj->root->root->prep->pobj->nn->nn->nn->nn->conj,",(punct) — 2017(nn) — 预测(conj) — 召开(root) — 主办(root) — 由(prep) — 分会(pobj) — 学会(nn) — 仪器(nn) — 仪表(nn) — 电子(nn) — 测量(conj)",1
会议 → 由...承办 → 机构,nn->conj->punct->root->conj->dobj->nn->conj->nn->nn,"2017(nn) — 预测(conj) — ,(punct) — 召开(root) — 来自(conj) — 单位(dobj) — 大学(nn) — 大学(conj) — 空军(nn) — 工程(nn)",1
传感器 → 促进 → 方法,nn->nn->assmod->nsubj->root->root->prep->pobj->nn->conj,金属(nn) — 屑末(nn) — 传感器(assmod) — 精度(nsubj) — 获得(root) — 提出(root) — 给(prep) — 研发(pobj) — 管理(nn) — 诊断(conj),1
传统方法 → 具有 → 缺点,nn->pobj->prep->pccomp->prep->root->dobj->vmod->punct->nsubj->conj->dep,试验(nn) — 方法(pobj) — 基于(prep) — 开展(pccomp) — 针对(prep) — 具备(root) — 缺点(dobj) — 高(vmod) — 、(punct) — 周期(nsubj) — 长(conj) — 等(dep),1
传统方法 → 受影响于 → 影响因素,amod->nn->nn->nn->nsubj->root->conj->dep->dobj->nn->cc->amod,传统(amod) — 模型(nn) — 匹配(nn) — 检测(nn) — 方法(nsubj) — 适用(root) — 大(conj) — 受(dep) — 影响(dobj) — 状态(nn) — 和(cc) — 机动(amod),1
传统方法 → 忽略 → 参数,amod->assm->assmod->nsubj->root->conj->dep->dobj->nn,传统(amod) — 的(assm) — 损伤(assmod) — 方法(nsubj) — 适用(root) — 大(conj) — 受(dep) — 影响(dobj) — 状态(nn),1
传统方法 → 适用于 → Model,amod->nn->nn->nn->nsubj->root->prep->pobj->amod->nn,传统(amod) — 模型(nn) — 匹配(nn) — 检测(nn) — 方法(nsubj) — 适用(root) — 于(prep) — 模型(pobj) — 线性(amod) — 气动(nn),1
估计器 → 估计 → 参数,assmod->punct->dobj->assmod->nn->nn,理想(assmod) — )(punct) — 估计器(dobj) — 参数(assmod) — 气路(nn) — 健康(nn),1
估计器 → 估计 → 参数,nn->dobj->conj->dep->nsubj->nn,状态(nn) — 方程(dobj) — 扩展(conj) — 作为(dep) — 参数(nsubj) — 性能(nn),1
估计器 → 预测 → 时间,nn->dobj->conj->dep->root->prep->pccomp->dobj->assmod->pobj->nn,状态(nn) — 方程(dobj) — 扩展(conj) — 作为(dep) — 为(root) — 为了(prep) — 满足(pccomp) — 需求(dobj) — 对(assmod) — 系统(pobj) — 故障(nn),1
体系 → 适用于 → 系统,cc->nn->nn->top->root->attr->rcmod->ccomp->nsubj->nn->nn,与(cc) — 健康(nn) — 管理(nn) — 应用(top) — 是(root) — 方法(attr) — 保障(rcmod) — 完成(ccomp) — 任务(nsubj) — 电子(nn) — 系统(nn),1
体系架构 → 提高 → Performance Metric,punct->punct->nn->dobj->prnmod,((punct) — )(punct) — 体系(nn) — 架构(dobj) — PHM(prnmod),1
体系架构 → 提高 → Performance Metric,punct->punct->nn->prnmod->nn->dobj->root->prep->pobj->rcmod->nsubj,((punct) — )(punct) — 体系(nn) — PHM(prnmod) — 管理(nn) — 架构(dobj) — 提出(root) — 针对(prep) — 问题(pobj) — 低(rcmod) — 利用率(nsubj),1
体系架构 → 解决 → 问题,punct->punct->nn->prnmod->nn->dobj->root->prep->pobj->rcmod->nsubj->nn,((punct) — )(punct) — 体系(nn) — PHM(prnmod) — 管理(nn) — 架构(dobj) — 提出(root) — 针对(prep) — 问题(pobj) — 低(rcmod) — 利用率(nsubj) — 资源(nn),1
体系架构 → 解决 → 问题,punct->punct->nn->prnmod->nn->dobj->root->prep->pobj->rcmod->nsubj->nn->nn->nn,((punct) — )(punct) — 体系(nn) — PHM(prnmod) — 管理(nn) — 架构(dobj) — 提出(root) — 针对(prep) — 问题(pobj) — 低(rcmod) — 利用率(nsubj) — 飞机(nn) — 维修(nn) — 资源(nn),1
体系结构 → 具有 → 特征,amod->nn->nn->dobj->conj->conj->dobj->nn,典型(amod) — PHM(nn) — 体系(nn) — 结构(dobj) — 分析(conj) — 得出(conj) — 特征(dobj) — 共性(nn),1
体系结构 → 具有 → 特征,nn->nn->nn->nn->cpm->rcmod->dobj->dep->conj->root->conj->dobj->nn->conj,装甲(nn) — 装备(nn) — PHM(nn) — 体系(nn) — 的(cpm) — 面向(rcmod) — 结构(dobj) — 设计(dep) — 研究(conj) — 提出(root) — 具有(conj) — 特点(dobj) — 开放性(nn) — 分布式(conj),1
体系结构 → 具有 → 特征,nn->nn->nn->nn->cpm->rcmod->dobj->dep->conj->root->conj->dobj->nn->etc,装甲(nn) — 装备(nn) — PHM(nn) — 体系(nn) — 的(cpm) — 面向(rcmod) — 结构(dobj) — 设计(dep) — 研究(conj) — 提出(root) — 具有(conj) — 特点(dobj) — 开放性(nn) — 等(etc),1
体系结构 → 具有 → 特征,nn->nn->nn->nn->cpm->rcmod->dobj->dep->conj->root->conj->dobj->nn->punct->conj,装甲(nn) — 装备(nn) — PHM(nn) — 体系(nn) — 的(cpm) — 面向(rcmod) — 结构(dobj) — 设计(dep) — 研究(conj) — 提出(root) — 具有(conj) — 特点(dobj) — 开放性(nn) — 、(punct) — 层次化(conj),1
体系结构 → 具有 → 规范,cpm->nn->conj->rcmod->dobj->root->root->dep->dobj->nn->nn,的(cpm) — 故障(nn) — 预测(conj) — 先进(rcmod) — 系统(dobj) — 装备(root) — 入手(root) — 介绍(dep) — 规范(dobj) — 标准(nn) — 接口(nn),1
体系结构 → 具有 → 规范,cpm->nn->conj->rcmod->dobj->root->root->dep->dobj->punct->conj,的(cpm) — 故障(nn) — 预测(conj) — 先进(rcmod) — 系统(dobj) — 装备(root) — 入手(root) — 介绍(dep) — 规范(dobj) — 、(punct) — 模块化(conj),1
体系结构 → 具有 → 规范,cpm->nn->conj->rcmod->dobj->root->root->dep->dobj->rcmod->pobj,的(cpm) — 故障(nn) — 预测(conj) — 先进(rcmod) — 系统(dobj) — 装备(root) — 入手(root) — 介绍(dep) — 规范(dobj) — 基于(rcmod) — 开放式(pobj),1
体系结构 → 包含 → 组成部分,nn->nn->dobj->root->conj->dep->dobj->conj->nn->nn,PHM(nn) — 体系(nn) — 结构(dobj) — 提出(root) — 为(conj) — 包含(dep) — 实现(dobj) — 设计(conj) — 体系(nn) — 结构(nn),1
体系结构 → 包含 → 组成部分,nn->nn->dobj->root->conj->dep->dobj->nn,PHM(nn) — 体系(nn) — 结构(dobj) — 提出(root) — 为(conj) — 包含(dep) — 实现(dobj) — 技术(nn),1
体系结构 → 基于 → 研究背景,nn->nn->dobj->root->conj->prep->pobj->assmod->amod,PHM(nn) — 体系(nn) — 结构(dobj) — 提出(root) — 为(conj) — 以(prep) — 研究(pobj) — 飞机(assmod) — 新型(amod),1
体系结构 → 满足 → 要求,nn->nn->dobj->root->conj->ccomp->dobj->rcmod,PHM(nn) — 体系(nn) — 结构(dobj) — 提出(root) — 表明(conj) — 满足(ccomp) — 要求(dobj) — 标准化(rcmod),1
体系结构 → 满足 → 要求,nn->nn->dobj->root->conj->ccomp->dobj->rcmod->dep->cpm,PHM(nn) — 体系(nn) — 结构(dobj) — 提出(root) — 表明(conj) — 满足(ccomp) — 要求(dobj) — 标准化(rcmod) — 开放性(dep) — 的(cpm),1
体系结构 → 满足 → 要求,nn->nn->dobj->root->conj->ccomp->dobj->rcmod->punct->conj,PHM(nn) — 体系(nn) — 结构(dobj) — 提出(root) — 表明(conj) — 满足(ccomp) — 要求(dobj) — 标准化(rcmod) — 、(punct) — 可进化(conj),1
体系结构 → 满足 → 要求,nn->nn->dobj->root->conj->ccomp->dobj->rcmod->punct->conj,PHM(nn) — 体系(nn) — 结构(dobj) — 提出(root) — 表明(conj) — 满足(ccomp) — 要求(dobj) — 标准化(rcmod) — 、(punct) — 层次化(conj),1
体系结构 → 满足 → 需求,nn->nn->nn->nn->cpm->rcmod->dobj->dep->conj->root->conj->conj->dobj->nn->nn->nn->nn->amod->nn->nn,装甲(nn) — 装备(nn) — PHM(nn) — 体系(nn) — 的(cpm) — 面向(rcmod) — 结构(dobj) — 设计(dep) — 研究(conj) — 提出(root) — 具有(conj) — 满足(conj) — 要求(dobj) — 装甲(nn) — 装备(nn) — PHM(nn) — 系统(nn) — 分布式(amod) — 应用(nn) — 环境(nn),1
体系结构 → 结合 → 技术原理,nn->nn->nn->nn->cpm->rcmod->dobj->dep->conj->prep->dobj->rcmod->nn->dobj,装甲(nn) — 装备(nn) — PHM(nn) — 体系(nn) — 的(cpm) — 面向(rcmod) — 结构(dobj) — 设计(dep) — 研究(conj) — 结合(prep) — 特点(dobj) — 面向(rcmod) — 服务(nn) — 架构(dobj),1
体系结构 → 结合 → 特征,nn->nn->nn->nn->cpm->rcmod->dobj->dep->conj->prep->dobj->cc->nn->nn->amod->nn->nn->assmod,装甲(nn) — 装备(nn) — PHM(nn) — 体系(nn) — 的(cpm) — 面向(rcmod) — 结构(dobj) — 设计(dep) — 研究(conj) — 结合(prep) — 特点(dobj) — 和(cc) — 装甲(nn) — 装备(nn) — 综合(amod) — 电子(nn) — 信息(nn) — 系统(assmod),1
体系结构 → 结合 → 系统,nn->nn->dobj->root->conj->dep->dobj->amod,PHM(nn) — 体系(nn) — 结构(dobj) — 提出(root) — 为(conj) — 结合(dep) — 系统(dobj) — 关键(amod),1
体系结构 → 解决 → 问题,nn->nn->dobj->root->prep->pobj->nn->nn->nn,PHM(nn) — 体系(nn) — 结构(dobj) — 提出(root) — 针对(prep) — 问题(pobj) — 困难(nn) — 维修(nn) — 保障(nn),1
体系结构 → 适应 → 需求,nn->nn->nn->nn->cpm->rcmod->dobj->dep->conj->root->prep->pccomp->dobj->rcmod->nn->nn->nn->nn->nsubj,装甲(nn) — 装备(nn) — PHM(nn) — 体系(nn) — 的(cpm) — 面向(rcmod) — 结构(dobj) — 设计(dep) — 研究(conj) — 提出(root) — 为(prep) — 适应(pccomp) — 需要(dobj) — 改革(rcmod) — 装甲(nn) — 装备(nn) — 维修(nn) — 保障(nn) — 方式(nsubj),1
体系结构 → 针对 → 装备,amod->nn->dobj->dep->root->root->prep->pccomp->ccomp->nsubj->nn,层次化(amod) — 体系(nn) — 结构(dobj) — 提出(dep) — 进行(root) — 具有(root) — 对于(prep) — 推动(pccomp) — 转变(ccomp) — 飞机(nsubj) — 作战(nn),1
体系结构 → 降低 → 成本,nn->nn->dobj->root->conj->ccomp->conj->dobj->nn->conj,PHM(nn) — 体系(nn) — 结构(dobj) — 提出(root) — 表明(conj) — 满足(ccomp) — 降低(conj) — 难度(dobj) — 维护(nn) — 费用(conj),1
体系结构 → 降低 → 难度,nn->nn->dobj->root->conj->ccomp->conj->dobj->assmod->assm->nn,PHM(nn) — 体系(nn) — 结构(dobj) — 提出(root) — 表明(conj) — 满足(ccomp) — 降低(conj) — 难度(dobj) — 飞机(assmod) — 的(assm) — 维护(nn),1
供应链 → 呈现 → 趋势,nn->nn->nsubj->ccomp->dobj->nn,航空(nn) — 产品(nn) — 供应链(nsubj) — 呈现(ccomp) — 趋势(dobj) — 发展(nn),1
保障模式 → 由...使用 → 系统,nn->nsubj->rcmod->dobj->pccomp->prep->root->dep->dobj->conj->nn,飞机(nn) — 保障(nsubj) — 转变(rcmod) — 需要(dobj) — 满足(pccomp) — 为了(prep) — 提出(root) — 分析(dep) — 组成(dobj) — 系统(conj) — PHM(nn),1
保障系统 → 存在缺陷 → 缺陷,amod->nn->assmod,自主式(amod) — 保障(nn) — 系统(assmod),1
保障系统 → 存在缺陷 → 缺陷,amod->nn->assmod->conj->dobj->root->punct->prtmod,"自主式(amod) — 保障(nn) — 系统(assmod) — 缺陷(conj) — 原因(dobj) — 分析(root) — ,(punct) — 以(prtmod)",1
保障系统 → 存在缺陷 → 缺陷,amod->nn->assmod->conj->dobj->root->root->ccomp->conj->nn->nsubj,自主式(amod) — 保障(nn) — 系统(assmod) — 缺陷(conj) — 原因(dobj) — 分析(root) — 包括(root) — 有限(ccomp) — 困难(conj) — 备件(nn) — 运输(nsubj),1
保障系统 → 存在缺陷 → 缺陷,amod->nn->assmod->conj->dobj->root->root->ccomp->conj->nn->nsubj,自主式(amod) — 保障(nn) — 系统(assmod) — 缺陷(conj) — 原因(dobj) — 分析(root) — 包括(root) — 有限(ccomp) — 混乱(conj) — 备件(nn) — 管理(nsubj),1
保障系统 → 存在缺陷 → 缺陷,amod->nn->assmod->conj->dobj->root->root->ccomp->conj->nn->nsubj->neg,自主式(amod) — 保障(nn) — 系统(assmod) — 缺陷(conj) — 原因(dobj) — 分析(root) — 包括(root) — 有限(ccomp) — 顺畅(conj) — 信息(nn) — 交流(nsubj) — 不(neg),1
保障系统 → 存在缺陷 → 缺陷,amod->nn->assmod->conj->dobj->root->root->ccomp->conj->nsubj,自主式(amod) — 保障(nn) — 系统(assmod) — 缺陷(conj) — 原因(dobj) — 分析(root) — 包括(root) — 有限(ccomp) — 短缺(conj) — 备件(nsubj),1
保障系统 → 存在缺陷 → 缺陷,amod->nn->assmod->conj->dobj->root->root->ccomp->conj->nsubj->advmod,自主式(amod) — 保障(nn) — 系统(assmod) — 缺陷(conj) — 原因(dobj) — 分析(root) — 包括(root) — 有限(ccomp) — 弱(conj) — 可部署性(nsubj) — 较(advmod),1
保障系统 → 存在缺陷 → 缺陷,amod->nn->assmod->conj->dobj->root->root->ccomp->conj->prtmod->rcmod->nsubj->neg->cc->conj,自主式(amod) — 保障(nn) — 系统(assmod) — 缺陷(conj) — 原因(dobj) — 分析(root) — 包括(root) — 有限(ccomp) — 完整(conj) — 所(prtmod) — 需(rcmod) — 数据(nsubj) — 不(neg) — 或(cc) — 错误(conj),1
信号 → 反映 → 故障,amod->dobj->ccomp->root->root->nsubj->assmod,特征(amod) — 参数(dobj) — 考虑(ccomp) — 存在(root) — 具有(root) — 预测(nsubj) — 故障(assmod),1
信号 → 反映 → 故障,nn->dobj->dep->root->nsubj->nn->nn,特征(nn) — 信号(dobj) — 表征(dep) — 表现(root) — 故障(nsubj) — 飞机(nn) — 发动机(nn),1
信号 → 用于建立 → 基准,cpm->nn->nn->rcmod->nsubj->root->root->ccomp->nsubj->cc->nn,的(cpm) — 尾气(nn) — 静电(nn) — 获得(rcmod) — 信号(nsubj) — 结合(root) — 发现(root) — 产生(ccomp) — 状态(nsubj) — 和(cc) — 健康(nn),1
信息 → 来自 → 组件,pobj->rcmod->dobj->root->prep->pccomp->dobj->assmod->assm->nn,信息(pobj) — 基于(rcmod) — 方法(dobj) — 提出(root) — 针对(prep) — 缺乏(pccomp) — 手段(dobj) — 系统(assmod) — 的(assm) — 外场(nn),1
信息 → 针对 → 故障,nn->dobj->ccomp->root->root->ccomp->top->rcmod->loc->lobj->rcmod->dobj,预警(nn) — 信息(dobj) — 提供(ccomp) — 发现(root) — 发现(root) — 为(ccomp) — 因素(top) — 影响(rcmod) — 下(loc) — 情况(lobj) — 无(rcmod) — 故障(dobj),1
信息系统 → 用于构建 → 机制框架,nn->nn->amod->nn->nn->conj->dobj->conj->conj->dobj->nn->nn->nn->nn->nn,后方(nn) — 基地(nn) — 自动化(amod) — 后勤(nn) — 信息(nn) — 系统(conj) — 理论(dobj) — 运用(conj) — 构建(conj) — 框架(dobj) — 后方(nn) — 基地(nn) — 备件(nn) — 配置(nn) — 机制(nn),1
公司 → 参与 → 项目,nn->nn->nn->nummod->nn->nn->nsubj->root->dobj->amod->nn->nn->nn,航天(nn) — 科工(nn) — 集团(nn) — 一(nummod) — 院(nn) — 测控(nn) — 公司(nsubj) — 参与(root) — 项目(dobj) — 大(amod) — 飞机(nn) — 健康(nn) — 管理(nn),1
公司 → 研发 → 飞机型号,nn->conj->assmod->dobj->dep->root->root->prep->pobj->assmod->conj,空客(nn) — 公司(conj) — 客机(assmod) — 特点(dobj) — 阐述(dep) — 介绍(root) — 进行(root) — 对(prep) — 系统(pobj) — B737(assmod) — A320(conj),1
公司 → 研发 → 飞机型号,nn->nn->assmod->dobj->dep->root->root->prep->pobj->assmod,波音(nn) — 公司(nn) — 客机(assmod) — 特点(dobj) — 阐述(dep) — 介绍(root) — 进行(root) — 对(prep) — 系统(pobj) — B737(assmod),1
公司 → 组成 → 团队,nn->nn->nn->nn->nn->nn->amod->nsubj->rcmod->nsubj->amod->nn,中国(nn) — 商飞(nn) — 上海(nn) — 飞机(nn) — 客户(nn) — 服务(nn) — 有限(amod) — 公司(nsubj) — 成立(rcmod) — 团队(nsubj) — 联合(amod) — 攻关(nn),1
公司 → 组成 → 团队,nn->nn->nn->nummod->nn->nn->nsubj->root->conj->nsubj->amod->nn,航天(nn) — 科工(nn) — 集团(nn) — 一(nummod) — 院(nn) — 测控(nn) — 公司(nsubj) — 参与(root) — 加以(conj) — 团队(nsubj) — 联合(amod) — 攻关(nn),1
关系 → 表示为 → 参数,nn->conj->nn->dobj->pccomp->root->root->prep->pobj,故障(nn) — 诊断(conj) — 部件(nn) — 技术(dobj) — 研究(pccomp) — 为(root) — 构建(root) — 依据(prep) — 条件(pobj),1
关键参数 → 决定 → 状态,nn->top->root->root->nsubj->nn->nn->nn,风扇(nn) — 转速(top) — 是(root) — 作为(root) — 预测(nsubj) — 发动机(nn) — 健康(nn) — 状态(nn),1
关键参数 → 决定 → 状态,root->root->nsubj->nn->nn->nn,低(root) — 作为(root) — 预测(nsubj) — 发动机(nn) — 健康(nn) — 状态(nn),1
关键技术 → 实现 → 维修方法,nn->nn->top->nn,航空(nn) — 健康(nn) — 管理(top) — 发动机(nn),1
关键技术 → 提高 → Performance Metric,nn->nn->nn->top->root->attr->rcmod->dobj->conj,航空(nn) — 发动机(nn) — 健康(nn) — 管理(top) — 是(root) — 技术(attr) — 提高(rcmod) — 可承受性(dobj) — 可靠性(conj),1
关键技术 → 提高 → Performance Metric,nn->nn->nn->top->root->attr->rcmod->dobj->conj,航空(nn) — 发动机(nn) — 健康(nn) — 管理(top) — 是(root) — 技术(attr) — 提高(rcmod) — 可承受性(dobj) — 安全性(conj),1
关键技术 → 提高 → Performance Metric,nn->nn->nn->top->root->attr->rcmod->dobj->nn,航空(nn) — 发动机(nn) — 健康(nn) — 管理(top) — 是(root) — 技术(attr) — 提高(rcmod) — 可承受性(dobj) — 经济(nn),1
决策 → 存在 → 问题,nn->nn->assmod->pobj->nn,健康(nn) — 管理(nn) — 决策(assmod) — 问题(pobj) — 不确定性(nn),1
决策 → 引入 → 问题,assmod->pobj->nn,决策(assmod) — 问题(pobj) — 不确定性(nn),1
准则 → 基于 → 理论,nummod->nn->nn->nn->dobj->root->prep->pobj->nn,多(nummod) — 指标(nn) — 评价(nn) — 准则(nn) — 方法(dobj) — 采用(root) — 基于(prep) — 理论(pobj) — 信息熵(nn),1
准则 → 融合 → 方法,nummod->nn->nn->nn->dobj->root->root->dobj->nn,多(nummod) — 指标(nn) — 评价(nn) — 准则(nn) — 方法(dobj) — 采用(root) — 提出(root) — 方法(dobj) — 预测(nn),1
函数 → 作为 → 概念,nn->dobj->conj->dep->root->root->dep->dobj->rcmod->dobj->nn,高斯(nn) — 函数(dobj) — 选用(conj) — 利用(dep) — 作为(root) — 提供(root) — 提出(dep) — 方法(dobj) — 基于(rcmod) — 网络(dobj) — 核(nn),1
函数 → 评价 → Performance Metric,nn->dobj->conj->conj->root->conj->dobj->nn->nn,评价(nn) — 函数(dobj) — 给出(conj) — 采用(conj) — 具有(root) — 建立(conj) — 算法(dobj) — 网络(nn) — 神经(nn),1
分析 → 得到 → 参数,conj->pobj->assmod->assm->nn->nn,影响(conj) — 案例(pobj) — 基于(assmod) — 的(assm) — 健康(nn) — 表征(nn),1
分析 → 针对 → 系统,nn->dobj->conj->root->root->nsubj->nn->prnmod->punct,场景(nn) — 分析(dobj) — 进行(conj) — 利用(root) — 受到(root) — 技术(nsubj) — 管理(nn) — PHM(prnmod) — ((punct),1
分析技术 → 获取 → 数据,nn->dobj->conj->root->root->loc->lccomp->prep->pobj->nn->conj,滑油(nn) — 光谱(dobj) — 分析(conj) — 利用(root) — 出现(root) — 时(loc) — 应用(lccomp) — 于(prep) — 预测(pobj) — 关系(nn) — 磨粒(conj),1
分析方法 → 有助于发现 → 现象,dobj->nn->nn->nn,评估(dobj) — 飞机(nn) — 民航(nn) — 健康(nn),1
功能 → 提高 → 属性,nn->nsubj->root->prep->pccomp->dobj->assmod->assm,故障(nn) — 预报(nsubj) — 具有(root) — 对(prep) — 提高(pccomp) — 安全性(dobj) — 飞机(assmod) — 的(assm),1
功能 → 服务于 → 角色,nn->dobj->dep->prep->pobj->nn,技术(nn) — 支撑(dobj) — 提供(dep) — 为(prep) — 人员(pobj) — 维修(nn),1
功能 → 服务于 → 角色,nn->dobj->dep->prep->pobj->nn->conj,技术(nn) — 支撑(dobj) — 提供(dep) — 为(prep) — 人员(pobj) — 操作(nn) — 人员(conj),1
功能 → 用于 → 任务,nn->dobj->root->root->prep->pccomp,决策(nn) — 参考(dobj) — 提供(root) — 具有(root) — 对于(prep) — 保障(pccomp),1
功能 → 用于判断 → 故障,assmod->dobj->dep->root->prep->pobj->nn,油压(assmod) — 分析(dobj) — 实现(dep) — 为(root) — 以(prep) — 系统(pobj) — 燃油(nn),1
功能模块 → 具有 → 技术,assmod->pobj->root->root->dobj->nn,管理(assmod) — 目标(pobj) — 基于(root) — 讨论(root) — 技术(dobj) — 热点(nn),1
功能模块 → 具有 → 技术,nn->amod->conj->dobj->nn,地面(nn) — 综合(amod) — 诊断(conj) — 技术(dobj) — 热点(nn),1
功能模块 → 具有 → 技术,nn->nn->nn->nn->nn->assmod->dobj->nn,智能(nn) — 视(nn) — 情(nn) — 维护(nn) — 维修(nn) — 决策(assmod) — 技术(dobj) — 热点(nn),1
动力系统 → 依赖 → 支撑技术,ordmod->clf->nsubj->ccomp->conj->root->conj->ccomp->prep->dobj->rcmod->comod,第四(ordmod) — 代(clf) — 发动机(nsubj) — 采用(ccomp) — 综述(conj) — 介绍(root) — 指出(conj) — 做(ccomp) — 依赖(prep) — 管理(dobj) — 先进(rcmod) — 成熟(comod),1
动力系统 → 依赖 → 支撑条件,ordmod->clf->nsubj->ccomp->dobj->conj->nn,第四(ordmod) — 代(clf) — 发动机(nsubj) — 采用(ccomp) — 特征(dobj) — 系统(conj) — 管理(nn),1
动力系统 → 具有 → 设计目标,ordmod->clf->nsubj->ccomp->dobj->punct->amod->conj,第四(ordmod) — 代(clf) — 发动机(nsubj) — 采用(ccomp) — 特征(dobj) — 、(punct) — 高(amod) — 可靠性(conj),1
动力系统 → 注重 → 设计方法,ordmod->clf->nsubj->ccomp->dobj->assmod->assm->nn,第四(ordmod) — 代(clf) — 发动机(nsubj) — 采用(ccomp) — 特征(dobj) — 维修性(assmod) — 的(assm) — 设计(nn),1
动力系统 → 采用 → 关键技术,ordmod->clf->nsubj->ccomp->dobj->conj->amod,第四(ordmod) — 代(clf) — 发动机(nsubj) — 采用(ccomp) — 特征(dobj) — 技术(conj) — 隐身(amod),1
动力系统 → 采用 → 关键技术,ordmod->clf->nsubj->ccomp->dobj->conj->amod->nn,第四(ordmod) — 代(clf) — 发动机(nsubj) — 采用(ccomp) — 特征(dobj) — 技术(conj) — 高(amod) — 推重比(nn),1
动力系统 → 采用 → 关键技术,ordmod->clf->nsubj->ccomp->dobj->conj->nn->nn,第四(ordmod) — 代(clf) — 发动机(nsubj) — 采用(ccomp) — 特征(dobj) — 技术(conj) — 推力(nn) — 矢量(nn),1
动力系统 → 采用 → 关键技术,ordmod->clf->nsubj->ccomp->dobj->conj->nn->nn,第四(ordmod) — 代(clf) — 发动机(nsubj) — 采用(ccomp) — 特征(dobj) — 技术(conj) — 热(nn) — 管理(nn),1
动力系统 → 采用 → 技术参数,ordmod->clf->nsubj->ccomp->dobj->conj->amod->nn->nn,第四(ordmod) — 代(clf) — 发动机(nsubj) — 采用(ccomp) — 特征(dobj) — 参数(conj) — 高(amod) — 性能(nn) — 循环(nn),1
动力系统 → 采用 → 控制系统,ordmod->clf->nsubj->ccomp->dobj->conj->amod->amod->nn,第四(ordmod) — 代(clf) — 发动机(nsubj) — 采用(ccomp) — 特征(dobj) — 系统(conj) — 全权限(amod) — 数字式(amod) — 控制(nn),1
动力系统 → 采用 → 管理系统,ordmod->clf->nsubj->ccomp->dobj->conj->nn->nn,第四(ordmod) — 代(clf) — 发动机(nsubj) — 采用(ccomp) — 特征(dobj) — 系统(conj) — 健康(nn) — 管理(nn),1
参会人员 → 参加 → 会议,nummod->clf->nsubj->conj->root->punct->nn->conj,"70余(nummod) — 位(clf) — 代表(nsubj) — 参加(conj) — 召开(root) — ,(punct) — 2020(nn) — 预测(conj)",1
参数 → 具有 → 特性,assmod->assm->nn->dobj->top->root->root->dobj,飞机(assmod) — 的(assm) — 性能(nn) — 参数(dobj) — 利用(top) — 重要(root) — 具有(root) — 非线性(dobj),1
参数 → 具有 → 特性,nn->nn->assmod->pobj->prep->root->root->dep->dobj->nn,飞机(nn) — 空调(nn) — 系统(assmod) — 维护(pobj) — 对(prep) — 具有(root) — 适用于(root) — 适合(dep) — 序列(dobj) — 波动(nn),1
参数 → 包含 → 参数,nn->nn->dobj->pccomp->prep->root->root->prep->pobj->rcmod->loc->lobj->nn->nn,发动机(nn) — 试验(nn) — 监控(dobj) — 实现(pccomp) — 为(prep) — 分析(root) — 进行(root) — 对(prep) — 模型(pobj) — 包括(rcmod) — 在内(loc) — 转速(lobj) — 高压(nn) — 转子(nn),1
参数 → 包含 → 问题,assmod->assm->nn->dobj->top->root->root->conj->dobj,飞机(assmod) — 的(assm) — 性能(nn) — 参数(dobj) — 利用(top) — 重要(root) — 具有(root) — 包含(conj) — 噪声(dobj),1
参数 → 导致增加 → 参数,nn->attr->ccomp->root->root->nsubj->rcmod->cpm->nn->nn,燃油(nn) — 供给量(attr) — 为(ccomp) — 发现(root) — 结合(root) — 信号(nsubj) — 获得(rcmod) — 的(cpm) — 尾气(nn) — 静电(nn),1
参数 → 属于 → 系统,nn->nn->pobj->prep->root->root->prep->pobj->assmod->nn,水分离器(nn) — 出口(nn) — 温度(pobj) — 以(prep) — 为(root) — 具有(root) — 对(prep) — 维护(pobj) — 系统(assmod) — 空调(nn),1
参数 → 影响 → 信号,nn->attr->ccomp->root->root->nsubj->rcmod->cpm->nn->nn,燃油(nn) — 供给量(attr) — 为(ccomp) — 发现(root) — 结合(root) — 信号(nsubj) — 获得(rcmod) — 的(cpm) — 尾气(nn) — 静电(nn),1
参数 → 影响 → 指标,nn->nn->dobj->conj->root->root->dobj->assmod->conj->nn,维修(nn) — 周期(nn) — 影响(dobj) — 分析(conj) — 进行(root) — 给出(root) — 方法(dobj) — 风险(assmod) — 因子(conj) — 风险(nn),1
参数 → 影响 → 目标,nn->nn->pobj->assmod->pobj->nn,维修(nn) — 间隔(nn) — 重要性(pobj) — 对(assmod) — 安全(pobj) — 飞行(nn),1
参数 → 扩展至 → 方程,nn->nn->nsubj->dep->conj->dobj->nn,性能(nn) — 健康(nn) — 参数(nsubj) — 作为(dep) — 扩展(conj) — 方程(dobj) — 状态(nn),1
参数 → 用于 → 应用,assmod->assm->nn->dobj->top->conj->dobj->nn,飞机(assmod) — 的(assm) — 性能(nn) — 参数(dobj) — 利用(top) — 进行(conj) — 监控(dobj) — 状态(nn),1
参数 → 用于 → 应用,assmod->assm->nn->dobj->top->conj->dobj->nn->conj,飞机(assmod) — 的(assm) — 性能(nn) — 参数(dobj) — 利用(top) — 进行(conj) — 监控(dobj) — 故障(nn) — 预报(conj),1
参数 → 用于预测 → 故障,nn->nsubj->dep->root->prep->pobj->nn->nn,健康(nn) — 参数(nsubj) — 作为(dep) — 为(root) — 针对(prep) — 问题(pobj) — 故障(nn) — 气路(nn),1
参数 → 确定 → 参数,nn->nsubj->amod,知识(nn) — 元权(nsubj) — 重(amod),1
参数 → 表征 → 故障,amod->dobj->rcmod->dobj->root->root->nsubj->assmod->lobj,关键(amod) — 参量(dobj) — 表征(rcmod) — 特征(dobj) — 分析(root) — 破坏(root) — 喘(nsubj) — 中(assmod) — 故障(lobj),1
参数 → 表现 → 故障,nn->amod->nn->nsubj->rcmod->dobj->nn->nn,系统(nn) — 可测(amod) — 状态(nn) — 参量(nsubj) — 表现(rcmod) — 情况(dobj) — 操纵面(nn) — 故障(nn),1
合作模式 → 提供技术支撑 → 系统,nummod->nn->dobj->root->root->top->nn->nn->nn,多(nummod) — 方(nn) — 协作(dobj) — 增强(root) — 是(root) — 管理(top) — 航空(nn) — 发动机(nn) — 健康(nn),1
因素 → 影响 → 任务,nummod->clf->dobj->rcmod->dobj->nn->nn,多(nummod) — 个(clf) — 因素(dobj) — 影响(rcmod) — 评估(dobj) — 系统(nn) — 状态(nn),1
因素 → 造成 → 问题,nn->nsubj->rcmod->pobj->amod,环境(nn) — 应力(nsubj) — 造成(rcmod) — 损伤(pobj) — 累积(amod),1
团队 → 确定 → 方案,amod->nn->nsubj->conj->prep->pobj->nn,联合(amod) — 攻关(nn) — 团队(nsubj) — 加以(conj) — 对(prep) — 方案(pobj) — 总体(nn),1
国家 → 应建立 → 设计体系,plmod->prep->root->root->top->nn->nn->nn,中(plmod) — 在(prep) — 具有(root) — 是(root) — 管理(top) — 航空(nn) — 发动机(nn) — 健康(nn),1
国家 → 研究 → 技术,nn->nn->dobj->root->dep->dobj->assmod->cc->nn->nn,美国(nn) — 技术(nn) — 应用(dobj) — 论述(root) — 结合(dep) — 历程(dobj) — 技术(assmod) — 和(cc) — 健康(nn) — 管理(nn),1
图表 → 描述 → 活动,nn->pobj->prep->conj->root->root->dep->dobj->rcmod->dobj,AUML(nn) — 协议图(pobj) — 通过(prep) — 描述(conj) — 采用(root) — 为(root) — 提出(dep) — 模型(dobj) — 基于(rcmod) — Agent(dobj),1
基准 → 用于 → 应用,cc->nn->nsubj->ccomp->root->root->ccomp->top->rcmod->loc->lobj->rcmod->dobj,和(cc) — 健康(nn) — 状态(nsubj) — 产生(ccomp) — 发现(root) — 发现(root) — 为(ccomp) — 因素(top) — 影响(rcmod) — 下(loc) — 情况(lobj) — 无(rcmod) — 故障(dobj),1
基准 → 用于 → 应用,cc->nn->nsubj->ccomp->root->root->nsubj->nn,和(cc) — 健康(nn) — 状态(nsubj) — 产生(ccomp) — 发现(root) — 结合(root) — 信号(nsubj) — 监测(nn),1
处理步骤 → 针对 → 数据,dobj->rcmod->dobj->root->root->conj->dep->prep->pobj->amod->nn,降噪(dobj) — 基于(rcmod) — 模型(dobj) — 构建(root) — 保留(root) — 采取(conj) — 进行(dep) — 对(prep) — 序列(pobj) — 混沌(amod) — 时间(nn),1
子系统 → 具有 → 指标,nn->nn->nsubj->root->root->dep->dobj->nn,飞机(nn) — 燃油(nn) — 系统(nsubj) — 有(root) — 达到(root) — 应用(dep) — 技术(dobj) — 健康(nn),1
子系统 → 包含 → 数据库,nn->nn->nn->nn->pobj->prep->conj->root->conj->dobj->nn->nn->nn,地面(nn) — 维护(nn) — 管理(nn) — 系统(nn) — 技术(pobj) — 对(prep) — 进行(conj) — 提出(root) — 设计(conj) — 数据库(dobj) — 地面(nn) — 维护(nn) — 管理(nn),1
子系统 → 基于 → 技术/组件,amod->nn->nn->nn->nn->conj->nn->pobj->prep->conj->root->conj->prep->pobj->nn->nn,机载(amod) — 液压(nn) — 泵源(nn) — 健康(nn) — 监测(nn) — 系统(conj) — 系统(nn) — 技术(pobj) — 对(prep) — 进行(conj) — 提出(root) — 设计(conj) — 基于(prep) — 处理器(pobj) — 数字(nn) — 信号(nn),1
学科 → 推动 → 技术,conj->nn->dobj->rcmod->dobj->root->root->top->prnmod->punct,计算机(conj) — 宇航(nn) — 学科(dobj) — 集(rcmod) — 建议(dobj) — 提出(root) — 是(root) — 管理(top) — PHM(prnmod) — ((punct),1
学科 → 推动 → 技术,nn->nsubj->rcmod->attr->root->top->prnmod->punct,航空(nn) — 发动机(nsubj) — 确保(rcmod) — 技术(attr) — 是(root) — 管理(top) — PHM(prnmod) — ((punct),1
实践 → 涉及 → 规范/政策,assm->amod->pobj->assmod->prep->dobj->root->root->dobj->punct->nn,的(assm) — 预测性(amod) — 维修(pobj) — 基于(assmod) — 向(prep) — 演变(dobj) — 经历(root) — 涉及(root) — 技术(dobj) — 、(punct) — 标准(nn),1
实验 → 平均相关系数为 → 数值,nn->dobj->root->root->conj->dep,监测(nn) — 方法(dobj) — 提出(root) — 验证(root) — 达到(conj) — 0.652(dep),1
实验 → 平均相关系数为 → 数值,nn->dobj->root->root->dobj->nn->nummod,监测(nn) — 方法(dobj) — 提出(root) — 设计(root) — ESA(dobj) — 电极(nn) — 8(nummod),1
实验 → 运用 → 平台,nn->dobj->conj->root->dobj->nn,仿真(nn) — 实验(dobj) — 进行(conj) — 运用(root) — 平台(dobj) — CloudSim(nn),1
实验 → 验证 → 方法,nn->pobj->prep->conj->root->root->pccomp->prep->pobj->nn,实验(nn) — 测试(pobj) — 通过(prep) — 说明(conj) — 提出(root) — 给出(root) — 进行(pccomp) — 对(prep) — 功能(pobj) — 管理(nn),1
实验 → 验证 → 策略,nn->pobj->prep->conj->root->dobj->nn,实验(nn) — 测试(pobj) — 通过(prep) — 说明(conj) — 提出(root) — 策略(dobj) — 发送(nn),1
实验 → 验证 → 算法,amod->nn->nn->nn->nsubj->conj->root->dobj->nn->nn,混沌(amod) — 序列(nn) — 预测(nn) — 时间(nn) — 仿真(nsubj) — 表明(conj) — 提出(root) — 算法(dobj) — 剪样(nn) — 训练(nn),1
属性 → 导致 → 现象,amod->conj->nsubj->root->dep->nsubj,复杂(amod) — 结构(conj) — 环境(nsubj) — 致使(root) — 频发(dep) — 故障(nsubj),1
属性 → 影响 → 属性,mmod,能(mmod),1
工程 → 包含 → 技术,punct->prnmod->punct->nn,((punct) — PHM(prnmod) — )(punct) — 技术(nn),1
工程 → 包含 → 方案,punct->prnmod->nn->top->root->root->prep->pobj->nn,((punct) — PHM(prnmod) — 管理(nn) — 应用(top) — 是(root) — 进行(root) — 对(prep) — 方案(pobj) — 解决(nn),1
干预措施 → 促进 → 健康状态,nn,健康(nn),1
干预措施 → 针对 → 研究对象,nn->conj->dobj->root->root->dobj->assmod->amod,健康(nn) — 状态(conj) — 因素(dobj) — 研究(root) — 预警(root) — 状态(dobj) — 人群(assmod) — 重点(amod),1
平台 → 为...提供参考 → 研究,nn->dobj->rcmod->lobj->plmod->prep->root->prep->pobj->assmod->nn->prnmod->punct,"PHM(nn) — 测试床(dobj) — 研究(rcmod) — 基础(lobj) — 上(plmod) — 在(prep) — 为(root) — 针对(prep) — 现状(pobj) — 平台(assmod) — 管理(nn) — PHM(prnmod) — ,(punct)",1
平台 → 以...为例 → 系统,nn->dobj->rcmod->lobj->plmod->prep->root->prep->pobj->prnmod->nn->nn,PHM(nn) — 测试床(dobj) — 研究(rcmod) — 基础(lobj) — 上(plmod) — 在(prep) — 为(root) — 以(prep) — 系统(pobj) — 系统(prnmod) — 燃油(nn) — 测量(nn),1
平台 → 促进 → 目标,amod->nsubj->pobj->cpm->nn->nn,海量(amod) — 数据(nsubj) — 挖掘(pobj) — 的(cpm) — 飞机(nn) — PHM(nn),1
平台 → 具有 → 组成部分,amod->nsubj->pobj->assmod->dobj->conj->root->nsubj->conj,海量(amod) — 数据(nsubj) — 挖掘(pobj) — 基于(assmod) — 研究(dobj) — 提出(conj) — 复杂(root) — 机理(nsubj) — 结构(conj),1
平台 → 具有 → 组成部分,amod->nsubj->pobj->assmod->dobj->conj->root->root->conj->dobj->nn->conj,海量(amod) — 数据(nsubj) — 挖掘(pobj) — 基于(assmod) — 研究(dobj) — 提出(conj) — 复杂(root) — 分析(root) — 阐述(conj) — 结构(dobj) — 总体(nn) — 框架(conj),1
平台 → 再现 → 状态,nn->dobj->rcmod->lobj->plmod->prep->root->prep->pobj->assmod->nn->nn,PHM(nn) — 测试床(dobj) — 研究(rcmod) — 基础(lobj) — 上(plmod) — 在(prep) — 为(root) — 针对(prep) — 现状(pobj) — 平台(assmod) — 管理(nn) — 故障(nn),1
平台 → 基于 → 技术架构,amod->nsubj->pobj->assmod->dobj->conj->root->root->conj->dobj->rcmod->dobj,海量(amod) — 数据(nsubj) — 挖掘(pobj) — 基于(assmod) — 研究(dobj) — 提出(conj) — 复杂(root) — 分析(root) — 提出(conj) — 平台(dobj) — 基于(rcmod) — 私有云(dobj),1
平台 → 实现 → 任务,nn->nsubj->rcmod->nsubj->amod,设计(nn) — 流程(nsubj) — 正向(rcmod) — 系统(nsubj) — 机载(amod),1
平台 → 实现 → 功能,nn->dobj->rcmod->lobj->plmod->prep->root->dep->dobj->nn->nn,PHM(nn) — 测试床(dobj) — 研究(rcmod) — 基础(lobj) — 上(plmod) — 在(prep) — 为(root) — 实现(dep) — 功能(dobj) — 故障(nn) — 注入(nn),1
平台 → 提供 → 功能,amod->nsubj->pobj->assmod->dobj->conj->root->root->conj->dobj->nn,海量(amod) — 数据(nsubj) — 挖掘(pobj) — 基于(assmod) — 研究(dobj) — 提出(conj) — 复杂(root) — 分析(root) — 提供(conj) — 平台(dobj) — 验证(nn),1
平台 → 提供验证 → 技术,nn->dobj->rcmod->lobj->plmod->prep->root->prep->pobj->assmod->nn->prnmod->punct,"PHM(nn) — 测试床(dobj) — 研究(rcmod) — 基础(lobj) — 上(plmod) — 在(prep) — 为(root) — 针对(prep) — 现状(pobj) — 平台(assmod) — 管理(nn) — PHM(prnmod) — ,(punct)",1
平台 → 用于 → 任务,cpm->nn->nn->nn->rcmod->dobj->root->root->nsubj->nn->nn,的(cpm) — 气路(nn) — 故障(nn) — 诊断(nn) — 基于(rcmod) — 方法(dobj) — 提出(root) — 采用(root) — 数据库(nsubj) — 模型(nn) — 仿真(nn),1
平台 → 解决 → 问题,nn->dobj->rcmod->lobj->plmod->prep->root->dep->dobj->rcmod->nsubj,PHM(nn) — 测试床(dobj) — 研究(rcmod) — 基础(lobj) — 上(plmod) — 在(prep) — 为(root) — 解决(dep) — 问题(dobj) — 匮乏(rcmod) — 数据源(nsubj),1
平台 → 采用 → 组件,nn->dobj->rcmod->lobj->plmod->prep->root->dep->dobj->nn->conj->nn->amod,PHM(nn) — 测试床(dobj) — 研究(rcmod) — 基础(lobj) — 上(plmod) — 在(prep) — 为(root) — 采用(dep) — 仪器(dobj) — 模块(nn) — 仪器(conj) — NI(nn) — 虚拟(amod),1
平台 → 采用 → 组件,nn->dobj->rcmod->lobj->plmod->prep->root->dep->dobj->nn->nn->nn,PHM(nn) — 测试床(dobj) — 研究(rcmod) — 基础(lobj) — 上(plmod) — 在(prep) — 为(root) — 采用(dep) — 仪器(dobj) — PXI(nn) — 总线(nn) — 模块(nn),1
应用 → 验证 → Model,nn->nn->nn->nsubj->conj->root->prep->pccomp->dobj->assmod->prnmod->punct,故障率(nn) — 预测(nn) — 飞机(nn) — 实例(nsubj) — 表明(conj) — 提出(root) — 为(prep) — 改善(pccomp) — 稀疏性(dobj) — 回归机(assmod) — DSVMR(prnmod) — ((punct),1
应用实例 → 是...的实例 → 系统,nn->nn->nn->conj->assmod->dobj->conj->ccomp->root->root->top->nn->amod->nn->nn,航空(nn) — 电源(nn) — 故障(nn) — 诊断(conj) — 系统(assmod) — 实例(dobj) — 结合(conj) — 采用(ccomp) — 提出(root) — 是(root) — 技术(top) — 管理(nn) — 综合(amod) — 运载器(nn) — 健康(nn),1
应用案例 → 应用 → 技术,lobj->plmod->assmod->dobj->conj->root->conj->nsubj->nn->cc->nn,战斗机(lobj) — 上(plmod) — 在(assmod) — 案例(dobj) — 给出(conj) — 受到(root) — 回顾(conj) — 技术(nsubj) — 管理(nn) — 与(cc) — 健康(nn),1
应用案例 → 验证 → Model,nn->pobj->prep->conj->root->root->nsubj,航空(nn) — 发动机(pobj) — 以(prep) — 为(conj) — 验证(root) — 识别(root) — 预测(nsubj),1
度量 → 作为 → 角色,nsubj->lccomp->loc->rcmod->pobj->prep->root->dep->dobj->rcmod->dobj->nn,信息(nsubj) — 融合(lccomp) — 时(loc) — 困难(rcmod) — 问题(pobj) — 针对(prep) — 为(root) — 设计(dep) — 方法(dobj) — 基于(rcmod) — 原则(dobj) — 获益(nn),1
度量 → 反映 → 度量,dobj->root->root->dep->conj->prep->pobj->nn,匹配度(dobj) — 衡量(root) — 确立(root) — 利用(dep) — 进行(conj) — 对(prep) — 需求(pobj) — 客户(nn),1
度量 → 实现 → 任务,nn->dobj->rcmod->dobj->nn->prnmod->punct->nn,Copula(nn) — 相似性(dobj) — 基于(rcmod) — 方法(dobj) — RUL(nn) — remaining(prnmod) — )(punct) — 预测(nn),1
度量方法 → 度量 → 性能,nn->amod->conj->pobj->prep->root->root->prep->pccomp->dobj->rcmod->nsubj->nn,皮尔森(nn) — 相关(amod) — 系数(conj) — 方法(pobj) — 通过(prep) — 进行(root) — 提出(root) — 为(prep) — 解决(pccomp) — 问题(dobj) — 低(rcmod) — 维度(nsubj) — 参数(nn),1
度量方法 → 度量 → 性能,nn->conj->pobj->prep->root->root->prep->pccomp->dobj->rcmod->nsubj->nn,欧几里得(nn) — 距离(conj) — 方法(pobj) — 通过(prep) — 进行(root) — 提出(root) — 为(prep) — 解决(pccomp) — 问题(dobj) — 低(rcmod) — 维度(nsubj) — 参数(nn),1
度量方法 → 度量 → 性能,nn->nn->pobj->prep->root->root->prep->pccomp->dobj->rcmod->nsubj->nn,KL(nn) — 散度(nn) — 方法(pobj) — 通过(prep) — 进行(root) — 提出(root) — 为(prep) — 解决(pccomp) — 问题(dobj) — 低(rcmod) — 维度(nsubj) — 参数(nn),1
建模语言 → 基于 → 技术,prnmod->dobj->rcmod->dobj->amod->nn,UML(prnmod) — 语言(dobj) — 具有(rcmod) — 技术(dobj) — 面向(amod) — 对象(nn),1
建议 → 指导 → 技术,nn->cpm->rcmod->attr->root->top->amod->amod->amod->nn,发展(nn) — 的(cpm) — 有(rcmod) — 方向(attr) — 是(root) — 技术(top) — 机载(amod) — 无线(amod) — 传感(amod) — 网络(nn),1
开发任务 → 针对 → 系统,nn->nsubj->root->root->prep->pobj->assmod->nn->nn->nn,软件(nn) — 开发(nsubj) — 面临(root) — 结合(root) — 针对(prep) — 研制(pobj) — 系统(assmod) — 航空(nn) — 发动机(nn) — 数控(nn),1
开发工具 → 应用于 → 开发任务,nn->nn->dobj->conj->root->root->nsubj->nn,SCADE(nn) — 开发(nn) — 应用(dobj) — 探索(conj) — 结合(root) — 面临(root) — 开发(nsubj) — 软件(nn),1
开发工具 → 用于 → 领域,nn->nn->dobj->conj->root->root->nsubj->amod->nn,SCADE(nn) — 开发(nn) — 应用(dobj) — 探索(conj) — 结合(root) — 面临(root) — 开发(nsubj) — 机载(amod) — 软件(nn),1
开发方法 → 应用于 → 开发任务,nsubj->nn,开发(nsubj) — 软件(nn),1
影响因素 → 影响 → Performance Metric,amod->conj->nn->pobj->prep->root->prep->pobj->rcmod->nn->dobj,基本(amod) — 可靠性(conj) — 设计(nn) — 因素(pobj) — 对(prep) — 进行(root) — 针对(prep) — 问题(pobj) — 无(rcmod) — 维修(nn) — 工作期(dobj),1
影响因素 → 影响 → Performance Metric,amod->nn->pobj->prep->root->prep->pobj->rcmod->nn->dobj,冗余(amod) — 设计(nn) — 因素(pobj) — 对(prep) — 进行(root) — 针对(prep) — 问题(pobj) — 无(rcmod) — 维修(nn) — 工作期(dobj),1
影响因素 → 影响 → Performance Metric,nn->conj->nn->pobj->prep->root->prep->pobj->rcmod->nn->dobj,故障(nn) — 预测(conj) — 设计(nn) — 因素(pobj) — 对(prep) — 进行(root) — 针对(prep) — 问题(pobj) — 无(rcmod) — 维修(nn) — 工作期(dobj),1
影响因素 → 影响 → Performance Metric,nn->conj->nn->pobj->prep->root->prep->pobj->rcmod->nn->dobj,系统(nn) — 重构(conj) — 设计(nn) — 因素(pobj) — 对(prep) — 进行(root) — 针对(prep) — 问题(pobj) — 无(rcmod) — 维修(nn) — 工作期(dobj),1
思维模式 → 追求 → 目标,nn->nn->dobj->rcmod->pobj->prep->root->root->dobj->rcmod->dobj->nn->nn,思维(nn) — 模式(nn) — 区别(dobj) — 理解(rcmod) — 角度(pobj) — 从(prep) — 阐明(root) — 摆脱(root) — 思路(dobj) — 追求(rcmod) — 关系(dobj) — 参数(nn) — 因果(nn),1
成果 → 实现 → 能力,nn->nsubj->root->root->pobj->nn->nn,研究(nn) — 成果(nsubj) — 构建(root) — 针对(root) — 难题(pobj) — 优化(nn) — 需求(nn),1
成果 → 应用于 → 部件,nn->conj->nsubj->root->root->nsubj->assmod->pobj->nn,强度(nn) — 设计(conj) — 技术(nsubj) — 提升(root) — 总结(root) — 要求(nsubj) — 对(assmod) — 平台(pobj) — 机体(nn),1
成果 → 指导 → 设计,nn->nsubj->root->root->nsubj->nn->prnmod->punct,研究(nn) — 成果(nsubj) — 具有(root) — 受到(root) — 技术(nsubj) — 管理(nn) — PHM(prnmod) — ((punct),1
成果 → 提供支持 → 应用,dobj->root->root->dobj->conj->assmod->nn->nn->amod->nn,研究(dobj) — 进行(root) — 分析(root) — 瓶颈(dobj) — 现状(conj) — 技术(assmod) — 系统(nn) — 飞机(nn) — 高(amod) — 升力(nn),1
成果 → 构建 → 范式,nn->nsubj->root->root->dobj->nn,研究(nn) — 成果(nsubj) — 构建(root) — 提出(root) — 框架(dobj) — 建模(nn),1
技术 → 优于 → 方法,nn->nn->nsubj->amod,管理(nn) — 健康(nn) — 方式(nsubj) — 传统(amod),1
技术 → 促进 → 目标,nn->nn->nsubj->root->root->conj->ccomp->dobj->nn->nn,数字(nn) — 孪生体(nn) — 概念(nsubj) — 发展(root) — 提供(root) — 有利于(conj) — 促进(ccomp) — 建设(dobj) — 智慧(nn) — 管网(nn),1
技术 → 保证 → 属性,cc->nn->nn->assmod->dobj->top->conj->attr->rcmod->dobj->nn,及(cc) — 健康(nn) — 管理(nn) — 技术(assmod) — 研究(dobj) — 开展(top) — 是(conj) — 课题(attr) — 保证(rcmod) — 安全性(dobj) — 飞机(nn),1
技术 → 保证 → 状态,nn->nn->dobj->dep->root->root->nsubj->nn,健康(nn) — 管理(nn) — 技术(dobj) — 应用(dep) — 达到(root) — 有(root) — 系统(nsubj) — 飞机(nn),1
技术 → 保证 → 目标,nn->conj->assm->assmod->nsubj->root->conj->dobj->nn,健康(nn) — 管理(conj) — 的(assm) — 飞机(assmod) — 技术(nsubj) — 重要(root) — 保证(conj) — 安全(dobj) — 飞行(nn),1
技术 → 保证 → 目标,nn->nsubj,飞机(nn) — 结构(nsubj),1
技术 → 保障 → 属性,punct->conj->nn->dobj->root->root->nsubj->nn->nn,、(punct) — 可靠性(conj) — 实时性(nn) — 需求(dobj) — 分析(root) — 要求(root) — 系统(nsubj) — 航空(nn) — 电子(nn),1
技术 → 保障 → 指标,punct->nn->prnmod->nn->top->root->attr->rcmod->ccomp->nsubj->dobj,)(punct) — 技术(nn) — PHM(prnmod) — 管理(nn) — 应用(top) — 是(root) — 方法(attr) — 保障(rcmod) — 完成(ccomp) — 任务(nsubj) — 成功率(dobj),1
技术 → 保障 → 目标,nsubj->root->root->dobj->rcmod->dobj->amod->punct->dep,发动机(nsubj) — 汇集(root) — 成为(root) — 支撑(dobj) — 保障(rcmod) — 运行(dobj) — 安全(amod) — 、(punct) — 可靠(dep),1
技术 → 克服 → 问题,nn->nn->nn->nn->nn->nn->dobj->dep->root->prep->pccomp->dobj->assmod->nn->assmod->assm->nn->nn,航空(nn) — 发动机(nn) — 限寿件(nn) — 使用(nn) — 寿命(nn) — 监视(nn) — 技术(dobj) — 发展(dep) — 提出(root) — 为(prep) — 克服(pccomp) — 不足(dobj) — 方法(assmod) — 早期(nn) — 传统(assmod) — 的(assm) — 使用(nn) — 监视(nn),1
技术 → 关联 → 后勤策略,nn->conj->assmod->amod,故障(nn) — 预测(conj) — 后勤(assmod) — 自主(amod),1
技术 → 关联 → 技术,nn->nn->cpm,航空(nn) — 发动机(nn) — 的(cpm),1
技术 → 关联 → 管理策略,nn->conj->assmod->dobj->dep->root->root->dobj->assmod->lobj->cc->det->nn,故障(nn) — 预测(conj) — 后勤(assmod) — 关系(dobj) — 描述(dep) — 进行(root) — 论证(root) — 关系(dobj) — 之间(assmod) — 支持(lobj) — 与(cc) — 全(det) — 寿命(nn),1
技术 → 关联 → 维修策略,nn->conj->assmod->conj->nn->nn,故障(nn) — 预测(conj) — 后勤(assmod) — 维修(conj) — 视(nn) — 情(nn),1
技术 → 具有 → 价值,nn->pobj->assmod->dobj->conj->root->conj->ccomp->dobj->cc->nn,马氏(nn) — 距离(pobj) — 基于(assmod) — 方法(dobj) — 提出(conj) — 是(root) — 表明(conj) — 有(ccomp) — 价值(dobj) — 和(cc) — 推广(nn),1
技术 → 具有 → 价值,rcmod->dobj->nsubj->root->root->conj->dobj->amod,面向(rcmod) — 服务(dobj) — 架构(nsubj) — 引入(root) — 结合(root) — 指出(conj) — 价值(dobj) — 重要(amod),1
技术 → 具有 → 体系架构,amod->amod->amod->nn->top->root->root->conj->dobj->nn,机载(amod) — 无线(amod) — 传感(amod) — 网络(nn) — 技术(top) — 是(root) — 分析(root) — 给出(conj) — 架构(dobj) — 体系(nn),1
技术 → 具有 → 发展情况,amod->amod->amod->nn->top->root->attr->rcmod->cpm->nn,机载(amod) — 无线(amod) — 传感(amod) — 网络(nn) — 技术(top) — 是(root) — 方向(attr) — 有(rcmod) — 的(cpm) — 发展(nn),1
技术 → 具有 → 发展趋势,nn->conj->assmod->dobj->dep->root->root->conj->dobj->assmod->assm->nn,故障(nn) — 预测(conj) — 后勤(assmod) — 关系(dobj) — 描述(dep) — 进行(root) — 提出(root) — 指出(conj) — 趋势(dobj) — PHM(assmod) — 的(assm) — 发展(nn),1
技术 → 具有 → 属性,nn->nn->dobj->conj->root->conj->dobj->nn->nn,PHM(nn) — 技术(nn) — 现状(dobj) — 考察(conj) — 回顾(root) — 展望(conj) — 方向(dobj) — 未来(nn) — 发展(nn),1
技术 → 具有 → 属性,nn->nn->dobj->conj->root->dobj->nn->nn,PHM(nn) — 技术(nn) — 现状(dobj) — 考察(conj) — 回顾(root) — 历程(dobj) — 发展(nn) — 演变(nn),1
技术 → 具有 → 属性,nn->nn->dobj->nn,PHM(nn) — 技术(nn) — 现状(dobj) — 应用(nn),1
技术 → 具有 → 属性,nn->nn->nn->dobj->dep->root->prep->pobj->assmod->assm,使用(nn) — 监视(nn) — 寿命(nn) — 技术(dobj) — 发展(dep) — 提出(root) — 随着(prep) — 发展(pobj) — 理念(assmod) — 的(assm),1
技术 → 具有 → 属性,nn->nn->nn->dobj->dep->root->root->dep->dobj->conj,使用(nn) — 寿命(nn) — 监视(nn) — 技术(dobj) — 发展(dep) — 提出(root) — 论述(root) — 对比(dep) — 必要性(dobj) — 优越性(conj),1
技术 → 具有 → 属性,nn->nn->nn->dobj->dep->root->root->dep->dobj->nn,使用(nn) — 寿命(nn) — 监视(nn) — 技术(dobj) — 发展(dep) — 提出(root) — 论述(root) — 分析(dep) — 前景(dobj) — 应用(nn),1
技术 → 具有 → 属性,nn->nn->nn->dobj->dep->root->root->dobj->nn,使用(nn) — 寿命(nn) — 监视(nn) — 技术(dobj) — 发展(dep) — 提出(root) — 论述(root) — 趋势(dobj) — 未来(nn),1
技术 → 具有 → 属性,nn->nn->nn->dobj->dep->root->root->dobj->nn->conj,使用(nn) — 寿命(nn) — 监视(nn) — 技术(dobj) — 发展(dep) — 提出(root) — 论述(root) — 趋势(dobj) — 功能(nn) — 结构(conj),1
技术 → 具有 → 应用模式,nn->conj->assmod->dobj->dep->root->root->dobj->nn->prnmod->punct->nn,故障(nn) — 预测(conj) — 后勤(assmod) — 关系(dobj) — 描述(dep) — 进行(root) — 提出(root) — 模式(dobj) — 管理(nn) — PHM(prnmod) — )(punct) — 应用(nn),1
技术 → 具有 → 技术体系,cc->nn->nn->nn,与(cc) — 健康(nn) — 管理(nn) — 技术(nn),1
技术 → 具有 → 概念,amod->assmod->pobj->prep->root->root->prep->pobj->rcmod->advmod,轻型(amod) — 飞机(assmod) — 使用(pobj) — 随着(prep) — 面临(root) — 进行(root) — 针对(prep) — 技术(pobj) — 成熟(rcmod) — 未(advmod),1
技术 → 具有 → 概念,amod->nn->nsubj->root->dobj->rcmod->cpm->conj,大(amod) — 数据(nn) — 技术(nsubj) — 得到(root) — 扩充(dobj) — 大(rcmod) — 的(cpm) — 发展(conj),1
技术 → 具有 → 概念,cc->nn->nn->nn->prnmod->punct->amod->conj,与(cc) — 健康(nn) — 管理(nn) — 技术(nn) — PHM(prnmod) — )(punct) — 基本(amod) — 概念(conj),1
技术 → 具有 → 概念,nn->nn->cpm->rcmod->dobj->root,航空(nn) — 发动机(nn) — 的(cpm) — 基于(rcmod) — 技术(dobj) — 发展(root),1
技术 → 具有 → 概念,nn->nn->top->root->root->plmod->lobj->assmod->nn,飞机(nn) — 电源(nn) — 系统(top) — 是(root) — 在(root) — 下(plmod) — 背景(lobj) — 需求(assmod) — 发展(nn),1
技术 → 具有 → 特性,nn->nsubj->root->root->dobj->nn,飞机(nn) — 结构(nsubj) — 是(root) — 具有(root) — 优势(dobj) — 在线性(nn),1
技术 → 具有 → 特性,nn->nsubj->root->root->dobj->nn->conj,飞机(nn) — 结构(nsubj) — 是(root) — 具有(root) — 优势(dobj) — 在线性(nn) — 实时性(conj),1
技术 → 具有 → 能力,nn->nsubj->rcmod->dobj->conj,Elman(nn) — 网络(nsubj) — 良好(rcmod) — 能力(dobj) — 能力(conj),1
技术 → 具有 → 能力,nn->nsubj->rcmod->dobj->conj->amod,Elman(nn) — 网络(nsubj) — 良好(rcmod) — 能力(dobj) — 能力(conj) — 非线性(amod),1
技术 → 具有 → 能力,nn->nsubj->rcmod->dobj->nn,Elman(nn) — 网络(nsubj) — 良好(rcmod) — 能力(dobj) — 泛化(nn),1
技术 → 具有应用价值 → 应用领域,amod->nn->nsubj->root->conj->prep->pobj->nn,大(amod) — 数据(nn) — 技术(nsubj) — 得到(root) — 得到(conj) — 在(prep) — 领域(pobj) — 航空(nn),1
技术 → 具有应用价值 → 应用领域,amod->nn->nsubj->root->root->prep->pobj->nn->conj->nn,大(amod) — 数据(nn) — 技术(nsubj) — 得到(root) — 有(root) — 在(prep) — 领域(pobj) — 保障(nn) — 设计(conj) — 飞行器(nn),1
技术 → 具有应用价值 → 应用领域,amod->nn->nsubj->root->root->prep->pobj->nn->conj->nn->nn->nn,大(amod) — 数据(nn) — 技术(nsubj) — 得到(root) — 有(root) — 在(prep) — 领域(pobj) — 保障(nn) — 预测(conj) — 系统(nn) — 级(nn) — 故障(nn),1
技术 → 分析 → 参数,nn->nn->nn->nn->nsubj->root->dep->prep->pccomp->prep->pobj->nn,航空(nn) — 发动机(nn) — 气路(nn) — 故障(nn) — 诊断(nsubj) — 是(root) — 识别(dep) — 通过(prep) — 进行(pccomp) — 对(prep) — 参数(pobj) — 气路(nn),1
技术 → 分析 → 数据,nn->nn->nsubj->pccomp->prep->ccomp->dobj->nn,数据(nn) — 挖掘(nn) — 技术(nsubj) — 分析(pccomp) — 通过(prep) — 研究(ccomp) — 资源(dobj) — 数据(nn),1
技术 → 包含 → 关键技术,nn->conj->nn->assmod->dobj->conj->root->conj->dobj->nn->conj->nn,电子(nn) — 预测(conj) — 航空(nn) — 管理(assmod) — 技术(dobj) — 探讨(conj) — 分析(root) — 包括(conj) — 类别(dobj) — 电路(nn) — 先兆(conj) — 故障(nn),1
技术 → 包含 → 关键技术,nn->conj->nn->assmod->dobj->conj->root->conj->dobj->nn->conj->nn->nn,电子(nn) — 预测(conj) — 航空(nn) — 管理(assmod) — 技术(dobj) — 探讨(conj) — 分析(root) — 包括(conj) — 类别(dobj) — 电路(nn) — 分析(conj) — 失效(nn) — 机理(nn),1
技术 → 包含 → 关键技术,nn->conj->nn->assmod->dobj->conj->root->conj->dobj->nn->conj->nn->nn,电子(nn) — 预测(conj) — 航空(nn) — 管理(assmod) — 技术(dobj) — 探讨(conj) — 分析(root) — 包括(conj) — 类别(dobj) — 电路(nn) — 评估(conj) — 应力(nn) — 损伤(nn),1
技术 → 包含 → 关键技术,nn->conj->nn->assmod->dobj->conj->root->conj->dobj->nn->prnmod->punct,电子(nn) — 预测(conj) — 航空(nn) — 管理(assmod) — 技术(dobj) — 探讨(conj) — 分析(root) — 包括(conj) — 类别(dobj) — 电路(nn) — canary(prnmod) — ((punct),1
技术 → 包含 → 功能,nsubj->root->prep->pobj->amod->nn->conj,PHM(nsubj) — 是(root) — 作为(prep) — 技术(pobj) — 综合化(amod) — 系统(nn) — 检测(conj),1
技术 → 包含 → 功能,nsubj->root->prep->pobj->nn->nn,PHM(nsubj) — 是(root) — 作为(prep) — 技术(pobj) — 管理(nn) — 健康(nn),1
技术 → 包含 → 功能,nsubj->root->prep->pobj->nn->nn->conj,PHM(nsubj) — 是(root) — 作为(prep) — 技术(pobj) — 管理(nn) — 故障(nn) — 诊断(conj),1
技术 → 包含 → 功能,nsubj->root->prep->pobj->nn->nn->conj,PHM(nsubj) — 是(root) — 作为(prep) — 技术(pobj) — 管理(nn) — 故障(nn) — 预测(conj),1
技术 → 包含 → 技术,cc->nn->dep->root->attr->nn,与(cc) — 健康(nn) — 管理(dep) — 是(root) — 手段(attr) — 技术(nn),1
技术 → 包含 → 方法,cc->dep->nn->conj,与(cc) — 管理(dep) — 健康(nn) — 预测(conj),1
技术 → 包含 → 方法,cc->nn->dep,与(cc) — 健康(nn) — 管理(dep),1
技术 → 包含 → 方法,nn->nn->assmod->conj->dobj->root->conj->prep->pobj->conj->amod,挖掘(nn) — 数据(nn) — 工具(assmod) — 模式(conj) — 流程(dobj) — 总结(root) — 进行(conj) — 对(prep) — 案例(pobj) — 算法(conj) — 遗传(amod),1
技术 → 包含 → 方法,nn->nn->assmod->conj->dobj->root->conj->prep->pobj->conj->nn,挖掘(nn) — 数据(nn) — 工具(assmod) — 模式(conj) — 流程(dobj) — 总结(root) — 进行(conj) — 对(prep) — 案例(pobj) — 理论(conj) — 证据(nn),1
技术 → 包含 → 方法,nn->nn->assmod->conj->dobj->root->conj->prep->pobj->conj->nn,挖掘(nn) — 数据(nn) — 工具(assmod) — 模式(conj) — 流程(dobj) — 总结(root) — 进行(conj) — 对(prep) — 案例(pobj) — 网络(conj) — 神经(nn),1
技术 → 包含 → 方法,nn->nn->assmod->conj->dobj->root->conj->prep->pobj->conj->nn,挖掘(nn) — 数据(nn) — 工具(assmod) — 模式(conj) — 流程(dobj) — 总结(root) — 进行(conj) — 对(prep) — 案例(pobj) — 逻辑(conj) — 模糊(nn),1
技术 → 包含 → 方法,nn->nn->assmod->conj->dobj->root->conj->prep->pobj->conj->nn->nn,挖掘(nn) — 数据(nn) — 工具(assmod) — 模式(conj) — 流程(dobj) — 总结(root) — 进行(conj) — 对(prep) — 案例(pobj) — 分析(conj) — 时间(nn) — 序列(nn),1
技术 → 包含 → 方法,nn->nn->assmod->conj->dobj->root->conj->prep->pobj->nn->nn,挖掘(nn) — 数据(nn) — 工具(assmod) — 模式(conj) — 流程(dobj) — 总结(root) — 进行(conj) — 对(prep) — 案例(pobj) — 向量机(nn) — 支持(nn),1
技术 → 包含 → 管理方法,conj->assmod->pobj->prep->root->root->ccomp->conj->prep->pobj->conj->nn,技术(conj) — 技术(assmod) — 发展(pobj) — 随着(prep) — 复杂(root) — 研究(root) — 采用(ccomp) — 解决(conj) — 通过(prep) — 管理(pobj) — 管理(conj) — 故障(nn),1
技术 → 包含 → 管理方法,conj->assmod->pobj->prep->root->root->ccomp->conj->prep->pobj->nn,技术(conj) — 技术(assmod) — 发展(pobj) — 随着(prep) — 复杂(root) — 研究(root) — 采用(ccomp) — 解决(conj) — 通过(prep) — 管理(pobj) — 配置(nn),1
技术 → 包含 → 管理方法,conj->assmod->pobj->prep->root->root->ccomp->conj->prep->pobj->nn->conj,技术(conj) — 技术(assmod) — 发展(pobj) — 随着(prep) — 复杂(root) — 研究(root) — 采用(ccomp) — 解决(conj) — 通过(prep) — 管理(pobj) — 健康(nn) — 管理(conj),1
技术 → 包含 → 管理方法,conj->assmod->pobj->prep->root->root->ccomp->conj->prep->pobj->nn->conj,技术(conj) — 技术(assmod) — 发展(pobj) — 随着(prep) — 复杂(root) — 研究(root) — 采用(ccomp) — 解决(conj) — 通过(prep) — 管理(pobj) — 安全(nn) — 管理(conj),1
技术 → 包含 → 组成部分,nn->nsubj->root->root->dobj->amod->conj,飞机(nn) — 结构(nsubj) — 是(root) — 阐释(root) — 方法(dobj) — 基本(amod) — 内涵(conj),1
技术 → 包含 → 组成部分,nn->nsubj->root->root->dobj->conj,飞机(nn) — 结构(nsubj) — 是(root) — 阐释(root) — 方法(dobj) — 任务(conj),1
技术 → 包含 → 组成部分,nn->nsubj->root->root->dobj->nn,飞机(nn) — 结构(nsubj) — 是(root) — 阐释(root) — 方法(dobj) — 实施(nn),1
技术 → 包含方法 → 方法,nn->nn->nn->assmod->pobj->root->root->dobj->rcmod->dobj->cc->nn,气路(nn) — 故障(nn) — 诊断(nn) — 技术(assmod) — 进步(pobj) — 随着(root) — 研究(root) — 优缺点(dobj) — 基于(rcmod) — 融合(dobj) — 和(cc) — 信息(nn),1
技术 → 包含方法 → 方法,nn->nn->nn->assmod->pobj->root->root->dobj->rcmod->dobj->punct->nn->conj,气路(nn) — 故障(nn) — 诊断(nn) — 技术(assmod) — 进步(pobj) — 随着(root) — 研究(root) — 优缺点(dobj) — 基于(rcmod) — 融合(dobj) — 、(punct) — 数据(nn) — 驱动(conj),1
技术 → 包含方法 → 方法,nn->nn->nn->assmod->pobj->root->root->dobj->rcmod->nn->conj,气路(nn) — 故障(nn) — 诊断(nn) — 技术(assmod) — 进步(pobj) — 随着(root) — 研究(root) — 优缺点(dobj) — 基于(rcmod) — 数学(nn) — 模型(conj),1
技术 → 包括 → 方法,nn->nsubj->root->root->dobj->nn->conj->nn,航空(nn) — 发动机(nsubj) — 汇集(root) — 包括(root) — 技术(dobj) — 学习(nn) — 分析(conj) — 动力学(nn),1
技术 → 包括 → 方法,nn->nsubj->root->root->dobj->nn->conj->nn,航空(nn) — 发动机(nsubj) — 汇集(root) — 包括(root) — 技术(dobj) — 学习(nn) — 处理(conj) — 信号(nn),1
技术 → 包括 → 方法,nn->nsubj->root->root->dobj->nn->nn,航空(nn) — 发动机(nsubj) — 汇集(root) — 包括(root) — 技术(dobj) — 学习(nn) — 深度(nn),1
技术 → 反映 → 现象,nn->nn->nsubj->rcmod->nsubj->nn->nn,监测(nn) — 静电(nn) — 信号(nsubj) — 获得(rcmod) — 实验(nsubj) — 试车台(nn) — 发动机(nn),1
技术 → 发展为 → 技术,conj->nn->nn->assmod->dobj->root->conj->dobj->nn->nn,诊断(conj) — 故障(nn) — 管理(nn) — 技术(assmod) — 历程(dobj) — 回顾(root) — 考察(conj) — 现状(dobj) — 技术(nn) — PHM(nn),1
技术 → 响应 → 需求,amod->amod->amod->nn->top->root->root->conj->prep->pobj->amod,机载(amod) — 无线(amod) — 传感(amod) — 网络(nn) — 技术(top) — 是(root) — 分析(root) — 给出(conj) — 对(prep) — 需求(pobj) — 实际(amod),1
技术 → 响应 → 需求,punct->prnmod->top->root->root->prep->pobj->nn,((punct) — PHM(prnmod) — 管理(top) — 是(root) — 入手(root) — 从(prep) — 需求(pobj) — 军事(nn),1
技术 → 基于 → 技术,punct->nn->root->root->conj->prep->pobj,、(punct) — 制造(nn) — 复杂(root) — 划分(root) — 联系(conj) — 基于(prep) — 网络(pobj),1
技术 → 基于 → 数据,nn->nn->nn->dobj->ccomp->root->root->dobj->rcmod->nsubj->nn,时序(nn) — 回归(nn) — 预测(nn) — 技术(dobj) — 采用(ccomp) — 提出(root) — 研究(root) — 频率(dobj) — 发生(rcmod) — 系统(nsubj) — 起落架(nn),1
技术 → 基于 → 概念,punct->prnmod->nn->assmod->pobj->prep->root->prep->pobj->nn->nn,)(punct) — PHM(prnmod) — 管理(nn) — 技术(assmod) — 需求(pobj) — 对(prep) — 进行(root) — 基于(prep) — 曲线(pobj) — 健康(nn) — 退化(nn),1
技术 → 处于 → 阶段,amod->conj->nn->pobj->prep->rcmod->dobj->root->ccomp->nsubj->nn,主动(amod) — 控制(conj) — 控制(nn) — 领域(pobj) — 在(prep) — 进行(rcmod) — 工作(dobj) — 介绍(root) — 围绕(ccomp) — 中心(nsubj) — 研究(nn),1
技术 → 处于 → 阶段,amod->nn->pobj->prep->rcmod->dobj->root->ccomp->nsubj->nn,分布式(amod) — 控制(nn) — 领域(pobj) — 在(prep) — 进行(rcmod) — 工作(dobj) — 介绍(root) — 围绕(ccomp) — 中心(nsubj) — 研究(nn),1
技术 → 处理 → 故障,nn->nn->nsubj->root->root->conj->dep->ccomp->prep->pobj,AHM(nn) — 技术(nn) — 革新(nsubj) — 得到(root) — 转向(root) — 得到(conj) — 实现(dep) — 进行(ccomp) — 对(prep) — 失效(pobj),1
技术 → 处理 → 故障,nn->nn->nsubj->root->root->conj->dep->ccomp->prep->pobj->conj,AHM(nn) — 技术(nn) — 革新(nsubj) — 得到(root) — 转向(root) — 得到(conj) — 实现(dep) — 进行(ccomp) — 对(prep) — 失效(pobj) — 异常(conj),1
技术 → 存在 → 挑战,nn->nn->nsubj->root->conj->dobj->assmod->nn,气路(nn) — 故障(nn) — 诊断(nsubj) — 是(root) — 成为(conj) — 热点(dobj) — 领域(assmod) — 技术(nn),1
技术 → 存在 → 挑战,nn->nn->nsubj->root->root->conj->dobj,气路(nn) — 故障(nn) — 诊断(nsubj) — 是(root) — 阐述(root) — 指出(conj) — 难点(dobj),1
技术 → 存在问题 → 问题,amod->nn->nn->nsubj->rcmod,产生式(amod) — 推理(nn) — 规则(nn) — 效率(nsubj) — 低下(rcmod),1
技术 → 存在问题 → 问题,amod->nsubj->lccomp->loc->rcmod->nn->nsubj->amod->nsubj,异构(amod) — 信息(nsubj) — 融合(lccomp) — 时(loc) — 困难(rcmod) — 知识(nn) — 元权(nsubj) — 重(amod) — 分配(nsubj),1
技术 → 安排 → 计划,nn->conj->assm->assmod->nsubj->root->conj->dep->dobj->nn,健康(nn) — 管理(conj) — 的(assm) — 飞机(assmod) — 技术(nsubj) — 重要(root) — 保证(conj) — 安排(dep) — 计划(dobj) — 维修(nn),1
技术 → 实现 → 任务,nn->top->root->attr->rcmod->dobj->conj,数据(nn) — 挖掘(top) — 是(root) — 技术(attr) — 实现(rcmod) — 预测(dobj) — 诊断(conj),1
技术 → 实现 → 任务,nn->top->root->root->attr->rcmod->nsubj,数据(nn) — 挖掘(top) — 是(root) — 是(root) — 技术(attr) — 确保(rcmod) — 发动机(nsubj),1
技术 → 实现 → 任务,nn->top->root->root->top->nn->conj,数据(nn) — 挖掘(top) — 是(root) — 是(root) — 管理(top) — 健康(nn) — 预测(conj),1
技术 → 实现 → 功能,amod->nn->dobj->dep->root->dep->dobj->assmod,虚拟(amod) — 仪器(nn) — 技术(dobj) — 采用(dep) — 为(root) — 实现(dep) — 分析(dobj) — 油压(assmod),1
技术 → 实现 → 功能,conj->nn->nsubj->root->conj->dobj->assmod->amod,预测(conj) — 故障(nn) — 技术(nsubj) — 是(root) — 实现(conj) — 功能(dobj) — 决策(assmod) — 综合(amod),1
技术 → 实现 → 功能,conj->nn->nsubj->root->conj->dobj->assmod->conj,预测(conj) — 故障(nn) — 技术(nsubj) — 是(root) — 实现(conj) — 功能(dobj) — 决策(assmod) — 诊断(conj),1
技术 → 实现 → 功能,conj->nn->nsubj->root->conj->dobj->assmod->conj->nn,预测(conj) — 故障(nn) — 技术(nsubj) — 是(root) — 实现(conj) — 功能(dobj) — 决策(assmod) — 检测(conj) — 故障(nn),1
技术 → 实现 → 功能,conj->nn->nsubj->root->conj->dobj->assmod->conj->nn,预测(conj) — 故障(nn) — 技术(nsubj) — 是(root) — 实现(conj) — 功能(dobj) — 决策(assmod) — 评估(conj) — 状态(nn),1
技术 → 实现 → 功能,nn->nn->nsubj->root->conj->prep->pobj->assmod->pobj->nn,数字(nn) — 孪生体(nn) — 概念(nsubj) — 发展(root) — 起到(conj) — 为(prep) — 发展(pobj) — 在(assmod) — 行业(pobj) — 管道(nn),1
技术 → 实现 → 功能,nn->nsubj->nn->conj,故障(nn) — 技术(nsubj) — 管理(nn) — 预测(conj),1
技术 → 实现 → 属性,amod->top->root->attr->rcmod->dobj,综合(amod) — 诊断(top) — 是(root) — 方向(attr) — 实现(rcmod) — 保障性(dobj),1
技术 → 实现 → 属性,amod->top->root->attr->rcmod->dobj->conj,综合(amod) — 诊断(top) — 是(root) — 方向(attr) — 实现(rcmod) — 保障性(dobj) — 可靠性(conj),1
技术 → 实现 → 属性,amod->top->root->attr->rcmod->dobj->conj,综合(amod) — 诊断(top) — 是(root) — 方向(attr) — 实现(rcmod) — 保障性(dobj) — 维修性(conj),1
技术 → 实现 → 维护策略,cc->nn->top->root->attr->rcmod->conj->dobj->ordmod->clf->nn,与(cc) — 健康(nn) — 管理(top) — 是(root) — 技术(attr) — 确保(rcmod) — 实现(conj) — 维修(dobj) — 二(ordmod) — 级(clf) — 视情(nn),1
技术 → 应用 → 实现方法,nn->conj->nn->assmod->dobj->conj->root->conj->dobj->assmod->nn->conj->amod,电子(nn) — 预测(conj) — 航空(nn) — 管理(assmod) — 技术(dobj) — 探讨(conj) — 分析(root) — 分析(conj) — 应用(dobj) — 技术(assmod) — 预测(nn) — 智能(conj) — 人工(amod),1
技术 → 应用 → 实现方法,nn->conj->nn->assmod->dobj->conj->root->conj->dobj->assmod->nn->conj->nn,电子(nn) — 预测(conj) — 航空(nn) — 管理(assmod) — 技术(dobj) — 探讨(conj) — 分析(root) — 分析(conj) — 应用(dobj) — 技术(assmod) — 预测(nn) — 融合(conj) — 信息(nn),1
技术 → 应用 → 实现方法,nn->conj->nn->assmod->dobj->conj->root->conj->dobj->assmod->nn->punct->nn->conj,电子(nn) — 预测(conj) — 航空(nn) — 管理(assmod) — 技术(dobj) — 探讨(conj) — 分析(root) — 分析(conj) — 应用(dobj) — 技术(assmod) — 预测(nn) — 、(punct) — 数据(nn) — 挖掘(conj),1
技术 → 应用于 → 产品,amod->nn->nsubj->conj->prep->pobj->nn,人工(amod) — 智能(nn) — 技术(nsubj) — 应用(conj) — 于(prep) — 民机(pobj) — 未来(nn),1
技术 → 应用于 → 应用,nn->nn->nn,温度(nn) — 参数(nn) — 试车台(nn),1
技术 → 应用于 → 应用,nn->nn->nsubj->root->root->conj->dobj->assmod->pobj->nn->amod->nn,数字(nn) — 孪生体(nn) — 概念(nsubj) — 发展(root) — 介绍(root) — 分析(conj) — 案例(dobj) — 在(assmod) — 行业(pobj) — 装配(nn) — 复杂(amod) — 产品(nn),1
技术 → 应用于 → 应用,nn->nn->nsubj->root->root->conj->dobj->assmod->pobj->nn->conj->nn,数字(nn) — 孪生体(nn) — 概念(nsubj) — 发展(root) — 介绍(root) — 分析(conj) — 案例(dobj) — 在(assmod) — 行业(pobj) — 装配(nn) — 设计(conj) — 产品(nn),1
技术 → 应用于 → 应用,nn->nn->nsubj->root->root->conj->dobj->assmod->pobj->nn->conj->nn->nn,数字(nn) — 孪生体(nn) — 概念(nsubj) — 发展(root) — 介绍(root) — 分析(conj) — 案例(dobj) — 在(assmod) — 行业(pobj) — 装配(nn) — 预测(conj) — 飞机(nn) — 故障(nn),1
技术 → 应用于 → 应用,nn->nn->nsubj->root->root->conj->dobj->assmod->pobj->nn->conj->nn->nn->nn->nn->nn,数字(nn) — 孪生体(nn) — 概念(nsubj) — 发展(root) — 介绍(root) — 分析(conj) — 案例(dobj) — 在(assmod) — 行业(pobj) — 装配(nn) — 管理(conj) — 电厂(nn) — 发电(nn) — 机组(nn) — 智能(nn) — 健康(nn),1
技术 → 应用于 → 应用,nn->nn->nsubj->root->root->conj->prep->pobj->nn->conj->nn,数字(nn) — 孪生体(nn) — 概念(nsubj) — 发展(root) — 介绍(root) — 分析(conj) — 从(prep) — 方面(pobj) — 管理(nn) — 优化(conj) — 调度(nn),1
技术 → 应用于 → 应用领域,amod->nn->nsubj->root->root->prep->pobj->nn->conj->nn->nn->nn,大(amod) — 数据(nn) — 技术(nsubj) — 得到(root) — 有(root) — 在(prep) — 领域(pobj) — 保障(nn) — 预测(conj) — 系统(nn) — 级(nn) — 故障(nn),1
技术 → 应用于 → 应用领域,cc->nn->nn->nn->dobj->assmod->plmod->lobj->nn->nn,与(cc) — 健康(nn) — 管理(nn) — 技术(nn) — 应用(dobj) — 在(assmod) — 中(plmod) — 测试(lobj) — 军工(nn) — 装备(nn),1
技术 → 应用于 → 应用领域,cc->nn->nn->nsubj->conj->conj->dobj->assmod->pobj->nn->conj,与(cc) — 健康(nn) — 管理(nn) — 技术(nsubj) — 回顾(conj) — 介绍(conj) — 现状(dobj) — 在(assmod) — 领域(pobj) — 研究(nn) — 军事(conj),1
技术 → 应用于 → 应用领域,cc->nn->nn->nsubj->conj->conj->dobj->assmod->pobj->nn->nn,与(cc) — 健康(nn) — 管理(nn) — 技术(nsubj) — 回顾(conj) — 介绍(conj) — 现状(dobj) — 在(assmod) — 领域(pobj) — 学术(nn) — 研究(nn),1
技术 → 应用于 → 应用领域,cc->nn->nn->nsubj->conj->conj->dobj->assmod->pobj->nn->punct->conj,与(cc) — 健康(nn) — 管理(nn) — 技术(nsubj) — 回顾(conj) — 介绍(conj) — 现状(dobj) — 在(assmod) — 领域(pobj) — 研究(nn) — 、(punct) — 民用(conj),1
技术 → 应用于 → 应用领域,nn->conj->amod->nn->dobj->assmod->pobj->nn->conj,总线(nn) — 技术(conj) — 先进(amod) — 技术(nn) — 应用(dobj) — 在(assmod) — 领域(pobj) — 工业(nn) — 航空(conj),1
技术 → 应用于 → 应用领域,nn->conj->nn->dobj->assmod->pobj->nn->conj,自动化(nn) — 测试(conj) — 技术(nn) — 应用(dobj) — 在(assmod) — 领域(pobj) — 工业(nn) — 航天(conj),1
技术 → 应用于 → 应用领域,nn->conj->root->nn->amod->nn,智能(nn) — 诊断(conj) — 管(root) — 工具(nn) — 高速(amod) — 交通(nn),1
技术 → 应用于 → 应用领域,nn->nn->assmod->conj->dobj->root->conj->prep->pobj->dep->assmod->plmod->lobj->nn->nn,挖掘(nn) — 数据(nn) — 工具(assmod) — 模式(conj) — 流程(dobj) — 总结(root) — 进行(conj) — 对(prep) — 案例(pobj) — 模式(dep) — 在(assmod) — 中(plmod) — 管理(lobj) — 发动机(nn) — 航空(nn),1
技术 → 应用于 → 应用领域,nn->nn->dobj->assmod->pobj->nn->nn,PHM(nn) — 技术(nn) — 现状(dobj) — 在(assmod) — 领域(pobj) — 学术(nn) — 研究(nn),1
技术 → 应用于 → 应用领域,nn->nn->dobj->assmod->pobj->nn->nn->conj,PHM(nn) — 技术(nn) — 现状(dobj) — 在(assmod) — 领域(pobj) — 研究(nn) — 国外(nn) — 军事(conj),1
技术 → 应用于 → 应用领域,nn->nn->dobj->assmod->pobj->nn->punct->conj,PHM(nn) — 技术(nn) — 现状(dobj) — 在(assmod) — 领域(pobj) — 研究(nn) — 、(punct) — 民用(conj),1
技术 → 应用于 → 应用领域,nn->nn->nn->dobj->assmod->pobj->nn->conj,故障(nn) — 诊断(nn) — 技术(nn) — 应用(dobj) — 在(assmod) — 领域(pobj) — 工业(nn) — 兵器(conj),1
技术 → 应用于 → 应用领域,nn->nn->nn->dobj->assmod->pobj->nn->conj,故障(nn) — 诊断(nn) — 技术(nn) — 应用(dobj) — 在(assmod) — 领域(pobj) — 工业(nn) — 船舶(conj),1
技术 → 应用于 → 应用领域,nn->nn->nn->dobj->assmod->pobj->nn->conj->conj,故障(nn) — 诊断(nn) — 技术(nn) — 应用(dobj) — 在(assmod) — 领域(pobj) — 工业(nn) — 核(conj) — 工业(conj),1
技术 → 应用于 → 系统,amod->nn->dobj->dep->root->prep->pobj->nn->nn,虚拟(amod) — 仪器(nn) — 技术(dobj) — 采用(dep) — 为(root) — 以(prep) — 系统(pobj) — 飞机(nn) — 燃油(nn),1
技术 → 应用于 → 系统,cc->nn->nn->assmod->dobj->dep->root->dep->dobj->assmod->plmod->lobj->nn->nn,和(cc) — 健康(nn) — 管理(nn) — 技术(assmod) — 历程(dobj) — 结合(dep) — 论述(root) — 分析(dep) — 意义(dobj) — 在(assmod) — 中(plmod) — 系统(lobj) — 导弹(nn) — 武器(nn),1
技术 → 应用于 → 系统,cc->nn->nn->assmod->dobj->dep->root->dobj->assmod->plmod->lobj->nn->nn,和(cc) — 健康(nn) — 管理(nn) — 技术(assmod) — 历程(dobj) — 结合(dep) — 论述(root) — 应用(dobj) — 在(assmod) — 中(plmod) — 系统(lobj) — 武器(nn) — 装备(nn),1
技术 → 应用于 → 系统,conj->nn->nn->top->root->conj->dep->prep->pobj->nn,预测(conj) — 故障(nn) — 管理(nn) — 技术(top) — 是(root) — 成为(conj) — 应用(dep) — 于(prep) — 系统(pobj) — 电子(nn),1
技术 → 应用于 → 系统,nn->nn->dobj->dep->root->root->nsubj->nn->nn,健康(nn) — 管理(nn) — 技术(dobj) — 应用(dep) — 达到(root) — 有(root) — 系统(nsubj) — 飞机(nn) — 燃油(nn),1
技术 → 应用于 → 系统,punct->nn->prnmod->nn->top->root->attr->rcmod->ccomp->nsubj->nn->nn,)(punct) — 技术(nn) — PHM(prnmod) — 管理(nn) — 应用(top) — 是(root) — 方法(attr) — 保障(rcmod) — 完成(ccomp) — 任务(nsubj) — 电子(nn) — 系统(nn),1
技术 → 应用于 → 系统,punct->prnmod->assmod->dobj->top->conj->root->top->nn,",(punct) — PHM(prnmod) — 技术(assmod) — 研究(dobj) — 开展(top) — 是(conj) — 是(root) — 系统(top) — 任务(nn)",1
技术 → 应用于 → 维修活动,nsubj->root->root->nsubj->nn,PHM(nsubj) — 处(root) — 是(root) — 维修(nsubj) — 航空(nn),1
技术 → 应用于 → 维护活动,cc->nn->nn->assmod->dobj->dep->root->dep->dobj->assmod->plmod->lobj->conj->nn,和(cc) — 健康(nn) — 管理(nn) — 技术(assmod) — 历程(dobj) — 结合(dep) — 论述(root) — 分析(dep) — 意义(dobj) — 在(assmod) — 中(plmod) — 标准(lobj) — 维护(conj) — 视情(nn),1
技术 → 应用于 → 行业,amod->nn->nsubj->root->conj->prep->pobj->nn,大(amod) — 数据(nn) — 技术(nsubj) — 得到(root) — 得到(conj) — 在(prep) — 领域(pobj) — 航空(nn),1
技术 → 应用于 → 行业,amod->nn->nsubj->root->conj->prep->pobj->nn->nn,大(amod) — 数据(nn) — 技术(nsubj) — 得到(root) — 得到(conj) — 在(prep) — 领域(pobj) — 航空(nn) — 工业(nn),1
技术 → 应用于 → 行业,nn->nn->nsubj->root->conj->prep->plmod->lobj->nn,数字(nn) — 孪生体(nn) — 概念(nsubj) — 发展(root) — 得到(conj) — 在(prep) — 中(plmod) — 行业(lobj) — 能源(nn),1
技术 → 应用于 → 行业,nn->nn->nsubj->root->conj->prep->plmod->lobj->nn->conj,数字(nn) — 孪生体(nn) — 概念(nsubj) — 发展(root) — 得到(conj) — 在(prep) — 中(plmod) — 行业(lobj) — 能源(nn) — 军事(conj),1
技术 → 应用于 → 行业,nn->nn->nsubj->root->conj->prep->plmod->lobj->nn->nn->conj,数字(nn) — 孪生体(nn) — 概念(nsubj) — 发展(root) — 得到(conj) — 在(prep) — 中(plmod) — 行业(lobj) — 能源(nn) — 汽车(nn) — 制造(conj),1
技术 → 应用于 → 行业,nn->nn->nsubj->root->conj->prep->plmod->lobj->nn->nn->conj,数字(nn) — 孪生体(nn) — 概念(nsubj) — 发展(root) — 得到(conj) — 在(prep) — 中(plmod) — 行业(lobj) — 能源(nn) — 航空(nn) — 航天(conj),1
技术 → 应用于 → 行业,nn->nn->nsubj->root->conj->prep->pobj->assmod->pobj->nn,数字(nn) — 孪生体(nn) — 概念(nsubj) — 发展(root) — 起到(conj) — 为(prep) — 发展(pobj) — 在(assmod) — 行业(pobj) — 管道(nn),1
技术 → 应用于 → 装备,cc->nn->top->root->attr->rcmod->nsubj->amod->nn,与(cc) — 健康(nn) — 管理(top) — 是(root) — 技术(attr) — 确保(rcmod) — 发动机(nsubj) — 先进(amod) — 航空(nn),1
技术 → 应用于 → 装备,nn->nn->dobj->conj->root->nsubj->nn,PHM(nn) — 技术(nn) — 影响(dobj) — 分析(conj) — 满足(root) — 模型(nsubj) — 军机(nn),1
技术 → 应用于 → 设备,cc->nn->nn->nn->dobj->root->conj->dobj->nn->nn->conj,与(cc) — 健康(nn) — 管理(nn) — 技术(nn) — 内涵(dobj) — 介绍(root) — 回顾(conj) — 现状(dobj) — 设备(nn) — 交通(nn) — 直升机(conj),1
技术 → 应用于 → 设备,cc->nn->nn->nn->dobj->root->conj->dobj->nn->nn->conj,与(cc) — 健康(nn) — 管理(nn) — 技术(nn) — 内涵(dobj) — 介绍(root) — 回顾(conj) — 现状(dobj) — 设备(nn) — 交通(nn) — 舰船(conj),1
技术 → 应用于 → 设备,cc->nn->nn->nn->dobj->root->conj->dobj->nn->nn->conj,与(cc) — 健康(nn) — 管理(nn) — 技术(nn) — 内涵(dobj) — 介绍(root) — 回顾(conj) — 现状(dobj) — 设备(nn) — 交通(nn) — 车辆(conj),1
技术 → 应用于 → 设备,cc->nn->nn->nn->dobj->root->conj->dobj->nn->nn->conj->amod,与(cc) — 健康(nn) — 管理(nn) — 技术(nn) — 内涵(dobj) — 介绍(root) — 回顾(conj) — 现状(dobj) — 设备(nn) — 交通(nn) — 飞机(conj) — 固定翼(amod),1
技术 → 应用于 → 设备,cc->nn->nn->nn->dobj->root->conj->dobj->nn->nn->conj->amod,与(cc) — 健康(nn) — 管理(nn) — 技术(nn) — 内涵(dobj) — 介绍(root) — 回顾(conj) — 现状(dobj) — 设备(nn) — 交通(nn) — 飞行器(conj) — 航天(amod),1
技术 → 应用于 → 设备,cc->nn->nn->nn->dobj->root->conj->dobj->nn->nn->nn,与(cc) — 健康(nn) — 管理(nn) — 技术(nn) — 内涵(dobj) — 介绍(root) — 回顾(conj) — 现状(dobj) — 设备(nn) — 交通(nn) — 轨道(nn),1
技术 → 应用于 → 设备,cc->nn->nn->nn->dobj->root->conj->dobj->nn->nn->nn->conj,与(cc) — 健康(nn) — 管理(nn) — 技术(nn) — 内涵(dobj) — 介绍(root) — 回顾(conj) — 现状(dobj) — 设备(nn) — 交通(nn) — 飞机(nn) — 发动机(conj),1
技术 → 应用于 → 过程,nn->nn->nn->nn->nsubj->root->prep->plmod->lobj->nn,飞机(nn) — 结构(nn) — 健康(nn) — 监测(nn) — 技术(nsubj) — 发挥(root) — 在(prep) — 中(plmod) — 过程(lobj) — 维护(nn),1
技术 → 应用于 → 过程,nn->nn->nn->nn->nsubj->root->prep->plmod->lobj->nn->conj,飞机(nn) — 结构(nn) — 健康(nn) — 监测(nn) — 技术(nsubj) — 发挥(root) — 在(prep) — 中(plmod) — 过程(lobj) — 结构(nn) — 设计(conj),1
技术 → 应用于 → 过程,nn->nn->nn->nn->nsubj->root->prep->plmod->lobj->nn->conj,飞机(nn) — 结构(nn) — 健康(nn) — 监测(nn) — 技术(nsubj) — 发挥(root) — 在(prep) — 中(plmod) — 过程(lobj) — 维护(nn) — 飞行(conj),1
技术 → 应用于 → 领域,nn->nn->nsubj->rcmod->nsubj->nn->nn,监测(nn) — 静电(nn) — 信号(nsubj) — 获得(rcmod) — 实验(nsubj) — 试车台(nn) — 发动机(nn),1
技术 → 应用于 → 领域,nn->nn->nsubj->root->conj->prep->pobj->assmod->pobj->nn,数字(nn) — 孪生体(nn) — 概念(nsubj) — 发展(root) — 起到(conj) — 为(prep) — 发展(pobj) — 在(assmod) — 行业(pobj) — 管道(nn),1
技术 → 应用于 → 领域,nn->nsubj->conj->root->attr->rcmod,智能(nn) — 技术(nsubj) — 应用(conj) — 是(root) — 手段(attr) — 提升(rcmod),1
技术 → 应用于 → 领域,nn->nsubj->conj->root->attr->rcmod->dobj->nn,智能(nn) — 技术(nsubj) — 应用(conj) — 是(root) — 手段(attr) — 提升(rcmod) — 竞争力(dobj) — 飞机(nn),1
技术 → 应用于 → 领域,nn->nsubj->conj->root->root->dep->prep->pobj->nn->conj->amod->nn,智能(nn) — 技术(nsubj) — 应用(conj) — 是(root) — 把握(root) — 进行(dep) — 从(prep) — 方面(pobj) — 管理(nn) — 定制(conj) — 个性(amod) — 服务(nn),1
技术 → 应用于 → 领域,nn->nsubj->conj->root->root->dep->prep->pobj->nn->conj->nn->nn,智能(nn) — 技术(nsubj) — 应用(conj) — 是(root) — 把握(root) — 进行(dep) — 从(prep) — 方面(pobj) — 管理(nn) — 优化(conj) — 生产(nn) — 制造(nn),1
技术 → 应用于 → 领域,nn->nsubj->conj->root->root->dep->prep->pobj->nn->conj->nn->nn,智能(nn) — 技术(nsubj) — 应用(conj) — 是(root) — 把握(root) — 进行(dep) — 从(prep) — 方面(pobj) — 管理(nn) — 创新(conj) — 产品(nn) — 设计(nn),1
技术 → 应用于 → 领域,nsubj->root->root->attr->rcmod->prep->pobj->nn->nn,智能化(nsubj) — 提升(root) — 是(root) — 问题(attr) — 应用(rcmod) — 在(prep) — 领域(pobj) — 航空(nn) — 发动机(nn),1
技术 → 应用于 → 领域,prnmod->punct->nn->pobj->assmod->plmod->lobj->nn->nn,PHM(prnmod) — )(punct) — 技术(nn) — 问题(pobj) — 在(assmod) — 中(plmod) — 工程(lobj) — 民机(nn) — 维修(nn),1
技术 → 应用于 → 领域,punct->prnmod->nn->nsubj->root->prep->pobj->amod->nn->nn->nn,)(punct) — RFID(prnmod) — 识别(nn) — 技术(nsubj) — 得到(root) — 在(prep) — 领域(pobj) — 民用(amod) — 航空(nn) — 机场(nn) — 运输(nn),1
技术 → 应用在 → 平台,conj->assmod->pobj->prep->root->dep->prep->pobj->rcmod->cpm->nn->nn,技术(conj) — 技术(assmod) — 发展(pobj) — 随着(prep) — 复杂(root) — 发展(dep) — 向(prep) — 方向(pobj) — 综合化(rcmod) — 的(cpm) — 航空(nn) — 电子(nn),1
技术 → 引入 → 系统,amod->nsubj->root->root->nsubj->nn->nn,可信(amod) — 计算(nsubj) — 引入(root) — 要求(root) — 系统(nsubj) — 航空(nn) — 电子(nn),1
技术 → 引入 → 问题,rcmod->dobj->dobj->dep->root->root->conj->prep->pobj->nn,基于(rcmod) — 模型(dobj) — 来源(dobj) — 分析(dep) — 分析(root) — 是(root) — 展开(conj) — 针对(prep) — 问题(pobj) — 不确定性(nn),1
技术 → 引入到 → 领域,dobj->rcmod->nsubj->root->prep->pccomp->dobj->rcmod->loc->lobj->nn->nn->nn->nn,服务(dobj) — 面向(rcmod) — 架构(nsubj) — 引入(root) — 为了(prep) — 解决(pccomp) — 问题(dobj) — 存在(rcmod) — 中(loc) — 过程(lobj) — 发动机(nn) — 航空(nn) — 健康(nn) — 管理(nn),1
技术 → 形成 → 架构,amod->pccomp->prep->root->root->pobj->nn->cc->nn,模块化(amod) — 分解(pccomp) — 经(prep) — 形成(root) — 针对(root) — 难题(pobj) — 优化(nn) — 与(cc) — 架构(nn),1
技术 → 影响 → 任务,nn->nn->dobj->conj->root->nsubj->nn->nn->nn,PHM(nn) — 技术(nn) — 影响(dobj) — 分析(conj) — 满足(root) — 模型(nsubj) — 军机(nn) — 备件(nn) — 配置(nn),1
技术 → 影响 → 过程,nn->nn->pobj->assmod->pobj->nn->nn->nn,PHM(nn) — 技术(nn) — 分析(pobj) — 对(assmod) — 过程(pobj) — 航空(nn) — 装备(nn) — 保障(nn),1
技术 → 成为 → 关键技术,nsubj->root->conj->dobj->assmod->nn->nn->nn->nn,PHM(nsubj) — 是(root) — 成为(conj) — 之一(dobj) — 设计(assmod) — 飞机(nn) — 航空(nn) — 电子(nn) — 系统(nn),1
技术 → 技术成熟度达到 → 等级,punct->assmod->pobj->nn->pobj->prep->rcmod->dobj->root->root->dep->range->nummod,、(punct) — 基于(assmod) — 模型(pobj) — 控制(nn) — 领域(pobj) — 在(prep) — 进行(rcmod) — 工作(dobj) — 介绍(root) — 有(root) — 达到(dep) — 级(range) — 7(nummod),1
技术 → 拓展能力 → 组件,nn->nn,监测(nn) — 静电(nn),1
技术 → 提供 → 信息,nn->nn->nsubj->root->root->ccomp->dobj->nn,静电(nn) — 监测(nn) — 信号(nsubj) — 结合(root) — 发现(root) — 提供(ccomp) — 信息(dobj) — 预警(nn),1
技术 → 提供 → 方法,amod->nn->dobj->dep->root->root->ccomp->dobj->assmod->nn,虚拟(amod) — 仪器(nn) — 技术(dobj) — 采用(dep) — 为(root) — 表明(root) — 提供(ccomp) — 手段(dobj) — 验证(assmod) — 演示(nn),1
技术 → 提供技术手段 → 功能,nn->nn->nsubj->root->root->prep->pobj->assmod->assm->nn->conj,数字(nn) — 孪生体(nn) — 概念(nsubj) — 发展(root) — 提供(root) — 为(prep) — 融合(pobj) — 系统(assmod) — 的(assm) — 信息(nn) — 交互(conj),1
技术 → 提供支持 → 活动,nn->conj->assmod->dobj->dep->root->root->dep->prep->pobj->nn->conj,故障(nn) — 预测(conj) — 后勤(assmod) — 关系(dobj) — 描述(dep) — 进行(root) — 论证(root) — 提供(dep) — 为(prep) — 支持(pobj) — 装备(nn) — 采购(conj),1
技术 → 提供支持 → 活动,nn->conj->assmod->dobj->dep->root->root->dobj->assmod->lobj->det->nn,故障(nn) — 预测(conj) — 后勤(assmod) — 关系(dobj) — 描述(dep) — 进行(root) — 论证(root) — 关系(dobj) — 之间(assmod) — 支持(lobj) — 全(det) — 寿命(nn),1
技术 → 提供理论依据 → 应用,nn->nn,发动机(nn) — 航空(nn),1
技术 → 提升 → Performance Metric,amod->dobj->root->root->nsubj,关键(amod) — 作用(dobj) — 起到(root) — 统一(root) — 飞机(nsubj),1
技术 → 提升 → Performance Metric,nn->nn->pobj->prep->conj->dep->conj->root->root->nsubj->assmod->assm->nn,DBN(nn) — 模型(nn) — 组(pobj) — 对(prep) — 进行(conj) — 采用(dep) — 进行(conj) — 提出(root) — 是(root) — 预测(nsubj) — 设备(assmod) — 的(assm) — 故障(nn),1
技术 → 提升 → 能力,amod->nn->nsubj->conj->root->attr->rcmod->dobj->amod->nn->nn,人工(amod) — 智能(nn) — 技术(nsubj) — 应用(conj) — 是(root) — 手段(attr) — 提升(rcmod) — 竞争力(dobj) — 民用(amod) — 飞机(nn) — 国际(nn),1
技术 → 提取 → 特征,amod->amod->amod->nn->nn->nn->dobj->rcmod->cpm->nummod->nn,双向(amod) — 长(amod) — 短期(amod) — 记忆(nn) — 网络(nn) — 神经(nn) — 模型(dobj) — 基于(rcmod) — 的(cpm) — 多(nummod) — 尺度(nn),1
技术 → 提高 → Performance Metric,amod->nn->nn->nn->top->root->attr->rcmod->dobj,综合(amod) — 运载器(nn) — 健康(nn) — 管理(nn) — 技术(top) — 是(root) — 途径(attr) — 提高(rcmod) — 可维护性(dobj),1
技术 → 提高 → Performance Metric,amod->nn->nn->nn->top->root->attr->rcmod->dobj->conj,综合(amod) — 运载器(nn) — 健康(nn) — 管理(nn) — 技术(top) — 是(root) — 途径(attr) — 提高(rcmod) — 可维护性(dobj) — 可靠性(conj),1
技术 → 提高 → Performance Metric,amod->nn->nn->nn->top->root->attr->rcmod->dobj->conj,综合(amod) — 运载器(nn) — 健康(nn) — 管理(nn) — 技术(top) — 是(root) — 途径(attr) — 提高(rcmod) — 可维护性(dobj) — 安全性(conj),1
技术 → 提高 → Performance Metric,cc->nn->nn->nsubj->conj->prep->pobj->rcmod->dobj->amod->nn->punct->nummod,"与(cc) — 健康(nn) — 管理(nn) — 技术(nsubj) — 回顾(conj) — 作为(prep) — 技术(pobj) — 提高(rcmod) — 性(dobj) — 复杂(amod) — 系统(nn) — ""(punct) — 五(nummod)",1
技术 → 提高 → Performance Metric,conj->nn->nsubj->root->conj->conj->dobj->conj,预测(conj) — 故障(nn) — 技术(nsubj) — 是(root) — 降低(conj) — 提高(conj) — 可用性(dobj) — 安全性(conj),1
技术 → 提高 → Performance Metric,conj->nn->nsubj->root->conj->conj->dobj->nn->conj,预测(conj) — 故障(nn) — 技术(nsubj) — 是(root) — 降低(conj) — 提高(conj) — 可用性(dobj) — 任务(nn) — 成功率(conj),1
技术 → 提高 → Performance Metric,conj->nn->nsubj->root->conj->conj->dobj->nn->conj,预测(conj) — 故障(nn) — 技术(nsubj) — 是(root) — 降低(conj) — 提高(conj) — 可用性(dobj) — 战备(nn) — 完好率(conj),1
技术 → 提高 → Performance Metric,nn->nn->nn->assmod->pobj->root->root->prep->pobj->rcmod->dobj->nn,气路(nn) — 故障(nn) — 诊断(nn) — 技术(assmod) — 进步(pobj) — 随着(root) — 出发(root) — 从(prep) — 角度(pobj) — 提高(rcmod) — 安全性(dobj) — 飞行(nn),1
技术 → 提高 → Performance Metric,nn->nn->nn->dobj->nn,航空(nn) — 健康(nn) — 管理(nn) — 技术(dobj) — 发动机(nn),1
技术 → 提高 → Performance Metric,nsubj->root->attr->rcmod->dobj->nn,PHM(nsubj) — 是(root) — 手段(attr) — 提高(rcmod) — 效率(dobj) — 维修(nn),1
技术 → 提高 → Performance Metric,nsubj->root->attr->rcmod->dobj->nn->conj,PHM(nsubj) — 是(root) — 手段(attr) — 提高(rcmod) — 效率(dobj) — 系统(nn) — 可用性(conj),1
技术 → 提高 → Performance Metric,punct->prnmod->nn->nsubj->root->attr->rcmod->dobj->nn,)(punct) — PHM(prnmod) — 管理(nn) — 技术(nsubj) — 是(root) — 手段(attr) — 提高(rcmod) — 效率(dobj) — 维修(nn),1
技术 → 提高 → Performance Metric,punct->prnmod->nn->nsubj->root->attr->rcmod->dobj->nn->conj,)(punct) — PHM(prnmod) — 管理(nn) — 技术(nsubj) — 是(root) — 手段(attr) — 提高(rcmod) — 效率(dobj) — 系统(nn) — 可用性(conj),1
技术 → 提高 → 指标,nn->punct->root->nsubj->nn,制造(nn) — 、(punct) — 复杂(root) — 结构(nsubj) — 产品(nn),1
技术 → 提高 → 指标,nn->punct->root->nsubj->nn->nn,制造(nn) — 、(punct) — 复杂(root) — 结构(nsubj) — 产品(nn) — 航空(nn),1
技术 → 提高 → 指标,punct->nn->root->root->conj->prep->pobj->assmod->nn,、(punct) — 制造(nn) — 复杂(root) — 划分(root) — 具有(conj) — 对(prep) — 提高(pobj) — 水平(assmod) — 服务(nn),1
技术 → 提高 → 目标,nn->nn->nn->nn->nsubj->root->conj->attr->rcmod->dobj,航空(nn) — 发动机(nn) — 气路(nn) — 故障(nn) — 诊断(nsubj) — 是(root) — 是(conj) — 途径(attr) — 提高(rcmod) — 可靠性(dobj),1
技术 → 提高 → 目标,nn->nn->nn->nn->nsubj->root->conj->attr->rcmod->dobj->nn->conj,航空(nn) — 发动机(nn) — 气路(nn) — 故障(nn) — 诊断(nsubj) — 是(root) — 是(conj) — 途径(attr) — 提高(rcmod) — 可靠性(dobj) — 飞行(nn) — 安全性(conj),1
技术 → 支撑 → 目标,attr->root->top->nn,关键(attr) — 是(root) — 发动机(top) — 航空(nn),1
技术 → 支撑 → 系统,amod->dobj->root->root->nsubj->nn,关键(amod) — 作用(dobj) — 起到(root) — 统一(root) — 飞机(nsubj) — 电(nn),1
技术 → 改善 → 任务,nn->nn->nsubj->root->conj->prep->pobj->vmod->dobj->conj,技术(nn) — AHM(nn) — 革新(nsubj) — 得到(root) — 集中(conj) — 在(prep) — 方面(pobj) — 改善(vmod) — 配置(dobj) — 维修(conj),1
技术 → 改善 → 资源,nn->nn->nsubj->root->conj->prep->pobj->vmod->dobj->conj,技术(nn) — AHM(nn) — 革新(nsubj) — 得到(root) — 集中(conj) — 在(prep) — 方面(pobj) — 改善(vmod) — 配置(dobj) — 备件(conj),1
技术 → 改善 → 资源,nn->nn->nsubj->root->conj->prep->pobj->vmod->dobj->nn,技术(nn) — AHM(nn) — 革新(nsubj) — 得到(root) — 集中(conj) — 在(prep) — 方面(pobj) — 改善(vmod) — 配置(dobj) — 人员(nn),1
技术 → 旨在提高 → Performance Metric,nn->nn->assmod->pobj->prep->root->dep->prep->pobj->vmod->dobj->nn->nn,BIT(nn) — 智能(nn) — 技术(assmod) — 现状(pobj) — 对(prep) — 进行(root) — 阐述(dep) — 从(prep) — 方面(pobj) — 提高(vmod) — 效能(dobj) — 故障(nn) — 诊断(nn),1
技术 → 旨在降低 → Performance Metric,nn->nn->assmod->pobj->prep->root->dep->prep->pobj->vmod->conj->dobj,BIT(nn) — 智能(nn) — 技术(assmod) — 现状(pobj) — 对(prep) — 进行(root) — 阐述(dep) — 从(prep) — 方面(pobj) — 提高(vmod) — 降低(conj) — 虚警率(dobj),1
技术 → 是 → 工具,pobj,系统(pobj),1
技术 → 是 → 技术,punct->prnmod->nn->nsubj->root->prep->pobj->assmod->lobj->clf->amod->nummod->nn->conj,)(punct) — PHM(prnmod) — 管理(nn) — 技术(nsubj) — 受到(root) — 作为(prep) — 部分(pobj) — 中(assmod) — 使用(lobj) — 代(clf) — 新(amod) — 一(nummod) — 飞机(nn) — 设计(conj),1
技术 → 是 → 技术定位,cc->nn->nn->nsubj->conj->prep->pobj->amod->nn,与(cc) — 健康(nn) — 管理(nn) — 技术(nsubj) — 回顾(conj) — 作为(prep) — 技术(pobj) — 关键(amod) — 使能(nn),1
技术 → 是 → 技术定位,conj->nn->nsubj->root->attr->rcmod->dobj->amod->amod->nn,预测(conj) — 故障(nn) — 技术(nsubj) — 是(root) — 技术(attr) — 实现(rcmod) — 保障(dobj) — 新型(amod) — 自主式(amod) — 后勤(nn),1
技术 → 是 → 技术类别,amod->nn->nn->dobj->conj->root->dep->dep->dobj->amod,综合(amod) — 飞行器(nn) — 管理(nn) — 技术(dobj) — 促使(conj) — 提出(root) — 使(dep) — 成为(dep) — 技术(dobj) — 关键(amod),1
技术 → 是 → 技术类别,amod->nn->nn->top->root->attr->nn->amod,防热(amod) — 系统(nn) — 健康(nn) — 管理(top) — 是(root) — 之一(attr) — 技术(nn) — 关键(amod),1
技术 → 是 → 技术类型,cc->nn->dep->root->attr->nn->nn,与(cc) — 健康(nn) — 管理(dep) — 是(root) — 手段(attr) — 保障(nn) — 技术(nn),1
技术 → 是 → 概念,amod->top->root->attr->nn,综合(amod) — 诊断(top) — 是(root) — 方向(attr) — 发展(nn),1
技术 → 是 → 概念,amod->top->root->attr->nn->conj,综合(amod) — 诊断(top) — 是(root) — 方向(attr) — 技术(nn) — 手段(conj),1
技术 → 是 → 研究现状,nn->nn->nn->nn->nsubj->root->conj->dobj->assmod->nn->nn->nn->nn,航空(nn) — 发动机(nn) — 气路(nn) — 故障(nn) — 诊断(nsubj) — 是(root) — 成为(conj) — 热点(dobj) — 领域(assmod) — 飞行(nn) — 推进(nn) — 技术(nn) — 研究(nn),1
技术 → 是 → 组成部分,punct->prnmod->nn->nsubj->root->prep->pobj->assmod->lobj->clf->amod->nummod->nn->conj,)(punct) — PHM(prnmod) — 管理(nn) — 技术(nsubj) — 受到(root) — 作为(prep) — 部分(pobj) — 中(assmod) — 使用(lobj) — 代(clf) — 新(amod) — 一(nummod) — 飞机(nn) — 设计(conj),1
技术 → 是关键技术 → 应用领域,nn->nn->top->root->attr->assmod->nn->nn->nn->nn,故障(nn) — 特征(nn) — 提取(top) — 是(root) — 技术(attr) — 预测(assmod) — 航空(nn) — 电子(nn) — 设备(nn) — 故障(nn),1
技术 → 是核心技术 → 技术,nn->top->root->root->top->cc->nn,数据(nn) — 挖掘(top) — 是(root) — 是(root) — 管理(top) — 与(cc) — 健康(nn),1
技术 → 未推广应用 → 领域,punct->prnmod->nn->nsubj->root->conj->prep->pobj->conj->amod->nn->nn,)(punct) — RFID(prnmod) — 识别(nn) — 技术(nsubj) — 得到(root) — 得到(conj) — 在(prep) — 领域(pobj) — 领域(conj) — 民用(amod) — 航空(nn) — 制造(nn),1
技术 → 未推广应用 → 领域,punct->prnmod->nn->nsubj->root->conj->prep->pobj->nn->nn->nn,)(punct) — RFID(prnmod) — 识别(nn) — 技术(nsubj) — 得到(root) — 得到(conj) — 在(prep) — 领域(pobj) — 飞机(nn) — 运营(nn) — 维护(nn),1
技术 → 满足 → 需求,nn->nn->dobj->assmod->pobj->cc->nn->nn->assm,航空(nn) — 发动机(nn) — 需求(dobj) — 对(assmod) — 系统(pobj) — 与(cc) — 健康(nn) — 管理(nn) — 的(assm),1
技术 → 生成 → 参数,nn->nn->pccomp->rcmod->dobj->root->prep->pccomp->dobj->rcmod->nsubj->nn,对抗(nn) — 网络(nn) — 生成(pccomp) — 基于(rcmod) — 方法(dobj) — 提出(root) — 为(prep) — 解决(pccomp) — 问题(dobj) — 低(rcmod) — 维度(nsubj) — 参数(nn),1
技术 → 用于 → 任务,nn->nn->assmod->conj->dobj->root->conj->prep->pobj->dep->assmod->plmod->lobj->nn,挖掘(nn) — 数据(nn) — 工具(assmod) — 模式(conj) — 流程(dobj) — 总结(root) — 进行(conj) — 对(prep) — 案例(pobj) — 模式(dep) — 在(assmod) — 中(plmod) — 管理(lobj) — 健康(nn),1
技术 → 用于 → 任务,nn->nn->assmod->conj->dobj->root->conj->prep->pobj->dep->assmod->plmod->lobj->nn->conj,挖掘(nn) — 数据(nn) — 工具(assmod) — 模式(conj) — 流程(dobj) — 总结(root) — 进行(conj) — 对(prep) — 案例(pobj) — 模式(dep) — 在(assmod) — 中(plmod) — 管理(lobj) — 故障(nn) — 预测(conj),1
技术 → 用于 → 任务,nn->nn->nsubj->rcmod->lobj->plmod->prep->root->root->nsubj->rcmod->cpm->nn,神经(nn) — 网络(nn) — 技术(nsubj) — 应用(rcmod) — 过程(lobj) — 中(plmod) — 在(prep) — 提出(root) — 具有(root) — 预报(nsubj) — 及时(rcmod) — 的(cpm) — 故障(nn),1
技术 → 用于 → 应用,nn->nn->nn->nn->nsubj->root->prep->plmod->lobj->nn->cc,飞机(nn) — 结构(nn) — 健康(nn) — 监测(nn) — 技术(nsubj) — 发挥(root) — 在(prep) — 中(plmod) — 过程(lobj) — 维护(nn) — 及(cc),1
技术 → 用于 → 应用,nn->nn->nn->nsubj->nn,飞机(nn) — 健康(nn) — 监测(nn) — 技术(nsubj) — 结构(nn),1
技术 → 用于 → 应用,nn->nsubj->conj->root->nsubj->nn,PHM(nn) — 技术(nsubj) — 用于(conj) — 发生(root) — 失效(nsubj) — 疲劳(nn),1
技术 → 用于 → 应用,nn->pobj->assmod->dobj->conj->root->attr->assmod->nn->nn,马氏(nn) — 距离(pobj) — 基于(assmod) — 方法(dobj) — 提出(conj) — 是(root) — 环节(attr) — 系统(assmod) — 装备(nn) — 航空(nn),1
技术 → 用于 → 系统,assmod->dobj->root->root->top->nn->nn,技术(assmod) — 应用(dobj) — 推进(root) — 是(root) — 系统(top) — 飞机(nn) — 电源(nn),1
技术 → 用于制造 → 组件,assmod->root->root->prep->pobj->nn->nn,技术(assmod) — 发展(root) — 提出(root) — 给(prep) — 研发(pobj) — 管理(nn) — 发动机(nn),1
技术 → 用于建模 → 概念,amod->nn->pobj->root->root->dobj->nn->punct->dep,动态(amod) — 优化(nn) — 难题(pobj) — 针对(root) — 提出(root) — 框架(dobj) — 物理(nn) — -(punct) — 功能(dep),1
技术 → 用于建立 → Model,nn->nn->lobj->loc->nsubj->nn,液压(nn) — 系统(nn) — 换向阀(lobj) — 内(loc) — 泄漏(nsubj) — 电液(nn),1
技术 → 用于构建 → 系统,nn->dobj->conj->root->root->dep->dobj->assmod->cc->amod,物联网(nn) — 技术(dobj) — 运用(conj) — 设计(root) — 进行(root) — 描述(dep) — 关系(dobj) — 后勤(assmod) — 和(cc) — 自主(amod),1
技术 → 用于构建 → 系统模型,nn->dobj->root->root->dep->dobj->rcmod->dobj->nummod,AUML(nn) — 技术(dobj) — 采用(root) — 为(root) — 提出(dep) — 模型(dobj) — 基于(rcmod) — Agent(dobj) — 多(nummod),1
技术 → 监测 → 部件,nn->nn->nsubj->root->root->conj->prep->pobj->vmod->dobj->nn->amod,AHM(nn) — 技术(nn) — 革新(nsubj) — 得到(root) — 转向(root) — 得到(conj) — 在(prep) — 方面(pobj) — 保证(vmod) — 安全(dobj) — 部位(nn) — 关键(amod),1
技术 → 目的在于 → 目标,nn->nn->nn->nn->nn->nn->dobj->root->prep->pccomp->conj->amod->assmod,航空(nn) — 电子(nn) — 设备(nn) — 预测(nn) — 技术(nn) — 故障(nn) — 研究(dobj) — 开展(root) — 为(prep) — 降低(pccomp) — 预防(conj) — 灾难性(amod) — 事故(assmod),1
技术 → 目的在于 → 目标,nn->nn->nn->nn->nn->nn->dobj->root->prep->pccomp->conj->nn->dobj,航空(nn) — 电子(nn) — 设备(nn) — 预测(nn) — 技术(nn) — 故障(nn) — 研究(dobj) — 开展(root) — 为(prep) — 降低(pccomp) — 提高(conj) — 经济(nn) — 可承受性(dobj),1
技术 → 目的在于 → 目标,nn->nn->nn->nn->nn->nn->dobj->root->prep->pccomp->nn->det->nn->nn->dobj,航空(nn) — 电子(nn) — 设备(nn) — 预测(nn) — 技术(nn) — 故障(nn) — 研究(dobj) — 开展(root) — 为(prep) — 降低(pccomp) — 装备(nn) — 全(det) — 寿命(nn) — 周期(nn) — 费用(dobj),1
技术 → 确保 → 目标,cc->nn->top->root->attr->rcmod->dobj->nn,与(cc) — 健康(nn) — 管理(top) — 是(root) — 技术(attr) — 确保(rcmod) — 安全(dobj) — 飞行(nn),1
技术 → 确保 → 目标,nn->nn->nsubj->root->root->conj->dep->dobj->assmod->assm->amod,AHM(nn) — 技术(nn) — 革新(nsubj) — 得到(root) — 转向(root) — 得到(conj) — 确保(dep) — 运行(dobj) — 飞机(assmod) — 的(assm) — 安全(amod),1
技术 → 确定 → 参数,amod->dobj->conj->conj->conj->ccomp->advmod->dep->nn->dobj,相空间(amod) — 重构(dobj) — 进行(conj) — 采用(conj) — 确定(conj) — 嵌入(ccomp) — 最(advmod) — 优(dep) — 维数(nn) — m(dobj),1
技术 → 确定 → 参数,amod->dobj->conj->conj->conj->ccomp->conj->nn->dobj,相空间(amod) — 重构(dobj) — 进行(conj) — 采用(conj) — 确定(conj) — 嵌入(ccomp) — 延迟(conj) — 时间(nn) — τd(dobj),1
技术 → 简称 → 缩写,nn->conj->nn->nn->assmod->nn,故障(nn) — 诊断(conj) — 飞机(nn) — 管理(nn) — 平台(assmod) — PHM(nn),1
技术 → 结合 → 领域,amod->amod->nsubj->root->prep->pccomp->conj->dobj->assmod->nn,数字(amod) — 孪生(amod) — 技术(nsubj) — 结合(root) — 为(prep) — 推动(pccomp) — 提升(conj) — 能力(dobj) — 工程(assmod) — 卫星(nn),1
技术 → 考虑 → 故障,amod->nn->nn->top->root->root->ccomp->conj->prep->pobj->rcmod->dobj->nn,防热(amod) — 系统(nn) — 健康(nn) — 管理(top) — 是(root) — 提出(root) — 论述(ccomp) — 探讨(conj) — 从(prep) — 角度(pobj) — 考虑(rcmod) — 损伤(dobj) — 意外(nn),1
技术 → 融合 → 技术,nn->nn->nn->dobj->rcmod->dep->prep,时序(nn) — 回归(nn) — 预测(nn) — 技术(dobj) — 模糊(rcmod) — 支持(dep) — 向量机(prep),1
技术 → 融合 → 技术,nn->nn->nn->dobj->rcmod->nn->dobj,时序(nn) — 回归(nn) — 预测(nn) — 技术(dobj) — 模糊(rcmod) — 信息(nn) — 粒化(dobj),1
技术 → 解决 → 问题,conj->assmod->pobj->prep->root->root->ccomp->conj->dobj->assmod->assm->conj,技术(conj) — 技术(assmod) — 发展(pobj) — 随着(prep) — 复杂(root) — 研究(root) — 采用(ccomp) — 解决(conj) — 问题(dobj) — 在(assmod) — 的(assm) — 可靠性(conj),1
技术 → 解决 → 问题,conj->assmod->pobj->prep->root->root->ccomp->conj->dobj->nn,技术(conj) — 技术(assmod) — 发展(pobj) — 随着(prep) — 复杂(root) — 研究(root) — 采用(ccomp) — 解决(conj) — 问题(dobj) — 可用性(nn),1
技术 → 解决 → 问题,nn->dobj->root->root->pobj->vmod->dep,Dropout(nn) — 机制(dobj) — 引入(root) — 针对(root) — 问题(pobj) — 大(vmod) — 等(dep),1
技术 → 解决 → 问题,nn->nn->lobj->loc->nsubj->nn->advmod,液压(nn) — 系统(nn) — 换向阀(lobj) — 内(loc) — 泄漏(nsubj) — 电液(nn) — 无法(advmod),1
技术 → 解决 → 问题,nn->nn->nn->dobj->root->prep->pccomp->dobj->rcmod->conj->nsubj->nsubj,预测(nn) — 技术(nn) — 故障(nn) — 研究(dobj) — 开展(root) — 为(prep) — 解决(pccomp) — 难题(dobj) — 高(rcmod) — 差(conj) — 经济(nsubj) — 可承受性(nsubj),1
技术 → 解决 → 问题,nn->nn->nn->dobj->root->prep->pccomp->dobj->rcmod->nsubj->amod->nn->nn,预测(nn) — 技术(nn) — 故障(nn) — 研究(dobj) — 开展(root) — 为(prep) — 解决(pccomp) — 难题(dobj) — 高(rcmod) — 费用(nsubj) — 全(amod) — 寿命(nn) — 周期(nn),1
技术 → 解决 → 问题,rcmod->amod->dobj->pobj->prep->dep->root->root->conj->dep->dobj,增加(rcmod) — 线性(amod) — 约束(dobj) — 方式(pobj) — 通过(prep) — 解决(dep) — 研究(root) — 具有(root) — 使得(conj) — 具有(dep) — 不确定性(dobj),1
技术 → 解决 → 问题,rcmod->dobj->dobj->conj->root->root->prep->pccomp->conj->nsubj->nn,含(rcmod) — Dropout(dobj) — 训练(dobj) — 进行(conj) — 提出(root) — 是(root) — 由于(prep) — 存在(pccomp) — 存在(conj) — 分布(nsubj) — 数据(nn),1
技术 → 设计 → 方案,nn->nn->nsubj->root->root->dobj->rcmod->dep->dobj->nn,健康(nn) — 管理(nn) — 方式(nsubj) — 存在(root) — 提出(root) — 框架(dobj) — 为(rcmod) — 实现(dep) — 预测(dobj) — 故障(nn),1
技术 → 设计 → 方案,nn->nn->nsubj->root->root->dobj->rcmod->dep->dobj->nn->conj,健康(nn) — 管理(nn) — 方式(nsubj) — 存在(root) — 提出(root) — 框架(dobj) — 为(rcmod) — 实现(dep) — 预测(dobj) — 故障(nn) — 诊断(conj),1
技术 → 证明 → 结论,amod->nn->dobj->dep->root->root->ccomp->dep->dobj->assmod->nummod->nn->nn->nn,虚拟(amod) — 仪器(nn) — 技术(dobj) — 采用(dep) — 为(root) — 表明(root) — 提供(ccomp) — 证明(dep) — 可行性(dobj) — 实验(assmod) — 半(nummod) — 物理(nn) — 演示(nn) — 验证(nn),1
技术 → 识别 → 故障,nn->nn->nn->nn->nsubj->root->dep->dobj->rcmod->nn->nn->nsubj,航空(nn) — 发动机(nn) — 气路(nn) — 故障(nn) — 诊断(nsubj) — 是(root) — 识别(dep) — 过程(dobj) — 退化(rcmod) — 气路(nn) — 部件(nn) — 性能(nsubj),1
技术 → 识别 → 故障,nn->nn->nn->nsubj->nn,航空(nn) — 发动机(nn) — 气路(nn) — 诊断(nsubj) — 故障(nn),1
技术 → 识别 → 概念,nn->nsubj->root->dobj->nn->nn,智能(nn) — 预测(nsubj) — 识别(root) — 规律(dobj) — 寿命(nn) — 变化(nn),1
技术 → 践行 → 理念,nn->nsubj->root->prep->pobj->rcmod->dobj->nn->amod,数字(nn) — 孪生(nsubj) — 备受(root) — 作为(prep) — 手段(pobj) — 践行(rcmod) — 理念(dobj) — 城市(nn) — 智慧(amod),1
技术 → 践行 → 理念,nn->nsubj->root->prep->pobj->rcmod->dobj->nn->conj->nn,数字(nn) — 孪生(nsubj) — 备受(root) — 作为(prep) — 手段(pobj) — 践行(rcmod) — 理念(dobj) — 城市(nn) — 互联网(conj) — 工业(nn),1
技术 → 践行 → 理念,nn->nsubj->root->prep->pobj->rcmod->dobj->nn->conj->nn,数字(nn) — 孪生(nsubj) — 备受(root) — 作为(prep) — 手段(pobj) — 践行(rcmod) — 理念(dobj) — 城市(nn) — 制造(conj) — 智能(nn),1
技术 → 践行 → 理念,nn->nsubj->root->prep->pobj->rcmod->dobj->nn->nn->conj,数字(nn) — 孪生(nsubj) — 备受(root) — 作为(prep) — 手段(pobj) — 践行(rcmod) — 理念(dobj) — 城市(nn) — 工业(nn) — 4.0(conj),1
技术 → 运用 → 技术,punct->nn->root->root->conj->prep->pobj->nn->amod->nn,、(punct) — 制造(nn) — 复杂(root) — 划分(root) — 联系(conj) — 基于(prep) — 技术(pobj) — 分析(nn) — 大(amod) — 数据(nn),1
技术 → 运用 → 技术,punct->nn->root->root->conj->prep->pobj->nn->conj,、(punct) — 制造(nn) — 复杂(root) — 划分(root) — 联系(conj) — 基于(prep) — 技术(pobj) — 分析(nn) — 云计算(conj),1
技术 → 运用 → 技术,punct->nn->root->root->conj->prep->pobj->nn->conj,、(punct) — 制造(nn) — 复杂(root) — 划分(root) — 联系(conj) — 基于(prep) — 技术(pobj) — 分析(nn) — 通信(conj),1
技术 → 运用 → 技术,punct->nn->root->root->conj->prep->pobj->nn->punct->conj,、(punct) — 制造(nn) — 复杂(root) — 划分(root) — 联系(conj) — 基于(prep) — 技术(pobj) — 分析(nn) — 、(punct) — 传感(conj),1
技术 → 通过 → 网络,nn->cpm->nn->dobj->rcmod->prep->pobj->prnmod->punct,故障(nn) — 的(cpm) — 技术(nn) — 注入(dobj) — 进行(rcmod) — 通过(prep) — 以太网(pobj) — AFDX(prnmod) — ((punct),1
技术 → 通过验证 → 验证方法,punct->assmod->pobj->nn->pobj->prep->rcmod->dobj->root->root->dep->dobj->nn->nn,、(punct) — 基于(assmod) — 模型(pobj) — 控制(nn) — 领域(pobj) — 在(prep) — 进行(rcmod) — 工作(dobj) — 介绍(root) — 有(root) — 通过(dep) — 验证(dobj) — 试验(nn) — 飞行(nn),1
技术 → 采用 → 机制,nummod->conj->nn->assmod->dobj->root->conj->dobj->nn->nn,多(nummod) — 管理(conj) — 任务(nn) — 管理(assmod) — 策略(dobj) — 提出(root) — 采用(conj) — 机制(dobj) — 优先级(nn) — 抢占(nn),1
技术 → 采用 → 模式,nn->assmod->dobj->root->conj->conj->dobj->ordmod->clf->nn,存储(nn) — 管理(assmod) — 策略(dobj) — 提出(root) — 采用(conj) — 采用(conj) — 模式(dobj) — 二(ordmod) — 级(clf) — 缓存(nn),1
技术 → 针对 → 系统,nn->nn->nsubj->root->root->pobj->nn->nn,健康(nn) — 管理(nn) — 方式(nsubj) — 存在(root) — 针对(root) — 系统(pobj) — 飞机(nn) — 起落架(nn),1
技术 → 针对 → 问题,nn->nn->dobj->pccomp->prep->root->prep->pobj->nn->nn->nn,航空(nn) — 发动机(nn) — 需求(dobj) — 满足(pccomp) — 为了(prep) — 为(root) — 针对(prep) — 问题(pobj) — 气路(nn) — 故障(nn) — 预测(nn),1
技术 → 降低 → 成本,amod->nn->nn->nn->top->root->attr->rcmod->conj->dobj,综合(amod) — 运载器(nn) — 健康(nn) — 管理(nn) — 技术(top) — 是(root) — 途径(attr) — 提高(rcmod) — 降低(conj) — 成本(dobj),1
技术 → 降低 → 成本,assm->nn->conj->assmod->nsubj->root->root->prep->pobj,的(assm) — 健康(nn) — 管理(conj) — 飞机(assmod) — 技术(nsubj) — 重要(root) — 面临(root) — 随着(prep) — 使用(pobj),1
技术 → 降低 → 成本,cc->nn->nn->nsubj->conj->prep->pobj->rcmod->conj->dobj->nn->nn->nn,与(cc) — 健康(nn) — 管理(nn) — 技术(nsubj) — 回顾(conj) — 作为(prep) — 技术(pobj) — 提高(rcmod) — 降低(conj) — 费用(dobj) — 系统(nn) — 寿命(nn) — 周期(nn),1
技术 → 降低 → 成本,conj->nn->nsubj->root->conj->dobj->cc->nn,预测(conj) — 故障(nn) — 技术(nsubj) — 是(root) — 降低(conj) — 费用(dobj) — 和(cc) — 保障(nn),1
技术 → 降低 → 成本,nn->nn->nn->assmod->pobj->root->root->prep->pobj->rcmod->conj->dobj->nn->nn,气路(nn) — 故障(nn) — 诊断(nn) — 技术(assmod) — 进步(pobj) — 随着(root) — 出发(root) — 从(prep) — 角度(pobj) — 提高(rcmod) — 降低(conj) — 成本(dobj) — 视情(nn) — 维修(nn),1
技术 → 降低 → 成本,nn->nn->nn->nn->dobj->root->root->prep->pccomp->conj->dobj->nn,航空(nn) — 发动机(nn) — 健康(nn) — 管理(nn) — 技术(dobj) — 发展(root) — 具有(root) — 对于(prep) — 提高(pccomp) — 降低(conj) — 成本(dobj) — 维修(nn),1
技术 → 降低 → 成本,nn->nn->nn->nn->nsubj->root->conj->attr->rcmod->conj->dobj->nn->nn,航空(nn) — 发动机(nn) — 气路(nn) — 故障(nn) — 诊断(nsubj) — 是(root) — 是(conj) — 途径(attr) — 提高(rcmod) — 降低(conj) — 成本(dobj) — 发动机(nn) — 维修(nn),1
技术 → 降低 → 成本,nn->nsubj->conj->root->conj->conj->dobj->cc->nn,PHM(nn) — 技术(nsubj) — 用于(conj) — 发生(root) — 实现(conj) — 降低(conj) — 费用(dobj) — 和(cc) — 保障(nn),1
技术 → 降低 → 成本,nn->nsubj->root->root->conj->attr->rcmod->conj->dobj->nn,飞机(nn) — 结构(nsubj) — 是(root) — 具有(root) — 是(conj) — 之一(attr) — 保证(rcmod) — 降低(conj) — 费用(dobj) — 维护(nn),1
技术 → 降低 → 成本,nsubj->root->attr->rcmod->conj->dobj->nn->nn,PHM(nsubj) — 是(root) — 手段(attr) — 提高(rcmod) — 降低(conj) — 成本(dobj) — 寿命(nn) — 周期(nn),1
技术 → 降低 → 成本,punct->prnmod->nn->nsubj->root->attr->rcmod->conj->dobj->nn->nn,)(punct) — PHM(prnmod) — 管理(nn) — 技术(nsubj) — 是(root) — 手段(attr) — 提高(rcmod) — 降低(conj) — 成本(dobj) — 寿命(nn) — 周期(nn),1
技术 → 需要考虑 → 发展方向,punct->prnmod->punct->top->nn->root->root->prep->pobj->nn->conj,((punct) — PHM(prnmod) — )(punct) — 技术(top) — 管理(nn) — 是(root) — 提出(root) — 从(prep) — 方面(pobj) — 指标(nn) — 可测性(conj),1
技术 → 需要考虑 → 发展方向,punct->prnmod->punct->top->nn->root->root->prep->pobj->nn->nn,((punct) — PHM(prnmod) — )(punct) — 技术(top) — 管理(nn) — 是(root) — 提出(root) — 从(prep) — 方面(pobj) — 指标(nn) — 评价(nn),1
技术 → 需要考虑 → 发展方向,punct->punct->top->prnmod,((punct) — )(punct) — 技术(top) — PHM(prnmod),1
技术 → 需要解决 → 问题,nn->nn->nn->dobj,使用(nn) — 监视(nn) — 寿命(nn) — 技术(dobj),1
技术 → 需要选取 → 参数,cc->nn->dep->root->root->conj->dobj->conj->assmod->nn,与(cc) — 健康(nn) — 管理(dep) — 是(root) — 介绍(root) — 探讨(conj) — 方法(dobj) — 选取(conj) — 参数(assmod) — 监测(nn),1
技术 → 面临 → 问题,amod->assmod->pobj->prep->root->root->nsubj->nn->prnmod->punct,轻型(amod) — 飞机(assmod) — 使用(pobj) — 随着(prep) — 面临(root) — 重要(root) — 技术(nsubj) — 预测(nn) — PHM(prnmod) — )(punct),1
技术 → 面临 → 问题,cpm->nn->nn->rcmod->dobj->root->root->dobj,的(cpm) — 航空(nn) — 发动机(nn) — 基于(rcmod) — 技术(dobj) — 发展(root) — 总结(root) — 挑战(dobj),1
技术 → 面临 → 问题,nn->nn->top->root->root->dobj->conj,飞机(nn) — 电源(nn) — 系统(top) — 是(root) — 指出(root) — 趋势(dobj) — 挑战(conj),1
技术 → 面临 → 问题,nn->nsubj->rcmod->cpm->amod,航空(nn) — 发动机(nsubj) — 确保(rcmod) — 的(cpm) — 关键(amod),1
技术 → 面临挑战 → 挑战,punct->prnmod->punct->top->nn->root->root->conj->dobj->rcmod->prep->pobj->nn->conj->nn->nn,((punct) — PHM(prnmod) — )(punct) — 技术(top) — 管理(nn) — 是(root) — 总结(root) — 探讨(conj) — 挑战(dobj) — 遇到(rcmod) — 在(prep) — 方面(pobj) — 质量(nn) — 获取(conj) — 特征(nn) — 参数(nn),1
技术 → 面临挑战 → 挑战,punct->prnmod->punct->top->nn->root->root->conj->dobj->rcmod->prep->pobj->nn->nn->amod->conj,((punct) — PHM(prnmod) — )(punct) — 技术(top) — 管理(nn) — 是(root) — 总结(root) — 探讨(conj) — 挑战(dobj) — 遇到(rcmod) — 在(prep) — 方面(pobj) — 质量(nn) — 损伤(nn) — 物理(amod) — 模型(conj),1
技术 → 面临挑战 → 挑战,punct->punct->prnmod->nn->top->root->conj->dep->prep->pobj->nn,((punct) — )(punct) — PHM(prnmod) — 管理(nn) — 技术(top) — 是(root) — 成为(conj) — 应用(dep) — 于(prep) — 系统(pobj) — 电子(nn),1
技术 → 预报 → 故障,nn->nsubj->conj->ccomp->ccomp->nsubj->nn,PHM(nn) — 技术(nsubj) — 用于(conj) — 预报(ccomp) — 发生(ccomp) — 故障(nsubj) — 疲劳(nn),1
技术 → 预测 → Performance Metric,nn->nn->nn->dobj->ccomp->root->root->dobj->rcmod->nsubj->nn,时序(nn) — 回归(nn) — 预测(nn) — 技术(dobj) — 采用(ccomp) — 提出(root) — 研究(root) — 频率(dobj) — 发生(rcmod) — 系统(nsubj) — 起落架(nn),1
技术 → 预测 → 指标,nn->nsubj->root->nsubj->amod,智能(nn) — 预测(nsubj) — 识别(root) — 寿命(nsubj) — 剩余(amod),1
技术 → 预计技术成熟度达到 → 等级,amod->conj->nn->pobj->prep->rcmod->dobj->root->root->dep->range,主动(amod) — 控制(conj) — 控制(nn) — 领域(pobj) — 在(prep) — 进行(rcmod) — 工作(dobj) — 介绍(root) — 有(root) — 达到(dep) — 级(range),1
技术 → 预计技术成熟度达到 → 等级,amod->nn->pobj->prep->rcmod->dobj->root->root->dep->range,分布式(amod) — 控制(nn) — 领域(pobj) — 在(prep) — 进行(rcmod) — 工作(dobj) — 介绍(root) — 有(root) — 达到(dep) — 级(range),1
技术 → 验证 → 功能,nn->cpm->nn->dobj->rcmod->dobj->root->pccomp->prep->pobj->assmod->assm->nn->nn,故障(nn) — 的(cpm) — 技术(nn) — 注入(dobj) — 进行(rcmod) — 方案(dobj) — 给出(root) — 进行(pccomp) — 对(prep) — 功能(pobj) — 系统(assmod) — 的(assm) — 健康(nn) — 管理(nn),1
技术 → 验证 → 方法,nn->dobj->conj->conj->root->root->conj->dobj->nn->etc,健康(nn) — 评估(dobj) — 进行(conj) — 采用(conj) — 使用(root) — 是(root) — 采用(conj) — 方法(dobj) — 分解(nn) — 等(etc),1
技术 → 验证 → 方法,nn->nn->top->root->conj->dobj->nn->etc,特征(nn) — 故障(nn) — 提取(top) — 是(root) — 采用(conj) — 方法(dobj) — 分解(nn) — 等(etc),1
技术 → 验证于 → 系统,nn->nn->nsubj->root->root->pobj->nn,健康(nn) — 管理(nn) — 方式(nsubj) — 存在(root) — 针对(root) — 系统(pobj) — 起落架(nn),1
技术 → 高于 → 技术,conj->nn->nn->top->root->attr->rcmod->prep->pobj->assmod->assm->nn->nn,预测(conj) — 故障(nn) — 管理(nn) — 技术(top) — 是(root) — 技术(attr) — 高级(rcmod) — 比(prep) — 技术(pobj) — 传统(assmod) — 的(assm) — 故障(nn) — 诊断(nn),1
技术任务 → 提升 → Performance Metric,nn->nn->nn->nn->nsubj->root->root->prep->pccomp->dobj->nn,航空(nn) — 发动机(nn) — 健康(nn) — 状态(nn) — 预测(nsubj) — 作为(root) — 提供(root) — 为(prep) — 提升(pccomp) — 可靠性(dobj) — 飞机(nn),1
技术任务 → 是...的环节 → 领域,nn->nn->nn->nn->nsubj->root->dobj->assmod->nn->nn,航空(nn) — 发动机(nn) — 健康(nn) — 状态(nn) — 预测(nsubj) — 作为(root) — 之一(dobj) — 管理(assmod) — 发动机(nn) — 健康(nn),1
技术任务 → 降低 → 成本,nn->nn->nn->nsubj->nn,航空(nn) — 健康(nn) — 状态(nn) — 预测(nsubj) — 发动机(nn),1
技术体系 → 包含 → 关键技术,cc->nn->nn->nn,与(cc) — 健康(nn) — 技术(nn) — 管理(nn),1
技术体系 → 包含 → 关键技术,cc->nn->nn->nn->dobj->root->root->conj->dobj->nn->conj->amod,与(cc) — 健康(nn) — 管理(nn) — 技术(nn) — 内涵(dobj) — 介绍(root) — 梳理(root) — 介绍(conj) — 技术(dobj) — 系统(nn) — 诊断(conj) — 综合(amod),1
技术体系 → 包含 → 关键技术,cc->nn->nn->nn->dobj->root->root->conj->dobj->nn->conj->nn,与(cc) — 健康(nn) — 管理(nn) — 技术(nn) — 内涵(dobj) — 介绍(root) — 梳理(root) — 介绍(conj) — 技术(dobj) — 系统(nn) — 决策(conj) — 维修(nn),1
技术体系 → 包含 → 关键技术,cc->nn->nn->nn->dobj->root->root->conj->dobj->nn->conj->nn,与(cc) — 健康(nn) — 管理(nn) — 技术(nn) — 内涵(dobj) — 介绍(root) — 梳理(root) — 介绍(conj) — 技术(dobj) — 系统(nn) — 处理(conj) — 数据(nn),1
技术体系 → 包含 → 关键技术,cc->nn->nn->nn->dobj->root->root->conj->dobj->nn->conj->nn,与(cc) — 健康(nn) — 管理(nn) — 技术(nn) — 内涵(dobj) — 介绍(root) — 梳理(root) — 介绍(conj) — 技术(dobj) — 系统(nn) — 监测(conj) — 状态(nn),1
技术体系 → 包含 → 关键技术,cc->nn->nn->nn->dobj->root->root->conj->dobj->nn->nn->nn->nn,与(cc) — 健康(nn) — 管理(nn) — 技术(nn) — 内涵(dobj) — 介绍(root) — 梳理(root) — 介绍(conj) — 技术(dobj) — 系统(nn) — 后勤(nn) — 支援(nn) — 信息(nn),1
技术体系 → 包含 → 关键技术,cc->nn->nn->nn->nn,与(cc) — 健康(nn) — 管理(nn) — 技术(nn) — 故障(nn),1
技术方案 → 具体为 → 技术方案,nn->nn->dobj->root->root->conj->pobj->nn->prnmod->nummod->punct->punct->dep,作动(nn) — 系统(nn) — 特点(dobj) — 介绍(root) — 提出(root) — 为(conj) — 方案(pobj) — 系统(nn) — E(prnmod) — 3H(nummod) — +(punct) — )(punct) — 方案(dep),1
技术方案 → 适用于 → 飞机型号,nn->nn->dobj->assmod->nn->amod,作动(nn) — 系统(nn) — 特点(dobj) — B787(assmod) — 客机(nn) — 大型(amod),1
技术方法 → 用于实现 → 保障模式,nn->nn->assmod->pobj->prep->root->prep->pccomp->dobj->rcmod->nsubj->nn,信息(nn) — 集成(nn) — 使用(assmod) — 需求(pobj) — 依据(prep) — 提出(root) — 为了(prep) — 满足(pccomp) — 需要(dobj) — 转变(rcmod) — 保障(nsubj) — 飞机(nn),1
技术架构 → 具有 → 特征,nn->nn->nsubj->root->root->conj->dobj->conj->amod,航空(nn) — 电子(nn) — 系统(nsubj) — 发展(root) — 剖析(root) — 讨论(conj) — 应用(dobj) — 特征(conj) — 共性(amod),1
技术架构 → 包括 → 技术架构,nn->nn->nsubj->root->dep->prep->pobj->nn,电子(nn) — 航空(nn) — 系统(nsubj) — 发展(root) — 提出(dep) — 对(prep) — 技术(pobj) — 预测(nn),1
技术架构 → 包括 → 技术架构,nn->nn->nsubj->root->root->dep->dobj->conj->nn->nn,航空(nn) — 电子(nn) — 系统(nsubj) — 发展(root) — 剖析(root) — 包括(dep) — 结构(dobj) — 结构(conj) — 数据(nn) — 驱动(nn),1
技术架构 → 包括 → 技术架构,nn->nn->nsubj->root->root->dep->dobj->rcmod->nn->conj,航空(nn) — 电子(nn) — 系统(nsubj) — 发展(root) — 剖析(root) — 包括(dep) — 结构(dobj) — 基于(rcmod) — 模型(nn) — 结构(conj),1
技术架构 → 应用于 → 领域,nn->nn,电子(nn) — 航空(nn),1
技术框架 → 具备 → 属性,dobj->rcmod->nsubj->root->dobj->vmod->punct->nn->nsubj,算法(dobj) — 学习(rcmod) — 现状(nsubj) — 存在(root) — 问题(dobj) — 差(vmod) — 、(punct) — 理论(nn) — 基础(nsubj),1
技术概念 → 区别于 → 技术概念,mmod->root->root->attr->rcmod->prep->pobj->nn->nn,能(mmod) — 提升(root) — 是(root) — 问题(attr) — 应用(rcmod) — 在(prep) — 领域(pobj) — 发动机(nn) — 航空(nn),1
技术概念 → 发挥 → Performance Metric,mmod,能(mmod),1
技术概念 → 实现 → Performance Metric,mmod,能(mmod),1
技术概念 → 强调 → 能力,mmod->root->root->dobj->rcmod->prep->pobj,能(mmod) — 提升(root) — 在于(root) — 速度(dobj) — 利用(rcmod) — 对(prep) — 数据(pobj),1
技术概念 → 摆脱 → 思维模式,mmod->root->root->prep->pobj->rcmod->dobj->nn->nn,能(mmod) — 提升(root) — 阐明(root) — 从(prep) — 角度(pobj) — 理解(rcmod) — 区别(dobj) — 模式(nn) — 思维(nn),1
技术概念 → 追求 → 目标,mmod->root->root->dobj->assmod->assm->nummod->nn->amod->assmod,能(mmod) — 提升(root) — 追求(root) — 关联性(dobj) — 下(assmod) — 的(assm) — 多(nummod) — 源(nn) — 异构(amod) — 信息(assmod),1
技术研究 → 促进 → 研究领域,nn->nn->assm,健康(nn) — 表征(nn) — 的(assm),1
技术领域 → 具有 → 研究方向,amod->nn->nn->nn->assmod->pobj->root->root->dobj->nn,民用(amod) — 航空(nn) — 发动机(nn) — 健康(nn) — 管理(assmod) — 目标(pobj) — 基于(root) — 指出(root) — 方向(dobj) — 研发(nn),1
技术领域 → 包含 → 功能模块,amod->nn->nn->nn->assmod,民用(amod) — 航空(nn) — 发动机(nn) — 健康(nn) — 管理(assmod),1
技术领域 → 包含 → 功能模块,amod->nn->nn->nn->assmod->pobj->root->root->dobj->assmod->nn->nn->nn->nn->nn,民用(amod) — 航空(nn) — 发动机(nn) — 健康(nn) — 管理(assmod) — 目标(pobj) — 基于(root) — 讨论(root) — 技术(dobj) — 决策(assmod) — 智能(nn) — 视(nn) — 情(nn) — 维护(nn) — 维修(nn),1
技术领域 → 包含 → 功能模块,amod->nn->nn->nn->assmod->pobj->root->root->dobj->conj->nn->amod,民用(amod) — 航空(nn) — 发动机(nn) — 健康(nn) — 管理(assmod) — 目标(pobj) — 基于(root) — 讨论(root) — 技术(dobj) — 诊断(conj) — 地面(nn) — 综合(amod),1
技术领域 → 包含 → 技术组成,conj->nn->nn->conj->nn->nn,预测(conj) — 故障(nn) — 管理(nn) — 构建(conj) — 技术(nn) — 体系(nn),1
技术领域 → 包含 → 技术组成,conj->nn->nn->conj->nn->nn,预测(conj) — 故障(nn) — 管理(nn) — 构建(conj) — 评估(nn) — 验证(nn),1
技术领域 → 包含 → 技术组成,conj->nn->nn->conj->nn->punct->nn->conj,预测(conj) — 故障(nn) — 管理(nn) — 构建(conj) — 评估(nn) — 、(punct) — 数据(nn) — 采集(conj),1
技术领域 → 包含 → 技术组成,conj->nn->nn->conj->nn->punct->nn->nn->conj,预测(conj) — 故障(nn) — 管理(nn) — 构建(conj) — 评估(nn) — 、(punct) — 系统(nn) — 状态(nn) — 监测(conj),1
技术领域 → 包括 → 技术,amod->dobj->conj->dobj->conj->nn->nn,关键(amod) — 技术(dobj) — 包括(conj) — 技术(dobj) — 技术(conj) — 数据(nn) — 融合(nn),1
技术领域 → 包括 → 技术,amod->dobj->conj->root->root->prep->pobj,关键(amod) — 技术(dobj) — 包括(conj) — 阐述(root) — 是(root) — 作为(prep) — 系统(pobj),1
技术领域 → 包括 → 技术,amod->dobj->conj->root->root->prep->pobj->rcmod->cpm->amod,关键(amod) — 技术(dobj) — 包括(conj) — 阐述(root) — 是(root) — 作为(prep) — 系统(pobj) — 采用(rcmod) — 的(cpm) — 先进(amod),1
技术领域 → 包括 → 技术,amod->dobj->conj->root->root->punct->nn,"关键(amod) — 技术(dobj) — 包括(conj) — 阐述(root) — 是(root) — ,(punct) — 健康(nn)",1
技术领域 → 包括 → 技术,amod->dobj->conj->root->root->top->nn->cc,关键(amod) — 技术(dobj) — 包括(conj) — 阐述(root) — 是(root) — 系统(top) — 预测(nn) — 与(cc),1
技术领域 → 包括 → 技术,conj->nn,设计(conj) — 强度(nn),1
技术领域 → 包括 → 技术,conj->nn->nsubj->nn->punct->conj,设计(conj) — 强度(nn) — 技术(nsubj) — 验证(nn) — /(punct) — 分析(conj),1
技术领域 → 包括 → 技术,conj->nn->nsubj->root->prep->pobj->assmod->conj,设计(conj) — 强度(nn) — 技术(nsubj) — 提升(root) — 除了(prep) — 贡献(pobj) — 制造(assmod) — 材料(conj),1
技术领域 → 包括 → 技术,nn->conj->nsubj->root->root->dobj->amod,强度(nn) — 设计(conj) — 技术(nsubj) — 提升(root) — 总结(root) — 承载(dobj) — 高(amod),1
技术领域 → 包括 → 方法,conj->nn->nsubj->nn->punct->conj,设计(conj) — 强度(nn) — 技术(nsubj) — 验证(nn) — /(punct) — 分析(conj),1
技术领域 → 存在 → 问题,amod->nn->nn->nn->assmod->pobj->root->root->dobj->conj,民用(amod) — 航空(nn) — 发动机(nn) — 健康(nn) — 管理(assmod) — 目标(pobj) — 基于(root) — 总结(root) — 挑战(dobj) — 差距(conj),1
技术领域 → 应用 → 核心技术,nn->nn->dobj->assmod->pobj->amod->nsubj,PHM(nn) — 飞机(nn) — 研究(dobj) — 基于(assmod) — 挖掘(pobj) — 海量(amod) — 数据(nsubj),1
技术领域 → 形成 → 体系,nn->nn->top->root->root->attr->nn,航空(nn) — 发动机(nn) — 管理(top) — 是(root) — 是(root) — 之一(attr) — 方法(nn),1
技术领域 → 提出要求 → 性能,nn->assmod->pobj->prep->root->root->nsubj->nn,航空(nn) — 技术(assmod) — 发展(pobj) — 随着(prep) — 演变(root) — 是(root) — 结构(nsubj) — 飞机(nn),1
技术领域 → 提高 → Performance Metric,nn->nn->conj->nn,航空(nn) — 故障(nn) — 预测(conj) — 发动机(nn),1
技术领域 → 提高 → Performance Metric,nn->nn->conj->nn->top->root->attr->rcmod->dobj->nn->nn->conj,航空(nn) — 故障(nn) — 预测(conj) — 发动机(nn) — 管理(top) — 是(root) — 技术(attr) — 提高(rcmod) — 可承受性(dobj) — 发动机(nn) — 航空(nn) — 安全性(conj),1
技术领域 → 是 → 技术类别,nn->nn->conj->nn->top->root->attr->amod,航空(nn) — 故障(nn) — 预测(conj) — 发动机(nn) — 管理(top) — 是(root) — 技术(attr) — 关键(amod),1
技术领域 → 未来发展方向 → 研究方向,nn->nn->nsubj->root->root->prep->pobj->conj->nn,气路(nn) — 故障(nn) — 诊断(nsubj) — 作为(root) — 进行(root) — 对(prep) — 现状(pobj) — 融合(conj) — 信息(nn),1
技术领域 → 未来发展方向 → 研究方向,nn->nn->nsubj->root->root->prep->pobj->conj->nn,气路(nn) — 故障(nn) — 诊断(nsubj) — 作为(root) — 进行(root) — 对(prep) — 现状(pobj) — 预测(conj) — 性能(nn),1
技术领域 → 适应 → 要求,nn->conj->nsubj->root->root->nsubj->nn->amod,强度(nn) — 设计(conj) — 技术(nsubj) — 提升(root) — 总结(root) — 要求(nsubj) — 战斗机(nn) — 先进(amod),1
技术领域 → 需要研究 → 关键技术,amod->nn->nn->nsubj->rcmod->dobj->conj->root->dobj->assmod->nn->cc->nn->nn,军用(amod) — 飞机(nn) — PHM(nn) — 技术(nsubj) — 面临(rcmod) — 问题(dobj) — 分析(conj) — 结合(root) — 研究(dobj) — 方面(assmod) — 技术(nn) — 与(cc) — 平台(nn) — 构建(nn),1
技术领域 → 需要研究 → 关键技术,amod->nn->nn->nsubj->rcmod->dobj->conj->root->dobj->assmod->nn->conj->cc->nn->nn->nn,军用(amod) — 飞机(nn) — PHM(nn) — 技术(nsubj) — 面临(rcmod) — 问题(dobj) — 分析(conj) — 结合(root) — 研究(dobj) — 方面(assmod) — 技术(nn) — 技术(conj) — 与(cc) — 信息(nn) — 标准化(nn) — 管理(nn),1
技术领域 → 需要研究 → 关键技术,amod->nn->nn->nsubj->rcmod->dobj->conj->root->dobj->assmod->nn->conj->conj->amod->nn,军用(amod) — 飞机(nn) — PHM(nn) — 技术(nsubj) — 面临(rcmod) — 问题(dobj) — 分析(conj) — 结合(root) — 研究(dobj) — 方面(assmod) — 技术(nn) — 技术(conj) — 技术(conj) — 测试性(amod) — 试验(nn),1
技术领域 → 需要研究 → 关键技术,amod->nn->nn->nsubj->rcmod->dobj->conj->root->dobj->assmod->nn->conj->punct->nn->nn->conj,军用(amod) — 飞机(nn) — PHM(nn) — 技术(nsubj) — 面临(rcmod) — 问题(dobj) — 分析(conj) — 结合(root) — 研究(dobj) — 方面(assmod) — 技术(nn) — 技术(conj) — 、(punct) — 智能(nn) — 信息(nn) — 处理(conj),1
技术领域 → 面临 → 问题,amod->nn->nn->nn->assmod->pobj->root->root->dobj,民用(amod) — 航空(nn) — 发动机(nn) — 健康(nn) — 管理(assmod) — 目标(pobj) — 基于(root) — 总结(root) — 挑战(dobj),1
技术领域 → 面临 → 问题,amod->nn->nn->nsubj->rcmod->dobj->nn,军用(amod) — 飞机(nn) — PHM(nn) — 技术(nsubj) — 面临(rcmod) — 问题(dobj) — 瓶颈(nn),1
指导 → 用于 → 任务,nn->dobj->dep->prep->pobj->conj->nn->nn->nn,理论(nn) — 指导(dobj) — 提供(dep) — 为(prep) — 工作(pobj) — 论证(conj) — MFOP(nn) — 指标(nn) — 分析(nn),1
指导 → 用于 → 任务,nn->dobj->dep->prep->pobj->nn->nn->nn,理论(nn) — 指导(dobj) — 提供(dep) — 为(prep) — 工作(pobj) — 可靠性(nn) — 飞机(nn) — 设计(nn),1
指标 → 实现 → 功能,nn->amod->nn->nn->dobj->conj->conj->dobj->conj->amod,风险(nn) — 综合(amod) — 预警(nn) — 指数(nn) — 曲线(dobj) — 建立(conj) — 实现(conj) — 预测(dobj) — 监控(conj) — 实时(amod),1
指标 → 实现 → 功能,nn->amod->nn->nn->dobj->conj->root->prep->pobj->rcmod->dobj->nn->cc->nn,风险(nn) — 综合(amod) — 预警(nn) — 指数(nn) — 曲线(dobj) — 建立(conj) — 提出(root) — 针对(prep) — 问题(pobj) — 形成(rcmod) — 方法(dobj) — 预测(nn) — 与(cc) — 趋势(nn),1
指标 → 支撑 → 应用,amod->nsubj->root->prep->pobj->assmod->amod,剩余(amod) — 寿命(nsubj) — 识别(root) — 作为(prep) — 支撑(pobj) — 维修(assmod) — 预测性(amod),1
指标 → 是 → 参数类型,nn->conj->pobj->prep->pccomp->prep->root->root->conj->dep->conj->dobj,故障(nn) — 检测率(conj) — 隔离率(pobj) — 以(prep) — 进行(pccomp) — 通过(prep) — 得到(root) — 利用(root) — 验(conj) — 利用(dep) — 得到(conj) — 参数(dobj),1
指标 → 是 → 参数类型,nn->pobj->prep->pccomp->prep->root->root->conj->dep->conj->dobj,故障(nn) — 隔离率(pobj) — 以(prep) — 进行(pccomp) — 通过(prep) — 得到(root) — 利用(root) — 验(conj) — 利用(dep) — 得到(conj) — 参数(dobj),1
指标 → 确定 → 参数,nn->nn->dobj->conj->dobj->nn,拟(nn) — 合均方(nn) — 误差(dobj) — 采用(conj) — 系数(dobj) — 加权(nn),1
控制系统 → 挑战 → 算法,nn->punct->prnmod->nn->nn->conj,系统(nn) — ）(punct) — EHM(prnmod) — 管理(nn) — 故障(nn) — 诊断(conj),1
控制规律 → 作为 → 策略,nummod->nn->nn->conj->dobj->rcmod->conj->dobj->vmod->nn->nn->dobj->nn,双余度(nummod) — 控制(nn) — 规律(nn) — 概念(conj) — 方法(dobj) — 利用(rcmod) — 作为(conj) — 策略(dobj) — 控制(vmod) — 传感器(nn) — 信号(nn) — 故障(dobj) — 处理(nn),1
控制规律 → 实现 → 功能,nummod->nn->nn->conj->dobj->root->conj->ccomp->dobj->amod,双余度(nummod) — 控制(nn) — 规律(nn) — 概念(conj) — 方法(dobj) — 提出(root) — 表明(conj) — 实现(ccomp) — 转换(dobj) — 无扰动(amod),1
控制规律 → 提高 → Performance Metric,nummod->nn->nn->conj->dobj->root->conj->ccomp->conj->dobj->assmod->assm->nn,双余度(nummod) — 控制(nn) — 规律(nn) — 概念(conj) — 方法(dobj) — 提出(root) — 表明(conj) — 实现(ccomp) — 提高(conj) — 可靠性(dobj) — 发动机(assmod) — 的(assm) — 任务(nn),1
控制规律 → 重构 → 组件,nummod->nn->nn->conj->dobj->root->conj->ccomp->conj->dobj->nn,双余度(nummod) — 控制(nn) — 规律(nn) — 概念(conj) — 方法(dobj) — 提出(root) — 表明(conj) — 实现(ccomp) — 重构(conj) — 回路(dobj) — 控制(nn),1
操作 → 获得 → 指标,amod->dobj->ccomp->root->root->conj->dobj,实时(amod) — 变化(dobj) — 忽略(ccomp) — 是(root) — 改为(root) — 获得(conj) — 残差(dobj),1
支持 → 用于 → 维修活动,cc->dep->rcmod->dobj->ccomp->root->root->conj->dobj,和(cc) — 支持(dep) — 模糊(rcmod) — 技术(dobj) — 采用(ccomp) — 提出(root) — 研究(root) — 变(conj) — 维修(dobj),1
支撑技术 → 支撑 → 系统,nn->nn->top->nn,航空(nn) — 发动机(nn) — 管理(top) — 健康(nn),1
故障 → 破坏 → 状态,amod->nsubj->root->dobj->nn,深(amod) — 喘(nsubj) — 破坏(root) — 安全(dobj) — 飞机(nn),1
故障 → 破坏 → 状态,amod->nsubj->root->dobj->nn->nn->conj,深(amod) — 喘(nsubj) — 破坏(root) — 安全(dobj) — 发动机(nn) — 运行(nn) — 稳定(conj),1
故障 → 表征出 → 信号,nn->assmod->nsubj->root->root->ccomp->dobj->amod,操纵面(nn) — 故障(assmod) — 预测(nsubj) — 具有(root) — 存在(root) — 考虑(ccomp) — 参数(dobj) — 特征(amod),1
故障 → 表现出 → 信号,nn->nn->nsubj->root->dep->dobj->nummod->clf->nn,飞机(nn) — 发动机(nn) — 故障(nsubj) — 表现(root) — 表征(dep) — 信号(dobj) — 多(nummod) — 种(clf) — 特征(nn),1
故障原因 → 导致 → 状态,nn->nn->nsubj->pccomp->prep->rcmod->ccomp->nsubj,供油(nn) — 增压泵(nn) — 叶片(nsubj) — 磨损(pccomp) — 因(prep) — 导致(rcmod) — 退化(ccomp) — 性能(nsubj),1
故障模式 → 导致 → 故障,nn->nn->nsubj->pccomp->prep->pccomp->dobj->nn->nn,起落架(nn) — 减震器(nn) — 密封(nsubj) — 失效(pccomp) — 针对(prep) — 导致(pccomp) — 故障(dobj) — 油液(nn) — 泄漏(nn),1
故障模式 → 导致 → 故障现象,nn->nsubj->loc->lobj->nn->nn->nn,电液(nn) — 泄漏(nsubj) — 内(loc) — 换向阀(lobj) — 系统(nn) — 飞机(nn) — 起落架(nn),1
故障模式 → 属于 → 故障类型,nn->nsubj->pccomp->prep->conj->root->root->prep->plmod->lobj->nn->nn,方向(nn) — 舵(nsubj) — 卡死(pccomp) — 对(prep) — 进行(conj) — 结合(root) — 具有(root) — 在(prep) — 中(plmod) — 系统(lobj) — 舵面(nn) — 故障(nn),1
故障类型 → 是 → 概念,nsubj,故障(nsubj),1
数据 → 作为 → 数据,amod->nn->pobj->prep->root->dobj->assmod->assm->nn,快速(amod) — 存取(nn) — 数据(pobj) — 以(prep) — 作为(root) — 样本(dobj) — 原始(assmod) — 的(assm) — 数据(nn),1
数据 → 作为参考 → 方案,nn->nn->top->root->attr->rcmod->dobj->nn->nn,发动机(nn) — 运行(nn) — 数据(top) — 是(root) — 依据(attr) — 制定(rcmod) — 方案(dobj) — 发动机(nn) — 维护(nn),1
数据 → 作为输入 → Model,lccomp->assmod->nsubj->conj->root->root->dep->dobj->rcmod->dobj->amod->nn,降维(lccomp) — 后(assmod) — 数据(nsubj) — 作为(conj) — 作为(root) — 提供(root) — 提出(dep) — 方法(dobj) — 基于(rcmod) — 网络(dobj) — 深度(amod) — 置信(nn),1
数据 → 保障 → 目标,amod->amod->dobj->root->root->pobj->assmod->nn,多源(amod) — 异构(amod) — 数据(dobj) — 产生(root) — 随着(root) — 提高(pobj) — 程度(assmod) — 飞机(nn),1
数据 → 修正 → 概率分布,nn->assm->assmod->dobj->pccomp->prep->root->dobj->rcmod->pobj->amod,外场(nn) — 的(assm) — 系统(assmod) — 手段(dobj) — 缺乏(pccomp) — 针对(prep) — 提出(root) — 方法(dobj) — 基于(rcmod) — 信息(pobj) — 先验(amod),1
数据 → 具有 → 数据特点,nn->dep->root->root->pobj->vmod->cc->nsubj,发动机(nn) — 寿命(dep) — 是(root) — 针对(root) — 挑战(pobj) — 高(vmod) — 和(cc) — 复杂度(nsubj),1
数据 → 具有 → 数据特点,nn->dep->root->root->pobj->vmod->nsubj,发动机(nn) — 寿命(dep) — 是(root) — 针对(root) — 挑战(pobj) — 高(vmod) — 维度(nsubj),1
数据 → 具有 → 数据特点,nn->dep->root->root->pobj->vmod->punct->nsubj,发动机(nn) — 寿命(dep) — 是(root) — 针对(root) — 挑战(pobj) — 高(vmod) — 、(punct) — 滞后性(nsubj),1
数据 → 具有 → 特性,nn->nn->assmod->conj->amod->amod,滑油(nn) — 光谱(nn) — 数据(assmod) — 特性(conj) — 非线性(amod) — 非平稳(amod),1
数据 → 加入 → 数据,amod->nn->dobj->root->dep->dobj->amod->nn,高(amod) — 相似度(nn) — 样本(dobj) — 迁移(root) — 加入(dep) — 空间(dobj) — 源(amod) — 样本(nn),1
数据 → 包括 → 参数,punct->prnmod->punct->pobj->nn->rcmod->pobj->prep->root->root->conj->dobj->nn,((punct) — QAR(prnmod) — )(punct) — 数据(pobj) — 记录器(nn) — 基于(rcmod) — 类型(pobj) — 针对(prep) — 总结(root) — 得出(root) — 包括(conj) — 位置(dobj) — 襟翼(nn),1
数据 → 包括 → 参数,punct->prnmod->punct->pobj->nn->rcmod->pobj->prep->root->root->conj->dobj->nn->nn->conj,((punct) — QAR(prnmod) — )(punct) — 数据(pobj) — 记录器(nn) — 基于(rcmod) — 类型(pobj) — 针对(prep) — 总结(root) — 得出(root) — 包括(conj) — 位置(dobj) — 左右(nn) — 襟翼(nn) — 角度(conj),1
数据 → 包括 → 参数,punct->punct->prnmod->nn->pobj->rcmod->pobj->prep->root->prep->pccomp->dobj->assmod->pobj->nn->nn,((punct) — )(punct) — QAR(prnmod) — 记录器(nn) — 数据(pobj) — 基于(rcmod) — 类型(pobj) — 针对(prep) — 总结(root) — 为(prep) — 梳理(pccomp) — 现状(dobj) — 对(assmod) — 分析(pobj) — 系统(nn) — 飞行(nn),1
数据 → 反映 → 信息,nn->nsubj->conj->root->root->prep->pccomp->nsubj->conj,计算(nn) — 结果(nsubj) — 反映(conj) — 设计(root) — 导致(root) — 由于(prep) — 受到(pccomp) — 数目(nsubj) — 位置(conj),1
数据 → 存在 → 问题,nn->conj->punct->pccomp->conj->nsubj,"历史(nn) — 数据(conj) — ,(punct) — 存在(pccomp) — 存在(conj) — 分布(nsubj)",1
数据 → 提供 → 信息,nn->dobj->pccomp->prep->conj->nsubj,特征(nn) — 参数(dobj) — 考虑(pccomp) — 由于(prep) — 使得(conj) — 预测(nsubj),1
数据 → 提取自 → 数据,nsubj->ccomp->dep->dep->root->root->prep->pobj,故障(nsubj) — 发生(ccomp) — 预防(dep) — 掌握(dep) — 收放(root) — 为(root) — 以(prep) — 系统(pobj),1
数据 → 支撑 → 系统模块,nn->dobj->root->prep->pobj->assmod->punct->conj,预测(nn) — 系统(dobj) — 开发(root) — 针对(prep) — 需求(pobj) — 大修(assmod) — 、(punct) — 维修(conj),1
数据 → 来源于 → 数据,dobj->assmod->lobj->nn,特征(dobj) — 中(assmod) — 数据(lobj) — 传感器(nn),1
数据 → 构建 → 模型组件,dobj->nn->nn,变动(dobj) — 模糊(nn) — 因子(nn),1
数据 → 满足 → 概率分布,dobj->conj->conj->root->conj->prep->pobj->nn,随机数(dobj) — 产生(conj) — 利用(conj) — 给出(root) — 建立(conj) — 以(prep) — 分布(pobj) — 威布尔(nn),1
数据 → 用于训练 → Model,nn->lobj->assmod->conj->nsubj->conj->root->root->dobj->rcmod->dobj->nn->nn,维修(nn) — 信息(lobj) — 中(assmod) — 次数(conj) — 因子(nsubj) — 作为(conj) — 利用(root) — 提出(root) — 方法(dobj) — 利用(rcmod) — 网络(dobj) — LVQ(nn) — 神经(nn),1
数据 → 用于训练 → Model,nn->nn->pobj->prep->conj->root->root->nsubj->nn,特征(nn) — 向量(nn) — 训练(pobj) — 通过(prep) — 形成(conj) — 建立(root) — 存在(root) — 柱塞泵(nsubj) — 航空(nn),1
数据 → 用于验证 → 属性,nn->nsubj->rcmod->dobj->conj->root->dobj->conj->assmod->assm,发动机(nn) — 厂商(nsubj) — 提供(rcmod) — 数据(dobj) — 对比(conj) — 给出(root) — 可用性(dobj) — 有效性(conj) — 算法(assmod) — 的(assm),1
数据 → 用于验证 → 方法,amod->conj->dobj->root->root->dobj,仿真(amod) — 数据(conj) — 参数(dobj) — 利用(root) — 具有(root) — 非线性(dobj),1
数据 → 用于验证 → 预测模型,nsubj->rcmod->dobj->dep->conj,飞机(nsubj) — 发生(rcmod) — 故障(dobj) — 检测(dep) — 预测(conj),1
数据 → 获取依据 → 信息,nn->nn->dobj->conj->root->root->dobj->nn,QAR(nn) — 参数(nn) — 信息(dobj) — 获取(conj) — 获取(root) — 构建(root) — 图(dobj) — 逻辑(nn),1
数据 → 计算自 → 数据,dobj->conj->conj->root->dobj->rcmod->pobj->prnmod->punct,残差(dobj) — 计算(conj) — 分为(conj) — 提出(root) — 方法(dobj) — 基于(rcmod) — 网络(pobj) — LSSVM(prnmod) — ((punct),1
数据 → 计算自 → 数据,dobj->conj->nsubj->conj->amod->nn,残差(dobj) — 计算(conj) — 结果(nsubj) — 数据(conj) — 实际(amod) — 参数(nn),1
数据 → 输入 → 系统,nn->nn->nn->pobj->rcmod->dobj->nn->nn,航空(nn) — 发动机(nn) — 传感器(nn) — 数据(pobj) — 输入(rcmod) — 系统(dobj) — 健康(nn) — 管理(nn),1
数据 → 输入至 → Model,nn->lobj->assmod->conj->nsubj->conj->root->root->dobj->rcmod->dobj->nn->nn,维修(nn) — 信息(lobj) — 中(assmod) — 次数(conj) — 因子(nsubj) — 作为(conj) — 利用(root) — 提出(root) — 方法(dobj) — 利用(rcmod) — 网络(dobj) — LVQ(nn) — 神经(nn),1
数据 → 验证 → Model,nn->pobj->prep->conj->root->root->prep->pobj->assmod->nn->nn,QAR(nn) — 数据(pobj) — 通过(prep) — 验证(conj) — 作为(root) — 提供(root) — 给(prep) — 管理(pobj) — 性能(assmod) — 发动机(nn) — 航空(nn),1
数据 → 验证 → 方法,nn->nsubj,发动机(nn) — 预测(nsubj),1
数据 → 验证 → 网络模型,nn->root->root->nsubj->nn,试车(nn) — 数据(root) — 受到(root) — 方法(nsubj) — 智能(nn),1
数据特征 → 表征 → 技术问题,nn->nn->nn->nsubj->root->root->ccomp->nsubj,航空(nn) — 发动机(nn) — 性能(nn) — 参数(nsubj) — 具有(root) — 表征(root) — 退行(ccomp) — 寿命(nsubj),1
文献 → 提出 → 流程,cc->nn->nn->nsubj->pccomp->prep->root->nsubj->nn->conj,与(cc) — 健康(nn) — 管理(nn) — 技术(nsubj) — 迅速(pccomp) — 随着(prep) — 成为(root) — 方法(nsubj) — 确认(nn) — 验证(conj),1
文献 → 阐述 → 方法,cc->nn->nn->nsubj->pccomp->prep->root->nsubj->nn->conj,与(cc) — 健康(nn) — 管理(nn) — 技术(nsubj) — 迅速(pccomp) — 随着(prep) — 成为(root) — 方法(nsubj) — PHM(nn) — 验证(conj),1
新方法 → 不受影响 → 影响因素,dobj->root->root->conj->dep->dobj->nn->cc->amod,法(dobj) — 采用(root) — 适用(root) — 大(conj) — 受(dep) — 影响(dobj) — 状态(nn) — 和(cc) — 机动(amod),1
新方法 → 减小 → Performance Metric,nn->nsubj->root->root->dobj,匹配(nn) — 方法(nsubj) — 适用(root) — 改为(root) — 计算(dobj),1
新方法 → 实现 → 任务,dobj->root->root->conj->dep->nsubj->nn,法(dobj) — 采用(root) — 适用(root) — 大(conj) — 受(dep) — 能力(nsubj) — 故障(nn),1
新方法 → 引入 → 参数,dobj->root->root->conj->dep->dobj->nn,法(dobj) — 采用(root) — 适用(root) — 大(conj) — 受(dep) — 影响(dobj) — 状态(nn),1
新方法 → 用于 → 任务,nn->nsubj->root->conj->dep->nsubj->nn,匹配(nn) — 方法(nsubj) — 适用(root) — 大(conj) — 受(dep) — 能力(nsubj) — 故障(nn),1
新方法 → 考虑 → 参数,dobj->root->root->nsubj->assmod->nn,法(dobj) — 采用(root) — 适用(root) — 方法(nsubj) — 损伤(assmod) — 舵面(nn),1
新方法 → 适用于 → Model,dobj->root->root->prep->pobj->nn,法(dobj) — 采用(root) — 适用(root) — 于(prep) — 模型(pobj) — 气动(nn),1
方案 → 具有 → 指标,nn->nn->pobj->assmod->pobj->nn,维修(nn) — 间隔(nn) — 重要性(pobj) — 对(assmod) — 安全(pobj) — 飞行(nn),1
方案 → 具有 → 指标,nn->nn->pobj->prep->root->prep->pobj->assmod->assm->nn,维修(nn) — 间隔(nn) — 重要性(pobj) — 鉴于(prep) — 结合(root) — 针对(prep) — 问题(pobj) — 间隔(assmod) — 的(assm) — 风险(nn),1
方案 → 包含 → 方法,nn->nn->dobj->dep->prep->pobj->vmod->conj->amod->nn->dobj,系统(nn) — 解决(nn) — 方案(dobj) — 提出(dep) — 从(prep) — 方面(pobj) — 分析(vmod) — 构建(conj) — 集成(amod) — 神经(nn) — 网络(dobj),1
方案 → 包含 → 方法,nn->nn->dobj->dep->prep->pobj->vmod->conj->conj->amod->nn->assmod->assm->nn->nn,系统(nn) — 解决(nn) — 方案(dobj) — 提出(dep) — 从(prep) — 方面(pobj) — 分析(vmod) — 预测(conj) — 方法(conj) — 模糊(amod) — 神经(nn) — 网络(assmod) — 的(assm) — 故障(nn) — 诊断(nn),1
方案 → 包含 → 方法,nn->nn->dobj->dep->prep->pobj->vmod->conj->nn->nn,系统(nn) — 解决(nn) — 方案(dobj) — 提出(dep) — 从(prep) — 方面(pobj) — 分析(vmod) — 预测(conj) — 系统级(nn) — 故障(nn),1
方案 → 包含 → 方法,nn->nn->dobj->dep->prep->pobj->vmod->nn->nn->nn,系统(nn) — 解决(nn) — 方案(dobj) — 提出(dep) — 从(prep) — 方面(pobj) — 分析(vmod) — 部件级(nn) — 故障(nn) — 模式(nn),1
方案 → 包含 → 系统,nsubj->lccomp->loc->rcmod->dobj->ccomp->conj->dobj->nn->nn->nn,飞机(nsubj) — 运行(lccomp) — 时(loc) — 下载(rcmod) — 数据(dobj) — 分析(ccomp) — 研究(conj) — 系统(dobj) — 飞机(nn) — 健康(nn) — 管理(nn),1
方案 → 基于 → 数据,cc->nn->dobj->pccomp->prep->root->root->conj->dobj->rcmod->pobj->punct->nn,和(cc) — 健康(nn) — 管理(dobj) — 实现(pccomp) — 为了(prep) — 开展(root) — 分析(root) — 设计(conj) — 方案(dobj) — 基于(rcmod) — 数据(pobj) — -(punct) — 速度(nn),1
方案 → 属于 → 项目,nn->pobj->assmod->nn->amod->amod->conj,总体(nn) — 方案(pobj) — 项目(assmod) — 飞机(nn) — 大(amod) — 实时(amod) — 监测(conj),1
方案 → 应用于 → 系统,nn->nsubj->rcmod->loc->lobj->nn->nn,PHM(nn) — 方案(nsubj) — 满足(rcmod) — 中(loc) — 系统(lobj) — 飞机(nn) — 供电(nn),1
方案 → 开发 → 软件,nn->nn->dobj->rcmod->dobj->nn,技术(nn) — 解决(nn) — 方案(dobj) — 进行(rcmod) — 注入(dobj) — 故障(nn),1
方案 → 提供参考 → 研究,nn->nsubj->rcmod->pobj->prep->root->dep->prep->pobj->nn->nn->nn->nn->nn,PHM(nn) — 方案(nsubj) — 满足(rcmod) — 问题(pobj) — 针对(prep) — 设计(root) — 提供(dep) — 为(prep) — 研究(pobj) — 供电(nn) — 系统(nn) — PHM(nn) — 系统(nn) — 开发(nn),1
方案 → 提出 → 方法,nn->nn->dobj->root->pccomp->prep->pobj->nn,技术(nn) — 解决(nn) — 方案(dobj) — 给出(root) — 进行(pccomp) — 对(prep) — 功能(pobj) — 管理(nn),1
方案 → 提出 → 策略,nn->nn->dobj->root->root->dobj->nn,技术(nn) — 解决(nn) — 方案(dobj) — 给出(root) — 提出(root) — 策略(dobj) — 发送(nn),1
方案 → 提高 → 系统属性,nn->nn->dobj->dep->root->dep->prep->pccomp->dobj->assmod->nn->nn->nn->conj,系统(nn) — 解决(nn) — 方案(dobj) — 提出(dep) — 进行(root) — 打下(dep) — 为(prep) — 提高(pccomp) — 研究(dobj) — 维护性(assmod) — 系统(nn) — 飞机(nn) — 电源(nn) — 可靠性(conj),1
方案 → 搭建 → 装置,nn->nn->dobj->rcmod->dobj->nn,技术(nn) — 解决(nn) — 方案(dobj) — 进行(rcmod) — 注入(dobj) — 故障(nn),1
方案 → 无法满足 → 需求,amod->nn->nn->nsubj->rcmod->dobj->nn->nn,集中式(amod) — PHM(nn) — 设计(nn) — 方案(nsubj) — 满足(rcmod) — 要求(dobj) — 供电(nn) — 系统(nn),1
方案 → 用于发展 → 技术,nn->nn->dobj->dep->root->prep->pobj->assmod->nn->nn->nn->nn->nn,系统(nn) — 解决(nn) — 方案(dobj) — 提出(dep) — 进行(root) — 对(prep) — 现状(pobj) — 技术(assmod) — 系统(nn) — 飞机(nn) — 电源(nn) — 智能(nn) — BIT(nn),1
方案 → 用于降低 → 风险,nn->punct->assmod->nn,风险(nn) — 、(punct) — 风险(assmod) — 飞行(nn),1
方案 → 设计 → 系统,nn->nsubj->rcmod->pobj->prep->root->dobj->punct->amod->nn,PHM(nn) — 方案(nsubj) — 满足(rcmod) — 问题(pobj) — 针对(prep) — 设计(root) — 系统(dobj) — —(punct) — 集中式(amod) — PHM(nn),1
方案 → 连接 → 设备,nn->dobj->assmod->pobj->conj,交联(nn) — 方案(dobj) — 与(assmod) — 发动机(pobj) — 飞机(conj),1
方案 → 连接 → 设备,nn->dobj->conj->root->dobj->assmod->nn,交联(nn) — 方案(dobj) — 设计(conj) — 介绍(root) — 功能(dobj) — 系统(assmod) — 发动机(nn),1
方法 → 仿真 → 数据,nn->nn->nn->nn->dobj->conj->root->dobj->conj->nn,维修(nn) — 间隔(nn) — 风险(nn) — 评估(nn) — 方法(dobj) — 提出(conj) — 结合(root) — 模型(dobj) — 预测(conj) — 故障(nn),1
方法 → 优于 → Model,nn->nsubj->rcmod->pobj->root->root->dobj->rcmod->conj->nsubj->nn->prnmod->punct,"故障(nn) — 预测(nsubj) — 面临(rcmod) — 问题(pobj) — 针对(root) — 提出(root) — 方法(dobj) — 改进(rcmod) — 结合(conj) — 框架(nsubj) — 记忆(nn) — LSTM(prnmod) — ,(punct)",1
方法 → 优于 → Model,nn->nsubj->rcmod->pobj->root->root->dobj->rcmod->conj->nsubj->nn->prnmod->punct->nn->nn,故障(nn) — 预测(nsubj) — 面临(rcmod) — 问题(pobj) — 针对(root) — 提出(root) — 方法(dobj) — 改进(rcmod) — 结合(conj) — 框架(nsubj) — 记忆(nn) — LSTM(prnmod) — )(punct) — 神经(nn) — 网络(nn),1
方法 → 优于 → 对比方法,nn->assmod,预测(nn) — 方法(assmod),1
方法 → 优于 → 对比方法,nn->assmod->pobj->prep->root->conj->ccomp->prep->pobj->nn,预测(nn) — 方法(assmod) — 不足(pobj) — 针对(prep) — 提出(root) — 表明(conj) — 具有(ccomp) — 相比(prep) — 方法(pobj) — SVM(nn),1
方法 → 优于 → 方法,amod->nn->cpm->dobj->rcmod->dobj->root->punct,"剩余(amod) — 寿命(nn) — 的(cpm) — 预估(dobj) — 进行(rcmod) — 方法(dobj) — 提出(root) — ,(punct)",1
方法 → 优于 → 方法,dobj,数据(dobj),1
方法 → 优于 → 方法,nn,预测(nn),1
方法 → 优于 → 方法,nn->dobj->rcmod->dobj,Copula(nn) — 相似性(dobj) — 基于(rcmod) — 方法(dobj),1
方法 → 优于 → 方法,nn->nn->nsubj->conj->conj->prep->pobj->assmod->assm->nn->nn,神经(nn) — 网络(nn) — 方法(nsubj) — 有(conj) — 相比(conj) — 与(prep) — 方法(pobj) — 系统(assmod) — 的(assm) — 故障(nn) — 检测(nn),1
方法 → 优于 → 方法,nn->nsubj->lccomp->loc->root->root->conj->dobj->rcmod->advmod->nn->nn,向量机(nn) — 方法(nsubj) — 应用(lccomp) — 时(loc) — 出现(root) — 采用(root) — 支持(conj) — 方法(dobj) — 传播(rcmod) — 反向(advmod) — 神经(nn) — 网络(nn),1
方法 → 优于 → 方法,nn->nsubj->rcmod,向量机(nn) — 方法(nsubj) — 支持(rcmod),1
方法 → 优于 → 方法,rcmod->dobj,基于(rcmod) — 网络(dobj),1
方法 → 优化 → Model,dobj->root->root->dobj,窗口(dobj) — 采用(root) — 提出(root) — 模型(dobj),1
方法 → 估计 → 属性,amod->nn->dobj->pccomp->prep->conj->root->top->nn->nn,大(amod) — 规模(nn) — 电路(dobj) — 属于(pccomp) — 由于(prep) — 混叠(conj) — 是(root) — 提取(top) — 故障(nn) — 特征(nn),1
方法 → 使用 → Dataset,nn->nsubj->rcmod->cpm->nn,故障(nn) — 预测(nsubj) — 面临(rcmod) — 的(cpm) — 退化(nn),1
方法 → 使用 → Model,amod->nn->cpm->dobj->dobj->rcmod->prep->pobj->amod->nn->nn,剩余(amod) — 寿命(nn) — 的(cpm) — 方法(dobj) — 预估(dobj) — 进行(rcmod) — 基于(prep) — 网络(pobj) — 长短期(amod) — 记忆(nn) — 神经(nn),1
方法 → 使用 → Model,amod->nn->cpm->dobj->dobj->rcmod->prep->pobj->conj->nn->nn,剩余(amod) — 寿命(nn) — 的(cpm) — 方法(dobj) — 预估(dobj) — 进行(rcmod) — 基于(prep) — 网络(pobj) — 网络(conj) — 卷积(nn) — 神经(nn),1
方法 → 使用 → 信息源,amod->nn->nn->nn->cpm->rcmod->dobj->dep->root->prep->pobj->dep->lobj,产生式(amod) — 规则(nn) — 知识(nn) — 表示(nn) — 的(cpm) — 基于(rcmod) — 方法(dobj) — 设计(dep) — 为(root) — 针对(prep) — 问题(pobj) — 下(dep) — 数据(lobj),1
方法 → 使用 → 技术,nsubj->root->root->prep->pobj->rcmod->dobj->rcmod->dobj,维修(nsubj) — 是(root) — 基于(root) — 针对(prep) — 问题(pobj) — 缺乏(rcmod) — 数据(dobj) — 应用(rcmod) — 技术(dobj),1
方法 → 使用 → 数据,nn->dobj->conj->prep->pobj->nn->nsubj->rcmod->nn,仿真(nn) — 实验(dobj) — 进行(conj) — 对(prep) — 数据(pobj) — 飞机(nn) — 舵面(nsubj) — 卡死(rcmod) — 故障(nn),1
方法 → 使用 → 数据,nn->dobj->root->root->dobj,贝叶斯(nn) — 网络(dobj) — 采用(root) — 收集(root) — 数据(dobj),1
方法 → 使用 → 方法,cc->nn->lobj->plmod->prep->root->root->pccomp->dobj->nn,与(cc) — 故障(nn) — 诊断(lobj) — 中(plmod) — 于(prep) — 应用(root) — 通过(root) — 构造(pccomp) — 函数(dobj) — 判别(nn),1
方法 → 使用 → 方法,nn->cc->lobj->plmod->prep->root->nsubj->nn,故障(nn) — 与(cc) — 诊断(lobj) — 中(plmod) — 于(prep) — 应用(root) — 方法(nsubj) — 分析(nn),1
方法 → 使用 → 设备,nn->dobj->root->root->pobj->rcmod->dobj->amod,校准(nn) — 方法(dobj) — 分析(root) — 通过(root) — 方式(pobj) — 提供(rcmod) — 热源(dobj) — 标准(amod),1
方法 → 使用数据 → 数据,nn->nsubj->lccomp->prep->pobj->nn->conj,向量机(nn) — 方法(nsubj) — 应用(lccomp) — 于(prep) — 预测(pobj) — 关系(nn) — 磨粒(conj),1
方法 → 依赖 → 依据,nsubj,故障(nsubj),1
方法 → 便于 → 活动,cpm->nn->nn->rcmod->dobj->root->root->dobj->nn,的(cpm) — 故障(nn) — 预测(nn) — 基于(rcmod) — 研究(dobj) — 进行(root) — 便于(root) — 保养(dobj) — 维护(nn),1
方法 → 保障 → 目标,amod->dobj->rcmod->dobj->root->conj->dep->dobj->nn,灰色(amod) — 理论(dobj) — 基于(rcmod) — 方法(dobj) — 提出(root) — 处理(conj) — 保障(dep) — 安全(dobj) — 飞行(nn),1
方法 → 修正 → Model,nn->nsubj->root->root->conj->conj->prep->pobj->assmod->punct->nn,疲劳(nn) — 失效(nsubj) — 发生(root) — 建立(root) — 求解(conj) — 进行(conj) — 对(prep) — 弹性段(pobj) — 曲线(assmod) — -(punct) — 寿命(nn),1
方法 → 具有 → 优势,nn->nsubj->lccomp->loc->root->dobj->vmod->punct->nsubj,向量机(nn) — 方法(nsubj) — 应用(lccomp) — 时(loc) — 出现(root) — 问题(dobj) — 强(vmod) — 、(punct) — 计算量(nsubj),1
方法 → 具有 → 优势,nn->nsubj->lccomp->loc->root->root->ccomp->dobj->vmod->conj->nsubj->advmod,向量机(nn) — 方法(nsubj) — 应用(lccomp) — 时(loc) — 出现(root) — 表明(root) — 拥有(ccomp) — 优势(dobj) — 少(vmod) — 高(conj) — 精度(nsubj) — 较(advmod),1
方法 → 具有 → 优势,nn->nsubj->lccomp->prep->pobj->loc,向量机(nn) — 方法(nsubj) — 应用(lccomp) — 于(prep) — 预测(pobj) — 时(loc),1
方法 → 具有 → 优点,amod->nn->nn->nn->cpm->rcmod->dobj->dep->root->prep->pobj->rcmod->nsubj,产生式(amod) — 规则(nn) — 知识(nn) — 表示(nn) — 的(cpm) — 基于(rcmod) — 方法(dobj) — 设计(dep) — 为(root) — 针对(prep) — 问题(pobj) — 低下(rcmod) — 效率(nsubj),1
方法 → 具有 → 优点,amod->nn->nn->nn->cpm->rcmod->dobj->dep->root->prep->pobj->rcmod->nsubj->nn,产生式(amod) — 规则(nn) — 知识(nn) — 表示(nn) — 的(cpm) — 基于(rcmod) — 方法(dobj) — 设计(dep) — 为(root) — 针对(prep) — 问题(pobj) — 低下(rcmod) — 效率(nsubj) — 推理(nn),1
方法 → 具有 → 优点,nn->nn->nsubj->conj->dobj->vmod->amod->nn->nsubj,神经(nn) — 网络(nn) — 方法(nsubj) — 有(conj) — 优点(dobj) — 强(vmod) — 非线性(amod) — 逼近(nn) — 能力(nsubj),1
方法 → 具有 → 优点,nn->nn->nsubj->conj->dobj->vmod->conj->nn->nn->nsubj,神经(nn) — 网络(nn) — 方法(nsubj) — 有(conj) — 优点(dobj) — 强(vmod) — 好(conj) — 故障(nn) — 检测(nn) — 实时性(nsubj),1
方法 → 具有 → 性能,nn->nsubj,故障(nn) — 预测(nsubj),1
方法 → 具有 → 评价,assm->nn->nsubj->assmod->root->root->prep->pobj->assmod->lobj,的(assm) — 故障(nn) — 预测(nsubj) — 设备(assmod) — 是(root) — 提出(root) — 针对(prep) — 需求(pobj) — 中(assmod) — 应用(lobj),1
方法 → 具有 → 评价,nn->nn->nn->nn->dobj->root->root->ccomp->dep->dobj->nn,飞机(nn) — 液压泵(nn) — 故障(nn) — 预测(nn) — 方法(dobj) — 提出(root) — 表明(root) — 实现(ccomp) — 具有(dep) — 前景(dobj) — 应用(nn),1
方法 → 减小 → 评估指标,nn->nn->cpm->rcmod->dobj->root->prep->pobj->rcmod->nsubj->amod,组合(nn) — 预测(nn) — 的(cpm) — 基于(rcmod) — 方法(dobj) — 提出(root) — 针对(prep) — 问题(pobj) — 间隔(rcmod) — 故障(nsubj) — 平均(amod),1
方法 → 减少 → Performance Metric,nsubj->pccomp->root->root->conj->dobj->nn,变量(nsubj) — 众多(pccomp) — 由于(root) — 选取(root) — 进行(conj) — 预测(dobj) — 寿命(nn),1
方法 → 减少 → 指标,nn->dobj->rcmod->dobj->nn->prnmod->punct->nn,Copula(nn) — 相似性(dobj) — 基于(rcmod) — 方法(dobj) — RUL(nn) — remaining(prnmod) — )(punct) — 预测(nn),1
方法 → 减少 → 问题,nn->dobj->root->conj->dobj->amod,Dropout(nn) — 方法(dobj) — 利用(root) — 减少(conj) — 拟合(dobj) — 过(amod),1
方法 → 分析 → 原因,assm->amod->amod->dobj->assmod->root->root->dobj->rcmod->cpm->nn,的(assm) — 多源(amod) — 异构(amod) — 数据(dobj) — 大量(assmod) — 产生(root) — 介绍(root) — 方法(dobj) — 融合(rcmod) — 的(cpm) — 故障(nn),1
方法 → 分析 → 指标,amod->dobj->rcmod->dobj->root->conj->dep->dobj->nummod->amod->nn->nn,灰色(amod) — 理论(dobj) — 基于(rcmod) — 方法(dobj) — 提出(root) — 处理(conj) — 分析(dep) — 千时率(dobj) — 172(nummod) — 基本型(amod) — 飞机(nn) — 故障(nn),1
方法 → 分析 → 数据,amod->nn->dobj->pccomp->prep->conj->root->root->conj->dobj->amod,大(amod) — 规模(nn) — 电路(dobj) — 属于(pccomp) — 由于(prep) — 混叠(conj) — 是(root) — 使用(root) — 分析(conj) — 数据集(dobj) — 高维(amod),1
方法 → 分析 → 数据,nn->nn->nn->nsubj->nn->nummod->nn->nn->nn,状态(nn) — 预测(nn) — 趋势(nn) — 结果(nsubj) — 电压(nn) — +(nummod) — 5V(nn) — 输出(nn) — 数据(nn),1
方法 → 分析 → 设备,nn->nn->dobj->root->root->top->nn,故障(nn) — 分析(nn) — 方法(dobj) — 提出(root) — 是(root) — 数据(top) — 发动机(nn),1
方法 → 分析评估 → 状态,amod->nn->top->nn,防热(amod) — 健康(nn) — 管理(top) — 系统(nn),1
方法 → 分配 → 功能,assm->conj->assmod->dobj->root->root->top->nn,的(assm) — 功能(conj) — 系统(assmod) — 作用(dobj) — 发挥(root) — 是(root) — 系统(top) — 管理(nn),1
方法 → 划分 → 概念,cpm->dobj->rcmod->root->root->conj->nsubj,的(cpm) — 方法(dobj) — 基于(rcmod) — 提出(root) — 采用(root) — 划分(conj) — 论域(nsubj),1
方法 → 利用 → 信息,nn->nn->nn->nn->conj->cpm->rcmod->pobj,PHM(nn) — 诊断(nn) — 能力(nn) — 外场(nn) — 评估(conj) — 的(cpm) — 基于(rcmod) — 信息(pobj),1
方法 → 利用 → 原理,nn->nn->nsubj->pccomp->prep->root->root->conj->dobj->advmod->amod->nn,静电(nn) — 阵列(nn) — 数目(nsubj) — 受到(pccomp) — 由于(prep) — 导致(root) — 提出(root) — 利用(conj) — 原理(dobj) — 互(advmod) — 相关(amod) — 聚焦(nn),1
方法 → 利用 → 控制规律,nn->nummod->nn->nn->nn->conj->nn,航空(nn) — 双余度(nummod) — 控制(nn) — 设计(nn) — 发动机(nn) — 概念(conj) — 规律(nn),1
方法 → 利用 → 数据,nn->nn->nn->nn->conj->cpm->rcmod->dobj->root->prep->pccomp->dobj->assmod->assm->nn,PHM(nn) — 诊断(nn) — 能力(nn) — 外场(nn) — 评估(conj) — 的(cpm) — 基于(rcmod) — 方法(dobj) — 提出(root) — 针对(prep) — 缺乏(pccomp) — 手段(dobj) — 系统(assmod) — 的(assm) — 外场(nn),1
方法 → 利用 → 数据,nummod->nn->amod->nn->rcmod->dobj,多(nummod) — 因子(nn) — 高阶(amod) — 模糊(nn) — 基于(rcmod) — 变动(dobj),1
方法 → 利用 → 算法,dobj->root->root->conj->dobj->nn->advmod->amod->nn,非线性(dobj) — 具有(root) — 提高(root) — 利用(conj) — 算法(dobj) — 序列(nn) — 最(advmod) — 小(amod) — 最优化(nn),1
方法 → 制备 → 数据,nn->pobj->prep->root->root->conj->dobj->nn,时间(nn) — 信息(pobj) — 对(prep) — 进行(root) — 采用(root) — 制备(conj) — 样本(dobj) — 训练(nn),1
方法 → 制约 → 过程,conj->nn->nsubj->root->dobj->rcmod->dobj->nn->nn->nn->nn,验证(conj) — PHM(nn) — 方法(nsubj) — 成为(root) — 难点(dobj) — 制约(rcmod) — 转化(dobj) — PHM(nn) — 技术(nn) — 成果(nn) — 工程(nn),1
方法 → 包含 → 公式,nn->nn->nn->nn->nsubj->conj->root->dep->conj->dobj->nn->nn,航空(nn) — 装备(nn) — 可用度(nn) — 影响(nn) — 因素(nsubj) — 分为(conj) — 进行(root) — 给出(dep) — 给出(conj) — 公式(dobj) — 解析(nn) — 计算(nn),1
方法 → 包含 → 分析,nn->nn->nn->nn->nsubj->conj->root->conj->dobj->assmod->nummod->nn->nn,航空(nn) — 装备(nn) — 可用度(nn) — 影响(nn) — 因素(nsubj) — 分为(conj) — 进行(root) — 给出(conj) — 结论(dobj) — 分析(assmod) — 多(nummod) — 因素(nn) — 耦合(nn),1
方法 → 包含 → 分析,nn->nn->nn->nn->nsubj->conj->root->conj->dobj->conj->amod->nn,航空(nn) — 装备(nn) — 可用度(nn) — 影响(nn) — 因素(nsubj) — 分为(conj) — 进行(root) — 给出(conj) — 结论(dobj) — 分析(conj) — 单(amod) — 因素(nn),1
方法 → 包含 → 原则,assm->nn->nn->pobj->assmod->prep->conj->conj->root->root->dobj->nn->nn,的(assm) — 故障(nn) — 检测(nn) — 方法(pobj) — 系统(assmod) — 与(prep) — 相比(conj) — 有(conj) — 提出(root) — 给出(root) — 原则(dobj) — 阈值(nn) — 选取(nn),1
方法 → 包含 → 方法,assm->nn->nn->assmod->dobj->conj->root->root->dobj->nn->rcmod->cc->conj->dobj,的(assm) — 故障(nn) — 诊断(nn) — 系统(assmod) — 技术(dobj) — 研究(conj) — 具有(root) — 综述(root) — 进展(dobj) — 方法(nn) — 基于(rcmod) — 和(cc) — 基于(conj) — 数据(dobj),1
方法 → 包含 → 方法,assm->nn->nn->assmod->dobj->conj->root->root->dobj->nn->rcmod->dobj,的(assm) — 故障(nn) — 诊断(nn) — 系统(assmod) — 技术(dobj) — 研究(conj) — 具有(root) — 综述(root) — 进展(dobj) — 方法(nn) — 基于(rcmod) — 模型(dobj),1
方法 → 包含 → 方法,etc->dobj->nn->conj->root->root->ccomp->nsubj->rcmod->dobj->advmod->vmod->nn->nn,等(etc) — 方法(dobj) — 分解(nn) — 采用(conj) — 是(root) — 提出(root) — 提取(ccomp) — 方法(nsubj) — 基于(rcmod) — 降噪(dobj) — 自(advmod) — 编码(vmod) — 神经(nn) — 网络(nn),1
方法 → 包含 → 方法,etc->nn->dobj->conj->root->conj->prep->pccomp->dobj->nn->amod,等(etc) — 分解(nn) — 方法(dobj) — 采用(conj) — 是(root) — 混叠(conj) — 由于(prep) — 属于(pccomp) — 电路(dobj) — 规模(nn) — 大(amod),1
方法 → 包含 → 方法,nn->dobj->cpm,健康(nn) — 状态(dobj) — 的(cpm),1
方法 → 包含 → 方法,nn->nn->nn->dobj->rcmod->attr->root->root->dobj->assmod->nn,飞机(nn) — 金属(nn) — 结构(nn) — 寿命(dobj) — 影响(rcmod) — 因素(attr) — 是(root) — 综述(root) — 思路(dobj) — 方法(assmod) — 分析(nn),1
方法 → 包含 → 方法,nn->nn->nn->dobj->rcmod->attr->root->top->nsubj,金属(nn) — 结构(nn) — 飞机(nn) — 寿命(dobj) — 影响(rcmod) — 因素(attr) — 是(root) — 失效(top) — 疲劳(nsubj),1
方法 → 包含 → 方法,nn->punct->assmod->dobj->nn->assm->nn,风险(nn) — 、(punct) — 风险(assmod) — 方法(dobj) — 飞行(nn) — 的(assm) — 计算(nn),1
方法 → 包含 → 方法,nn->punct->conj,风险(nn) — 、(punct) — 因子(conj),1
方法 → 包含 → 步骤,nsubj,故障(nsubj),1
方法 → 包含 → 步骤,nsubj->rcmod->dobj->root->root->conj->prep->pobj->nn,故障(nsubj) — 诊断(rcmod) — 问题(dobj) — 研究(root) — 提出(root) — 重建(conj) — 通过(prep) — 优化(pobj) — 规则(nn),1
方法 → 包含 → 算法,nn->nn->assm->assmod->pobj->prep->conj->conj->root->dobj->rcmod->dobj->nn,故障(nn) — 检测(nn) — 的(assm) — 系统(assmod) — 方法(pobj) — 与(prep) — 相比(conj) — 有(conj) — 提出(root) — 方法(dobj) — 基于(rcmod) — 网络(dobj) — 预测(nn),1
方法 → 包含 → 设计内容,nn->nsubj->rcmod->dobj->pccomp->root->root->dobj->nn->nn,设计(nn) — 流程(nsubj) — 清晰(rcmod) — 问题(dobj) — 解决(pccomp) — 为(root) — 建立(root) — 方法(dobj) — 定义(nn) — 模块(nn),1
方法 → 包括 → 组成部分,dep->dvpm,预测(dep) — 地(dvpm),1
方法 → 包括 → 组成部分,dvpm->dep->dvpmod->root->root->conj->dobj->conj->nn,地(dvpm) — 预测(dep) — 有效(dvpmod) — 具有(root) — 提出(root) — 包括(conj) — 算法(dobj) — 训练(conj) — 网络(nn),1
方法 → 包括 → 组成部分,dvpm->dep->dvpmod->root->root->conj->dobj->conj->nn->nn,地(dvpm) — 预测(dep) — 有效(dvpmod) — 具有(root) — 提出(root) — 包括(conj) — 算法(dobj) — 设计(conj) — 网络(nn) — 结构(nn),1
方法 → 去除 → 数据,dobj->advmod->vmod->nn->nn->rcmod->nsubj->ccomp->root->root->conj->top->prep->plmod->lobj,降噪(dobj) — 自(advmod) — 编码(vmod) — 神经(nn) — 网络(nn) — 基于(rcmod) — 方法(nsubj) — 提取(ccomp) — 提出(root) — 是(root) — 是(conj) — 提取(top) — 从(prep) — 中(plmod) — 信息(lobj),1
方法 → 去除 → 问题,nn->nn->nn->nn->nn->dobj->root->prep->pccomp->ccomp->conj->dobj->nn->nn,航空(nn) — 发动机(nn) — 传感器(nn) — 数据(nn) — 预处理(nn) — 方法(dobj) — 提出(root) — 为(prep) — 实现(pccomp) — 进行(ccomp) — 去除(conj) — 干扰(dobj) — 噪声(nn) — 信号(nn),1
方法 → 发出 → 信号,amod->nn->dobj->cpm->dobj->rcmod->root->root->ccomp->dep->dobj->nn->nn,剩余(amod) — 寿命(nn) — 预估(dobj) — 的(cpm) — 方法(dobj) — 进行(rcmod) — 提出(root) — 表明(root) — 进行(ccomp) — 发出(dep) — 信号(dobj) — 故障(nn) — 预警(nn),1
方法 → 可分类为 → 方法分类,dobj->rcmod->dobj->root->root->pobj->rcmod->pobj->cc->amod,气路(dobj) — 基于(rcmod) — 技术(dobj) — 发展(root) — 以(root) — 方式(pobj) — 基于(rcmod) — 驱动(pobj) — 和(cc) — 混合(amod),1
方法 → 可分类为 → 方法分类,dobj->rcmod->dobj->root->root->pobj->rcmod->pobj->conj->nn,气路(dobj) — 基于(rcmod) — 技术(dobj) — 发展(root) — 以(root) — 方式(pobj) — 基于(rcmod) — 驱动(pobj) — 驱动(conj) — 模型(nn),1
方法 → 可分类为 → 方法分类,dobj->rcmod->dobj->root->root->pobj->rcmod->pobj->punct->nn->conj,气路(dobj) — 基于(rcmod) — 技术(dobj) — 发展(root) — 以(root) — 方式(pobj) — 基于(rcmod) — 驱动(pobj) — 、(punct) — 数据(nn) — 驱动(conj),1
方法 → 可应用于 → 应用领域,cpm->amod->nn->nn->nn->dobj->rcmod->dep->root->root->dep->prep->pobj->assmod->amod,的(cpm) — 产生式(amod) — 规则(nn) — 知识(nn) — 表示(nn) — 方法(dobj) — 基于(rcmod) — 设计(dep) — 为(root) — 为(root) — 应用(dep) — 于(prep) — 预测(pobj) — 工程(assmod) — 实际(amod),1
方法 → 可应用于 → 应用领域,nn->nsubj->lccomp->prep->pobj->nn->cc->nn,向量机(nn) — 方法(nsubj) — 应用(lccomp) — 于(prep) — 预测(pobj) — 关系(nn) — 与(cc) — 故障(nn),1
方法 → 可应用于 → 应用领域,nn->nsubj->lccomp->prep->pobj->nn->conj->nn->nn,向量机(nn) — 方法(nsubj) — 应用(lccomp) — 于(prep) — 预测(pobj) — 关系(nn) — 磨粒(conj) — 发动机(nn) — 油液(nn),1
方法 → 可用于 → 应用领域,nn->nn->amod->nn->nn->nsubj->rcmod->dobj->rcmod->nsubj->nn,航空(nn) — 发动机(nn) — 机载(amod) — 健康(nn) — 管理(nn) — 系统(nsubj) — 正向(rcmod) — 问题(dobj) — 清晰(rcmod) — 流程(nsubj) — 设计(nn),1
方法 → 基于 → Model,cc->attr->root->root->dep->dobj->dep->rcmod->dobj->amod,和(cc) — 方法(attr) — 是(root) — 进行(root) — 分析(dep) — 方法(dobj) — 方法(dep) — 基于(rcmod) — 模型(dobj) — 测试性(amod),1
方法 → 基于 → Model,cc->nn->nn->top->root->root->dep->dobj->rcmod->dobj->nn,与(cc) — 健康(nn) — 管理(nn) — 应用(top) — 是(root) — 进行(root) — 分析(dep) — 方法(dobj) — 基于(rcmod) — 网络(dobj) — 贝叶斯(nn),1
方法 → 基于 → Model,cc->nn->nn->top->root->root->dep->dobj->rcmod->dobj->nn->conj,与(cc) — 健康(nn) — 管理(nn) — 应用(top) — 是(root) — 进行(root) — 分析(dep) — 方法(dobj) — 基于(rcmod) — 网络(dobj) — 贝叶斯(nn) — 马尔科夫(conj),1
方法 → 基于 → Model,dvpm->dep->dvpmod->root->root->dobj->rcmod->pobj->prnmod->punct->nn->nn->pobj,地(dvpm) — 预测(dep) — 有效(dvpmod) — 具有(root) — 提出(root) — 方法(dobj) — 基于(rcmod) — 记忆(pobj) — LSTM(prnmod) — )(punct) — 循环(nn) — 神经(nn) — 网络(pobj),1
方法 → 基于 → Model,nn->amod->nn->assmod->assm->dobj->root->dobj->assmod->amod->conj->nn->nn,机上(nn) — 在线(amod) — 异常(nn) — 检测(assmod) — 的(assm) — 方法(dobj) — 提出(root) — 保障(dobj) — 网络(assmod) — 混合(amod) — SOM-(conj) — RBF(nn) — 神经(nn),1
方法 → 基于 → Model,nn->nn->conj->dobj->rcmod->pobj->nn->nn,健康(nn) — 表征(nn) — 方法(conj) — 应用(dobj) — 基于(rcmod) — 贝叶斯(pobj) — 模型(nn) — 隐马尔可夫(nn),1
方法 → 基于 → Model,nn->nn->dobj->rcmod->dobj->amod->nummod->amod->nn->nn,故障(nn) — 诊断(nn) — 方法(dobj) — 基于(rcmod) — 模型(dobj) — 自适应(amod) — 多(nummod) — 小波(amod) — 网络(nn) — 预测(nn),1
方法 → 基于 → Model,nn->nn->dobj->rcmod->dobj->cc->nn,故障(nn) — 分析(nn) — 方法(dobj) — 基于(rcmod) — average(dobj) — 和(cc) — ARIMA(nn),1
方法 → 基于 → Model,nn->nn->nn->dobj->rcmod->dobj->amod,卡尔曼(nn) — 滤波(nn) — 估计(nn) — 方法(dobj) — 基于(rcmod) — 模型(dobj) — 非线性(amod),1
方法 → 基于 → Model,nn->nn->nn->dobj->rcmod->dobj->amod->nn->amod,气路(nn) — 故障(nn) — 诊断(nn) — 方法(dobj) — 基于(rcmod) — 模型(dobj) — 增强型(amod) — 机载(nn) — 自适应(amod),1
方法 → 基于 → Model,nn->nn->nn->dobj->rcmod->dobj->conj,卡尔曼(nn) — 滤波(nn) — 估计(nn) — 方法(dobj) — 基于(rcmod) — 模型(dobj) — 线性(conj),1
方法 → 基于 → Model,nn->nsubj,疲劳(nn) — 失效(nsubj),1
方法 → 基于 → 信息,nn->nn->nn->nn->conj->cpm->rcmod->pobj->amod,PHM(nn) — 诊断(nn) — 能力(nn) — 外场(nn) — 评估(conj) — 的(cpm) — 基于(rcmod) — 信息(pobj) — 先验(amod),1
方法 → 基于 → 分析方法,nn->nn->nn->nn->conj->assm->assmod->pobj->conj->nn,健康(nn) — 表征(nn) — 参数(nn) — 选取(nn) — 原则(conj) — 的(assm) — 基于(assmod) — 案例(pobj) — 分析(conj) — 故障树(nn),1
方法 → 基于 → 分析方法,nn->nn->nn->nn->conj->assm->assmod->pobj->conj->nn->nn,健康(nn) — 表征(nn) — 参数(nn) — 选取(nn) — 原则(conj) — 的(assm) — 基于(assmod) — 案例(pobj) — 影响(conj) — 失效(nn) — 模式(nn),1
方法 → 基于 → 技术,amod->nn->nn->dobj->rcmod->pobj->amod->nn,灰色(amod) — 故障(nn) — 识别(nn) — 方法(dobj) — 基于(rcmod) — 分析(pobj) — 灰色(amod) — 关联(nn),1
方法 → 基于 → 技术,assmod->dobj->conj->root->nsubj->rcmod->dobj,系统(assmod) — 模型(dobj) — 提出(conj) — 引入(root) — 架构(nsubj) — 面向(rcmod) — 服务(dobj),1
方法 → 基于 → 技术,nn->amod->nn->assmod->assm->dobj->root->dobj->rcmod->pobj->amod->nn,机上(nn) — 在线(amod) — 异常(nn) — 检测(assmod) — 的(assm) — 方法(dobj) — 提出(root) — 保障(dobj) — 基于(rcmod) — 分析(pobj) — 多元(amod) — 统计(nn),1
方法 → 基于 → 技术,nn->cpm->nn->dobj->dobj->pccomp->nn->nn,性能(nn) — 的(cpm) — 扩增(nn) — 方法(dobj) — 参数(dobj) — 生成(pccomp) — 对抗(nn) — 网络(nn),1
方法 → 基于 → 技术,nn->nn->assm->assmod->pobj->prep->conj->conj->root->dobj->rcmod->dobj->nn->nn,故障(nn) — 检测(nn) — 的(assm) — 系统(assmod) — 方法(pobj) — 与(prep) — 相比(conj) — 有(conj) — 提出(root) — 方法(dobj) — 基于(rcmod) — 网络(dobj) — 预测(nn) — 神经(nn),1
方法 → 基于 → 技术,nn->nn->dobj->cpm->rcmod->dobj->nn->nn,组合(nn) — 预测(nn) — 方法(dobj) — 的(cpm) — 基于(rcmod) — 分解(dobj) — 时间(nn) — 序列(nn),1
方法 → 基于 → 技术,nn->nn->nn->dobj->rcmod->dobj->nn,故障(nn) — 预测(nn) — 算法(nn) — 研究(dobj) — 基于(rcmod) — 驱动(dobj) — 数据(nn),1
方法 → 基于 → 技术,nn->nn->nn->nn->dobj->rcmod->prep->pobj,维修(nn) — 间隔(nn) — 风险(nn) — 评估(nn) — 方法(dobj) — 仿真(rcmod) — 基于(prep) — 蒙特卡罗(pobj),1
方法 → 基于 → 技术,nn->nn->nn->nn->nn->dobj->root->prep->pobj->nn->nn,航空(nn) — 发动机(nn) — 故障(nn) — 风险(nn) — 预测(nn) — 方法(dobj) — 给出(root) — 基于(prep) — 技术(pobj) — 蒙特卡罗(nn) — 模拟(nn),1
方法 → 基于 → 数据,amod->vmod->amod->dobj->pobj->assmod->pobj->nn->amod,失效(amod) — 建立(vmod) — 新(amod) — 方法(dobj) — 模型(pobj) — 基于(assmod) — 数据(pobj) — 系统(nn) — 失效(amod),1
方法 → 基于 → 数据,nn->nn,发动机(nn) — 故障(nn),1
方法 → 基于 → 数据,nn->nn->nn->dobj->cpm->rcmod->dobj->amod->nn,APU(nn) — 故障(nn) — 预测(nn) — 方法(dobj) — 的(cpm) — 基于(rcmod) — 数据(dobj) — 实时(amod) — 报文(nn),1
方法 → 基于 → 数据源,nn->nn->nn->nn->conj->assm->assmod->pobj->nn,健康(nn) — 表征(nn) — 参数(nn) — 选取(nn) — 原则(conj) — 的(assm) — 基于(assmod) — 案例(pobj) — 历史(nn),1
方法 → 基于 → 方法,amod->dobj->nn->dobj->assmod->pobj->amod->nn,面向(amod) — 对象(dobj) — 设计(nn) — 方法(dobj) — 基于(assmod) — 语言(pobj) — 统一(amod) — 建模(nn),1
方法 → 基于 → 方法,nn->nn->conj->dobj->rcmod->pobj,健康(nn) — 表征(nn) — 方法(conj) — 应用(dobj) — 基于(rcmod) — 贝叶斯(pobj),1
方法 → 基于 → 方法,nn->nn->dobj->assmod->pobj->conj,组合(nn) — 预测(nn) — 方法(dobj) — 基于(assmod) — 平滑法(pobj) — GM(conj),1
方法 → 基于 → 方法,nn->nn->dobj->assmod->pobj->nn,组合(nn) — 预测(nn) — 方法(dobj) — 基于(assmod) — 平滑法(pobj) — 指数(nn),1
方法 → 基于 → 方法,nn->nn->dobj->rcmod->dobj->conj->nn,故障(nn) — 分析(nn) — 方法(dobj) — 基于(rcmod) — average(dobj) — 分析(conj) — 回归(nn),1
方法 → 基于 → 方法,nn->nn->nn->nn->dobj->rcmod->dobj->nn->amod->conj,飞机(nn) — 液压泵(nn) — 故障(nn) — 预测(nn) — 方法(dobj) — 基于(rcmod) — 法(dobj) — 模糊(nn) — 综合(amod) — 评判(conj),1
方法 → 基于 → 方法,nn->nn->nn->nn->dobj->rcmod->dobj->nn->nn,飞机(nn) — 液压泵(nn) — 故障(nn) — 预测(nn) — 方法(dobj) — 基于(rcmod) — 法(dobj) — 层次(nn) — 分析(nn),1
方法 → 基于 → 状态,nn->dobj->pccomp->prep->root->dobj->nn->cc->nn,维修(nn) — 保障性(dobj) — 确保(pccomp) — 为(prep) — 装备(root) — 系统(dobj) — 管理(nn) — 与(cc) — 健康(nn),1
方法 → 基于 → 理论,amod->rcmod->dobj,灰色(amod) — 基于(rcmod) — 理论(dobj),1
方法 → 基于 → 理论,nn->assmod->dobj->root->root->attr->rcmod->prep->pobj->nn,分析(nn) — 方法(assmod) — 思路(dobj) — 综述(root) — 即(root) — 方法(attr) — 为(rcmod) — 以(prep) — 力学(pobj) — 断裂(nn),1
方法 → 增加 → 信息,nn->nn->nsubj->pccomp->prep->root->ccomp->nsubj->nn,静电(nn) — 阵列(nn) — 数目(nsubj) — 受到(pccomp) — 由于(prep) — 导致(root) — 少(ccomp) — 信息数(nsubj) — 测量(nn),1
方法 → 处理 → 任务,dobj->root->root->top->dobj->assmod->assm->nn,非线性(dobj) — 具有(root) — 重要(root) — 利用(top) — 参数(dobj) — 飞机(assmod) — 的(assm) — 性能(nn),1
方法 → 处理 → 数据,amod->dobj->rcmod->dobj->root->conj->nsubj->nummod->amod->nn->nn->nn,灰色(amod) — 理论(dobj) — 基于(rcmod) — 方法(dobj) — 提出(root) — 处理(conj) — 数据(nsubj) — 172(nummod) — 基本型(amod) — 飞机(nn) — 故障(nn) — 信息(nn),1
方法 → 存在 → 问题,amod->nn->nn->nsubj->root->dobj->vmod->conj->nsubj,传统(amod) — 健康(nn) — 管理(nn) — 方式(nsubj) — 存在(root) — 问题(dobj) — 完备(vmod) — 固化(conj) — 模型(nsubj),1
方法 → 存在 → 问题,amod->nn->nn->nsubj->root->dobj->vmod->conj->nsubj->neg,传统(amod) — 健康(nn) — 管理(nn) — 方式(nsubj) — 存在(root) — 问题(dobj) — 完备(vmod) — 平衡(conj) — 数据(nsubj) — 不(neg),1
方法 → 存在 → 问题,amod->nn->nn->nsubj->root->dobj->vmod->nsubj->neg,传统(amod) — 健康(nn) — 管理(nn) — 方式(nsubj) — 存在(root) — 问题(dobj) — 完备(vmod) — 知识(nsubj) — 不(neg),1
方法 → 存在 → 问题,nn->nsubj->root->root->dobj->rcmod->cc->dep,监测(nn) — 技术(nsubj) — 发挥(root) — 总结(root) — 因素(dobj) — 研究(rcmod) — 及(cc) — 限制(dep),1
方法 → 存在不足 → 问题,assmod->nsubj->root->prep,故障(assmod) — 预测(nsubj) — 具有(root) — 对(prep),1
方法 → 存在问题 → 问题,amod->dobj->rcmod->nsubj->root->root->dobj->vmod->conj->nn->nsubj,深度(amod) — 学习(dobj) — 基于(rcmod) — 方法(nsubj) — 受到(root) — 存在(root) — 问题(dobj) — 差(vmod) — 薄弱(conj) — 理论(nn) — 基础(nsubj),1
方法 → 存在问题 → 问题,amod->dobj->rcmod->nsubj->root->root->dobj->vmod->nsubj->nsubj,深度(amod) — 学习(dobj) — 基于(rcmod) — 方法(nsubj) — 受到(root) — 存在(root) — 问题(dobj) — 差(vmod) — 模型(nsubj) — 可解释性(nsubj),1
方法 → 存在问题 → 问题,amod->nn->nn->dobj->root->root->pobj->rcmod->amod->nsubj->nsubj,传统(amod) — 离线(nn) — 校准(nn) — 方法(dobj) — 分析(root) — 针对(root) — 不足(pobj) — 长(rcmod) — 反复(amod) — 拆装(nsubj) — 耗时(nsubj),1
方法 → 存在问题 → 问题,amod->nn->nn->dobj->root->root->pobj->rcmod->conj->advmod->dobj,传统(amod) — 离线(nn) — 校准(nn) — 方法(dobj) — 分析(root) — 针对(root) — 不足(pobj) — 长(rcmod) — 引发(conj) — 易(advmod) — 故障(dobj),1
方法 → 存在问题 → 问题,nn->nn->nn->cpm->rcmod->nsubj->conj->dobj->assmod->assm->neg,飞机(nn) — 发动机(nn) — 故障(nn) — 的(cpm) — 基于(rcmod) — 预测(nsubj) — 使得(conj) — 准确性(dobj) — 预测(assmod) — 的(assm) — 不(neg),1
方法 → 存在问题 → 问题,nn->rcmod->nsubj->lccomp->loc->root->dobj->vmod->conj->nsubj,向量机(nn) — 支持(rcmod) — 方法(nsubj) — 应用(lccomp) — 时(loc) — 出现(root) — 问题(dobj) — 强(vmod) — 大(conj) — 计算量(nsubj),1
方法 → 存在问题 → 问题,nn->rcmod->nsubj->lccomp->loc->root->dobj->vmod->conj->nsubj->mmod->nn->dobj,向量机(nn) — 支持(rcmod) — 方法(nsubj) — 应用(lccomp) — 时(loc) — 出现(root) — 问题(dobj) — 强(vmod) — 满足(conj) — 核函数(nsubj) — 必须(mmod) — Mercer(nn) — 条件(dobj),1
方法 → 存在问题 → 问题,nn->rcmod->nsubj->lccomp->loc->root->dobj->vmod->nsubj->neg,向量机(nn) — 支持(rcmod) — 方法(nsubj) — 应用(lccomp) — 时(loc) — 出现(root) — 问题(dobj) — 强(vmod) — 稀疏性(nsubj) — 不(neg),1
方法 → 完善 → 系统,nn->conj->nn->dobj->nn,故障(nn) — 诊断(conj) — 部件(nn) — 技术(dobj) — 系统(nn),1
方法 → 完成 → 目标,nsubj,故障(nsubj),1
方法 → 实现 → Performance Metric,assm->nn->nsubj->assmod->root->root->ccomp->conj->top->attr,的(assm) — 故障(nn) — 预测(nsubj) — 设备(assmod) — 是(root) — 显示(root) — 为(ccomp) — 为(conj) — 相关度(top) — 0.964 7(attr),1
方法 → 实现 → Performance Metric,assm->nn->nsubj->assmod->root->root->ccomp->nn->top->attr,的(assm) — 故障(nn) — 预测(nsubj) — 设备(assmod) — 是(root) — 显示(root) — 为(ccomp) — 均方根(nn) — 误差(top) — 0.008(attr),1
方法 → 实现 → Performance Metric,assm->nn->nsubj->assmod->root->root->conj->prep,的(assm) — 故障(nn) — 预测(nsubj) — 设备(assmod) — 是(root) — 提出(root) — 进行(conj) — 对(prep),1
方法 → 实现 → Performance Metric,nn->nn->nn->dobj->nn,飞机(nn) — 液压泵(nn) — 预测(nn) — 方法(dobj) — 故障(nn),1
方法 → 实现 → Performance Metric,punct->prnmod->pobj->rcmod->dobj->root->prep->pccomp->prep,((punct) — LSSVM(prnmod) — 网络(pobj) — 基于(rcmod) — 方法(dobj) — 提出(root) — 为了(prep) — 进行(pccomp) — 对(prep),1
方法 → 实现 → 任务,amod->dep->dep->root->root->pccomp->dobj->nn->cc->nn->nn,反向(amod) — 推理(dep) — 实现(dep) — 实现(root) — 为(root) — 研究(pccomp) — 技术(dobj) — 部件(nn) — 与(cc) — 故障(nn) — 定位(nn),1
方法 → 实现 → 任务,amod->dep->root->root->pccomp->dobj->nn->nn,正向(amod) — 推理(dep) — 实现(root) — 为(root) — 研究(pccomp) — 技术(dobj) — 系统(nn) — 液压(nn),1
方法 → 实现 → 任务,nn->amod->nn->nn,估计(nn) — 剩余(amod) — 使用(nn) — 寿命(nn),1
方法 → 实现 → 任务,nn->conj->nn->nn,估计(nn) — 检测(conj) — 性能(nn) — 衰退(nn),1
方法 → 实现 → 任务,nn->dobj->nn->nn,校准(nn) — 方法(dobj) — 参数(nn) — 试车台(nn),1
方法 → 实现 → 任务,nn->dobj->rcmod->cpm->nn,预测(nn) — 方法(dobj) — 覆盖(rcmod) — 的(cpm) — 故障(nn),1
方法 → 实现 → 任务,nn->dobj->root->root->pccomp->dobj->nn->cc->nn->nn,贝叶斯(nn) — 网络(dobj) — 采用(root) — 为(root) — 研究(pccomp) — 技术(dobj) — 部件(nn) — 与(cc) — 故障(nn) — 定位(nn),1
方法 → 实现 → 功能,nn->nn->nn->nn->nn->dobj->root->prep->pccomp->ccomp->dobj->nn,航空(nn) — 发动机(nn) — 传感器(nn) — 数据(nn) — 预处理(nn) — 方法(dobj) — 提出(root) — 为(prep) — 实现(pccomp) — 进行(ccomp) — 诊断(dobj) — 故障(nn),1
方法 → 实现 → 功能,nn->nn->nn->nn->nn->dobj->root->prep->pccomp->ccomp->dobj->nn->conj,航空(nn) — 发动机(nn) — 传感器(nn) — 数据(nn) — 预处理(nn) — 方法(dobj) — 提出(root) — 为(prep) — 实现(pccomp) — 进行(ccomp) — 诊断(dobj) — 数据(nn) — 鉴定(conj),1
方法 → 实现 → 功能,punct->nn->nn->nn->prnmod->dep->root->top->dobj->rcmod->cpm->nn,((punct) — 飞机(nn) — 机电(nn) — 系统(nn) — 部件(prnmod) — 部件(dep) — 是(root) — 处于(top) — 状态(dobj) — 良好(rcmod) — 的(cpm) — 健康(nn),1
方法 → 实现 → 性能,amod->dobj->rcmod->dobj->root->conj->dep->ccomp->dobj->rcmod->cpm->nn,灰色(amod) — 理论(dobj) — 基于(rcmod) — 方法(dobj) — 提出(root) — 处理(conj) — 实现(dep) — 得到(ccomp) — 精度(dobj) — 高(rcmod) — 的(cpm) — 预测(nn),1
方法 → 实现 → 目标,assm->conj->assmod->dobj->root->root->top,的(assm) — 功能(conj) — 系统(assmod) — 作用(dobj) — 发挥(root) — 是(root) — 系统(top),1
方法 → 导致 → 问题,nsubj->rcmod->dobj->root->root->dep->ccomp->nsubj,故障(nsubj) — 诊断(rcmod) — 问题(dobj) — 研究(root) — 进行(root) — 导致(dep) — 失败(ccomp) — 判断(nsubj),1
方法 → 应用 → 技术,nn->nn->nn->nn->conj->nn->assmod->conj->nn,飞行(nn) — 故障(nn) — 可能性(nn) — 评定(nn) — 方法(conj) — 试验(nn) — 分析法(assmod) — 抽样(conj) — 蒙特卡洛(nn),1
方法 → 应用 → 技术,nn->nn->nn->nn->conj->nn->assmod->nn,飞行(nn) — 故障(nn) — 可能性(nn) — 评定(nn) — 方法(conj) — 试验(nn) — 分析法(assmod) — 层次(nn),1
方法 → 应用于 → 任务,nn->nn->nn->nsubj->root->prep->plmod->lobj->nn,时间(nn) — 序列(nn) — 分析(nn) — 方法(nsubj) — 应用(root) — 于(prep) — 中(plmod) — 诊断(lobj) — 故障(nn),1
方法 → 应用于 → 任务,nn->rcmod->nsubj->lccomp->prep->pobj->nn->conj->nn->nn,向量机(nn) — 支持(rcmod) — 方法(nsubj) — 应用(lccomp) — 于(prep) — 预测(pobj) — 关系(nn) — 磨粒(conj) — 发动机(nn) — 油液(nn),1
方法 → 应用于 → 应用,nn->nn->nn->nsubj->root->prep->plmod->lobj->nn->nn->nn->conj,时间(nn) — 序列(nn) — 分析(nn) — 方法(nsubj) — 应用(root) — 于(prep) — 中(plmod) — 诊断(lobj) — 发动机(nn) — 航空(nn) — 状态(nn) — 监视(conj),1
方法 → 应用于 → 应用对象,nn->nn->assm->assmod->pobj->prep->conj->conj->root->dobj->rcmod->cpm->nn,故障(nn) — 检测(nn) — 的(assm) — 系统(assmod) — 方法(pobj) — 与(prep) — 相比(conj) — 有(conj) — 提出(root) — 方法(dobj) — 基于(rcmod) — 的(cpm) — 歼击机(nn),1
方法 → 应用于 → 应用对象,nn->pobj->assmod->dobj->conj->root->conj->prep->plmod->lobj->assmod->det->nn->nn->nn,马氏(nn) — 距离(pobj) — 基于(assmod) — 方法(dobj) — 提出(conj) — 是(root) — 用(conj) — 于(prep) — 中(plmod) — 预测(lobj) — 系统(assmod) — 某(det) — 型(nn) — 飞机(nn) — 火控(nn),1
方法 → 应用于 → 应用领域,nn->conj->nsubj->root->root->conj->dobj->assmod->nn,PHM(nn) — 验证(conj) — 方法(nsubj) — 成为(root) — 提出(root) — 阐述(conj) — 方法(dobj) — SHM(assmod) — 结构(nn),1
方法 → 应用于 → 应用领域,nn->nn->conj->pobj->prep->conj->root->conj->prep->pobj->dep->lobj->nn->nn,PHM(nn) — 方法(nn) — 作用(conj) — 现状(pobj) — 对(prep) — 进行(conj) — 是(root) — 进行(conj) — 针对(prep) — 应用(pobj) — 中(dep) — 保障(lobj) — 导弹(nn) — 维修(nn),1
方法 → 应用于 → 应用领域,nn->nn->nn->dobj->root->dobj->nn->nn->nn->nn->nn,蒙特卡罗(nn) — 模拟(nn) — 方法(nn) — 可用性(dobj) — 给出(root) — 方法(dobj) — 风险(nn) — 航空(nn) — 发动机(nn) — 故障(nn) — 预测(nn),1
方法 → 应用于 → 研究对象,dobj->dep->rcmod->dobj->root->prep->pobj->assmod->nn,MOG-HMM(dobj) — 简称(dep) — mixture(rcmod) — 方法(dobj) — 提出(root) — 针对(prep) — 故障(pobj) — 发动机(assmod) — 航空(nn),1
方法 → 应用于 → 研究对象,nn->nn->dobj->root->root->dep->prep->pobj->nn,组合(nn) — 预测(nn) — 方法(dobj) — 提出(root) — 验证(root) — 为(dep) — 以(prep) — 设备(pobj) — 航空(nn),1
方法 → 应用于 → 系统,cc->nn->nn->nsubj->nn->nn->nn,与(cc) — 健康(nn) — 管理(nn) — 方法(nsubj) — 系统(nn) — 直升机(nn) — 旋翼(nn),1
方法 → 应用于 → 系统,dobj->rcmod->dobj->assmod->nn->nn,数据(dobj) — 基于(rcmod) — 方法(dobj) — 系统(assmod) — 液压泵(nn) — PHM(nn),1
方法 → 应用于 → 系统,dobj->root->root->prep->pobj->rcmod->nsubj->nn->nn->nn->nn,建模(dobj) — 运用(root) — 提出(root) — 针对(prep) — 问题(pobj) — 超(rcmod) — 次数(nsubj) — 系统(nn) — 飞机(nn) — 空调(nn) — 冷却子(nn),1
方法 → 应用于 → 系统,nn->nn->nn->dobj->root->prep->pobj->punct->nn,故障(nn) — 预测(nn) — 算法(nn) — 研究(dobj) — 进行(root) — 对(prep) — 系统(pobj) — /(punct) — 废水(nn),1
方法 → 应用于 → 系统,nsubj->rcmod->loc->lobj->nn,故障(nsubj) — 诊断(rcmod) — 中(loc) — 发动机(lobj) — 飞机(nn),1
方法 → 应用于 → 设备,nn->nummod->nn->nn->nn->nn->conj->dobj->root->conj->conj->prep->plmod->lobj->nn->nn->amod->nn->nn,航空(nn) — 双余度(nummod) — 控制(nn) — 规律(nn) — 设计(nn) — 发动机(nn) — 概念(conj) — 方法(dobj) — 提出(root) — 建立(conj) — 应用(conj) — 于(prep) — 之中(plmod) — 研究(lobj) — 规律(nn) — 发动机(nn) — 高(amod) — 性能(nn) — 涡扇(nn),1
方法 → 应用于 → 设备,nn->nummod->nn->nn->nn->nn->conj->dobj->root->conj->prep->pobj->det->clf,航空(nn) — 双余度(nummod) — 控制(nn) — 规律(nn) — 设计(nn) — 发动机(nn) — 概念(conj) — 方法(dobj) — 提出(root) — 应用(conj) — 于(prep) — 发动机(pobj) — 各(det) — 类(clf),1
方法 → 应用于 → 设备,punct->prnmod->pobj->rcmod->dobj->root->prep->pccomp->prep->pobj->nn,((punct) — LSSVM(prnmod) — 网络(pobj) — 基于(rcmod) — 方法(dobj) — 提出(root) — 为了(prep) — 进行(pccomp) — 对(prep) — 趋势(pobj) — 燃气轮机(nn),1
方法 → 应用于 → 设备型号,amod->nn->nn->dobj->conj->root->conj->nn->assmod->nn,灰色(amod) — 故障(nn) — 识别(nn) — 方法(dobj) — 提出(conj) — 建立(root) — 为(conj) — 诊断(nn) — 发动机(assmod) — JT9D-7R4(nn),1
方法 → 应用于 → 部件,nn->nn->dobj->rcmod->cpm->nn,故障(nn) — 诊断(nn) — 方法(dobj) — 基于(rcmod) — 的(cpm) — 飞机(nn),1
方法 → 应用于 → 部件,rcmod->cpm->nn->amod->dobj->root->prep->pobj->nn->amod,扩展(rcmod) — 的(cpm) — Weibull(nn) — 分步(amod) — 建模(dobj) — 运用(root) — 对(prep) — 部件(pobj) — 交换器(nn) — 热(amod),1
方法 → 建立 → Model,amod->dobj->rcmod->dobj->root->conj->dep->dobj->nn->nn,灰色(amod) — 理论(dobj) — 基于(rcmod) — 方法(dobj) — 提出(root) — 处理(conj) — 建立(dep) — GM(dobj) — 预测(nn) — 模型(nn),1
方法 → 建立 → Model,nn,设计(nn),1
方法 → 建立 → Model,nn->nn->nn->cpm->rcmod->dobj->root->loc->lobj->nn->prnmod->punct->nn,APU(nn) — 故障(nn) — 预测(nn) — 的(cpm) — 基于(rcmod) — 方法(dobj) — 提出(root) — 时(loc) — 预测(lobj) — 装置(nn) — APU(prnmod) — )(punct) — 故障(nn),1
方法 → 建立 → Model,nn->pobj->assmod->dobj->conj->root->conj->conj->dobj->nn->nn,马氏(nn) — 距离(pobj) — 基于(assmod) — 方法(dobj) — 提出(conj) — 是(root) — 介绍(conj) — 建立(conj) — 模型(dobj) — 状态(nn) — 判别(nn),1
飞机型号 → 采用 → 系统/技术,nn->pobj->prep->root->nsubj->assmod->cc->nn,MD-80(nn) — 飞机(pobj) — 像(prep) — 按下(root) — 测试(nsubj) — 系统(assmod) — 和(cc) — 模拟(nn),1
方法 → 建立 → Model,nsubj->root->root->nsubj->punct,"维修(nsubj) — 是(root) — 处(root) — PHM(nsubj) — ,(punct)",1
方法 → 建立 → Model,punct->prnmod->pobj->assmod->dobj->root->root->dobj->amod->nn,",(punct) — UML(prnmod) — 语言(pobj) — 基于(assmod) — 方法(dobj) — 提出(root) — 建立(root) — 模型(dobj) — 动态(amod) — 行为(nn)",1
方法 → 建立 → Model,punct->prnmod->pobj->assmod->dobj->root->root->dobj->conj,",(punct) — UML(prnmod) — 语言(pobj) — 基于(assmod) — 方法(dobj) — 提出(root) — 建立(root) — 模型(dobj) — 用例图(conj)",1
方法 → 建立 → Model,punct->prnmod->pobj->assmod->dobj->root->root->dobj->conj->amod->nn,",(punct) — UML(prnmod) — 语言(pobj) — 基于(assmod) — 方法(dobj) — 提出(root) — 建立(root) — 模型(dobj) — 模型(conj) — 静态(amod) — 结构(nn)",1
方法 → 建立 → 方法,nn->nn->amod->nn->nn->nsubj->rcmod->dobj->rcmod->nsubj->nn,航空(nn) — 发动机(nn) — 机载(amod) — 健康(nn) — 管理(nn) — 系统(nsubj) — 正向(rcmod) — 问题(dobj) — 清晰(rcmod) — 流程(nsubj) — 设计(nn),1
方法 → 建立 → 方法,nn->nummod->nn->nn->nn->nn->conj->dobj->root->conj->dobj->nn->nn->nn->nn->conj,航空(nn) — 双余度(nummod) — 控制(nn) — 规律(nn) — 设计(nn) — 发动机(nn) — 概念(conj) — 方法(dobj) — 提出(root) — 建立(conj) — 原则(dobj) — 规律(nn) — 备份(nn) — 控制(nn) — 设计(nn) — 方法(conj),1
方法 → 建立 → 模型组件,nn->pobj->assmod->dobj->conj->root->conj->conj->dobj->conj->nn->nn,马氏(nn) — 距离(pobj) — 基于(assmod) — 方法(dobj) — 提出(conj) — 是(root) — 介绍(conj) — 建立(conj) — 模型(dobj) — 矩阵(conj) — 状态(nn) — 数据库(nn),1
方法 → 引入 → 思想,nn->nn->amod->nn->nn->nsubj,航空(nn) — 发动机(nn) — 机载(amod) — 健康(nn) — 管理(nn) — 系统(nsubj),1
方法 → 弥补 → 问题,nn->nn->dobj->root->prep->pccomp->nsubj->amod,组合(nn) — 预测(nn) — 方法(dobj) — 提出(root) — 由于(prep) — 保证(pccomp) — 方法(nsubj) — 单一(amod),1
方法 → 影响 → 策略,nn->assmod->dobj->root->root->top->nsubj,分析(nn) — 方法(assmod) — 思路(dobj) — 综述(root) — 是(root) — 失效(top) — 疲劳(nsubj),1
方法 → 得出 → 指标,nn->nn->nn->nn->dobj->conj->root->prep->pobj->assmod->assm->nn,维修(nn) — 间隔(nn) — 风险(nn) — 评估(nn) — 方法(dobj) — 提出(conj) — 结合(root) — 针对(prep) — 问题(pobj) — 间隔(assmod) — 的(assm) — 风险(nn),1
方法 → 得出 → 指标,nn->nn->nn->nn->dobj->conj->root->prep->pobj->assmod->pobj->nn,维修(nn) — 间隔(nn) — 风险(nn) — 评估(nn) — 方法(dobj) — 提出(conj) — 结合(root) — 鉴于(prep) — 重要性(pobj) — 对(assmod) — 安全(pobj) — 飞行(nn),1
Model → 为...提供参考 → 策略,nn->lobj->punct->prnmod->punct,"故障(nn) — 预测(lobj) — )(punct) — APU(prnmod) — ,(punct)",1
方法 → 扩展 → 方法,nummod->nn->amod->nn->dobj->rcmod->dobj->root->prep->pobj->nn,多(nummod) — 因子(nn) — 高阶(amod) — 模糊(nn) — 变动(dobj) — 基于(rcmod) — 方法(dobj) — 提出(root) — 针对(prep) — 问题(pobj) — 预测(nn),1
方法 → 拟合 → 关系,nn->conj->dobj->rcmod->dobj->root->root->top->nn,回归(nn) — 分析(conj) — average(dobj) — 基于(rcmod) — 方法(dobj) — 提出(root) — 是(root) — 数据(top) — 发动机(nn),1
方法 → 描述 → 程序,nn->nn->nn->nn->nsubj->conj->root->dep->conj->dobj->conj->assmod->amod,航空(nn) — 装备(nn) — 可用度(nn) — 影响(nn) — 因素(nsubj) — 分为(conj) — 进行(root) — 给出(dep) — 描述(conj) — 流程图(dobj) — 构成(conj) — 程序(assmod) — 仿真(amod),1
方法 → 提供 → 功能,punct->nn->nn->nn->prnmod->dep->root->root->dobj->nn,((punct) — 飞机(nn) — 机电(nn) — 系统(nn) — 部件(prnmod) — 部件(dep) — 是(root) — 提供(root) — 参考(dobj) — 决策(nn),1
方法 → 提供 → 参数,nn->cpm->nn->dobj->pccomp->rcmod->dobj->root->prep->pccomp->dobj->rcmod->nsubj->nn->prnmod->punct,性能(nn) — 的(cpm) — 扩增(nn) — 参数(dobj) — 生成(pccomp) — 基于(rcmod) — 方法(dobj) — 提出(root) — 为(prep) — 解决(pccomp) — 问题(dobj) — 低(rcmod) — 维度(nsubj) — 装置(nn) — APU(prnmod) — ((punct),1
方法 → 提供 → 基础,nn->assm->nn->assmod->dobj->dep->root->dep->dobj->nn,MFOP(nn) — 的(assm) — 分解(nn) — 参数(assmod) — 方法(dobj) — 提出(dep) — 进行(root) — 提供(dep) — 基础(dobj) — 方法(nn),1
方法 → 提供 → 指导,nn->assm->nn->assmod->dobj->dep->root->dep->dobj->nn,MFOP(nn) — 的(assm) — 分解(nn) — 参数(assmod) — 方法(dobj) — 提出(dep) — 进行(root) — 提供(dep) — 指导(dobj) — 理论(nn),1
方法 → 提供 → 结果,nn->nn->cpm->rcmod->dobj->root->prep->pobj->assmod->assm->nn,组合(nn) — 预测(nn) — 的(cpm) — 基于(rcmod) — 方法(dobj) — 提出(root) — 针对(prep) — 问题(pobj) — 指标值(assmod) — 的(assm) — 预测(nn),1
方法 → 提供参考 → 应用,nn->assmod->dobj->root->root->conj->ccomp->conj->prep->pobj->amod,估计(nn) — 方面(assmod) — 研究(dobj) — 开展(root) — 进行(root) — 表明(conj) — 低于(ccomp) — 提供(conj) — 为(prep) — 维护(pobj) — 预测性(amod),1
方法 → 提供参考 → 应用领域,punct->prnmod->dobj->root->root->pobj->rcmod->nsubj->nn->nn->nn,((punct) — Caps-BiGRU-Attention(prnmod) — 模型(dobj) — 提出(root) — 针对(root) — 问题(pobj) — 识别(rcmod) — 故障(nsubj) — 发动机(nn) — 直升机(nn) — 涡轮(nn),1
方法 → 提供参考 → 领域,nn->nn->amod->nn->nn->nsubj,航空(nn) — 发动机(nn) — 机载(amod) — 健康(nn) — 管理(nn) — 系统(nsubj),1
方法 → 提供思路 → 应用领域,dobj->rcmod->pobj->prep->root->conj->prep->pobj->nn->nn->nn->nn->conj,方法(dobj) — 形成(rcmod) — 问题(pobj) — 针对(prep) — 提出(root) — 提供(conj) — 为(prep) — 预警(pobj) — 故障(nn) — 飞行(nn) — 试验(nn) — 风险(nn) — 监测(conj),1
方法 → 提供思路给 → 系统,nn->dobj->dep->root->nsubj,健康(nn) — 状态(dobj) — 掌握(dep) — 收放(root) — 起落架(nsubj),1
方法 → 提出 → 设计准则,conj,设计(conj),1
方法 → 提升 → Performance Metric,nn->cpm->nn->dobj->pccomp->rcmod->dobj->root->prep->pccomp->dobj->rcmod->nsubj->nn->prnmod->punct,性能(nn) — 的(cpm) — 扩增(nn) — 参数(dobj) — 生成(pccomp) — 基于(rcmod) — 方法(dobj) — 提出(root) — 为(prep) — 解决(pccomp) — 问题(dobj) — 低(rcmod) — 维度(nsubj) — 装置(nn) — APU(prnmod) — ((punct),1
方法 → 提升 → Performance Metric,nn->nn->nn->lobj->loc->rcmod->nsubj,轴承(nn) — 诊断(nn) — 故障(nn) — 过程(lobj) — 中(loc) — 足(rcmod) — 精度(nsubj),1
方法 → 提取 → 数据,dobj->advmod->vmod->nn->nn->rcmod->nsubj->ccomp->root->root->top->nn->nn,降噪(dobj) — 自(advmod) — 编码(vmod) — 神经(nn) — 网络(nn) — 基于(rcmod) — 方法(nsubj) — 提取(ccomp) — 提出(root) — 是(root) — 提取(top) — 故障(nn) — 特征(nn),1
高校 → 参加 → 会议,nn->nn->nn->conj->nn->dobj->conj->root->punct->nn->conj,"北京(nn) — 航空(nn) — 航天(nn) — 大学(conj) — 公司(nn) — 单位(dobj) — 来自(conj) — 召开(root) — ,(punct) — 2020(nn) — 预测(conj)",1
方法 → 提高 → Performance Metric,nn->nn,故障(nn) — 诊断(nn),1
方法 → 提高 → Performance Metric,nn->nn->dobj->root->prep->pobj->nn,组合(nn) — 预测(nn) — 方法(dobj) — 提出(root) — 针对(prep) — 部分(pobj) — 系统(nn),1
方法 → 提高 → Performance Metric,nn->nn->dobj->root->root->ccomp->nsubj,故障(nn) — 诊断(nn) — 方法(dobj) — 提出(root) — 表明(root) — 得以(ccomp) — 实时性(nsubj),1
方法 → 提高 → Performance Metric,nn->nn->nn->lobj->loc->rcmod->nsubj,轴承(nn) — 诊断(nn) — 故障(nn) — 过程(lobj) — 中(loc) — 足(rcmod) — 精度(nsubj),1
方法 → 提高 → Performance Metric,nn->nn->nn->lobj->loc->rcmod->pobj->prep->root->ccomp->nsubj->rcmod->cpm->amod->nn,轴承(nn) — 诊断(nn) — 故障(nn) — 过程(lobj) — 中(loc) — 足(rcmod) — 问题(pobj) — 针对(prep) — 提出(root) — 用以(ccomp) — 学习器(nsubj) — 基于(rcmod) — 的(cpm) — 半(amod) — 监督(nn),1
Application → 使用 → 信息源,nn->nn->dobj->dep->root->root->prep->pobj->dep->lobj,发动机(nn) — 故障(nn) — 实例(dobj) — 模拟(dep) — 为(root) — 为(root) — 针对(prep) — 问题(pobj) — 下(dep) — 数据(lobj),1
方法 → 提高 → Performance Metric,nsubj,故障(nsubj),1
方法 → 提高 → Performance Metric,nsubj->pccomp->root->root->conj->dobj,变量(nsubj) — 众多(pccomp) — 由于(root) — 选取(root) — 进行(conj) — 预测(dobj),1
方法 → 提高 → Performance Metric,rcmod->dobj->nn,基于(rcmod) — 方法(dobj) — 模型(nn),1
方法 → 提高 → 性能,amod->dobj->rcmod->dobj->root->conj->conj->dobj->nn,灰色(amod) — 理论(dobj) — 基于(rcmod) — 方法(dobj) — 提出(root) — 处理(conj) — 提高(conj) — 可靠性(dobj) — 设备(nn),1
方法 → 提高 → 性能,nn->nn->cpm->rcmod->dobj->root->prep->pobj->assmod->assm->nn,组合(nn) — 预测(nn) — 的(cpm) — 基于(rcmod) — 方法(dobj) — 提出(root) — 针对(prep) — 问题(pobj) — 指标值(assmod) — 的(assm) — 预测(nn),1
方法 → 提高 → 指标,dobj->root->conj->dobj->nn,非线性(dobj) — 具有(root) — 使得(conj) — 结果(dobj) — 预测(nn),1
方法 → 提高 → 指标,nn->dobj->rcmod->dobj->nn->prnmod->punct->nn,Copula(nn) — 相似性(dobj) — 基于(rcmod) — 方法(dobj) — RUL(nn) — remaining(prnmod) — )(punct) — 预测(nn),1
方法 → 提高 → 目标,amod->nn->dobj->cpm->dobj->rcmod->root->root->conj->dobj->amod,剩余(amod) — 寿命(nn) — 预估(dobj) — 的(cpm) — 方法(dobj) — 进行(rcmod) — 提出(root) — 利用(root) — 使用(conj) — 连接层(dobj) — 全(amod),1
方法 → 提高 → 目标,dobj->root->root->top->dobj->assmod,非线性(dobj) — 具有(root) — 重要(root) — 利用(top) — 参数(dobj) — 飞机(assmod),1
方法 → 支撑 → 决策工作,nsubj->root->dobj->assmod->nn->nn,预测(nsubj) — 作为(root) — 之一(dobj) — 管理(assmod) — 发动机(nn) — 健康(nn),1
方法 → 支撑 → 维修策略,punct->nn->nn->nn->prnmod->dep->root->root->dobj->nn,((punct) — 飞机(nn) — 机电(nn) — 系统(nn) — 部件(prnmod) — 部件(dep) — 是(root) — 支撑(root) — 维修(dobj) — 视情(nn),1
方法 → 是 → 技术,cc->attr->root->top->nn->prnmod->punct->nn,和(cc) — 方法(attr) — 是(root) — 应用(top) — 管理(nn) — PHM(prnmod) — )(punct) — 技术(nn),1
方法 → 是 → 技术,nn->cc->nn->prnmod->punct->nn,健康(nn) — 与(cc) — 管理(nn) — PHM(prnmod) — )(punct) — 技术(nn),1
方法 → 是 → 概念,assm->amod->amod->dobj->assmod->root->root->attr->nn,的(assm) — 多源(amod) — 异构(amod) — 数据(dobj) — 大量(assmod) — 产生(root) — 是(root) — 趋势(attr) — 发展(nn),1
方法 → 服务于 → 系统,amod->nn->cpm->dobj->rcmod->dobj->root->prep->pobj->vmod->loc->lobj->nn->nn,剩余(amod) — 寿命(nn) — 的(cpm) — 预估(dobj) — 进行(rcmod) — 方法(dobj) — 提出(root) — 针对(prep) — 问题(pobj) — 困难(vmod) — 中(loc) — 预估(lobj) — 发动机(nn) — 航空(nn),1
方法 → 构建 → Model,rcmod->dobj->nn,基于(rcmod) — 相似性(dobj) — Copula(nn),1
方法 → 构建 → Model,rcmod->dobj->nn->nn->nn->nn->nn->nn,基于(rcmod) — 方法(dobj) — 发动机(nn) — 航空(nn) — 排气(nn) — 温度(nn) — 基线(nn) — 模型(nn),1
Application → 使用 → 信息源,nn->nn->dobj->dep->root->root->prep->pobj->nn->cc,发动机(nn) — 故障(nn) — 实例(dobj) — 模拟(dep) — 为(root) — 为(root) — 以(prep) — 信息(pobj) — 音频(nn) — 和(cc),1
方法 → 检测 → 故障,nn->nn->assm->assmod->pobj->prep->conj->conj->root->dobj->nn->nn->nn->nn,故障(nn) — 检测(nn) — 的(assm) — 系统(assmod) — 方法(pobj) — 与(prep) — 相比(conj) — 有(conj) — 提出(root) — 方法(dobj) — 检测(nn) — 歼击机(nn) — 结构(nn) — 故障(nn),1
方法 → 检验 → 评估指标,nsubj->rcmod->dobj,方法(nsubj) — 基于(rcmod) — 学习(dobj),1
方法 → 求解 → 参数,nn,疲劳(nn),1
方法 → 求解 → 参数,nn->nsubj->root->root->conj->dobj->nn->nn->conj,疲劳(nn) — 失效(nsubj) — 发生(root) — 建立(root) — 求解(conj) — 系数(dobj) — 应力(nn) — 严重(nn) — 系数(conj),1
方法 → 满足 → 需求,nn->nn->nn->conj->cpm->rcmod->dobj->nn,PHM(nn) — 诊断(nn) — 能力(nn) — 评估(conj) — 的(cpm) — 基于(rcmod) — 方法(dobj) — 外场(nn),1
方法 → 满足 → 需求,nn->nsubj->rcmod->pobj->root->root->dobj->assmod->amod->nn,故障(nn) — 预测(nsubj) — 面临(rcmod) — 问题(pobj) — 针对(root) — 满足(root) — 需求(dobj) — 保障(assmod) — 自主(amod) — 维护(nn),1
方法 → 用于 → Problem,nn->assm->assmod->nsubj->nn->nn,故障(nn) — 的(assm) — 设备(assmod) — 预测(nsubj) — 航空(nn) — 电子(nn),1
方法 → 用于 → 任务,advmod->nn->assmod->rcmod->dobj->pccomp->prep->root->conj->nsubj->nn->nn,直接(advmod) — 向量(nn) — 回归机(assmod) — 支持(rcmod) — 稀疏性(dobj) — 改善(pccomp) — 为(prep) — 提出(root) — 表明(conj) — 实例(nsubj) — 故障率(nn) — 预测(nn),1
方法 → 用于 → 任务,amod->amod->amod->nn->dobj->rcmod->dobj->root->root->nsubj->nn->nn->nn,双向(amod) — 长(amod) — 短期(amod) — 记忆(nn) — 网络(dobj) — 基于(rcmod) — 方法(dobj) — 提出(root) — 提供(root) — 预测(nsubj) — 航空(nn) — 发动机(nn) — 故障(nn),1
方法 → 用于 → 任务,amod->nn->amod->cpm->rcmod->nsubj->ccomp->dobj->nn->nn->nn,半(amod) — 监督(nn) — 集成(amod) — 的(cpm) — 基于(rcmod) — 学习器(nsubj) — 用以(ccomp) — 预测(dobj) — 发动机(nn) — 轴承(nn) — 故障(nn),1
方法 → 用于 → 任务,amod->nn->amod->cpm->rcmod->nsubj->ccomp->root->prep->pobj->rcmod->loc->lobj->nn,半(amod) — 监督(nn) — 集成(amod) — 的(cpm) — 基于(rcmod) — 学习器(nsubj) — 用以(ccomp) — 提出(root) — 针对(prep) — 问题(pobj) — 足(rcmod) — 中(loc) — 过程(lobj) — 故障(nn),1
方法 → 用于 → 任务,dobj->root->prep->pccomp->ccomp->prep,方法(dobj) — 提出(root) — 为(prep) — 实现(pccomp) — 进行(ccomp) — 对(prep),1
方法 → 用于 → 任务,nn->nn,故障(nn) — 诊断(nn),1
方法 → 用于 → 任务,punct->prnmod->pobj->rcmod->dobj->nn->nn->nn->nn,((punct) — LSSVM(prnmod) — 网络(pobj) — 基于(rcmod) — 方法(dobj) — 趋势(nn) — 燃气轮机(nn) — 状态(nn) — 预测(nn),1
方法 → 用于 → 任务,rcmod->nn->dobj->dobj->root->root->prep->pccomp->nsubj->nn->nn,基于(rcmod) — Copula(nn) — 相似性(dobj) — 方法(dobj) — 提出(root) — 众多(root) — 针对(prep) — 退化(pccomp) — 性能(nsubj) — 发动机(nn) — 航空(nn),1
方法 → 用于 → 分析,nn->assmod->assm->dobj->root->conj->dobj->nn,系统(nn) — 工程(assmod) — 的(assm) — 方法(dobj) — 利用(root) — 进行(conj) — 分析(dobj) — 场景(nn),1
方法 → 用于 → 分析,nn->conj->pobj->prep->conj->prep->pobj->nn,系统用(nn) — 例图(conj) — 建模(pobj) — 通过(prep) — 进行(conj) — 对(prep) — 需求(pobj) — 系统(nn),1
方法 → 用于 → 功能,nn->assmod->dobj->ccomp->root->root->prep->pobj->nn,演示(nn) — 验证(assmod) — 手段(dobj) — 提供(ccomp) — 表明(root) — 为(root) — 以(prep) — 系统(pobj) — 燃油(nn),1
方法 → 用于 → 处理步骤,nn->dobj,小波(nn) — 降噪(dobj),1
方法 → 用于 → 技术,amod->nn->conj->nn->dobj->conj->root->top->nn->nn,小(amod) — 波(nn) — 变换(conj) — 分解(nn) — 方法(dobj) — 采用(conj) — 是(root) — 提取(top) — 故障(nn) — 特征(nn),1
方法 → 用于 → 技术,amod->nummod->nn->amod->dobj->conj->conj->dobj->amod,改进(amod) — C-(nummod) — C(nn) — 平均(amod) — 方法(dobj) — 采用(conj) — 进行(conj) — 重构(dobj) — 相空间(amod),1
方法 → 用于 → 技术,conj->nn->nn->dobj->conj->root->top->nn->nn,变换(conj) — 傅里叶(nn) — 分解(nn) — 方法(dobj) — 采用(conj) — 是(root) — 提取(top) — 故障(nn) — 特征(nn),1
方法 → 用于 → 技术,nn->nn->nn->dobj->conj->root->top->nn->nn,经验(nn) — 模态(nn) — 分解(nn) — 方法(dobj) — 采用(conj) — 是(root) — 提取(top) — 故障(nn) — 特征(nn),1
方法 → 用于 → 技术任务,nsubj->nn->nn->nn->nn,预测(nsubj) — 航空(nn) — 发动机(nn) — 健康(nn) — 状态(nn),1
方法 → 用于 → 目标,prep->top->root->conj->prep->pobj->assmod->assm->nn,对(prep) — 实施(top) — 是(root) — 展开(conj) — 针对(prep) — 问题(pobj) — 决策(assmod) — 的(assm) — 不确定性(nn),1
方法 → 用于 → 系统,nn->assmod->dobj->root->prep->pccomp->dobj->assmod->nn->nn->nn,估计(nn) — 方面(assmod) — 研究(dobj) — 开展(root) — 为了(prep) — 实现(pccomp) — 管理(dobj) — 系统(assmod) — 航空(nn) — 发动机(nn) — 燃油(nn),1
方法 → 用于 → 过程,amod->dobj->dep->conj->dobj->amod,灰色(amod) — 关联法(dobj) — 利用(dep) — 进行(conj) — 排序(dobj) — 重要度(amod),1
方法 → 用于 → 过程,nn->amod->nn->conj->dobj->rcmod->dobj->dep->root->root->dep->conj->dobj->nn,核(nn) — 主(amod) — 成分(nn) — 分析(conj) — 网络(dobj) — 基于(rcmod) — 方法(dobj) — 提出(dep) — 提供(root) — 作为(root) — 利用(dep) — 进行(conj) — 处理(dobj) — 降维(nn),1
方法 → 用于 → 过程,punct->dobj->conj->root->conj->dobj,-(punct) — 协方差法(dobj) — 利用(conj) — 选取(root) — 确定(conj) — 隶属度值(dobj),1
方法 → 用于产生 → 数据,amod->nn->conj->rcmod->dobj->conj->conj->dobj,同余(amod) — 组合(nn) — 发生器(conj) — 乘(rcmod) — 方式(dobj) — 利用(conj) — 产生(conj) — 随机数(dobj),1
方法 → 用于产生 → 数据,nsubj->rcmod->dobj->conj->conj->dobj,反变换法(nsubj) — 结合(rcmod) — 方式(dobj) — 利用(conj) — 产生(conj) — 随机数(dobj),1
方法 → 用于估计 → 参数,nn->nn->dobj->conj->conj->root->conj->dobj->nn->nn,中位秩(nn) — 回归(nn) — 参数法(dobj) — 利用(conj) — 建立(conj) — 给出(root) — 估计(conj) — 参数(dobj) — 威布尔(nn) — 分布(nn),1
方法 → 用于拟合 → 指标,nn->nn->cpm->rcmod->dobj->root->prep->pobj,故障(nn) — 预测(nn) — 的(cpm) — 基于(rcmod) — 研究(dobj) — 进行(root) — 对(prep) — 系统(pobj),1
方法 → 用于获取 → 数据,nn->cpm->rcmod->dobj->nn,故障(nn) — 的(cpm) — 基于(rcmod) — 驱动(dobj) — 数据(nn),1
方法 → 用于获取 → 数据,nn->nn->nn->dobj->root->prep->pobj->assmod->nn,气路(nn) — 故障(nn) — 模拟(nn) — 方法(dobj) — 利用(root) — 针对(prep) — 不足(pobj) — 样本(assmod) — 故障(nn),1
方法 → 用于解决 → 任务,nsubj->rcmod->dobj->nn->amod->nn->nn->amod->nn,数模(nsubj) — 联动(rcmod) — 思路(dobj) — 预测(nn) — 随机(amod) — 退化(nn) — 设备(nn) — 剩余(amod) — 寿命(nn),1
方法 → 用于解决 → 问题,nn->nsubj,航空(nn) — 柱塞泵(nsubj),1
方法 → 用于计算 → 参数,nn->nn->dobj->rcmod->dobj->root->root->conj->dobj,层次(nn) — 分析(nn) — 法(dobj) — 基于(rcmod) — 方法(dobj) — 提出(root) — 分析(root) — 计算(conj) — 权重(dobj),1
方法 → 用于评估 → 指标,nn->nn->nn->nn->nn->dobj->root->conj->ccomp->dobj->rcmod->dobj->cpm,航空(nn) — 发动机(nn) — 故障(nn) — 风险(nn) — 预测(nn) — 方法(dobj) — 给出(root) — 用(conj) — 评估(ccomp) — 可能性(dobj) — 发生(rcmod) — 故障(dobj) — 的(cpm),1
方法 → 用于选取 → 参数,amod->pobj->prep->ccomp->dep->root->root->loc->lobj->nn->prnmod->punct,"相关性(amod) — 分析(pobj) — 通过(prep) — 选取(ccomp) — 提出(dep) — 进行(root) — 提出(root) — 时(loc) — 预测(lobj) — 装置(nn) — APU(prnmod) — ,(punct)",1
方法 → 用于预测 → 故障,amod->conj->nn->dobj->rcmod->dobj->root->prep->pobj->rcmod->nsubj->nn,综合(amod) — 评判(conj) — 模糊(nn) — 法(dobj) — 基于(rcmod) — 方法(dobj) — 提出(root) — 针对(prep) — 难题(pobj) — 预测(rcmod) — 故障(nsubj) — 液压泵(nn),1
方法 → 监测 → 监测目标,nn->nn->nsubj->pccomp->prep->root->root->dobj->nn->nn,静电(nn) — 阵列(nn) — 数目(nsubj) — 受到(pccomp) — 由于(prep) — 导致(root) — 提出(root) — 方法(dobj) — 气路(nn) — 碎片(nn),1
方法 → 监视 → 状态,nn->nn->nn->dobj->root->prep->pobj->assmod->nn->nn,气路(nn) — 故障(nn) — 诊断(nn) — 方法(dobj) — 提出(root) — 针对(prep) — 问题(pobj) — 状态(assmod) — 气路(nn) — 健康(nn),1
方法 → 研究 → 流程,nn->nn->amod->nn->nn->nsubj->rcmod->nn,航空(nn) — 发动机(nn) — 机载(amod) — 健康(nn) — 管理(nn) — 系统(nsubj) — 正向(rcmod) — 设计(nn),1
方法 → 研究对象为 → 系统,nn->dobj->dep->root->nsubj,健康(nn) — 状态(dobj) — 掌握(dep) — 收放(root) — 起落架(nsubj),1
方法 → 确定 → 参数,nn->nn->nn->conj->cpm->rcmod->dobj->nn,PHM(nn) — 诊断(nn) — 外场(nn) — 评估(conj) — 的(cpm) — 基于(rcmod) — 方法(dobj) — 能力(nn),1
方法 → 符合 → 评价标准,dobj->dep->rcmod->dobj->rcmod->cpm->nn,MOG-HMM(dobj) — 简称(dep) — mixture(rcmod) — 方法(dobj) — 结合(rcmod) — 的(cpm) — 预测(nn),1
方法 → 简称 → 缩写,pobj->prnmod->pobj,质量屋(pobj) — of(prnmod) — HOQ(pobj),1
方法 → 组合 → 算法,punct->prnmod->pobj->nn->nn,((punct) — LSSVM(prnmod) — 网络(pobj) — 小波(nn) — 神经(nn),1
方法 → 组合 → 算法,punct->prnmod->pobj->vmod->advmod->amod->nummod->nsubj->dobj,((punct) — LSSVM(prnmod) — 网络(pobj) — 支持(vmod) — 最(advmod) — 小(amod) — 二(nummod) — 乘(nsubj) — 向量机(dobj),1
方法 → 结合 → Model,nn->nn->nn->nn->dobj->conj->root->dobj->nn->nn->nn,维修(nn) — 间隔(nn) — 风险(nn) — 评估(nn) — 方法(dobj) — 提出(conj) — 结合(root) — 模型(dobj) — 机队(nn) — 风险(nn) — 评估(nn),1
方法 → 结合 → Model,nn->nsubj->rcmod->pobj->root->root->dobj->rcmod->conj->nsubj->nn->prnmod->punct->punct->nn->nn->conj,"故障(nn) — 预测(nsubj) — 面临(rcmod) — 问题(pobj) — 针对(root) — 提出(root) — 方法(dobj) — 改进(rcmod) — 结合(conj) — 框架(nsubj) — 记忆(nn) — LSTM(prnmod) — ,(punct) — )(punct) — 神经(nn) — 网络(nn) — 模型(conj)",1
方法 → 结合 → 技术,cc->nn->lobj->plmod->prep->root->root->nsubj->nn->nn,与(cc) — 故障(nn) — 诊断(lobj) — 中(plmod) — 于(prep) — 应用(root) — 结合(root) — 技术(nsubj) — 模式(nn) — 识别(nn),1
方法 → 结合 → 技术,dobj->dep->rcmod->dobj->rcmod->pobj->nummod->nn->amod->nn,MOG-HMM(dobj) — 简称(dep) — mixture(rcmod) — 方法(dobj) — 基于(rcmod) — 模型(pobj) — 多(nummod) — 状态(nn) — 混合(amod) — 高斯隐马尔科夫(nn),1
方法 → 结合 → 技术,nn->nn->nn->nn->dobj->conj->root->dobj->conj->nn->nn,维修(nn) — 间隔(nn) — 风险(nn) — 评估(nn) — 方法(dobj) — 提出(conj) — 结合(root) — 模型(dobj) — 预测(conj) — 部件(nn) — 故障(nn),1
方法 → 结合 → 方法,nn->cc->lobj->plmod->prep->root->nsubj->nn->nn->nn,故障(nn) — 与(cc) — 诊断(lobj) — 中(plmod) — 于(prep) — 应用(root) — 方法(nsubj) — 时间(nn) — 序列(nn) — 分析(nn),1
方法 → 结合 → 方法,nsubj->pccomp->root->root->conj->dobj->nn,变量(nsubj) — 众多(pccomp) — 由于(root) — 选取(root) — 进行(conj) — 预测(dobj) — 寿命(nn),1
方法 → 结合 → 框架,nn->nsubj->rcmod->pobj->root->root->dobj->rcmod->conj->nsubj->amod->nn,故障(nn) — 预测(nsubj) — 面临(rcmod) — 问题(pobj) — 针对(root) — 提出(root) — 方法(dobj) — 改进(rcmod) — 结合(conj) — 框架(nsubj) — 集成(amod) — 学习(nn),1
方法 → 结合 → 算法,dobj->dep->rcmod->dobj->rcmod->prep->pobj->nn,MOG-HMM(dobj) — 简称(dep) — mixture(rcmod) — 方法(dobj) — 结合(rcmod) — 和(prep) — 算法(pobj) — Viterbi(nn),1
方法 → 缩小 → Performance Metric,amod->conj->pobj->rcmod->dobj->ccomp->root->root->conj->dobj->nn->amod->advmod,在线(amod) — 辨识(conj) — 控制(pobj) — 基于(rcmod) — 系统(dobj) — 设计(ccomp) — 是(root) — 利用(root) — 运用(conj) — 回归机(dobj) — 乘(nn) — 小(amod) — 最(advmod),1
方法 → 缩小 → Performance Metric,cpm->nn->rcmod->dobj->ccomp->root->root->conj->dobj->nn->amod->advmod,的(cpm) — 修正(nn) — 结合(rcmod) — 系统(dobj) — 设计(ccomp) — 是(root) — 利用(root) — 运用(conj) — 回归机(dobj) — 乘(nn) — 小(amod) — 最(advmod),1
方法 → 缩短 → 指标,amod->nn->nn->dobj->dep->prep->pobj->rcmod->nsubj->nn->nn,分层(amod) — 插件(nn) — 设计(nn) — 方法(dobj) — 采用(dep) — 针对(prep) — 问题(pobj) — 长(rcmod) — 周期(nsubj) — 软件(nn) — 开发(nn),1
方法 → 缩短 → 指标,nn->dobj->root->dep->prep->pobj->rcmod->nsubj->nn,设计(nn) — 方法(dobj) — 提出(root) — 采用(dep) — 针对(prep) — 问题(pobj) — 长(rcmod) — 周期(nsubj) — 开发(nn),1
方法 → 缺少 → 方法,amod->nn->nn->dobj,传统(amod) — 离线(nn) — 校准(nn) — 方法(dobj),1
方法 → 融合 → 信号,conj->nn->pobj->prep->root->root->conj->prep->pobj->assmod->pobj->nn,诊断(conj) — 管理(nn) — 研发(pobj) — 给(prep) — 提出(root) — 获得(root) — 铺平(conj) — 为(prep) — 诊断(pobj) — 与(assmod) — 信号(pobj) — 振动(nn),1
方法 → 融合 → 技术,nn->nsubj->root->root->dobj->rcmod->nsubj->nn->conj,航空(nn) — 柱塞泵(nsubj) — 存在(root) — 提出(root) — 方法(dobj) — 融合(rcmod) — 算法(nsubj) — 知识(nn) — 图谱(conj),1
方法 → 融合 → 算法,nn->nsubj->root->root->dobj->rcmod->nsubj->amod->nn,航空(nn) — 柱塞泵(nsubj) — 存在(root) — 提出(root) — 方法(dobj) — 融合(rcmod) — 算法(nsubj) — 人工(amod) — 蜂群(nn),1
方法 → 衡量 → 度量,pobj->prep->root->root->dep->conj->prep->pobj->nn,质量屋(pobj) — 在(prep) — 衡量(root) — 确立(root) — 利用(dep) — 进行(conj) — 对(prep) — 需求(pobj) — 客户(nn),1
方法 → 表示 → 关系,nn->dobj->root->root->pccomp->dobj->nn->conj->nn,贝叶斯(nn) — 网络(dobj) — 采用(root) — 为(root) — 研究(pccomp) — 技术(dobj) — 部件(nn) — 诊断(conj) — 故障(nn),1
方法 → 解决 → 技术问题,nn->nn->nn->nn->dobj->rcmod->cpm,飞机(nn) — 液压泵(nn) — 故障(nn) — 预测(nn) — 方法(dobj) — 基于(rcmod) — 的(cpm),1
方法 → 解决 → 问题,amod->dobj->rcmod->dobj->root->prep->pobj->amod->nn,灰色(amod) — 理论(dobj) — 基于(rcmod) — 方法(dobj) — 提出(root) — 针对(prep) — 问题(pobj) — 高(amod) — 故障率(nn),1
方法 → 解决 → 问题,amod->nn->cpm->dobj->rcmod->dobj->root->prep->pobj->vmod->loc->lobj->nn->nn->amod->nn,剩余(amod) — 寿命(nn) — 的(cpm) — 预估(dobj) — 进行(rcmod) — 方法(dobj) — 提出(root) — 针对(prep) — 问题(pobj) — 困难(vmod) — 中(loc) — 预估(lobj) — 航空(nn) — 发动机(nn) — 剩余(amod) — 寿命(nn),1
方法 → 解决 → 问题,amod->nn->nn->nn->cpm->rcmod->dobj->dep->root->prep->pobj->rcmod->amod->nn->nn->nsubj,产生式(amod) — 规则(nn) — 知识(nn) — 表示(nn) — 的(cpm) — 基于(rcmod) — 方法(dobj) — 设计(dep) — 为(root) — 针对(prep) — 问题(pobj) — 低下(rcmod) — 产生式(amod) — 规则(nn) — 推理(nn) — 效率(nsubj),1
方法 → 解决 → 问题,amod->nn->nn->nn->cpm->rcmod->dobj->dep->root->prep->pobj->rcmod->nn->nsubj->amod->nsubj,产生式(amod) — 规则(nn) — 知识(nn) — 表示(nn) — 的(cpm) — 基于(rcmod) — 方法(dobj) — 设计(dep) — 为(root) — 针对(prep) — 问题(pobj) — 困难(rcmod) — 知识(nn) — 元权(nsubj) — 重(amod) — 分配(nsubj),1
方法 → 解决 → 问题,amod->pobj->prep->ccomp->dep->root->root->prep->pccomp->dobj->rcmod->cpm,相关性(amod) — 分析(pobj) — 通过(prep) — 选取(ccomp) — 提出(dep) — 进行(root) — 提出(root) — 基于(prep) — 存在(pccomp) — 问题(dobj) — 欠缺(rcmod) — 的(cpm),1
方法 → 解决 → 问题,dobj->root->conj->dobj->nn,非线性(dobj) — 具有(root) — 使得(conj) — 结果(dobj) — 预测(nn),1
方法 → 解决 → 问题,nn->assm->nn->assmod->dobj->dep->root->prep->pobj->rcmod->punct->nn->punct->nsubj->advmod,"MFOP(nn) — 的(assm) — 分解(nn) — 参数(assmod) — 方法(dobj) — 提出(dep) — 进行(root) — 针对(prep) — 问题(pobj) — 分解(rcmod) — ,(punct) — MFOP(nn) — )(punct) — 指标(nsubj) — 无法(advmod)",1
方法 → 解决 → 问题,nn->assmod->pobj->conj->assmod->nn->nn->assm->amod->amod,预测(nn) — 方法(assmod) — 不足(pobj) — 特性(conj) — 数据(assmod) — 滑油(nn) — 光谱(nn) — 的(assm) — 非线性(amod) — 非平稳(amod),1
方法 → 解决 → 问题,nn->cpm->nn->dobj->pccomp->rcmod->dobj->root->prep->pccomp->dobj->rcmod->nsubj->nn->prnmod->punct->punct->prep->pobj->nn->nn,性能(nn) — 的(cpm) — 扩增(nn) — 参数(dobj) — 生成(pccomp) — 基于(rcmod) — 方法(dobj) — 提出(root) — 为(prep) — 解决(pccomp) — 问题(dobj) — 低(rcmod) — 维度(nsubj) — 装置(nn) — APU(prnmod) — ((punct) — )(punct) — 在(prep) — 翼(pobj) — 性能(nn) — 参数(nn),1
方法 → 解决 → 问题,nn->nn->amod->nn->nn->nsubj->rcmod->dobj->rcmod->conj->nn->nsubj->neg,航空(nn) — 发动机(nn) — 机载(amod) — 健康(nn) — 管理(nn) — 系统(nsubj) — 正向(rcmod) — 问题(dobj) — 清晰(rcmod) — 明确(conj) — 设计(nn) — 需求(nsubj) — 不(neg),1
方法 → 解决 → 问题,nn->nn->amod->nn->nn->nsubj->rcmod->dobj->rcmod->punct->nn->nn->conj,航空(nn) — 发动机(nn) — 机载(amod) — 健康(nn) — 管理(nn) — 系统(nsubj) — 正向(rcmod) — 问题(dobj) — 清晰(rcmod) — 、(punct) — 需求(nn) — 设计(nn) — 对应(conj),1
方法 → 解决 → 问题,nn->nn->amod->nn->nn->nsubj->rcmod->nn->nsubj->neg->rcmod,航空(nn) — 发动机(nn) — 机载(amod) — 健康(nn) — 管理(nn) — 系统(nsubj) — 正向(rcmod) — 设计(nn) — 流程(nsubj) — 不(neg) — 清晰(rcmod),1
方法 → 解决 → 问题,nn->nn->nn->cpm->rcmod->dobj->root->prep->pccomp->dobj->rcmod->conj->nsubj->cpm,APU(nn) — 故障(nn) — 预测(nn) — 的(cpm) — 基于(rcmod) — 方法(dobj) — 提出(root) — 基于(prep) — 存在(pccomp) — 问题(dobj) — 欠缺(rcmod) — 不足(conj) — 精度(nsubj) — 的(cpm),1
方法 → 解决 → 问题,nn->nn->nn->cpm->rcmod->dobj->root->prep->pccomp->nsubj->nn->prnmod->punct->punct,"APU(nn) — 故障(nn) — 预测(nn) — 的(cpm) — 基于(rcmod) — 方法(dobj) — 提出(root) — 基于(prep) — 存在(pccomp) — 数据(nsubj) — 记录器(nn) — QAR(prnmod) — ,(punct) — )(punct)",1
方法 → 解决 → 问题,nn->nn->nn->dobj->root->prep->pobj->nn->nn->assmod->assm->nn,气路(nn) — 故障(nn) — 诊断(nn) — 方法(dobj) — 提出(root) — 针对(prep) — 问题(pobj) — 气路(nn) — 健康(nn) — 状态(assmod) — 的(assm) — 评估(nn),1
方法 → 解决 → 问题,nn->nn->nn->dobj->root->prep->pobj->nn->nn->nn->nn->nn->nn->nn,卡尔曼(nn) — 滤波(nn) — 估计(nn) — 方法(dobj) — 研究(root) — 针对(prep) — 问题(pobj) — 航空(nn) — 发动机(nn) — 气路(nn) — 部件(nn) — 健康(nn) — 参数(nn) — 估计(nn),1
方法 → 解决 → 问题,nn->nn->nn->lobj->loc->rcmod->conj->neg,轴承(nn) — 诊断(nn) — 故障(nn) — 过程(lobj) — 中(loc) — 足(rcmod) — 拟合(conj) — 过(neg),1
方法 → 解决 → 问题,nn->nn->nn->lobj->loc->rcmod->nn->nsubj->neg,轴承(nn) — 诊断(nn) — 故障(nn) — 过程(lobj) — 中(loc) — 足(rcmod) — 预测(nn) — 精度(nsubj) — 不(neg),1
方法 → 解决 → 问题,nn->nn->nn->lobj->loc->vmod->nn->nn->dobj->root->prep->pobj->rcmod->nn->lobj->loc->nsubj->advmod->dobj,飞机(nn) — 起落架(nn) — 电液(nn) — 换向阀(lobj) — 内(loc) — 泄漏(vmod) — 故障(nn) — 预测(nn) — 方法(dobj) — 提出(root) — 针对(prep) — 问题(pobj) — 实施(rcmod) — 电液(nn) — 换向阀(lobj) — 内(loc) — 泄漏(nsubj) — 无法(advmod) — 检测(dobj),1
方法 → 解决 → 问题,nn->nn->nn->nn->dobj->conj->root->prep->pobj->assmod->nn->nn,维修(nn) — 间隔(nn) — 风险(nn) — 评估(nn) — 方法(dobj) — 提出(conj) — 结合(root) — 针对(prep) — 问题(pobj) — 间隔(assmod) — 民机(nn) — 维修(nn),1
方法 → 解决 → 问题,nn->nn->nn->nsubj->pccomp->nn->nn->nn->assmod,航空(nn) — 气路(nn) — 发动机(nn) — 监控(nsubj) — 缺乏(pccomp) — 部件(nn) — 状态(nn) — 故障(nn) — 样本(assmod),1
方法 → 解决 → 问题,nn->nsubj->rcmod,向量机(nn) — 方法(nsubj) — 支持(rcmod),1
方法 → 解决 → 问题,nn->pobj->assmod->dobj->conj->prep->pobj->nn->assmod->assm->nn->nn->nn,马氏(nn) — 距离(pobj) — 基于(assmod) — 方法(dobj) — 提出(conj) — 针对(prep) — 问题(pobj) — 类型(nn) — 装备(assmod) — 的(assm) — 故障(nn) — 状态(nn) — 判别(nn),1
方法 → 解决 → 问题,nummod->nn->amod->nn->dobj->rcmod->dobj->root->prep->pobj->nn->nn->nn->nn->nn,多(nummod) — 因子(nn) — 高阶(amod) — 模糊(nn) — 变动(dobj) — 基于(rcmod) — 方法(dobj) — 提出(root) — 针对(prep) — 问题(pobj) — 飞机(nn) — 操纵面(nn) — 故障(nn) — 趋势(nn) — 预测(nn),1
方法 → 解决 → 问题,rcmod->nn->dobj->dobj->root->root->nsubj,基于(rcmod) — Copula(nn) — 相似性(dobj) — 方法(dobj) — 提出(root) — 众多(root) — 特征(nsubj),1
方法 → 解决 → 问题,rcmod->nn->dobj->dobj->root->root->prep->pccomp->nsubj->nsubj,基于(rcmod) — Copula(nn) — 相似性(dobj) — 方法(dobj) — 提出(root) — 众多(root) — 针对(prep) — 退化(pccomp) — 性能(nsubj) — 特征(nsubj),1
方法 → 解出 → 指标,amod->dobj->assmod->pobj->amod,新(amod) — 方法(dobj) — 基于(assmod) — 数据(pobj) — 失效(amod),1
方法 → 计算 → 指标,dobj->dep->rcmod->dobj->root->root->conj->dobj->nn,MOG-HMM(dobj) — 简称(dep) — mixture(rcmod) — 方法(dobj) — 提出(root) — 建立(root) — 计算(conj) — 间隔(dobj) — 时间(nn),1
方法 → 评估 → 属性,nn->nn->dobj->conj->root->root->nsubj,误差(nn) — 得分(nn) — 函数(dobj) — 设计(conj) — 利用(root) — 识别(root) — 预测(nsubj),1
方法 → 评估 → 维修模式,nsubj,维修(nsubj),1
方法 → 评估 → 风险,nn->nn->nn->nn->dobj->conj->root->prep->pobj->nn->nn,维修(nn) — 间隔(nn) — 风险(nn) — 评估(nn) — 方法(dobj) — 提出(conj) — 结合(root) — 鉴于(prep) — 重要性(pobj) — 间隔(nn) — 维修(nn),1
方法 → 识别 → 故障,nn->cc->lobj->nn,故障(nn) — 与(cc) — 诊断(lobj) — 发动机(nn),1
方法 → 识别 → 数据,nsubj->ccomp->root->root->dobj,学习器(nsubj) — 用以(ccomp) — 提出(root) — 迁移(root) — 样本(dobj),1
方法 → 调整 → 参数,amod->nn->cpm->rcmod->nsubj,半(amod) — 监督(nn) — 的(cpm) — 基于(rcmod) — 学习器(nsubj),1
方法 → 调整 → 算法组件,nn->nn->nsubj->ccomp->conj->root->conj->conj->dobj->assmod->nn,预测(nn) — SMO-SVR(nn) — 模型(nsubj) — 具有(ccomp) — 表明(conj) — 提出(root) — 采用(conj) — 调整(conj) — 准则(dobj) — 算法(assmod) — SMO(nn),1
方法 → 辅助 → 任务,nn->conj->nn->nn->nn,故障(nn) — 诊断(conj) — 部件(nn) — 故障(nn) — 定位(nn),1
方法 → 辅助 → 活动,assm->amod->amod->dobj->assmod->root->root->dobj->rcmod,的(assm) — 多源(amod) — 异构(amod) — 数据(dobj) — 大量(assmod) — 产生(root) — 起到(root) — 作用(dobj) — 排故(rcmod),1
方法 → 辅助 → 设计,assm->amod->amod->dobj->assmod->root->root->dobj->conj->nn,的(assm) — 多源(amod) — 异构(amod) — 数据(dobj) — 大量(assmod) — 产生(root) — 包括(root) — 数据(dobj) — 数据(conj) — 设计(nn),1
方法 → 达到 → Performance Metric,nn->pobj->assmod->dobj->conj->root->conj->dep->dobj->assmod->assm->amod->nn->nn,马氏(nn) — 距离(pobj) — 基于(assmod) — 方法(dobj) — 提出(conj) — 是(root) — 用(conj) — 使得(dep) — 准确度(dobj) — 离线(assmod) — 的(assm) — 平均(amod) — 故障(nn) — 预测(nn),1
方法 → 达到 → Performance Metric,nn->pobj->assmod->dobj->conj->root->conj->dep->dobj->cc->assmod->assm->amod->nn->nn,马氏(nn) — 距离(pobj) — 基于(assmod) — 方法(dobj) — 提出(conj) — 是(root) — 用(conj) — 使得(dep) — 准确度(dobj) — 和(cc) — 离线(assmod) — 的(assm) — 平均(amod) — 故障(nn) — 预测(nn),1
方法 → 迁移 → 数据,dobj->rcmod->nsubj->ccomp->root->root->dobj->amod->nn,学习(dobj) — 基于(rcmod) — 学习器(nsubj) — 用以(ccomp) — 提出(root) — 迁移(root) — 样本(dobj) — 高(amod) — 相似度(nn),1
方法 → 迁移 → 数据,nn->assm->rcmod->dobj->root->dobj->amod->nn,支持(nn) — 的(assm) — 基于(rcmod) — 向量机(dobj) — 迁移(root) — 样本(dobj) — 高(amod) — 相似度(nn),1
方法 → 运用 → 手段,nsubj,故障(nsubj),1
方法 → 进行 → 任务,nsubj->root->root->pccomp->nsubj->nn,方法(nsubj) — 选取(root) — 由于(root) — 众多(pccomp) — 发动机(nsubj) — 航空(nn),1
方法 → 进行 → 技术,assm->nn->nsubj->assmod->root->root->conj->dobj->rcmod->dobj,的(assm) — 故障(nn) — 预测(nsubj) — 设备(assmod) — 是(root) — 提出(root) — 进行(conj) — 训练(dobj) — 含(rcmod) — Dropout(dobj),1
方法 → 进行 → 步骤,amod->dobj->rcmod->dobj->root->conj->dep->dobj->amod,灰色(amod) — 理论(dobj) — 基于(rcmod) — 方法(dobj) — 提出(root) — 处理(conj) — 进行(dep) — 检验(dobj) — 拟合(amod),1
方法 → 进行 → 活动,nn->nn->nn->nn->dobj->root->root->dep->dobj->nn,飞机(nn) — 液压泵(nn) — 故障(nn) — 预测(nn) — 方法(dobj) — 提出(root) — 为(root) — 进行(dep) — 验证(dobj) — 试验(nn),1
方法 → 适合于 → Application,nn->nn->amod->nn->nn->nn->assm->assmod->dobj->root->conj->ccomp->dep->dep->prep->pobj->amod,故障(nn) — 风险(nn) — 综合(amod) — 预警(nn) — 信号(nn) — 预测(nn) — 的(assm) — 基于(assmod) — 方法(dobj) — 提出(root) — 表明(conj) — 预测(ccomp) — 有效(dep) — 适合(dep) — 于(prep) — 预测(pobj) — 短期(amod),1
方法 → 适用於 → 应用,amod->nn->nn->dobj->conj->conj->root->root->nsubj->nn,局部(amod) — 应力(nn) — 应变(nn) — 法(dobj) — 使(conj) — 求解(conj) — 建立(root) — 发生(root) — 失效(nsubj) — 疲劳(nn),1
方法 → 选取 → 数据,amod->nsubj->root->root->pccomp->nsubj,传统(amod) — 方法(nsubj) — 选取(root) — 由于(root) — 众多(pccomp) — 变量(nsubj),1
方法 → 选取 → 数据,nsubj->root->root->pccomp->nsubj,方法(nsubj) — 选取(root) — 由于(root) — 众多(pccomp) — 变量(nsubj),1
方法 → 选取 → 飞机系统,nsubj->root->root->conj->prep->pobj->assmod->assm->nn,维修(nsubj) — 是(root) — 借助(root) — 输入(conj) — 由(prep) — 参数(pobj) — 不同(assmod) — 的(assm) — 系统(nn),1
方法 → 选用 → 函数,nn->amod->nn->conj->dobj->rcmod->dobj->dep->root->root->dep->conj->dobj->nn,核(nn) — 主(amod) — 成分(nn) — 分析(conj) — 网络(dobj) — 基于(rcmod) — 方法(dobj) — 提出(dep) — 提供(root) — 作为(root) — 利用(dep) — 选用(conj) — 函数(dobj) — 高斯(nn),1
方法 → 通过...验证 → Application,cpm->amod->nn->nn->nn->dobj->rcmod->dep->root->root->dep->dobj->nn->nn,的(cpm) — 产生式(amod) — 规则(nn) — 知识(nn) — 表示(nn) — 方法(dobj) — 基于(rcmod) — 设计(dep) — 为(root) — 为(root) — 模拟(dep) — 实例(dobj) — 发动机(nn) — 故障(nn),1
方法 → 通过...验证 → 数据,nn->assmod->dobj->root->prep->pccomp->dobj->assmod->nn,估计(nn) — 方面(assmod) — 研究(dobj) — 开展(root) — 为了(prep) — 实现(pccomp) — 管理(dobj) — 系统(assmod) — 发动机(nn),1
方法 → 通过...验证 → 数据,nsubj->rcmod->dobj->dep->conj->prep->pobj->nn->nn->amod->nn,数模(nsubj) — 联动(rcmod) — 思路(dobj) — 提出(dep) — 为(conj) — 通过(prep) — 数据(pobj) — 航空(nn) — 发动机(nn) — 多源(amod) — 监测(nn),1
方法 → 通过增加 → 技术,dobj->root->root->dep->prep->pobj->rcmod->dobj->amod,非线性(dobj) — 具有(root) — 研究(root) — 解决(dep) — 通过(prep) — 方式(pobj) — 增加(rcmod) — 约束(dobj) — 线性(amod),1
方法 → 通过监测 → 指标,amod->nn->nn->top->root->attr->assmod->assm->amod,防热(amod) — 系统(nn) — 健康(nn) — 管理(top) — 是(root) — 之一(attr) — 飞行器(assmod) — 的(assm) — 关键(amod),1
方法 → 采用 → Model,cc->amod->nn->nn->nn->assmod->dobj->root->root->dobj->rcmod->conj->punct->amod->nn->rcmod,和(cc) — 剩余(amod) — 使用(nn) — 寿命(nn) — 估计(nn) — 方面(assmod) — 研究(dobj) — 开展(root) — 提出(root) — 方法(dobj) — 基于(rcmod) — 支持(conj) — -(punct) — 向(amod) — 量(nn) — 回归(rcmod),1
方法 → 采用 → Model,nn->nn->nn->nsubj->root->root->dobj->nn,时间(nn) — 序列(nn) — 分析(nn) — 方法(nsubj) — 应用(root) — 采用(root) — 模型(dobj) — 自回归(nn),1
方法 → 采用 → 度量,amod->nn->nn->nn->cpm->rcmod->dobj->dep->root->prep->pobj->rcmod->loc->lccomp->nsubj,产生式(amod) — 规则(nn) — 知识(nn) — 表示(nn) — 的(cpm) — 基于(rcmod) — 方法(dobj) — 设计(dep) — 为(root) — 针对(prep) — 问题(pobj) — 困难(rcmod) — 时(loc) — 融合(lccomp) — 信息(nsubj),1
方法 → 采用 → 思想,nn->nn->amod->nn->nn->nsubj->rcmod->dobj->rcmod->nsubj->nn,航空(nn) — 发动机(nn) — 机载(amod) — 健康(nn) — 管理(nn) — 系统(nsubj) — 正向(rcmod) — 问题(dobj) — 清晰(rcmod) — 流程(nsubj) — 设计(nn),1
方法 → 采用 → 指标,nn->nn->dobj->root->conj->dobj->nn->nn,组合(nn) — 预测(nn) — 方法(dobj) — 提出(root) — 采用(conj) — 误差(dobj) — 拟(nn) — 合均方(nn),1
方法 → 采用 → 方法,assm->conj->assmod->dobj->root->root->dep->cc,的(assm) — 功能(conj) — 系统(assmod) — 作用(dobj) — 发挥(root) — 分析(root) — 比较(dep) — 和(cc),1
方法 → 采用 → 方法,assm->conj->assmod->dobj->root->root->prep->pccomp->dobj->nn->conj,的(assm) — 功能(conj) — 系统(assmod) — 作用(dobj) — 发挥(root) — 提出(root) — 基于(prep) — 采用(pccomp) — 分析法(dobj) — 逻辑(nn) — 决断图(conj),1
方法 → 采用 → 策略,amod->nn->nn->nn->cpm->rcmod->dobj->dep->root->prep->pobj->rcmod->nsubj->nn,产生式(amod) — 规则(nn) — 知识(nn) — 表示(nn) — 的(cpm) — 基于(rcmod) — 方法(dobj) — 设计(dep) — 为(root) — 针对(prep) — 问题(pobj) — 低下(rcmod) — 效率(nsubj) — 推理(nn),1
方法 → 采用 → 算法,assm->nn->nsubj->assmod->root->root->conj->dep->dobj->amod->amod,的(assm) — 故障(nn) — 预测(nsubj) — 设备(assmod) — 是(root) — 提出(root) — 进行(conj) — 采用(dep) — 算法(dobj) — 改进(amod) — 遗传(amod),1
方法 → 采用 → 算法,nn->nsubj->rcmod->pobj->root->root->dobj->nn,故障(nn) — 预测(nsubj) — 面临(rcmod) — 问题(pobj) — 针对(root) — 采用(root) — 算法(dobj) — Adaboosting(nn),1
方法 → 重建 → 问题,nsubj,故障(nsubj),1
方法 → 针对 → 任务,nn->nsubj->nn->nn->nn,故障(nn) — 预测(nsubj) — 航空(nn) — 电子(nn) — 产品(nn),1
方法 → 针对 → 失效模式,nn->nn->dobj->assmod->amod->amod,故障(nn) — 注入(nn) — 方法(dobj) — 模式(assmod) — 主要(amod) — 失效(amod),1
方法 → 针对 → 故障,nn->dobj->conj->prep->pobj->nn->nn->nn->amod->nn,仿真(nn) — 分析(dobj) — 进行(conj) — 对(prep) — 故障(pobj) — 开关(nn) — 磁阻(nn) — 发电机(nn) — 典型(amod) — 电气(nn),1
方法 → 针对 → 研究对象,assm->conj->assmod->dobj->root->root->dobj->assmod->pobj->conj,的(assm) — 功能(conj) — 系统(assmod) — 作用(dobj) — 发挥(root) — 提出(root) — 方法(dobj) — 针对(assmod) — 故障(pobj) — 部件(conj),1
方法 → 针对 → 系统,nn->nn->nn->nn->conj->cpm->rcmod->dobj->root->prep->pccomp->nsubj->cc->nn->nn,PHM(nn) — 诊断(nn) — 能力(nn) — 外场(nn) — 评估(conj) — 的(cpm) — 基于(rcmod) — 方法(dobj) — 提出(root) — 针对(prep) — 缺乏(pccomp) — 系统(nsubj) — 与(cc) — 健康(nn) — 管理(nn),1
方法 → 针对 → 组件,nn->nn->conj->assmod->conj,数学(nn) — 建模(nn) — 方法(conj) — 减速器(assmod) — 控制器(conj),1
方法 → 针对 → 组件,nn->nn->conj->assmod->conj,数学(nn) — 建模(nn) — 方法(conj) — 减速器(assmod) — 电机(conj),1
方法 → 针对 → 组件,nn->nn->conj->assmod->nn,数学(nn) — 建模(nn) — 方法(conj) — 减速器(assmod) — 齿轮(nn),1
方法 → 降低 → Performance Metric,rcmod->dobj,基于(rcmod) — 网络(dobj),1
方法 → 降低 → 指标,amod->dobj->rcmod->dobj->root->prep->pobj->nn,灰色(amod) — 理论(dobj) — 基于(rcmod) — 方法(dobj) — 提出(root) — 针对(prep) — 问题(pobj) — 故障率(nn),1
方法 → 降低 → 指标,amod->nn->nn->dobj->dep->prep->pobj->rcmod->conj->nsubj,分层(amod) — 插件(nn) — 设计(nn) — 方法(dobj) — 采用(dep) — 针对(prep) — 问题(pobj) — 长(rcmod) — 高(conj) — 成本(nsubj),1
方法 → 降低 → 问题,nn->nn->nn->lobj->loc->rcmod->pobj->prep->root->ccomp->nsubj->rcmod->dobj->nn,轴承(nn) — 诊断(nn) — 故障(nn) — 过程(lobj) — 中(loc) — 足(rcmod) — 问题(pobj) — 针对(prep) — 提出(root) — 用以(ccomp) — 学习器(nsubj) — 基于(rcmod) — 学习(dobj) — 迁移(nn),1
方法 → 难以实现 → 目标,assmod->assm->nsubj->rcmod->dobj->amod->nn,传统(assmod) — 的(assm) — 方法(nsubj) — 进行(rcmod) — 管理(dobj) — 有效(amod) — 健康(nn),1
方法 → 预处理 → 数据类型,nummod->clf->dobj->conj->root->root->dep->dobj->nn,3(nummod) — 点(clf) — 均值法(dobj) — 采用(conj) — 具有(root) — 适用于(root) — 适合(dep) — 序列(dobj) — 波动(nn),1
方法 → 预测 → Performance Metric,nn->nn->cpm->rcmod->dobj->root->prep->pobj->rcmod->nn->amod->nsubj->nn->nn,组合(nn) — 预测(nn) — 的(cpm) — 基于(rcmod) — 方法(dobj) — 提出(root) — 针对(prep) — 问题(pobj) — 间隔(rcmod) — 飞机(nn) — 平均(amod) — 故障(nsubj) — 飞行(nn) — 时间(nn),1
方法 → 预测 → 分析目标,nn->nn->amod->nn->nn->nn->assm->assmod->dobj->root->conj->ccomp->dep->nsubj->nn->nn->nn->nn,故障(nn) — 风险(nn) — 综合(amod) — 预警(nn) — 信号(nn) — 预测(nn) — 的(assm) — 基于(assmod) — 方法(dobj) — 提出(root) — 表明(conj) — 预测(ccomp) — 有效(dep) — 趋势(nsubj) — 航空(nn) — 装备(nn) — 故障(nn) — 风险(nn),1
方法 → 预测 → 指标,cpm->nn->nn->rcmod->dobj->root->root->conj->dobj->nn->nn,的(cpm) — 故障(nn) — 预测(nn) — 基于(rcmod) — 研究(dobj) — 进行(root) — 采用(root) — 拟合(conj) — 曲线(dobj) — 性能(nn) — 衰退(nn),1
方法 → 预测 → 指标,cpm->nn->nn->rcmod->dobj->root->root->dobj->nn->amod,的(cpm) — 故障(nn) — 预测(nn) — 基于(rcmod) — 研究(dobj) — 进行(root) — 预测(root) — 寿命(dobj) — 产品(nn) — 剩余(amod),1
方法 → 预测 → 故障类型,dobj->dep->rcmod->dobj->root->prep->pobj->amod,MOG-HMM(dobj) — 简称(dep) — mixture(rcmod) — 方法(dobj) — 提出(root) — 针对(prep) — 故障(pobj) — 突发(amod),1
方法 → 预测 → 数据,advmod->rcmod->nn->nn->dobj->conj->root->root->loc->lccomp->prep->pobj->nn->conj->nn,反向(advmod) — 传播(rcmod) — 神经(nn) — 网络(nn) — 方法(dobj) — 支持(conj) — 采用(root) — 出现(root) — 时(loc) — 应用(lccomp) — 于(prep) — 预测(pobj) — 关系(nn) — 磨粒(conj) — 发动机(nn),1
方法 → 预测 → 数据,nn->nsubj->lccomp->prep->pobj->nn->conj->nn,向量机(nn) — 方法(nsubj) — 应用(lccomp) — 于(prep) — 预测(pobj) — 关系(nn) — 磨粒(conj) — 发动机(nn),1
方法 → 预测 → 数据,nn->rcmod->nsubj->lccomp->prep->pobj->nn->conj->nn,向量机(nn) — 支持(rcmod) — 方法(nsubj) — 应用(lccomp) — 于(prep) — 预测(pobj) — 关系(nn) — 磨粒(conj) — 发动机(nn),1
方法 → 预测 → 问题,amod->dobj->rcmod->dobj->root->conj->conj->ccomp->dobj->nn->nummod->amod->nn,灰色(amod) — 理论(dobj) — 基于(rcmod) — 方法(dobj) — 提出(root) — 处理(conj) — 表明(conj) — 预测(ccomp) — 故障(dobj) — 塞斯纳(nn) — 172(nummod) — 基本型(amod) — 飞机(nn),1
方法 → 预测 → 预测目标,nn->nn->nsubj->ccomp->conj->root->prep->pccomp->dobj->nn->nn->nn,预测(nn) — SMO-SVR(nn) — 模型(nsubj) — 具有(ccomp) — 表明(conj) — 提出(root) — 为了(prep) — 预测(pccomp) — 情况(dobj) — 状态(nn) — 参量(nn) — 变化(nn),1
方法 → 预测 → 风险,nn->nn->nn->nn->dobj->conj->root->prep->pobj->assmod->pobj->nn,维修(nn) — 间隔(nn) — 风险(nn) — 评估(nn) — 方法(dobj) — 提出(conj) — 结合(root) — 鉴于(prep) — 重要性(pobj) — 对(assmod) — 安全(pobj) — 飞行(nn),1
方法 → 预测精度高于 → 基线模型,assm->nn->nsubj->assmod->root->root->ccomp->conj->conj->dobj,的(assm) — 故障(nn) — 预测(nsubj) — 设备(assmod) — 是(root) — 显示(root) — 为(ccomp) — 高于(conj) — 支持(conj) — 向量机(dobj),1
方法 → 预测精度高于 → 基线模型,assm->nn->nsubj->assmod->root->root->dobj->rcmod->prep->pobj->punct->nn->punct,"的(assm) — 故障(nn) — 预测(nsubj) — 设备(assmod) — 是(root) — 提出(root) — 方法(dobj) — 融合(rcmod) — 基于(prep) — 模型(pobj) — ,(punct) — DBN(nn) — )(punct)",1
方法 → 验证 → Model,nn->conj->pobj->prep->root->root->nsubj->nn,理论(nn) — 推导(conj) — 分析(pobj) — 通过(prep) — 验证(root) — 用(root) — 总线(nsubj) — GJB289A(nn),1
方法 → 验证 → Model,nn->dobj->conj->conj->conj->dobj->amod->nn->nn,仿真(nn) — 实验(dobj) — 进行(conj) — 利用(conj) — 构建(conj) — 模型(dobj) — 混沌(amod) — 神经(nn) — 网络(nn),1
方法 → 验证 → Model,nn->nn->pobj->prep->root->root->nsubj->nn,实验室(nn) — 实测(nn) — 分析(pobj) — 通过(prep) — 验证(root) — 用(root) — 总线(nsubj) — GJB289A(nn),1
方法 → 验证 → Performance Metric,nn->nsubj->rcmod->pobj->prep->root->dobj->assmod->pobj,维修(nn) — 次数(nsubj) — 超(rcmod) — 问题(pobj) — 针对(prep) — 提出(root) — 方法(dobj) — 基于(assmod) — 模型(pobj),1
方法 → 验证 → Performance Metric,nn->pobj->prep->root->root->conj->dobj->assmod->nn,MATLAB(nn) — 仿真(pobj) — 通过(prep) — 验证(root) — 起(root) — 提高(conj) — 难度(dobj) — 预测(assmod) — 故障(nn),1
方法 → 验证 → 属性,nn->nn->nn->nsubj->conj->root->conj->dobj->assmod->assm,状态(nn) — 预测(nn) — 趋势(nn) — 结果(nsubj) — 建立(conj) — 采用(root) — 说明(conj) — 有效性(dobj) — 系统(assmod) — 的(assm),1
方法 → 验证 → 属性,nn->nn->pobj->assmod->pobj->prep->conj->dobj->rcmod->nsubj->nn,网络(nn) — 算法(nn) — 结果(pobj) — 与(assmod) — 比较(pobj) — 通过(prep) — 验证(conj) — 有效性(dobj) — 用于(rcmod) — 模型(nsubj) — LSTM(nn),1
方法 → 验证 → 方法,pobj->prep->dep->root->dep->dobj->rcmod->dobj,试验(pobj) — 通过(prep) — 进行(dep) — 介绍(root) — 提出(dep) — 方法(dobj) — 基于(rcmod) — 数据(dobj),1
方法 → 验证 → 系统,assmod->dobj->rcmod->cpm->nn->nn->nn->nn,系统(assmod) — 模型(dobj) — 基于(rcmod) — 的(cpm) — 航空(nn) — 发动机(nn) — 健康(nn) — 管理(nn),1
方法 → 验证于 → Dataset,amod->nn->dobj->cpm->dobj->rcmod->root->root->conj->dobj->assmod->lobj,剩余(amod) — 寿命(nn) — 预估(dobj) — 的(cpm) — 方法(dobj) — 进行(rcmod) — 提出(root) — 利用(root) — 提取(conj) — 特征(dobj) — 中(assmod) — 数据(lobj),1
方法 → 验证于 → 数据,nn->cpm->nn->dobj->pccomp->rcmod->dobj->root->prep->pccomp->dobj->rcmod->nsubj->nn->prnmod->punct->punct->prep->pobj,性能(nn) — 的(cpm) — 扩增(nn) — 参数(dobj) — 生成(pccomp) — 基于(rcmod) — 方法(dobj) — 提出(root) — 为(prep) — 解决(pccomp) — 问题(dobj) — 低(rcmod) — 维度(nsubj) — 装置(nn) — APU(prnmod) — ((punct) — )(punct) — 在(prep) — 翼(pobj),1
方法 → 验证于 → 组件,etc->nn->dobj->conj->root->attr->assmod->nn->nn->nn,等(etc) — 分解(nn) — 方法(dobj) — 采用(conj) — 是(root) — 技术(attr) — 预测(assmod) — 设备(nn) — 航空(nn) — 电子(nn),1
方法体系 → 为...奠定基础 → 任务,nn->nn->nn->nn->dobj->nn,系统(nn) — 性能(nn) — 度量(nn) — 方法(nn) — 体系(dobj) — PHM(nn),1
方法体系 → 为...奠定基础 → 任务,nn->nn->nn->nn->nn->dobj->dep->dep->root->prep->pobj->cc->nn,PHM(nn) — 系统(nn) — 性能(nn) — 度量(nn) — 方法(nn) — 体系(dobj) — 提出(dep) — 为(dep) — 进行(root) — 对(prep) — 需求(pobj) — 和(cc) — 能力(nn),1
方法体系 → 具有 → 价值,nn->nn->nn->nn->nn->dobj->dep->dep->dep->prep->pobj->cc,PHM(nn) — 系统(nn) — 性能(nn) — 度量(nn) — 方法(nn) — 体系(dobj) — 提出(dep) — 为(dep) — 进行(dep) — 对(prep) — 应用(pobj) — 和(cc),1
方法体系 → 包括 → 度量方法,nn->nn->nn->nn->nn->dobj->prnmod->dobj->amod,PHM(nn) — 系统(nn) — 性能(nn) — 度量(nn) — 方法(nn) — 体系(dobj) — 包括(prnmod) — 度量(dobj) — 综合(amod),1
方法体系 → 包括 → 度量方法,nn->nn->nn->nn->nn->dobj->prnmod->dobj->conj->nn->nn,PHM(nn) — 系统(nn) — 性能(nn) — 度量(nn) — 方法(nn) — 体系(dobj) — 包括(prnmod) — 度量(dobj) — 度量(conj) — 诊断(nn) — 性能(nn),1
方法体系 → 包括 → 度量方法,nn->nn->nn->nn->nn->dobj->prnmod->dobj->conj->nn->nn,PHM(nn) — 系统(nn) — 性能(nn) — 度量(nn) — 方法(nn) — 体系(dobj) — 包括(prnmod) — 度量(dobj) — 度量(conj) — 预测(nn) — 性能(nn),1
方法体系 → 源于 → 需求,nn->nn->nn->nn->nn->dobj->dep->dep->root->prep->pobj->nn,PHM(nn) — 系统(nn) — 性能(nn) — 度量(nn) — 方法(nn) — 体系(dobj) — 提出(dep) — 为(dep) — 进行(root) — 对(prep) — 需求(pobj) — 能力(nn),1
方法体系 → 评价 → 能力,nn->nn->nn->nn->dobj->nn,系统(nn) — 性能(nn) — 度量(nn) — 方法(nn) — 体系(dobj) — PHM(nn),1
方法分类 → 包含 → 方法,cc->amod->pobj,和(cc) — 混合(amod) — 驱动(pobj),1
方法论 → 使用 → 语言,nn,系统(nn),1
方法论 → 应用于 → 系统,nn,系统(nn),1
方法论 → 执行于 → 工具,nn->pobj->root->root->nsubj->nn,系统(nn) — 难题(pobj) — 针对(root) — 开展(root) — 平台(nsubj) — MagicDraw(nn),1
方法论 → 用于分析 → 系统,dep->punct->det->assmod->pobj->prep->root->root->pobj->assmod->amod->nn->nn->nn,CBM(dep) — +(punct) — 全(det) — 流程(assmod) — 角度(pobj) — 从(prep) — 分析(root) — 基于(root) — 目标(pobj) — 管理(assmod) — 民用(amod) — 航空(nn) — 发动机(nn) — 健康(nn),1
机制 → 基于 → 体系,nn->nn->nn->dobj->conj->conj->root->conj->prep->plmod->lobj->vmod->dobj->nn->nn,配置(nn) — 机制(nn) — 备件(nn) — 框架(dobj) — 构建(conj) — 运用(conj) — 满足(root) — 分析(conj) — 在(prep) — 上(plmod) — 基础(lobj) — 构建(vmod) — 体系(dobj) — 军机(nn) — PHM(nn),1
机制 → 提供参考 → 技术,nn->nn->nn->dobj->conj->conj->root->conj->dobj->nn->nn,配置(nn) — 机制(nn) — 备件(nn) — 框架(dobj) — 构建(conj) — 运用(conj) — 满足(root) — 分析(conj) — 影响(dobj) — 技术(nn) — PHM(nn),1
机制 → 适用于 → 领域,advmod->nn->dobj->root->root->pobj->nn->amod,协同(advmod) — 建模(nn) — 框架(dobj) — 提出(root) — 针对(root) — 难题(pobj) — 系统(nn) — 复杂(amod),1
机构 → 参加 → 会议,nn->conj->nn->dobj->conj->root->punct->nn->conj,"浙江(nn) — 大学(conj) — 大学(nn) — 单位(dobj) — 来自(conj) — 召开(root) — ,(punct) — 2017(nn) — 预测(conj)",1
机构 → 参加 → 会议,nn->nn->conj->nn->dobj->conj->root->punct->nn->conj,"哈尔滨(nn) — 工业(nn) — 大学(conj) — 大学(nn) — 单位(dobj) — 来自(conj) — 召开(root) — ,(punct) — 2017(nn) — 预测(conj)",1
机构 → 参加 → 会议,nn->nn->conj->nn->dobj->conj->root->punct->nn->conj,"空军(nn) — 工程(nn) — 大学(conj) — 大学(nn) — 单位(dobj) — 来自(conj) — 召开(root) — ,(punct) — 2017(nn) — 预测(conj)",1
机构 → 参加 → 会议,nn->nn->nn->conj->nn->dobj->conj->root->punct->nn->conj,"北京(nn) — 航空(nn) — 航天(nn) — 大学(conj) — 大学(nn) — 单位(dobj) — 来自(conj) — 召开(root) — ,(punct) — 2017(nn) — 预测(conj)",1
机构 → 参加 → 会议,nn->nn->nn->nn->dobj->conj->root->punct->nn->conj,"南京(nn) — 航空(nn) — 航天(nn) — 大学(nn) — 单位(dobj) — 来自(conj) — 召开(root) — ,(punct) — 2017(nn) — 预测(conj)",1
机构 → 隶属于 → 机构,nn->nn->conj,空军(nn) — 工程(nn) — 大学(conj),1
材料 → 提出 → 问题,nn->pobj->prep->rcmod->attr->root->root->dep->conj->amod,材料(nn) — 性能(pobj) — 从(prep) — 出发(rcmod) — 方法(attr) — 即(root) — 需求(root) — 思路(dep) — 挑战(conj) — 新(amod),1
条件 → 简化 → 过程,amod->nn->dobj->conj->conj->dobj->nn,仿真(amod) — 假设(nn) — 条件(dobj) — 给出(conj) — 简化(conj) — 过程(dobj) — 仿真(nn),1
架构 → 划分出 → 系统,conj->nn->assmod->attr->root->root->conj->dobj->conj->amod->nn,飞机(conj) — 直升机(nn) — 设计(assmod) — 能力(attr) — 是(root) — 介绍(root) — 划分(conj) — 系统(dobj) — 系统(conj) — 机载(amod) — PHM(nn),1
架构 → 划分出 → 系统,conj->nn->assmod->attr->root->root->conj->dobj->nn->nn,飞机(conj) — 直升机(nn) — 设计(assmod) — 能力(attr) — 是(root) — 介绍(root) — 划分(conj) — 系统(dobj) — 地面(nn) — PHM(nn),1
架构 → 包含 → 服务,punct->prnmod->nn->nsubj->root->root->conj->dobj->prnmod->dobj->nn->nn,((punct) — PHM(prnmod) — 管理(nn) — 技术(nsubj) — 受到(root) — 利用(root) — 提出(conj) — 架构(dobj) — 包括(prnmod) — 服务(dobj) — 数据(nn) — 传输(nn),1
Dataset → 用于 → 任务,cpm->nn->rcmod->pobj->root->root->conj->dobj->nn,的(cpm) — 退化(nn) — 面临(rcmod) — 问题(pobj) — 针对(root) — 采用(root) — 进行(conj) — 验证(dobj) — 仿真(nn),1
架构 → 拥有 → 技术,amod->top->root->attr->nn,综合(amod) — 诊断(top) — 是(root) — 方向(attr) — 技术(nn),1
架构 → 支持 → 技术,nn->nn->punct->conj,软件(nn) — 实时性(nn) — 、(punct) — 可靠性(conj),1
架构 → 支持 → 方法,nn,软件(nn),1
架构 → 针对 → 设备,punct->prnmod->dep->root->root->nsubj->amod->nn->nn,((punct) — PHM(prnmod) — 管理(dep) — 是(root) — 纳入(root) — 装置(nsubj) — 机载(amod) — 导弹(nn) — 发射(nn),1
标准/语言 → 实现 → 目标,amod->nn->nn->dobj->ccomp->conj->ccomp->dobj,自动(amod) — 测试(nn) — 标记(nn) — 语言(dobj) — 采用(ccomp) — 有利于(conj) — 实现(ccomp) — 可扩展性(dobj),1
标准/语言 → 实现 → 目标,amod->nn->nn->dobj->ccomp->conj->ccomp->dobj->conj->assmod->assm->amod,自动(amod) — 测试(nn) — 标记(nn) — 语言(dobj) — 采用(ccomp) — 有利于(conj) — 实现(ccomp) — 可扩展性(dobj) — 集成(conj) — 系统(assmod) — 的(assm) — 高度(amod),1
标准/语言 → 应用于 → 系统,amod->nn->nn->dobj->ccomp->root->root->top->nn->amod->nn->nn,自动(amod) — 测试(nn) — 标记(nn) — 语言(dobj) — 采用(ccomp) — 提出(root) — 是(root) — 技术(top) — 管理(nn) — 综合(amod) — 运载器(nn) — 健康(nn),1
标准/语言 → 用于描述 → 设备,amod->nn->nn->dobj->ccomp->conj->prep->pobj->nn->amod,自动(amod) — 测试(nn) — 标记(nn) — 语言(dobj) — 采用(ccomp) — 进行(conj) — 对(prep) — 设备(pobj) — 航空(nn) — 机载(amod),1
标准总线 → 实现 → 功能,nn->nsubj->root->ccomp->dobj->assmod->lobj->nn->nn,GJB289A(nn) — 总线(nsubj) — 用(root) — 实现(ccomp) — 连接(dobj) — 之间(assmod) — 设备(lobj) — 航空(nn) — 电子(nn),1
标准总线 → 影响 → 系统,nn->nsubj->root->root->dobj->assmod->nn->nn,GJB289A(nn) — 总线(nsubj) — 用(root) — 影响(root) — 运行(dobj) — 系统(assmod) — 飞机(nn) — 航电(nn),1
核心技术 → 包含 → 关键技术,amod->nsubj->pobj->assmod->dobj->conj->dobj->rcmod->dobj,海量(amod) — 数据(nsubj) — 挖掘(pobj) — 基于(assmod) — 研究(dobj) — 提出(conj) — 现状(dobj) — 进行(rcmod) — 管理(dobj),1
核心技术 → 包含 → 关键技术,amod->nsubj->pobj->assmod->dobj->conj->root->root->conj->dep->dobj,海量(amod) — 数据(nsubj) — 挖掘(pobj) — 基于(assmod) — 研究(dobj) — 提出(conj) — 复杂(root) — 分析(root) — 论述(conj) — 包括(dep) — 预测(dobj),1
核心技术 → 包含 → 关键技术,amod->nsubj->pobj->assmod->dobj->conj->root->root->conj->dep->dobj->conj,海量(amod) — 数据(nsubj) — 挖掘(pobj) — 基于(assmod) — 研究(dobj) — 提出(conj) — 复杂(root) — 分析(root) — 论述(conj) — 包括(dep) — 预测(dobj) — 关联(conj),1
核心技术 → 包含 → 关键技术,amod->nsubj->pobj->assmod->dobj->conj->root->root->conj->dep->dobj->conj,海量(amod) — 数据(nsubj) — 挖掘(pobj) — 基于(assmod) — 研究(dobj) — 提出(conj) — 复杂(root) — 分析(root) — 论述(conj) — 包括(dep) — 预测(dobj) — 分类(conj),1
核心技术 → 包含 → 关键技术,amod->nsubj->pobj->assmod->dobj->conj->root->root->conj->dep->dobj->conj,海量(amod) — 数据(nsubj) — 挖掘(pobj) — 基于(assmod) — 研究(dobj) — 提出(conj) — 复杂(root) — 分析(root) — 论述(conj) — 包括(dep) — 预测(dobj) — 聚类(conj),1
核心技术 → 包含 → 关键技术,amod->pobj->nsubj,海量(amod) — 挖掘(pobj) — 数据(nsubj),1
核心系统 → 提升 → 性能,nn->top->root->attr->rcmod->ccomp->nsubj->amod->nn->nn,航空(nn) — 发动机(top) — 是(root) — 关键(attr) — 实现(rcmod) — 提升(ccomp) — 能力(nsubj) — 先进(amod) — 战机(nn) — 作战(nn),1
核心系统 → 需要 → 关键技术,nn->top->root->root->dobj->assmod->pobj->nn->conj->amod,航空(nn) — 发动机(top) — 是(root) — 针对(root) — 需求(dobj) — 在(assmod) — 方面(pobj) — 隐身(nn) — 控温(conj) — 综合(amod),1
核心系统 → 需要 → 关键技术,nn->top->root->root->dobj->assmod->pobj->nn->conj->amod->nn->nn,航空(nn) — 发动机(top) — 是(root) — 针对(root) — 需求(dobj) — 在(assmod) — 方面(pobj) — 隐身(nn) — 控制(conj) — 全(amod) — 权限(nn) — 数字(nn),1
核心系统 → 需要 → 关键技术,nn->top->root->root->dobj->assmod->pobj->nn->conj->nn,航空(nn) — 发动机(top) — 是(root) — 针对(root) — 需求(dobj) — 在(assmod) — 方面(pobj) — 隐身(nn) — 矢量(conj) — 推力(nn),1
核心系统 → 需要 → 关键技术,nn->top->root->root->dobj->assmod->pobj->nn->conj->nn,航空(nn) — 发动机(top) — 是(root) — 针对(root) — 需求(dobj) — 在(assmod) — 方面(pobj) — 隐身(nn) — 管理(conj) — 健康(nn),1
核心系统 → 需要 → 关键技术,nn->top->root->root->dobj->assmod->pobj->nn->conj->nn->amod->nn,航空(nn) — 发动机(top) — 是(root) — 针对(root) — 需求(dobj) — 在(assmod) — 方面(pobj) — 隐身(nn) — 管理(conj) — 飞发(nn) — 综合(amod) — 热(nn),1
核心系统 → 需要 → 关键技术,nn->top->root->root->dobj->assmod->pobj->nn->conj->nn->nn->nn,航空(nn) — 发动机(top) — 是(root) — 针对(root) — 需求(dobj) — 在(assmod) — 方面(pobj) — 隐身(nn) — 稳健性(conj) — 转子(nn) — 结构(nn) — 系统(nn),1
核心系统 → 需要 → 关键技术,nn->top->root->root->nsubj->assmod->pobj->nn->conj->amod,航空(nn) — 发动机(top) — 是(root) — 提高(root) — 要求(nsubj) — 对(assmod) — 方面(pobj) — 维护性(nn) — 性能(conj) — 高(amod),1
核心要素 → 是核心 → 技术,top->root->root->nsubj->nn,模型(top) — 是(root) — 备受(root) — 孪生(nsubj) — 数字(nn),1
核心问题 → 属于 → 技术领域,nn->nn->amod->dep->root->attr->assmod->nn->nn->conj,航空(nn) — 发动机(nn) — 剩余(amod) — 寿命(dep) — 是(root) — 问题(attr) — 管理(assmod) — 设备(nn) — 故障(nn) — 预测(conj),1
框架 → 基于 → Model,nn->nn->nsubj->root->dobj->vmod->cc->nsubj,管理(nn) — 健康(nn) — 方式(nsubj) — 存在(root) — 问题(dobj) — 完备(vmod) — 和(cc) — 模型(nsubj),1
框架 → 实现 → 功能,nn->nn->nsubj->root->root->dobj->rcmod->dep->dobj->nn,健康(nn) — 管理(nn) — 方式(nsubj) — 存在(root) — 提出(root) — 框架(dobj) — 为(rcmod) — 实现(dep) — 预测(dobj) — 故障(nn),1
框架 → 实现 → 功能,nn->nn->nsubj->root->root->dobj->rcmod->dep->dobj->nn->conj,健康(nn) — 管理(nn) — 方式(nsubj) — 存在(root) — 提出(root) — 框架(dobj) — 为(rcmod) — 实现(dep) — 预测(dobj) — 故障(nn) — 诊断(conj),1
框架 → 提升 → Performance Metric,nummod->clf->advmod->nn->dobj->root->root->prep->plmod->lccomp->conj->dobj->nn,五(nummod) — 层(clf) — 协同(advmod) — 建模(nn) — 框架(dobj) — 提出(root) — 具有(root) — 在(prep) — 上(plmod) — 降低(lccomp) — 提升(conj) — 效率(dobj) — 预测(nn),1
框架 → 融合 → 方法论,nummod->clf->advmod->nn->dobj->root->root->dobj->nn,五(nummod) — 层(clf) — 协同(advmod) — 建模(nn) — 框架(dobj) — 提出(root) — 融合(root) — 方法论(dobj) — MagicGrid(nn),1
框架 → 覆盖 → 阶段,nn->conj->nn->dobj->rcmod->dobj->nn->nn->amod->nn,预测(nn) — 框架(conj) — 故障(nn) — 方法(dobj) — 覆盖(rcmod) — 周期(dobj) — 电子(nn) — 设备(nn) — 全(amod) — 寿命(nn),1
框架 → 降低 → Performance Metric,nummod->clf->advmod->nn->dobj->root->root->prep->plmod->lccomp->conj->dobj,五(nummod) — 层(clf) — 协同(advmod) — 建模(nn) — 框架(dobj) — 提出(root) — 具有(root) — 在(prep) — 上(plmod) — 降低(lccomp) — 降低(conj) — 虚警率(dobj),1
框架 → 验证于 → 设备,conj->nn->dobj->rcmod->dobj->nn->nn,框架(conj) — 预测(nn) — 方法(dobj) — 覆盖(rcmod) — 周期(dobj) — 设备(nn) — 电子(nn),1
概念 → 促进 → 目标,nn->amod->assmod->dobj->dep->root->prep->plmod->lccomp->dobj->conj->nn->nn,数字(nn) — 孪生(amod) — 卫星(assmod) — 概念(dobj) — 探讨(dep) — 结合(root) — 在(prep) — 后(plmod) — 分析(lccomp) — 需求(dobj) — 趋势(conj) — 产业(nn) — 卫星(nn),1
概念 → 具有 → 技术体系,nn->amod->assmod->dobj->dep->root->prep->pccomp->dobj->nsubj,数字(nn) — 孪生(amod) — 卫星(assmod) — 概念(dobj) — 探讨(dep) — 结合(root) — 为(prep) — 推动(pccomp) — 发展(dobj) — 技术(nsubj),1
概念 → 具有 → 组成部分,nn->amod->assmod->dobj->dep->root->root->prep->pobj->nn,数字(nn) — 孪生(amod) — 卫星(assmod) — 概念(dobj) — 探讨(dep) — 结合(root) — 进行(root) — 对(prep) — 要素(pobj) — 核心(nn),1
概念 → 分为 → 因素,nn->nn->nn->nn->nsubj->conj->root->conj->range->dep->conj->nn->nn,航空(nn) — 装备(nn) — 可用度(nn) — 影响(nn) — 因素(nsubj) — 分为(conj) — 进行(root) — 分为(conj) — 类(range) — 因素(dep) — 因素(conj) — 使用(nn) — 影响(nn),1
概念 → 分为 → 因素,nn->nn->nn->nn->nsubj->conj->root->conj->range->dep->nn->nn,航空(nn) — 装备(nn) — 可用度(nn) — 影响(nn) — 因素(nsubj) — 分为(conj) — 进行(root) — 分为(conj) — 类(range) — 因素(dep) — 设计(nn) — 影响(nn),1
概念 → 划分为 → 环节,nn->nsubj->root->punct->nn,产品(nn) — 结构(nsubj) — 复杂(root) — 、(punct) — 制造(nn),1
概念 → 划分为 → 环节,nn->nsubj->root->root->dobj->nn->nn,产品(nn) — 结构(nsubj) — 复杂(root) — 划分(root) — 环节(dobj) — 维护(nn) — 使用(nn),1
概念 → 划分为 → 环节,nn->nsubj->root->root->dobj->nn->nn->conj,产品(nn) — 结构(nsubj) — 复杂(root) — 划分(root) — 环节(dobj) — 维护(nn) — 研发(nn) — 设计(conj),1
概念 → 包含 → 方法,nn->nn->nsubj->dobj->rcmod->attr->conj->nn->nn,导弹(nn) — 维修(nn) — 保障(nsubj) — PHM(dobj) — 综合(rcmod) — 难点(attr) — 方法(conj) — 体系(nn) — 构建(nn),1
概念 → 包含 → 组成部分,nn->nn->nsubj->dobj->rcmod->attr->conj->amod,导弹(nn) — 维修(nn) — 保障(nsubj) — PHM(dobj) — 综合(rcmod) — 难点(attr) — 概念(conj) — 基本(amod),1
概念 → 存在 → 问题,nn->nn->nsubj->dobj->rcmod->attr->nn,导弹(nn) — 维修(nn) — 保障(nsubj) — PHM(dobj) — 综合(rcmod) — 难点(attr) — 技术(nn),1
Dataset → 用于验证 → Model,nn->pobj->prep->root->root->nsubj->nn,数据(nn) — 特点(pobj) — 根据(prep) — 提出(root) — 提供(root) — 预测(nsubj) — 故障(nn),1
概念 → 应用于 → 生命周期阶段,nn->amod->assmod->dobj->dep->root->prep->plmod->lccomp->dobj->conj->nn->nn,数字(nn) — 孪生(amod) — 卫星(assmod) — 概念(dobj) — 探讨(dep) — 结合(root) — 在(prep) — 后(plmod) — 分析(lccomp) — 需求(dobj) — 趋势(conj) — 产业(nn) — 卫星(nn),1
概念 → 应用于 → 生命周期阶段,nn->amod->assmod->dobj->dep->root->root->dep->prep->pobj->assmod->pobj->nn->conj->amod,数字(nn) — 孪生(amod) — 卫星(assmod) — 概念(dobj) — 探讨(dep) — 结合(root) — 提出(root) — 进行(dep) — 对(prep) — 应用(pobj) — 在(assmod) — 阶段(pobj) — 管理(nn) — 设计(conj) — 详细(amod),1
概念 → 应用于 → 生命周期阶段,nn->amod->assmod->dobj->dep->root->root->dep->prep->pobj->assmod->pobj->nn->conj->nn,数字(nn) — 孪生(amod) — 卫星(assmod) — 概念(dobj) — 探讨(dep) — 结合(root) — 提出(root) — 进行(dep) — 对(prep) — 应用(pobj) — 在(assmod) — 阶段(pobj) — 管理(nn) — 制造(conj) — 生产(nn),1
概念 → 提出需求 → 系统,nn->nn->nn->dobj->assmod,航空(nn) — 运输(nn) — 未来(nn) — 需求(dobj) — 系统(assmod),1
概念 → 提升 → 能力,nn->amod->assmod->dobj->dep->root->prep->pccomp->conj->dobj->assmod->amod->nn,数字(nn) — 孪生(amod) — 卫星(assmod) — 概念(dobj) — 探讨(dep) — 结合(root) — 为(prep) — 推动(pccomp) — 提升(conj) — 能力(dobj) — 工程(assmod) — 大型(amod) — 卫星(nn),1
概念 → 组成 → 产品,nn->amod->assmod,数字(nn) — 孪生(amod) — 卫星(assmod),1
概念 → 组成 → 系统,nn->amod->assmod,数字(nn) — 孪生(amod) — 卫星(assmod),1
概念 → 组成 → 网络,nn->amod->assmod,数字(nn) — 孪生(amod) — 卫星(assmod),1
概念 → 组成 → 设施,nn->amod->assmod,数字(nn) — 孪生(amod) — 卫星(assmod),1
概率分布 → 形成 → 概率分布,amod->pobj->rcmod->dobj->root->prep->pccomp->loc,先验(amod) — 信息(pobj) — 基于(rcmod) — 方法(dobj) — 提出(root) — 针对(prep) — 缺乏(pccomp) — 后(loc),1
概率分布 → 是...的最佳分布 → 状态,assm->pobj->assmod->prep->root->root->pobj->rcmod->nsubj->nn,的(assm) — 分布(pobj) — 裕度(assmod) — 针对(prep) — 进行(root) — 针对(root) — 问题(pobj) — 识别(rcmod) — 故障(nsubj) — 发动机(nn),1
概率分布 → 用于得到 → 参数,loc->pccomp->prep->root->dobj->rcmod->cpm->nn->nn->nn,后(loc) — 缺乏(pccomp) — 针对(prep) — 提出(root) — 方法(dobj) — 基于(rcmod) — 的(cpm) — PHM(nn) — 诊断(nn) — 能力(nn),1
模块 → 支持 → 功能,cc->nn->dobj->rcmod->dobj->amod->nn,与(cc) — 评估(nn) — 模块(dobj) — 支持(rcmod) — 功能(dobj) — 实时(amod) — 显示(nn),1
模块 → 解决 → 问题,nn->dobj->conj->conj->dobj->nn,记忆(nn) — 模块(dobj) — 引入(conj) — 解决(conj) — 问题(dobj) — 代数环(nn),1
模型组件 → 用于加权 → 特征,nn->dobj->rcmod->dobj->root->root->ccomp->dobj,注意力(nn) — 机制(dobj) — 基于(rcmod) — 模型(dobj) — 提出(root) — 用于(root) — 提取(ccomp) — 特征(dobj),1
模型组件 → 用于捕捉 → 功能,cpm->nn->rcmod->dobj->root->root->conj->ccomp->dobj->nn,的(cpm) — 胶囊(nn) — 基于(rcmod) — 模型(dobj) — 提出(root) — 构成(root) — 用于(conj) — 捕捉(ccomp) — 数据(dobj) — 输入(nn),1
模型组件 → 用于提取 → 特征,nn->nsubj->root->ccomp->dobj->nn->nn,BiGRU(nn) — 层(nsubj) — 用于(root) — 提取(ccomp) — 特征(dobj) — 时间(nn) — 序列(nn),1
模型组件 → 输出 → 预测目标,amod->dobj->conj->root->root->prep->pobj->vmod->loc->lobj->nn->nn->amod->nn,全(amod) — 连接层(dobj) — 使用(conj) — 利用(root) — 提出(root) — 针对(prep) — 问题(pobj) — 困难(vmod) — 中(loc) — 预估(lobj) — 发动机(nn) — 航空(nn) — 剩余(amod) — 寿命(nn),1
模型输入 → 包含 → 数据,nn->dobj->conj->nsubj->conj->amod->nn,输入(nn) — 向量(dobj) — 作为(conj) — 因子(nsubj) — 次数(conj) — 总(amod) — 起落(nn),1
模型输入 → 包含 → 数据,nn->dobj->conj->nsubj->nn->nn->nn,输入(nn) — 向量(dobj) — 作为(conj) — 因子(nsubj) — 运行(nn) — 环境(nn) — 影响(nn),1
Dataset → 用于验证 → 算法,pobj->prep->conj->root->root->pobj->vmod->nsubj->nn,数据(pobj) — 对(prep) — 进行(conj) — 利用(root) — 针对(root) — 问题(pobj) — 低(vmod) — 效率(nsubj) — 优化(nn),1
模型输出 → 表示 → 状态,nn->dobj->conj->conj->root->root->prep->pccomp->dobj->nn,输出(nn) — 向量(dobj) — 作为(conj) — 作为(conj) — 利用(root) — 提出(root) — 针对(prep) — 导致(pccomp) — 故障(dobj) — 油液(nn),1
模式 → 用于 → 应用领域,nn->dobj->root->root->prep->pobj->nn->nn,开发(nn) — 实例(dobj) — 结合(root) — 为(root) — 以(prep) — 模型(pobj) — 结构(nn) — 系统(nn),1
步骤 → 依据 → 依据,punct->nsubj->prnmod->nn->pccomp->prep->root->root->conj->prep->pobj->nn->conj->nn,)(punct) — 数据(nsubj) — QAR(prnmod) — 记录器(nn) — 存在(pccomp) — 基于(prep) — 提出(root) — 进行(root) — 进行(conj) — 从(prep) — 角度(pobj) — 情况(nn) — 阈值(conj) — 参数(nn),1
步骤 → 依据 → 数据,punct->nsubj->prnmod->nn->pccomp->prep->root->root->conj->prep->pobj->nn->conj->nn,)(punct) — 数据(nsubj) — QAR(prnmod) — 记录器(nn) — 存在(pccomp) — 基于(prep) — 提出(root) — 进行(root) — 进行(conj) — 从(prep) — 角度(pobj) — 情况(nn) — 记录(conj) — 维修(nn),1
活动 → 基于 → Model,amod->dobj->dep->prep->pobj->nn->nn->nn,仿真(amod) — 对象(dobj) — 作为(dep) — 以(prep) — 模型(pobj) — 涡扇(nn) — 发动机(nn) — 数学(nn),1
活动 → 实现 → 维修策略,nn->assmod->dobj->root->conj->dobj->nn->cc->nn,健康(nn) — 管理(assmod) — 现状(dobj) — 总结(root) — 划分(conj) — 模块(dobj) — 决策(nn) — 与(cc) — 维修(nn),1
活动 → 实现 → 维修策略,nn->assmod->dobj->root->root->ccomp->dep->dep->conj->dobj->conj->amod,健康(nn) — 管理(assmod) — 现状(dobj) — 总结(root) — 表明(root) — 降低(ccomp) — 使(dep) — 制定(dep) — 实现(conj) — 维修(dobj) — 维护(conj) — 预防性(amod),1
活动 → 建议 → 方案,nn->dobj->root->root->conj->prep->pobj->conj->nn,研究(nn) — 对象(dobj) — 为(root) — 了解(root) — 提供(conj) — 为(prep) — 防治(pobj) — 管理(conj) — 健康(nn),1
活动 → 开发 → 平台,root->root->pccomp->dobj->rcmod->nn->nsubj,研究(root) — 为(root) — 解决(pccomp) — 问题(dobj) — 正向(rcmod) — 设计(nn) — 流程(nsubj),1
活动 → 影响 → 策略,nn->conj->nsubj->root->root->top->nsubj,学术(nn) — 研究(conj) — 实践(nsubj) — 得以(root) — 是(root) — 失效(top) — 疲劳(nsubj),1
活动 → 提供依据 → 设计,nn->assmod->dobj->root->root->ccomp->dep->dep->dep->prep->pobj->assmod->assm,健康(nn) — 管理(assmod) — 现状(dobj) — 总结(root) — 表明(root) — 降低(ccomp) — 使(dep) — 制定(dep) — 提供(dep) — 为(prep) — 设计(pobj) — 飞机(assmod) — 的(assm),1
活动 → 提高 → Performance Metric,amod->nn->conj->assmod->dobj->root->root->ccomp->conj->dobj->assmod->assm,实时(amod) — 运行(nn) — 监控(conj) — 管理(assmod) — 现状(dobj) — 总结(root) — 表明(root) — 降低(ccomp) — 提高(conj) — 利用率(dobj) — 飞机(assmod) — 的(assm),1
活动 → 提高 → Performance Metric,amod->nn->conj->assmod->dobj->root->root->ccomp->conj->dobj->nn,实时(amod) — 运行(nn) — 监控(conj) — 管理(assmod) — 现状(dobj) — 总结(root) — 表明(root) — 降低(ccomp) — 提高(conj) — 正点率(dobj) — 航班(nn),1
活动 → 提高 → Performance Metric,nn->assmod->dobj->root->root->ccomp->dep->dep->conj->dobj->assmod->assm->conj,健康(nn) — 管理(assmod) — 现状(dobj) — 总结(root) — 表明(root) — 降低(ccomp) — 使(dep) — 制定(dep) — 提高(conj) — 经济性(dobj) — 飞机(assmod) — 的(assm) — 可靠性(conj),1
活动 → 提高 → Performance Metric,nn->assmod->dobj->root->root->ccomp->dep->dep->conj->dobj->cc,健康(nn) — 管理(assmod) — 现状(dobj) — 总结(root) — 表明(root) — 降低(ccomp) — 使(dep) — 制定(dep) — 提高(conj) — 经济性(dobj) — 及(cc),1
活动 → 模拟 → 故障,pobj->prep->root->root->prep->pobj->nn->nn,仿真(pobj) — 通过(prep) — 比较(root) — 研究(root) — 针对(prep) — 问题(pobj) — 部件(nn) — 气路(nn),1
活动 → 研究对象为 → 组件,nn->dobj->dep->root->root->prep->pobj->rcmod->nsubj->nn->nn,试验(nn) — 验证(dobj) — 进行(dep) — 为(root) — 提出(root) — 针对(prep) — 难题(pobj) — 预测(rcmod) — 故障(nsubj) — 飞机(nn) — 液压泵(nn),1
活动 → 采用 → 建模语言,assm->nn->conj->assmod->dobj->conj->root->dobj->prnmod,的(assm) — 故障(nn) — 诊断(conj) — 设备(assmod) — 设计(dobj) — 进行(conj) — 采用(root) — 语言(dobj) — UML(prnmod),1
活动 → 采用 → 统计方法,nn->dobj->root->dep->dobj->conj->conj->conj,研究(nn) — 对象(dobj) — 为(root) — 采用(dep) — 检验(dobj) — 检验(conj) — Wilcoxon(conj) — 秩和(conj),1
活动 → 采用 → 统计方法,nn->dobj->root->dep->dobj->conj->nn,研究(nn) — 对象(dobj) — 为(root) — 采用(dep) — 检验(dobj) — 检验(conj) — t(nn),1
活动 → 采用 → 统计方法,nn->dobj->root->dep->dobj->nn,研究(nn) — 对象(dobj) — 为(root) — 采用(dep) — 检验(dobj) — χ2(nn),1
活动 → 降低 → Performance Metric,amod->nn->conj->assmod->dobj->root->root->ccomp->dobj->nn,实时(amod) — 运行(nn) — 监控(conj) — 管理(assmod) — 现状(dobj) — 总结(root) — 表明(root) — 降低(ccomp) — 时间(dobj) — 排故(nn),1
活动 → 降低 → Performance Metric,nn->assmod->dobj->root->conj->dobj->nn->cc->nn,健康(nn) — 管理(assmod) — 现状(dobj) — 总结(root) — 划分(conj) — 模块(dobj) — 决策(nn) — 与(cc) — 维修(nn),1
流程 → 包含 → 环节,cc->nn->conj->dobj->root->root->dobj->nn->punct->nn->conj,和(cc) — 寿命(nn) — 控制(conj) — 预测(dobj) — 给出(root) — 阐述(root) — 环节(dobj) — 验证(nn) — 、(punct) — 结果(nn) — 输出(conj),1
流程 → 包含 → 环节,cc->nn->conj->dobj->root->root->dobj->nn->punct->nn->nn->conj,和(cc) — 寿命(nn) — 控制(conj) — 预测(dobj) — 给出(root) — 阐述(root) — 环节(dobj) — 验证(nn) — /(punct) — 应变(nn) — 方程(nn) — 构建(conj),1
流程 → 包含 → 环节,cc->nn->conj->dobj->root->root->prep->plmod->lobj->nn->punct->conj,和(cc) — 寿命(nn) — 控制(conj) — 预测(dobj) — 给出(root) — 发挥(root) — 在(prep) — 中(plmod) — 过程(lobj) — 维护(nn) — 、(punct) — 飞行(conj),1
流程 → 包含 → 环节,nn,发动机(nn),1
流程 → 包含 → 环节,nn->assmod->pobj->prep->root->dobj->nn->nn->nn,发动机(nn) — 大修(assmod) — 需求(pobj) — 针对(prep) — 开发(root) — 系统(dobj) — 日期(nn) — 拆发(nn) — 预测(nn),1
流程 → 包含 → 环节,nn->assmod->punct->conj,发动机(nn) — 大修(assmod) — 、(punct) — 维修(conj),1
流程 → 包含 → 环节,nn->cc,寿命(nn) — 和(cc),1
流程 → 包含 → 环节,nn->cc->conj,寿命(nn) — 和(cc) — 控制(conj),1
流程 → 包含 → 阶段,conj->nn->nsubj->root->root->dep->dobj->assmod->pobj->cc->nn->etc,验证(conj) — 确认(nn) — 方法(nsubj) — 成为(root) — 提出(root) — 明确(dep) — 要求(dobj) — 在(assmod) — 阶段(pobj) — 与(cc) — 维护(nn) — 等(etc),1
流程 → 包含 → 阶段,conj->nn->nsubj->root->root->dep->dobj->assmod->pobj->nn->nn->conj,验证(conj) — 确认(nn) — 方法(nsubj) — 成为(root) — 提出(root) — 明确(dep) — 要求(dobj) — 在(assmod) — 阶段(pobj) — 维护(nn) — 需求(nn) — 分析(conj),1
流程 → 包含 → 阶段,conj->nn->nsubj->root->root->dep->dobj->assmod->pobj->nn->punct->nn->conj,验证(conj) — 确认(nn) — 方法(nsubj) — 成为(root) — 提出(root) — 明确(dep) — 要求(dobj) — 在(assmod) — 阶段(pobj) — 维护(nn) — 、(punct) — 设计(nn) — 研制(conj),1
Dataset → 验证 → Model,dobj->top->conj->dobj->amod,数据(dobj) — 利用(top) — 进行(conj) — 维护(dobj) — 预测性(amod),1
流程 → 包括 → 步骤,nn->nn->top->root->root->nsubj->nn,航空(nn) — 发动机(nn) — 管理(top) — 是(root) — 作为(root) — 诊断(nsubj) — 气路(nn),1
流程 → 基于 → 技术,nn->nummod->nn->nn->nn->nn->dobj->rcmod->pobj->rcmod,发动机(nn) — 多(nummod) — 故障(nn) — 模式(nn) — 风险(nn) — 评估(nn) — 流程(dobj) — 基于(rcmod) — 蒙特卡罗(pobj) — 仿真(rcmod),1
流程 → 用于评估 → 风险,nn->nummod->nn->nn->nn->nn->dobj->conj->root->conj->conj->dobj->nn,发动机(nn) — 多(nummod) — 故障(nn) — 模式(nn) — 风险(nn) — 评估(nn) — 流程(dobj) — 建立(conj) — 给出(root) — 预测(conj) — 评估(conj) — 风险(dobj) — 故障(nn),1
流程 → 用于预测 → 故障,nn->nummod->nn->nn->nn->nn->dobj->conj->root->dobj->assmod->conj->nn->nn,发动机(nn) — 多(nummod) — 故障(nn) — 模式(nn) — 风险(nn) — 评估(nn) — 流程(dobj) — 建立(conj) — 给出(root) — 方法(dobj) — 风险(assmod) — 划分(conj) — 故障(nn) — 发动机(nn),1
流程 → 联合 → 开发工具,nsubj->root->root->conj->dobj->nn->nn,开发(nsubj) — 面临(root) — 结合(root) — 探索(conj) — 应用(dobj) — 开发(nn) — SCADE(nn),1
流程 → 联合 → 开发工具,nsubj->root->root->dobj->assmod,开发(nsubj) — 面临(root) — 提出(root) — 流程(dobj) — Simulink(assmod),1
测试方法 → 是雏形 → 系统/技术,nsubj->assm,测试(nsubj) — 的(assm),1
测试设备 → 发展趋势为 → 特性,nn->nn->nn->dobj->root->dep->ccomp->conj->dep->rcmod,二线(nn) — 测试(nn) — 设备(nn) — 情况(dobj) — 分析(root) — 提出(dep) — 基于(ccomp) — 前移(conj) — 需求(dep) — 强(rcmod),1
测试设备 → 发展趋势为 → 特性,nn->nn->nn->dobj->root->root->dobj->rcmod->conj,二线(nn) — 测试(nn) — 设备(nn) — 情况(dobj) — 分析(root) — 提出(root) — 趋势(dobj) — 高(rcmod) — 好用(conj),1
测试设备 → 发展趋势为 → 特性,nn->nn->nn->dobj->root->root->dobj->rcmod->conj,二线(nn) — 测试(nn) — 设备(nn) — 情况(dobj) — 分析(root) — 提出(root) — 趋势(dobj) — 高(rcmod) — 管用(conj),1
测试设备 → 发展趋势为 → 特性,nn->nn->nn->dobj->root->root->dobj->rcmod->conj,二线(nn) — 测试(nn) — 设备(nn) — 情况(dobj) — 分析(root) — 提出(root) — 趋势(dobj) — 高(rcmod) — 耐用(conj),1
测试设备 → 发展趋势为 → 特性,nn->nn->nn->dobj->root->root->dobj->rcmod->nsubj,二线(nn) — 测试(nn) — 设备(nn) — 情况(dobj) — 分析(root) — 提出(root) — 趋势(dobj) — 高(rcmod) — 综合化(nsubj),1
测试设备 → 基于 → 技术,nn->nn->nn->dobj->root->dep->ccomp->pobj->nn,二线(nn) — 测试(nn) — 设备(nn) — 情况(dobj) — 分析(root) — 提出(dep) — 基于(ccomp) — 技术(pobj) — PHM(nn),1
测试设备 → 基于 → 技术,nn->nn->nn->dobj->root->dep->ccomp->pobj->nn->amod->conj,二线(nn) — 测试(nn) — 设备(nn) — 情况(dobj) — 分析(root) — 提出(dep) — 基于(ccomp) — 技术(pobj) — 飞机(nn) — 可测试性(amod) — 设计(conj),1
测试设备 → 需要 → 功能需求,nn->nn->nn->dobj->root->dep->ccomp->punct->nsubj,"二线(nn) — 测试(nn) — 设备(nn) — 情况(dobj) — 分析(root) — 提出(dep) — 基于(ccomp) — ,(punct) — 功能(nsubj)",1
测试设备 → 需要 → 能力需求,nn->nn->nn->dobj->root->dep->ccomp->conj->punct->nn->nsubj,"二线(nn) — 测试(nn) — 设备(nn) — 情况(dobj) — 分析(root) — 提出(dep) — 基于(ccomp) — 前移(conj) — ,(punct) — 故障(nn) — 定位(nsubj)",1
物理量 → 发生在 → 过程,nn->nn->dobj->assmod->plmod->lobj->vmod,分布(nn) — 温度(nn) — 情况(dobj) — 在(assmod) — 中(plmod) — 过程(lobj) — 再入(vmod),1
特征量 → 训练 → Model,det->clf->nn->assm->assmod->assmod->nsubj->conj->dobj->nn,各(det) — 层(clf) — 频率(nn) — 的(assm) — 后(assmod) — 信号(assmod) — 标准差(nsubj) — 作为(conj) — 网络(dobj) — 神经(nn),1
特性 → 提高 → 问题,amod->dobj->conj->root->conj->dobj->nn->assmod->assm,非线性(amod) — 特性(dobj) — 表现(conj) — 起(root) — 提高(conj) — 难度(dobj) — 故障(nn) — 预测(assmod) — 的(assm),1
Method → 使用 → 软件,dobj->root->root->dep->dobj,研究(dobj) — 展开(root) — 选取(root) — 利用(dep) — MATLAB(dobj),1
状态 → 保障 → 目标,nn->dobj->top->root->dep->assmod->nn,健康(nn) — 状态(dobj) — 处于(top) — 是(root) — 部件(dep) — 系统(assmod) — 飞机(nn),1
状态 → 发生在 → 子系统,nsubj->ccomp->rcmod->dobj->root->root->nsubj->nn->nn,性能(nsubj) — 退化(ccomp) — 导致(rcmod) — 过程(dobj) — 研究(root) — 有(root) — 系统(nsubj) — 飞机(nn) — 燃油(nn),1
Method → 结合 → 数据,dobj->root->prep->pobj->nn,研究(dobj) — 展开(root) — 针对(prep) — 问题(pobj) — 飞机(nn),1
状态特征 → 存在强耦合关系 → 影响因素,nn->nn->nn->nn->nn->nsubj->pccomp->prep->pobj->nn,航空(nn) — 电子(nn) — 设备(nn) — 性能(nn) — 退化(nn) — 趋势(nsubj) — 存在(pccomp) — 与(prep) — 环境(pobj) — 工作(nn),1
环境 → 导致 → 现象,amod->nn->nsubj->root->dep->nsubj,恶劣(amod) — 服役(nn) — 环境(nsubj) — 致使(root) — 频发(dep) — 故障(nsubj),1
环境 → 挑战 → 属性,dobj->rcmod->attr->conj->root->nsubj,使用(dobj) — 确保(rcmod) — 架构(attr) — 是(conj) — 是(root) — 结构(nsubj),1
现象 → 决定 → 措施,nn->nn->nn->conj->lobj->plmod->prep->conj->root->root->dobj->rcmod->advmod,健康(nn) — 状态(nn) — 参数(nn) — 提取(conj) — 决策(lobj) — 中(plmod) — 在(prep) — 具有(conj) — 在于(root) — 提出(root) — 方法(dobj) — 结合(rcmod) — 相(advmod),1
现象 → 导致增加 → 参数,nn->nn->nsubj->rcmod->cpm->nn->nn,发动机(nn) — 试车台(nn) — 实验(nsubj) — 获得(rcmod) — 的(cpm) — 尾气(nn) — 静电(nn),1
现象 → 表现为 → 特性,amod->nn->nsubj->conj->dobj->amod,关键(amod) — 参数(nn) — 变化(nsubj) — 表现(conj) — 特性(dobj) — 非线性(amod),1
理念 → 促进 → 技术,nn->conj->assmod->pobj->prep->root->dep->dobj->nn->nn->nn->nn->nn->nn,单元体(nn) — 设计(conj) — 理念(assmod) — 发展(pobj) — 随着(prep) — 提出(root) — 发展(dep) — 技术(dobj) — 航空(nn) — 发动机(nn) — 限寿件(nn) — 使用(nn) — 寿命(nn) — 监视(nn),1
理念 → 促进 → 技术,nn->nn->vmod->assmod->pobj->prep->root->dep->dobj->nn->nn->nn->nn->nn->nn,状态(nn) — 维修(nn) — 基于(vmod) — 理念(assmod) — 发展(pobj) — 随着(prep) — 提出(root) — 发展(dep) — 技术(dobj) — 航空(nn) — 发动机(nn) — 限寿件(nn) — 使用(nn) — 寿命(nn) — 监视(nn),1
理念 → 保持 → Performance Metric,nn->nn->dobj->ccomp->root->dobj,推进(nn) — 智能(nn) — 理念(dobj) — 围绕(ccomp) — 介绍(root) — 工作(dobj),1
理念 → 包含 → 技术,nn->nn->dobj->ccomp->root->dobj->rcmod->prep->pobj->nn->amod,推进(nn) — 智能(nn) — 理念(dobj) — 围绕(ccomp) — 介绍(root) — 工作(dobj) — 进行(rcmod) — 在(prep) — 领域(pobj) — 控制(nn) — 分布式(amod),1
理念 → 包含 → 技术,nn->nn->dobj->ccomp->root->dobj->rcmod->prep->pobj->nn->conj->amod,推进(nn) — 智能(nn) — 理念(dobj) — 围绕(ccomp) — 介绍(root) — 工作(dobj) — 进行(rcmod) — 在(prep) — 领域(pobj) — 控制(nn) — 控制(conj) — 主动(amod),1
理念 → 包含 → 技术,nn->nn->dobj->ccomp->root->dobj->rcmod->prep->pobj->nn->punct->assmod->pobj,推进(nn) — 智能(nn) — 理念(dobj) — 围绕(ccomp) — 介绍(root) — 工作(dobj) — 进行(rcmod) — 在(prep) — 领域(pobj) — 控制(nn) — 、(punct) — 基于(assmod) — 模型(pobj),1
理念 → 对抗 → 影响因素,nn->nn->dobj->ccomp->root->root->ccomp->conj->dobj->rcmod->conj->amod,智能(nn) — 推进(nn) — 理念(dobj) — 围绕(ccomp) — 介绍(root) — 在(root) — 提高(ccomp) — 对抗(conj) — 影响(dobj) — 老化(rcmod) — 工况(conj) — 恶劣(amod),1
理念 → 对抗 → 影响因素,nn->nn->dobj->ccomp->root->root->ccomp->conj->dobj->rcmod->nsubj,智能(nn) — 推进(nn) — 理念(dobj) — 围绕(ccomp) — 介绍(root) — 在(root) — 提高(ccomp) — 对抗(conj) — 影响(dobj) — 老化(rcmod) — 部件(nsubj),1
理念 → 延长 → Performance Metric,nn->dobj->nn,智能(nn) — 理念(dobj) — 推进(nn),1
理念 → 成为 → 技术角色,nn->nn->dobj->ccomp->nsubj->nn->nn,推进(nn) — 智能(nn) — 理念(dobj) — 围绕(ccomp) — 中心(nsubj) — 航天局(nn) — 航空(nn),1
理念 → 提高 → Performance Metric,nn->nn->dobj->ccomp->root->root->conj->dobj,智能(nn) — 推进(nn) — 理念(dobj) — 围绕(ccomp) — 介绍(root) — 延长(root) — 提高(conj) — 可靠性(dobj),1
理念 → 提高 → Performance Metric,nn->nn->dobj->ccomp->root->root->conj->dobj->conj,智能(nn) — 推进(nn) — 理念(dobj) — 围绕(ccomp) — 介绍(root) — 延长(root) — 提高(conj) — 可靠性(dobj) — 安全性(conj),1
理念 → 旨在提高 → 目标,nn->nn,推进(nn) — 智能(nn),1
理念 → 转向 → 趋势,nn->nn->nsubj->root->dobj->amod,飞机(nn) — 设计(nn) — 理念(nsubj) — 转向(root) — 自动化(dobj) — 完全(amod),1
理念 → 采用 → 技术,nn->nn->dobj->ccomp->root->dobj->rcmod->prep->pobj->nn->conj,推进(nn) — 智能(nn) — 理念(dobj) — 围绕(ccomp) — 介绍(root) — 工作(dobj) — 进行(rcmod) — 在(prep) — 领域(pobj) — 控制(nn) — 控制(conj),1
理念 → 降低 → 成本,nn->nn->dobj->ccomp->root->root->punct->dep,"智能(nn) — 推进(nn) — 理念(dobj) — 围绕(ccomp) — 介绍(root) — 在(root) — ,(punct) — 使(dep)",1
理论 → 全称是 → 理论,nn->prnmod->prep->amod->nn->pobj,TRIZ(nn) — Theory(prnmod) — of(prep) — Inventive(amod) — Problem(nn) — Solving(pobj),1
理论 → 去除 → 数据,amod->conj->nn->dobj->root->conj->dep->dobj->amod,粗糙(amod) — 集(conj) — 理论(nn) — 特点(dobj) — 结合(root) — 利用(conj) — 去除(dep) — 信息(dobj) — 冗余(amod),1
理论 → 用于建模 → 关系,nn->dobj->rcmod->dobj->root->root->dobj->amod,Copula(nn) — 相似性(dobj) — 基于(rcmod) — 方法(dobj) — 提出(root) — 考虑(root) — 关系(dobj) — 相关(amod),1
理论 → 用于改进 → 模型组件,amod->nn->dobj->conj->conj->dobj->nn,粗糙(amod) — 集(nn) — 理论(dobj) — 采用(conj) — 改进(conj) — 结构(dobj) — 神经元(nn),1
理论 → 用于构建 → 机制框架,amod->nn->dobj->conj->conj->dobj->nn->nn->nn->nn->nn,虚拟(amod) — 库存(nn) — 理论(dobj) — 运用(conj) — 构建(conj) — 框架(dobj) — 后方(nn) — 基地(nn) — 备件(nn) — 配置(nn) — 机制(nn),1
理论 → 用于构建 → 机制框架,nsubj->amod->dobj->conj->conj->dobj->amod->dep->nn->nn->nn,信息(nsubj) — 共享(amod) — 理论(dobj) — 运用(conj) — 构建(conj) — 框架(dobj) — 联合(amod) — 共享(dep) — 备件(nn) — 配置(nn) — 机制(nn),1
理论 → 确立 → 功能,nn->pobj->prep->root->dobj->assmod->punct->nn->punct,"模糊(nn) — 理论(pobj) — 基于(prep) — 确立(root) — 功能(dobj) — 平台(assmod) — ,(punct) — PHM(nn) — )(punct)",1
生命周期 → 包含 → 流程,nn->nsubj->pccomp->prep->root->nsubj->nn->conj,PHM(nn) — 技术(nsubj) — 迅速(pccomp) — 随着(prep) — 成为(root) — 方法(nsubj) — 确认(nn) — 验证(conj),1
生活习惯 → 产生正性影响 → 健康状态,nn->nsubj->conj->root->root->dobj->conj->nn->amod,体育(nn) — 锻炼(nsubj) — 产生(conj) — 高(root) — 研究(root) — 因素(dobj) — 状态(conj) — 健康(nn) — 亚(amod),1
生活习惯 → 影响 → 健康状态,dep->rcmod->nsubj->conj->root->root->dobj->conj->nn->amod,饮酒(dep) — 抽烟(rcmod) — 得分(nsubj) — 高(conj) — 高(root) — 研究(root) — 因素(dobj) — 状态(conj) — 健康(nn) — 亚(amod),1
生活习惯 → 影响 → 健康状态,rcmod->nsubj->conj->root->root->dobj->conj->nn->amod,抽烟(rcmod) — 得分(nsubj) — 高(conj) — 高(root) — 研究(root) — 因素(dobj) — 状态(conj) — 健康(nn) — 亚(amod),1
疾病 → 患病率为 → 比率,amod->nn->nsubj->root->attr,高尿酸(amod) — 血症(nn) — 患病率(nsubj) — 为(root) — 29.2%(attr),1
疾病 → 患病率为 → 比率,attr->root->conj->attr->nummod,脂肪肝(attr) — 为(root) — 为(conj) — 18.2%(attr) — 28.9%(nummod),1
疾病 → 患病率为 → 比率,nsubj->conj->root->root->prep->pobj->rcmod->tmod->conj,超重(nsubj) — 次(conj) — 为(root) — 为(root) — 以(prep) — 人员(pobj) — 参加(rcmod) — 12月(tmod) — 1(conj),1
知识图谱 → 构建于 → 数据,nn->nsubj->root->root->prep->pobj->amod->nn,航空(nn) — 柱塞泵(nsubj) — 存在(root) — 构建(root) — 通过(prep) — 案例(pobj) — 实际(amod) — 维修(nn),1
研究 → 以...为例 → 飞机系统,dobj->dep->root->prep->pobj->nn->nn,研究(dobj) — 开展(dep) — 为(root) — 以(prep) — 系统(pobj) — B737NG(nn) — 空调(nn),1
研究 → 基于 → 技术,nn->nn->nn->lobj->plmod->prep->root->conj->dobj->nn->nn,舵面(nn) — 故障(nn) — 飞机(nn) — 系统(lobj) — 中(plmod) — 在(prep) — 具有(root) — 建立(conj) — 算法(dobj) — 网络(nn) — 神经(nn),1
研究 → 实施 → 干预措施,root->conj->dobj->nn->nn,研究(root) — 实施(conj) — 策略(dobj) — 健康(nn) — 管理(nn),1
Method → 论证 → 属性,punct->rcmod->nsubj,",(punct) — 分析(rcmod) — 方法(nsubj)",1
研究 → 展望 → 研究领域,nn->nn,航空(nn) — 发动机(nn),1
研究 → 建立 → Model,dobj->dep->root->root->prep->pobj->nn->prnmod->punct,"研究(dobj) — 开展(dep) — 为(root) — 探讨(root) — 针对(prep) — 问题(pobj) — 技术(nn) — PHM(prnmod) — ,(punct)",1
研究 → 提供依据 → 措施,det->nn->nn->nn->assmod->assm->nn->dobj->root->conj->prep->pobj->nn,某(det) — 地区(nn) — 民航(nn) — 空勤(nn) — 人员(assmod) — 的(assm) — 健康(nn) — 状况(dobj) — 了解(root) — 提供(conj) — 为(prep) — 防治(pobj) — 常见病(nn),1
研究 → 提供依据 → 措施,det->nn->nn->nn->assmod->assm->nn->dobj->root->conj->prep->pobj->nn->nn->nn->conj,某(det) — 地区(nn) — 民航(nn) — 空勤(nn) — 人员(assmod) — 的(assm) — 健康(nn) — 状况(dobj) — 了解(root) — 提供(conj) — 为(prep) — 防治(pobj) — 人员(nn) — 飞行(nn) — 健康(nn) — 管理(conj),1
研究 → 提供参考 → 设计,root->root->pobj->assmod->nn->nn->nn,研究(root) — 随着(root) — 进步(pobj) — 技术(assmod) — 气路(nn) — 故障(nn) — 诊断(nn),1
研究 → 提出 → Model,nn->nsubj,数字(nn) — 孪生(nsubj),1
研究 → 提出 → 方法,det->nn->nsubj->root->root->conj->dobj->rcmod->amod->nsubj,本(det) — 研究(nn) — 结果(nsubj) — 具有(root) — 归纳(root) — 提出(conj) — 方法(dobj) — 自主(rcmod) — 可变(amod) — 权限(nsubj),1
研究 → 提出 → 方法,dobj->dep->root->root->dep->dobj->nn->nn->nn->nn,研究(dobj) — 开展(dep) — 为(root) — 探讨(root) — 提出(dep) — 方法(dobj) — 预测(nn) — 维修(nn) — 模式(nn) — 实施(nn),1
研究 → 提出 → 流程,dobj->dep->root->root->dep->dobj->conj->amod->nn->nn->nn,研究(dobj) — 开展(dep) — 为(root) — 探讨(root) — 提出(dep) — 方法(dobj) — 流程(conj) — 初始(amod) — 维修(nn) — 任务(nn) — 分析(nn),1
研究 → 提出 → 过程,dobj->root->root->dobj->nn->nn->nn->nn,研究(dobj) — 进行(root) — 提出(root) — 过程(dobj) — PHM(nn) — 信息(nn) — 集成(nn) — 使用(nn),1
研究 → 目的为 → 目标,det->nn->nn->nn->assm->nn->dobj->assmod,某(det) — 地区(nn) — 民航(nn) — 空勤(nn) — 的(assm) — 健康(nn) — 状况(dobj) — 人员(assmod),1
研究 → 研究 → 信息,dobj->root->root->dep->dobj->cc->nn->nn->assmod,研究(dobj) — 进行(root) — 提出(root) — 分析(dep) — 组成(dobj) — 及(cc) — 保障(nn) — 信息(nn) — 系统(assmod),1
研究 → 研究 → 健康状态,root->dobj->nn->nn->amod->nn->conj,研究(root) — 因素(dobj) — 人员(nn) — 飞行(nn) — 亚(amod) — 健康(nn) — 状态(conj),1
研究 → 研究 → 影响因素,root->dobj->nn,研究(root) — 因素(dobj) — 影响(nn),1
研究 → 研究 → 方法,dobj->root->root->dep->dobj->assmod->nn,研究(dobj) — 进行(root) — 提出(root) — 分析(dep) — 组成(dobj) — 系统(assmod) — 信息(nn),1
研究 → 研究 → 步骤,dobj->root->root->prep->pobj->assmod->nn->nn,研究(dobj) — 进行(root) — 提出(root) — 依据(prep) — 需求(pobj) — 使用(assmod) — 信息(nn) — 集成(nn),1
研究 → 研究 → 类型,dobj->root->prep->pobj->conj->nn->nn,研究(dobj) — 进行(root) — 对(prep) — 步骤(pobj) — 类型(conj) — 接口(nn) — 通信(nn),1
研究 → 研究对象为 → 设备,dep->punct->root->prep->pobj->nn->nn,"研究(dep) — ,(punct) — 为(root) — 以(prep) — 发动机(pobj) — 涡轮(nn) — 风扇(nn)",1
研究 → 设计 → 系统架构,det->nn->nsubj->root->root->conj->dobj->punct->nn,本(det) — 研究(nn) — 结果(nsubj) — 具有(root) — 归纳(root) — 设计(conj) — 结构(dobj) — /(punct) — EVMS(nn),1
研究中心 → 依托 → 学科平台,nn->nn->nn->nn->nn->dobj->cc->nn->punct->nn,"航空(nn) — 航天(nn) — 大学(nn) — 南京(nn) — 学院(nn) — 平台(dobj) — 与(cc) — 控制(nn) — ""(punct) — 学科(nn)",1
研究中心 → 依托 → 学院,nn->nn->nn->nn->nn->nn,航空(nn) — 航天(nn) — 大学(nn) — 南京(nn) — 学院(nn) — 自动化(nn),1
研究中心 → 建有 → 科研基地,nn->nn->nn->nn->nn->dobj->nn->punct->conj,"航空(nn) — 航天(nn) — 大学(nn) — 南京(nn) — 学院(nn) — 平台(dobj) — 控制(nn) — ""(punct) — 导航(conj)",1
研究中心 → 建有 → 科研基地,nn->nn->nn->nn->nn->dobj->root->nsubj,航空(nn) — 航天(nn) — 大学(nn) — 南京(nn) — 学院(nn) — 平台(dobj) — 依托(root) — 中心(nsubj),1
研究对象 → 体现 → 概念,nn->nsubj->root->root->attr->assmod->nn->conj,航空(nn) — 发动机(nsubj) — 汇集(root) — 是(root) — 体现(attr) — 实力(assmod) — 国家(nn) — 科技(conj),1
研究对象 → 具有 → 特征,amod->nummod->clf->pobj->prep->root->nsubj->cc->amod,新(amod) — 一(nummod) — 代(clf) — 飞机(pobj) — 针对(prep) — 复杂(root) — 机理(nsubj) — 和(cc) — 失效(amod),1
研究对象 → 具有 → 特征,amod->nummod->clf->pobj->prep->root->nsubj->conj->nn,新(amod) — 一(nummod) — 代(clf) — 飞机(pobj) — 针对(prep) — 复杂(root) — 机理(nsubj) — 结构(conj) — 系统(nn),1
研究对象 → 具有 → 特征,amod->nummod->clf->pobj->prep->root->punct->amod->nsubj,新(amod) — 一(nummod) — 代(clf) — 飞机(pobj) — 针对(prep) — 复杂(root) — 、(punct) — 失效(amod) — 模式(nsubj),1
研究对象 → 存在问题 → 问题,nn->nn->nn->nsubj->rcmod->advmod,直升机(nn) — 涡轮(nn) — 发动机(nn) — 故障(nsubj) — 识别(rcmod) — 难以(advmod),1
研究对象 → 存在问题 → 问题,nn->nn->nn->nsubj->rcmod->conj->nn->nsubj->advmod,直升机(nn) — 涡轮(nn) — 发动机(nn) — 故障(nsubj) — 识别(rcmod) — 量化(conj) — 健康(nn) — 状况(nsubj) — 难以(advmod),1
研究对象 → 汇集 → 技术,nn->nsubj->root->dobj->advmod->amod,航空(nn) — 发动机(nsubj) — 汇集(root) — 技术(dobj) — 高(advmod) — 精尖(amod),1
研究所 → 参加 → 会议,nn->nn->conj->nn->dobj->conj->root->punct->nn->conj,"中国(nn) — 核动力(nn) — 研究院(conj) — 公司(nn) — 单位(dobj) — 来自(conj) — 召开(root) — ,(punct) — 2020(nn) — 预测(conj)",1
研究机构 → 主要研究 → 装备类别,nn->nn->nn->nsubj->nsubj->root->conj->prep->pobj->amod->nn,可靠性(nn) — 四川省(nn) — 重点(nn) — 实验室(nsubj) — 工程(nsubj) — 依托(root) — 为(conj) — 以(prep) — 装备(pobj) — 关键(amod) — 技术(nn),1
研究机构 → 依托 → 依托单位,nn->nn->nn->nsubj->nsubj->root->dobj->nn->nn,可靠性(nn) — 四川省(nn) — 重点(nn) — 实验室(nsubj) — 工程(nsubj) — 依托(root) — 大学(dobj) — 电子(nn) — 科技(nn),1
研究机构 → 研究方向为 → 研究方向,nn->nn->nn->nsubj->nsubj->root->dobj->conj->amod->nn,可靠性(nn) — 四川省(nn) — 重点(nn) — 实验室(nsubj) — 工程(nsubj) — 依托(root) — 评价(dobj) — 预测(conj) — 剩余(amod) — 寿命(nn),1
研究机构 → 研究方向为 → 研究方向,nn->nn->nn->nsubj->nsubj->root->dobj->conj->assmod->amod->amod,可靠性(nn) — 四川省(nn) — 重点(nn) — 实验室(nsubj) — 工程(nsubj) — 依托(root) — 评价(dobj) — 评估(conj) — 装备(assmod) — 大型(amod) — 复杂(amod),1
研究机构 → 研究方向为 → 研究方向,nn->nn->nn->nsubj->nsubj->root->dobj->conj->assmod->assm->nn,可靠性(nn) — 四川省(nn) — 重点(nn) — 实验室(nsubj) — 工程(nsubj) — 依托(root) — 评价(dobj) — 设计(conj) — 装备(assmod) — 的(assm) — 可靠性(nn),1
研究机构 → 研究方向为 → 研究方向,nn->nn->nn->nsubj->nsubj->root->dobj->nn->assmod->cpm->nummod->nn->nn->conj,可靠性(nn) — 四川省(nn) — 重点(nn) — 实验室(nsubj) — 工程(nsubj) — 依托(root) — 评价(dobj) — 装备(nn) — 基于(assmod) — 的(cpm) — 多(nummod) — 学科(nn) — 设计(nn) — 优化(conj),1
研究机构 → 研究方向为 → 研究方向,nn->nn->nn->nsubj->nsubj->root->dobj->nn->prnmod->punct->nn->nn->conj,可靠性(nn) — 四川省(nn) — 重点(nn) — 实验室(nsubj) — 工程(nsubj) — 依托(root) — 评价(dobj) — 系统(nn) — MEMS(prnmod) — )(punct) — 可靠性(nn) — 设计(nn) — 分析(conj),1
研究机构 → 研究方向为 → 研究方向,nn->nn->nn->nsubj->nsubj->root->dobj->punct->amod->nn->nn->conj,可靠性(nn) — 四川省(nn) — 重点(nn) — 实验室(nsubj) — 工程(nsubj) — 依托(root) — 评价(dobj) — 、(punct) — 复杂(amod) — 装备(nn) — 维修性(nn) — 分析(conj),1
研究机构 → 研究方向为 → 研究方向,nn->nn->nn->nsubj->nsubj->root->dobj->punct->amod->nn->nn->conj,可靠性(nn) — 四川省(nn) — 重点(nn) — 实验室(nsubj) — 工程(nsubj) — 依托(root) — 评价(dobj) — 、(punct) — 大型(amod) — 装备(nn) — 故障(nn) — 诊断(conj),1
研究机构 → 面向需求 → 技术领域,nn->nn->nn->nsubj->nsubj->root->conj->prep->pobj->assmod->pobj->cc->nn->nn,可靠性(nn) — 四川省(nn) — 重点(nn) — 实验室(nsubj) — 工程(nsubj) — 依托(root) — 为(conj) — 以(prep) — 需求(pobj) — 对(assmod) — 技术(pobj) — 与(cc) — 故障(nn) — 诊断(nn),1
研究活动 → 利用 → 理论,assm->nn->assmod->conj->dobj->root->root->dep->conj->dobj->nn,的(assm) — 发展(nn) — 技术(assmod) — 现状(conj) — 瓶颈(dobj) — 分析(root) — 进行(root) — 结合(dep) — 利用(conj) — 理论(dobj) — TRIZ(nn),1
研究活动 → 包含维度 → 维度,root->dobj->conj->assmod,分析(root) — 瓶颈(dobj) — 现状(conj) — 技术(assmod),1
研究活动 → 包含维度 → 维度,root->dobj->conj->assmod->nn,分析(root) — 瓶颈(dobj) — 现状(conj) — 技术(assmod) — 系统(nn),1
研究活动 → 包含维度 → 维度,root->dobj->conj->assmod->nn->nn,分析(root) — 瓶颈(dobj) — 现状(conj) — 技术(assmod) — 系统(nn) — 飞机(nn),1
研究活动 → 包含维度 → 维度,root->root->prep->pobj->nn,分析(root) — 开展(root) — 从(prep) — 维度(pobj) — 材料(nn),1
研究活动 → 旨在实现 → 维修策略,root->conj->dep->attr->nn,研究(root) — 变(conj) — 为(dep) — 维修(attr) — 预防(nn),1
研究活动 → 结合 → 理念,assm->nn->assmod->conj->dobj->root->root->dep->dobj->amod->nn,的(assm) — 发展(nn) — 技术(assmod) — 现状(conj) — 瓶颈(dobj) — 分析(root) — 进行(root) — 结合(dep) — 理念(dobj) — 绿色(amod) — 航空(nn),1
研究现状 → 存在 → 问题,nsubj->tmod->rcmod->dobj->cc->amod,研究(nsubj) — 当前(tmod) — 存在(rcmod) — 难题(dobj) — 和(cc) — 共性(amod),1
研究课题 → 提出 → 方法,nn->nn->nn->nn->nsubj->dep->ccomp->conj->root->dobj->assmod->assm->nn->nn->amod->nn->nn->nn,航空(nn) — 装备(nn) — 风险(nn) — 故障(nn) — 趋势(nsubj) — 有效(dep) — 预测(ccomp) — 表明(conj) — 提出(root) — 方法(dobj) — 基于(assmod) — 的(assm) — 故障(nn) — 风险(nn) — 综合(amod) — 预警(nn) — 信号(nn) — 预测(nn),1
研究课题 → 提出 → 方法,nn->nn->nn->nn->nsubj->dep->ccomp->conj->root->dobj->conj->assmod->cpm->nn->nn->nn->nn->nn->nn,航空(nn) — 装备(nn) — 风险(nn) — 故障(nn) — 趋势(nsubj) — 有效(dep) — 预测(ccomp) — 表明(conj) — 提出(root) — 方法(dobj) — 方法(conj) — 基于(assmod) — 的(cpm) — 飞行(nn) — 试验(nn) — 故障(nn) — 后果(nn) — 定量(nn) — 分析(nn),1
研究课题 → 提出 → 方法,nn->nn->nn->nn->nsubj->dep->ccomp->conj->root->dobj->conj->assmod->nn->nn->nn->nn->nn,航空(nn) — 装备(nn) — 风险(nn) — 故障(nn) — 趋势(nsubj) — 有效(dep) — 预测(ccomp) — 表明(conj) — 提出(root) — 方法(dobj) — 方法(conj) — 分析法(assmod) — 试验(nn) — 飞行(nn) — 故障(nn) — 可能性(nn) — 评定(nn),1
研究领域 → 亟待解决 → 关键科学问题,amod->nn->lobj->dep->assmod->dobj->root->conj->dobj->nn->cc->amod->nn->nsubj->advmod->conj,大(amod) — 数据(nn) — 背景(lobj) — 下(dep) — 预测(assmod) — 需求(dobj) — 面向(root) — 提出(conj) — 问题(dobj) — 预测(nn) — 与(cc) — 随机(amod) — 退化(nn) — 建模(nsubj) — 交互(advmod) — 联动(conj),1
研究领域 → 亟待解决 → 关键科学问题,amod->nn->lobj->dep->assmod->dobj->root->conj->dobj->nn->conj->dep->dobj->nn->conj->cc->nn->nn->nn,大(amod) — 数据(nn) — 背景(lobj) — 下(dep) — 预测(assmod) — 需求(dobj) — 面向(root) — 提出(conj) — 问题(dobj) — 预测(nn) — 联动(conj) — 监测(dep) — 机制(dobj) — 预测(nn) — 寿命(conj) — 及(cc) — 其(nn) — 不确定性(nn) — 映射(nn),1
研究领域 → 亟待解决 → 关键科学问题,amod->nn->lobj->dep->assmod->dobj->root->conj->dobj->nn->punct->advmod->amod->amod->lobj->assmod,大(amod) — 数据(nn) — 背景(lobj) — 下(dep) — 预测(assmod) — 需求(dobj) — 面向(root) — 提出(conj) — 问题(dobj) — 预测(nn) — 、(punct) — 非(advmod) — 理想(amod) — 大(amod) — 数据(lobj) — 下(assmod),1
Method → 采用 → 研究工具,nn->dobj->conj->dep->root->root->dobj->conj->amod->nn,流行病学(nn) — 调查(dobj) — 进行(conj) — 采用(dep) — 选择(root) — 研究(root) — 因素(dobj) — 状态(conj) — 亚(amod) — 健康(nn),1
研究领域 → 存在 → 问题,amod->nn->nn->nsubj->root->dobj->rcmod->nsubj,军用(amod) — 飞机(nn) — 健康(nn) — 评估(nsubj) — 存在(root) — 问题(dobj) — 困难(rcmod) — 应用(nsubj),1
研究领域 → 旨在实现 → 技术,nn,故障(nn),1
硬件 → 产生 → 数据,nn->assmod->nn->nummod->nn->nn->nn,设备(nn) — 电源(assmod) — 电压(nn) — +(nummod) — 5V(nn) — 输出(nn) — 数据(nn),1
社会因素 → 影响 → 健康状态,rcmod->cc->dep->nn->nsubj->root->root->dobj->conj->nn->amod,离婚(rcmod) — 或(cc) — 丧偶(dep) — 人员(nn) — 得分(nsubj) — 高(root) — 研究(root) — 因素(dobj) — 状态(conj) — 健康(nn) — 亚(amod),1
策略 → 包含 → 技术,nn->dobj->assmod->nn,应用(nn) — 策略(dobj) — 管理(assmod) — 存储(nn),1
策略 → 包含 → 技术,nn->dobj->assmod->nn->nummod->conj,应用(nn) — 策略(dobj) — 管理(assmod) — 任务(nn) — 多(nummod) — 管理(conj),1
策略 → 实现于 → 操作系统,dobj->root->prep->plmod->lobj,策略(dobj) — 提出(root) — 在(prep) — 中(plmod) — 系统(lobj),1
策略 → 实现于 → 文件系统,dobj->root->prep->plmod->lobj,策略(dobj) — 提出(root) — 在(prep) — 中(plmod) — 系统(lobj),1
策略 → 应用于 → 系统,nn->dobj->root->prep->plmod->lobj->nn->nn->nn,应用(nn) — 策略(dobj) — 提出(root) — 在(prep) — 中(plmod) — 系统(lobj) — 发动机(nn) — 健康(nn) — 管理(nn),1
策略 → 解决 → 问题,nn->dobj->root->root->dobj->rcmod->prep->pobj->prnmod->punct,发送(nn) — 策略(dobj) — 提出(root) — 给出(root) — 方案(dobj) — 进行(rcmod) — 通过(prep) — 以太网(pobj) — AFDX(prnmod) — ((punct),1
策略 → 验证了 → 属性,dobj->root->root->conj->dobj,策略(dobj) — 提出(root) — 实现(root) — 验证(conj) — 可行性(dobj),1
算法 → 优化 → Model,amod->nsubj->rcmod->dobj->nn->nn,遗传(amod) — 算法(nsubj) — 优化(rcmod) — 网络(dobj) — AANN(nn) — 神经(nn),1
算法 → 优化 → 模型参数,punct->assm->nn->prnmod->assmod->dobj->root->root->dobj->nn->nn,）(punct) — 的(assm) — 自注意力(nn) — unit(prnmod) — 单元(assmod) — 算法(dobj) — 提出(root) — 列(root) — 重(dobj) — 特征(nn) — 权(nn),1
算法 → 优化目标 → 指标,dep->dvpm,预测(dep) — 地(dvpm),1
算法 → 估计 → 参数,nn->dobj->dep->dep->nsubj->nn,卡尔曼(nn) — 滤波器(dobj) — 利用(dep) — 作为(dep) — 参数(nsubj) — 健康(nn),1
Model → 使用 → Dataset,nn->nsubj->root->root->prep->pobj->nn,故障(nn) — 预测(nsubj) — 提供(root) — 提出(root) — 根据(prep) — 特点(pobj) — 数据(nn),1
算法 → 估计 → 参数,nn->nn->dobj->conj->dep->nsubj->nn,扩展(nn) — 卡尔曼(nn) — 滤波器(dobj) — 设计(conj) — 作为(dep) — 参数(nsubj) — 健康(nn),1
算法 → 估计 → 参数,nn->nn->dobj->root->prep->pobj->nn->nn,滤波(nn) — 卡尔曼(nn) — 方法(dobj) — 研究(root) — 针对(prep) — 问题(pobj) — 健康(nn) — 参数(nn),1
算法 → 估计 → 变量,nn->dobj->dep->conj->prep->pobj->nn,卡尔曼(nn) — 滤波器(dobj) — 利用(dep) — 进行(conj) — 对(prep) — 变量(pobj) — 状态(nn),1
算法 → 保障 → 应用,nn->nsubj->vmod->pobj->dep->lobj->nn->nn,优化(nn) — 效率(nsubj) — 低(vmod) — 问题(pobj) — 中(dep) — 预测(lobj) — 发动机(nn) — 航空(nn),1
算法 → 修正 → 参数,nn->nn->nn->dobj->root->root->dobj->rcmod->dobj->nn,神经(nn) — 网络(nn) — 补偿(nn) — 算法(dobj) — 加入(root) — 提出(root) — 方法(dobj) — 基于(rcmod) — 模型(dobj) — 机载(nn),1
算法 → 具有 → 能力,amod->dobj->rcmod->dobj->dep->root->root->dobj->conj->nn->nn->nn,遗传(amod) — 算法(dobj) — 基于(rcmod) — 模型(dobj) — 提出(dep) — 建立(root) — 结合(root) — 特性(dobj) — 能力(conj) — 全局(nn) — 优化(nn) — 搜索(nn),1
算法 → 分析 → 数据,rcmod->prep->nn->dobj->root->conj->prep->pobj->nn->amod->nn->nn,支持(rcmod) — 向量机(prep) — 回归(nn) — 算法(dobj) — 介绍(root) — 进行(conj) — 对(prep) — 数据(pobj) — 飞机(nn) — 主(amod) — 油泵(nn) — 故障(nn),1
算法 → 分析 → 数据特征,punct->assm->nn->prnmod->assmod->dobj->root->root->ccomp->nsubj,）(punct) — 的(assm) — 自注意力(nn) — unit(prnmod) — 单元(assmod) — 算法(dobj) — 提出(root) — 导致(root) — 消失(ccomp) — 梯度(nsubj),1
算法 → 分析 → 数据特征,punct->assm->nn->prnmod->assmod->dobj->root->root->dobj->nn,）(punct) — 的(assm) — 自注意力(nn) — unit(prnmod) — 单元(assmod) — 算法(dobj) — 提出(root) — 分析(root) — 相关性(dobj) — 列间(nn),1
算法 → 分离 → 数据成分,nn->dobj->conj->conj->dobj->conj,EMD(nn) — 算法(dobj) — 利用(conj) — 分解(conj) — 项(dobj) — 趋势项(conj),1
算法 → 分离 → 数据成分,nn->dobj->conj->conj->dobj->nn,EMD(nn) — 算法(dobj) — 利用(conj) — 分解(conj) — 项(dobj) — 随机(nn),1
算法 → 分解 → Performance Metric,dobj->root->prep->pobj->assmod->nn->prnmod->punct,方法(dobj) — 提出(root) — 针对(prep) — 问题(pobj) — 指标值(assmod) — 时间(nn) — MFHBF(prnmod) — ((punct),1
算法 → 分解 → 信号,nn->dobj->root->root->conj->conj->prep->pobj->nn,EMD(nn) — 算法(dobj) — 利用(root) — 是(root) — 利用(conj) — 进行(conj) — 对(prep) — 故障(pobj) — 发电机(nn),1
算法 → 分解 → 数据,nn->dobj->conj->root->prep->pobj->conj->assmod->nn->nn,EMD(nn) — 算法(dobj) — 利用(conj) — 提出(root) — 针对(prep) — 不足(pobj) — 特性(conj) — 数据(assmod) — 滑油(nn) — 光谱(nn),1
算法 → 分解出 → 数据成分,dobj->root->root->conj->dobj->conj->amod->conj,方法(dobj) — 提出(root) — 利用(root) — 分解(conj) — 项(dobj) — 趋势(conj) — 长期(amod) — 项(conj),1
算法 → 分解出 → 数据成分,dobj->root->root->conj->dobj->nn->nn,方法(dobj) — 提出(root) — 利用(root) — 分解(conj) — 项(dobj) — 季节(nn) — 变动(nn),1
算法 → 利用 → 技术,nn->nn->dobj->root->conj->dobj->nn,剪样(nn) — 训练(nn) — 算法(dobj) — 提出(root) — 利用(conj) — 变换(dobj) — 矩阵(nn),1
算法 → 加速 → Performance Metric,punct->assm->nn->prnmod->assmod->dobj->root->root->dep->dobj->nn,）(punct) — 的(assm) — 自注意力(nn) — unit(prnmod) — 单元(assmod) — 算法(dobj) — 提出(root) — 导致(root) — 采用(dep) — 训练(dobj) — 模型(nn),1
算法 → 包含 → 算法层,nn->nsubj->vmod->dobj->root->root->conj->dobj,故障(nn) — 频率(nsubj) — 高(vmod) — 问题(dobj) — 存在(root) — 建立(root) — 包含(conj) — 输出层(dobj),1
算法 → 包含 → 算法层,nn->nsubj->vmod->dobj->root->root->conj->dobj->conj,故障(nn) — 频率(nsubj) — 高(vmod) — 问题(dobj) — 存在(root) — 建立(root) — 包含(conj) — 输出层(dobj) — 传播层(conj),1
算法 → 包含 → 算法层,nn->nsubj->vmod->dobj->root->root->conj->dobj->conj,故障(nn) — 频率(nsubj) — 高(vmod) — 问题(dobj) — 存在(root) — 建立(root) — 包含(conj) — 输出层(dobj) — 指派层(conj),1
算法 → 包含 → 算法层,nn->nsubj->vmod->dobj->root->root->conj->dobj->conj,故障(nn) — 频率(nsubj) — 高(vmod) — 问题(dobj) — 存在(root) — 建立(root) — 包含(conj) — 输出层(dobj) — 自注意力层(conj),1
算法 → 包含 → 算法层,nn->nsubj->vmod->dobj->root->root->conj->dobj->conj,故障(nn) — 频率(nsubj) — 高(vmod) — 问题(dobj) — 存在(root) — 建立(root) — 包含(conj) — 输出层(dobj) — 输入层(conj),1
算法 → 在...上验证 → Dataset,punct->assm->nn->prnmod->assmod->dobj->root->root->nsubj->nn,）(punct) — 的(assm) — 自注意力(nn) — unit(prnmod) — 单元(assmod) — 算法(dobj) — 提出(root) — 具有(root) — 参数(nsubj) — 发动机(nn),1
算法 → 基于 → 技术,dvpm->dep->dvpmod->root->root->conj->dep->dobj->rcmod->dobj->nummod->clf->nn,地(dvpm) — 预测(dep) — 有效(dvpmod) — 具有(root) — 提出(root) — 为(conj) — 提出(dep) — 算法(dobj) — 基于(rcmod) — 搜索(dobj) — 多(nummod) — 层(clf) — 网格(nn),1
算法 → 基于 → 算法,nn->conj->nn->pobj->prep->root->root->conj->dep->nsubj->rcmod->pobj->amod->nn->nn,故障(nn) — 诊断(conj) — 管理(nn) — 研发(pobj) — 给(prep) — 提出(root) — 围绕(root) — 展开(conj) — 显示(dep) — 算法(nsubj) — 基于(rcmod) — 网络(pobj) — 深度(amod) — 学习(nn) — 神经(nn),1
算法 → 基于 → 算法,nn->conj->nn->pobj->prep->root->root->conj->dep->nsubj->rcmod->pobj->conj->amod->amod->nn,故障(nn) — 诊断(conj) — 管理(nn) — 研发(pobj) — 给(prep) — 提出(root) — 围绕(root) — 展开(conj) — 显示(dep) — 算法(nsubj) — 基于(rcmod) — 网络(pobj) — 滤波器(conj) — 非线性(amod) — 无迹(amod) — 卡尔曼(nn),1
算法 → 基于 → 算法,nn->nsubj->vmod->pobj->root->root->prep->plmod->lobj->assmod->prnmod,优化(nn) — 效率(nsubj) — 低(vmod) — 问题(pobj) — 针对(root) — 提出(root) — 在(prep) — 上(plmod) — 基础(lobj) — 算法(assmod) — LSTM(prnmod),1
算法 → 处理 → 数据,nn->pobj->prep->rcmod->dobj->root->root->conj->prep->pobj->rcmod->cpm->nn,Viterbi(nn) — 算法(pobj) — 和(prep) — 结合(rcmod) — 方法(dobj) — 提出(root) — 建立(root) — 解码(conj) — 对(prep) — 数据(pobj) — 采集(rcmod) — 的(cpm) — 观测(nn),1
算法 → 处理 → 数据,prnmod->assmod->lobj->plmod->prep->root->root->pobj->dep->lobj->nn->nn,LSTM(prnmod) — 算法(assmod) — 基础(lobj) — 上(plmod) — 在(prep) — 提出(root) — 针对(root) — 问题(pobj) — 中(dep) — 预测(lobj) — 发动机(nn) — 航空(nn),1
算法 → 存在问题 → 问题,nn->nn->nsubj->rcmod->nn->nsubj->advmod,梯度(nn) — 学习(nn) — 算法(nsubj) — 慢(rcmod) — 收敛(nn) — 速度(nsubj) — 较(advmod),1
算法 → 实现 → 方法,nn->nn->dobj->root->conj->conj->dobj->nn,剪样(nn) — 训练(nn) — 算法(dobj) — 提出(root) — 利用(conj) — 实现(conj) — 求解(dobj) — 递推(nn),1
算法 → 对比 → 算法,nn->nn->dobj->rcmod->cpm,算法(nn) — SDQ(nn) — 模型(dobj) — 为(rcmod) — 的(cpm),1
算法 → 引入 → 技术,nn->nn->dobj->rcmod->dobj->nn,自(nn) — 训练(nn) — 权重(dobj) — 基于(rcmod) — 模型(dobj) — 注意力(nn),1
算法 → 形成 → Model,nn->nsubj->vmod->dobj->root->nsubj->nn,故障(nn) — 频率(nsubj) — 高(vmod) — 问题(dobj) — 存在(root) — 柱塞泵(nsubj) — 航空(nn),1
算法 → 执行 → 任务,prnmod->assmod->lobj->plmod->prep->root->root->pobj->dep->lobj,LSTM(prnmod) — 算法(assmod) — 基础(lobj) — 上(plmod) — 在(prep) — 提出(root) — 针对(root) — 问题(pobj) — 中(dep) — 预测(lobj),1
算法 → 提供 → 解决方案,punct->assm->nn->prnmod->assmod->dobj->root->root->dobj->amod->nn,）(punct) — 的(assm) — 自注意力(nn) — unit(prnmod) — 单元(assmod) — 算法(dobj) — 提出(root) — 提供(root) — 方案(dobj) — 有效(amod) — 解决(nn),1
算法 → 提供参考 → 应用,nn->nsubj->vmod->pobj->root->root->prep->pccomp->conj->dobj->nn->nn,优化(nn) — 效率(nsubj) — 低(vmod) — 问题(pobj) — 针对(root) — 提供(root) — 为(prep) — 保证(pccomp) — 制定(conj) — 策略(dobj) — 维修(nn) — 替换(nn),1
算法 → 提高 → Performance Metric,nn->nn->dobj->root->conj->conj->dobj->nn,剪样(nn) — 训练(nn) — 算法(dobj) — 提出(root) — 利用(conj) — 提高(conj) — 效率(dobj) — 计算(nn),1
算法 → 提高 → Performance Metric,nn->nn->dobj->root->root->prep->pccomp->ccomp->dobj->punct->nn,SDQ(nn) — 算法(nn) — 模型(dobj) — 搭建(root) — 提出(root) — 为(prep) — 实现(pccomp) — 进行(ccomp) — 诊断(dobj) — 、(punct) — 故障(nn),1
算法 → 提高 → Performance Metric,nn->nn->dobj->root->root->prep->pccomp->ccomp->prep->pobj->nn,SDQ(nn) — 算法(nn) — 模型(dobj) — 搭建(root) — 提出(root) — 为(prep) — 实现(pccomp) — 进行(ccomp) — 对(prep) — 数据(pobj) — 传感器(nn),1
算法 → 提高 → Performance Metric,punct->assm->nn->prnmod->assmod->dobj->root->root->dobj->nn,）(punct) — 的(assm) — 自注意力(nn) — unit(prnmod) — 单元(assmod) — 算法(dobj) — 提出(root) — 提高(root) — 精度(dobj) — 预测(nn),1
算法 → 提高 → 指标,nn->nn->nn->dobj->root->conj->dobj->nn->nn->nn,神经(nn) — 网络(nn) — 补偿(nn) — 算法(dobj) — 加入(root) — 提高(conj) — 精度(dobj) — 卡尔曼(nn) — 滤波器(nn) — 估计(nn),1
算法 → 提高 → 评价指标,nn->nn->dobj->rcmod->dobj->root->root->dep->prnmod->punct->top,自(nn) — 训练(nn) — 权重(dobj) — 基于(rcmod) — 模型(dobj) — 提出(root) — 是(root) — 寿命(dep) — RUL(prnmod) — ）(punct) — 预测(top),1
算法 → 改善 → Performance Metric,punct->assm->nn->prnmod->assmod->dobj->root->root->ccomp->nsubj,）(punct) — 的(assm) — 自注意力(nn) — unit(prnmod) — 单元(assmod) — 算法(dobj) — 提出(root) — 表征(root) — 退行(ccomp) — 寿命(nsubj),1
算法 → 改善 → 属性,nn->nn->dobj->root->prep->pccomp->dobj,剪样(nn) — 训练(nn) — 算法(dobj) — 提出(root) — 为(prep) — 改善(pccomp) — 稀疏性(dobj),1
算法 → 改进 → 模型组件,nn->dobj->root->dobj->amod->nn,免疫(nn) — 算法(dobj) — 采用(root) — 函数(dobj) — 隐含层(amod) — 激励(nn),1
算法 → 是 → 方法类别,nn->nn->cpm->rcmod->dobj->root->prep->pobj->nn->nn,卡尔曼(nn) — 滤波(nn) — 的(cpm) — 基于(rcmod) — 方法(dobj) — 研究(root) — 针对(prep) — 问题(pobj) — 参数(nn) — 估计(nn),1
算法 → 构建 → Model,amod->nn->pobj,遗传(amod) — 神经(nn) — 网络(pobj),1
算法 → 构建 → Model,nn->dobj->root->conj->dobj->nn->nn,免疫(nn) — 算法(dobj) — 采用(root) — 得到(conj) — 网络(dobj) — 免疫(nn) — 神经(nn),1
算法 → 求取 → 参数,nn->nn->cpm,卡尔曼(nn) — 滤波(nn) — 的(cpm),1
算法 → 滤除 → 问题,nn->dobj->root->root->pobj->rcmod->nsubj,Adaboosting(nn) — 算法(dobj) — 采用(root) — 针对(root) — 问题(pobj) — 面临(rcmod) — 预测(nsubj),1
算法 → 生成 → 数据分量,nn->dobj->conj->conj->dobj->conj->amod->nn,EMD(nn) — 算法(dobj) — 利用(conj) — 分解(conj) — 项(dobj) — 函数(conj) — 固有(amod) — 模态(nn),1
算法 → 生成 → 数据分量,nn->dobj->conj->conj->dobj->nn->prnmod->punct->cc->amod,EMD(nn) — 算法(dobj) — 利用(conj) — 分解(conj) — 项(dobj) — 函数(nn) — IMF(prnmod) — )(punct) — 和(cc) — 残余(amod),1
算法 → 用于 → 任务,nn->dobj->conj->root->conj->dobj->nn->nn,拉普拉斯(nn) — 算法(dobj) — 使用(conj) — 运用(root) — 进行(conj) — 预测(dobj) — 故障(nn) — 趋势(nn),1
算法 → 用于 → 任务,nn->nn->dobj->rcmod->dobj->root->prep->pccomp->dobj,LVQ(nn) — 神经(nn) — 网络(dobj) — 利用(rcmod) — 方法(dobj) — 提出(root) — 针对(prep) — 导致(pccomp) — 故障(dobj),1
算法 → 用于 → 任务,nn->nn->dobj->rcmod->dobj->root->root->dobj,自(nn) — 训练(nn) — 权重(dobj) — 基于(rcmod) — 模型(dobj) — 提出(root) — 提取(root) — 特征(dobj),1
算法 → 用于 → 应用,rcmod->prep->nn->dobj->root->dep->prep->pobj->conj->nn->nn->nn,支持(rcmod) — 向量机(prep) — 回归(nn) — 算法(dobj) — 介绍(root) — 提供(dep) — 为(prep) — 预测(pobj) — 预测(conj) — 飞机(nn) — 部件(nn) — 故障数(nn),1
算法 → 用于 → 应用,rcmod->prep->nn->dobj->root->dep->prep->pobj->nn->conj,支持(rcmod) — 向量机(prep) — 回归(nn) — 算法(dobj) — 介绍(root) — 提供(dep) — 为(prep) — 预测(pobj) — 可靠性(nn) — 评估(conj),1
算法 → 用于 → 应用,rcmod->prep->nn->dobj->root->dep->prep->pobj->nn->nn,支持(rcmod) — 向量机(prep) — 回归(nn) — 算法(dobj) — 介绍(root) — 提供(dep) — 为(prep) — 预测(pobj) — 备件(nn) — 需求(nn),1
算法 → 用于 → 过程,amod->nn->pobj,遗传(amod) — 神经(nn) — 网络(pobj),1
算法 → 用于分类 → 状态,dep->pobj->prep->root->root->prep->pccomp->nsubj->nn->nn,K-means(dep) — 聚类(pobj) — 通过(prep) — 分类(root) — 众多(root) — 针对(prep) — 退化(pccomp) — 性能(nsubj) — 发动机(nn) — 航空(nn),1
算法 → 用于区分 → 状态,nsubj->dep->root->pccomp->dobj,聚类(nsubj) — K-means(dep) — 基于(root) — 区分(pccomp) — 工况(dobj),1
算法 → 用于处理 → 问题,nn->advmod->amod->nn->dobj->rcmod->ccomp->dobj->amod->nn->amod,序列(nn) — 最(advmod) — 小(amod) — 最优化(nn) — 算法(dobj) — 适用于(rcmod) — 处理(ccomp) — 规划(dobj) — 大(amod) — 规模(nn) — 二次(amod),1
算法 → 用于实现 → 任务,nn->nn->dobj->conj->root->root->dep->dobj->nn,神经(nn) — 网络(nn) — 算法(dobj) — 利用(conj) — 选取(root) — 收放(root) — 掌握(dep) — 状态(dobj) — 健康(nn),1
算法 → 用于建立 → 估计器,advmod->amod->nummod->nn->nn->nn->dobj->conj->dobj->assmod->punct,最(advmod) — 小(amod) — 二(nummod) — 乘(nn) — 支持(nn) — 向量(nn) — 回归机(dobj) — 运用(conj) — 估计器(dobj) — 理想(assmod) — )(punct),1
算法 → 用于更新 → 参数,nn->nn->dobj->root->root->dobj->vmod->cc->nsubj,强化(nn) — 学习(nn) — 算法(dobj) — 依托(root) — 存在(root) — 问题(dobj) — 完备(vmod) — 和(cc) — 模型(nsubj),1
算法 → 用于融合 → Model,amod->amod->dobj->dep->conj->prep->pobj->nn->nn,改进(amod) — 遗传(amod) — 算法(dobj) — 采用(dep) — 进行(conj) — 对(prep) — 组(pobj) — DBN(nn) — 模型(nn),1
算法 → 用于训练 → Model,nn->cpm->rcmod->dobj->conj->conj->dobj->amod->nn->nn,Levenberg-Marquart(nn) — 的(cpm) — 改进(rcmod) — 算法(dobj) — 利用(conj) — 构建(conj) — 模型(dobj) — 混沌(amod) — 神经(nn) — 网络(nn),1
算法 → 用于预测 → 预测目标,nn->nsubj->vmod->pobj->dep->lobj->nn->nn->amod->nn,优化(nn) — 效率(nsubj) — 低(vmod) — 问题(pobj) — 中(dep) — 预测(lobj) — 发动机(nn) — 航空(nn) — 剩余(amod) — 寿命(nn),1
算法 → 确定 → 参数,nn->nn->pobj->prep->root->root->prep->pccomp->dobj->rcmod->nsubj->nn,网格(nn) — 搜索(nn) — 算法(pobj) — 通过(prep) — 确定(root) — 提出(root) — 为(prep) — 解决(pccomp) — 问题(dobj) — 低(rcmod) — 维度(nsubj) — 参数(nn),1
算法 → 结合 → 方法,cpm->nn->conj->rcmod->dobj->root->root->dobj->nn->rcmod->pobj->cc->amod,的(cpm) — 故障(nn) — 预测(conj) — 先进(rcmod) — 系统(dobj) — 装备(root) — 分析(root) — 技术(dobj) — 算法(nn) — 基于(rcmod) — 物理(pobj) — 与(cc) — 失效(amod),1
算法 → 结合 → 方法,cpm->nn->conj->rcmod->dobj->root->root->dobj->nn->rcmod->pobj->conj->nn,的(cpm) — 故障(nn) — 预测(conj) — 先进(rcmod) — 系统(dobj) — 装备(root) — 分析(root) — 技术(dobj) — 算法(nn) — 基于(rcmod) — 物理(pobj) — 驱动(conj) — 数据(nn),1
算法 → 解决 → 问题,nn->nsubj->vmod->amod->nn->nn->nn,优化(nn) — 效率(nsubj) — 低(vmod) — 深度(amod) — 学习(nn) — 算法(nn) — 参数(nn),1
算法 → 解决 → 问题,nn->nsubj->vmod->conj->nn->nsubj,优化(nn) — 效率(nsubj) — 低(vmod) — 差(conj) — 预测(nn) — 准确率(nsubj),1
算法 → 解码 → 状态,nn->pobj->prep->rcmod->dobj->rcmod->pobj->nn,Viterbi(nn) — 算法(pobj) — 和(prep) — 结合(rcmod) — 方法(dobj) — 基于(rcmod) — 模型(pobj) — 状态(nn),1
算法 → 计算效率高于 → 算法,nn->nn->dobj->root->conj->ccomp->conj->prep->pobj->rcmod->prep->pobj,剪样(nn) — 训练(nn) — 算法(dobj) — 提出(root) — 表明(conj) — 改善(ccomp) — 有(conj) — 较(prep) — 算法(pobj) — 分解(rcmod) — 基于(prep) — Cholesky(pobj),1
算法 → 适用于 → Model,nn->nn->dobj->root->prep->pccomp->dobj->rcmod->advmod->nn->assmod,剪样(nn) — 训练(nn) — 算法(dobj) — 提出(root) — 为(prep) — 改善(pccomp) — 稀疏性(dobj) — 支持(rcmod) — 直接(advmod) — 向量(nn) — 回归机(assmod),1
飞机 → 具有 → 架构,nummod->nsubj->nn,多(nummod) — 飞机(nsubj) — 电(nn),1
算法 → 采用 → 技术,cpm->nn->rcmod->dobj->root->root->dep->dobj->rcmod->pobj->amod,的(cpm) — 故障(nn) — 先进(rcmod) — 系统(dobj) — 装备(root) — 入手(root) — 介绍(dep) — 规范(dobj) — 基于(rcmod) — 开放式(pobj) — 分层(amod),1
算法 → 采用 → 技术,cpm->nn->rcmod->dobj->root->root->dobj->nn->rcmod->dep->advmod->dep,的(cpm) — 故障(nn) — 先进(rcmod) — 系统(dobj) — 装备(root) — 分析(root) — 技术(dobj) — 算法(nn) — 聚类(rcmod) — 增强(dep) — 交叉(advmod) — 校核(dep),1
算法 → 采用 → 技术,nn->nsubj->vmod->dobj->root->root->conj->conj->dobj->nn,故障(nn) — 频率(nsubj) — 高(vmod) — 问题(dobj) — 存在(root) — 建立(root) — 包含(conj) — 采用(conj) — 机制(dobj) — 注意力(nn),1
算法 → 采用 → 方法,amod->nn->pobj->assmod->dobj->root->root->dobj->conj->nn->nn,遗传(amod) — 神经(nn) — 网络(pobj) — 基于(assmod) — 研究(dobj) — 开展(root) — 采用(root) — 变异率(dobj) — 方式(conj) — 实数(nn) — 编码(nn),1
算法 → 针对 → 研究对象,nn->nn->dobj->root->root->prep->pccomp->ccomp->prep->pobj->nn,SDQ(nn) — 算法(nn) — 模型(dobj) — 搭建(root) — 提出(root) — 为(prep) — 实现(pccomp) — 进行(ccomp) — 对(prep) — 数据(pobj) — 发动机(nn),1
算法 → 降低 → Performance Metric,punct->assm->nn->prnmod->assmod->dobj->root->root->ccomp->nsubj,）(punct) — 的(assm) — 自注意力(nn) — unit(prnmod) — 单元(assmod) — 算法(dobj) — 提出(root) — 表征(root) — 退行(ccomp) — 寿命(nsubj),1
算法 → 降低 → Performance Metric,punct->assm->nn->prnmod->assmod->dobj->root->root->dobj->nn,）(punct) — 的(assm) — 自注意力(nn) — unit(prnmod) — 单元(assmod) — 算法(dobj) — 提出(root) — 提高(root) — 精度(dobj) — 预测(nn),1
飞机 → 对...有要求 → 动力系统,ordmod->clf->assmod->dobj->assmod->pobj,第四(ordmod) — 代(clf) — 战斗机(assmod) — 要求(dobj) — 对(assmod) — 发动机(pobj),1
算法 → 预测 → 数据,nn->nn->pobj->rcmod->dobj->root->conj->conj->dobj,小波(nn) — 神经(nn) — 网络(pobj) — 基于(rcmod) — 方法(dobj) — 提出(root) — 分为(conj) — 计算(conj) — 残差(dobj),1
算法 → 验证 → 性能,dvpm->dep->dvpmod->root->root->conj->ccomp->dobj->rcmod->cpm,地(dvpm) — 预测(dep) — 有效(dvpmod) — 具有(root) — 提出(root) — 验证(conj) — 具有(ccomp) — 准确性(dobj) — 高(rcmod) — 的(cpm),1
管理 → 简称 → 缩写,nn->assmod->dobj->root->root->dobj->assmod->prnmod,管理(nn) — 平台(assmod) — 功能(dobj) — 确立(root) — 衡量(root) — 匹配度(dobj) — 管理(assmod) — PLM(prnmod),1
管理方法 → 保证 → 目标,nn->dobj->top->root->attr->rcmod->dobj,健康(nn) — 管理(dobj) — 实施(top) — 是(root) — 手段(attr) — 保证(rcmod) — 经济(dobj),1
管理方法 → 保证 → 目标,nn->dobj->top->root->attr->rcmod->dobj->nn->conj,健康(nn) — 管理(dobj) — 实施(top) — 是(root) — 手段(attr) — 保证(rcmod) — 经济(dobj) — 飞行(nn) — 安全(conj),1
管理方法 → 减少 → 成本,amod->nn->nn->top->root->conj->dep->conj->conj->dobj->nn,复杂(amod) — 系统(nn) — 健康(nn) — 管理(top) — 是(root) — 演变(conj) — 运用(dep) — 实现(conj) — 减少(conj) — 费用(dobj) — 保障(nn),1
管理方法 → 减少 → 成本,amod->nn->nn->top->root->conj->dep->conj->conj->dobj->nn->conj,复杂(amod) — 系统(nn) — 健康(nn) — 管理(top) — 是(root) — 演变(conj) — 运用(dep) — 实现(conj) — 减少(conj) — 费用(dobj) — 维修(nn) — 人力(conj),1
管理方法 → 实现 → 功能,amod->nn->nn->top->root->conj->dep->conj->dobj->conj->nn->amod,复杂(amod) — 系统(nn) — 健康(nn) — 管理(top) — 是(root) — 演变(conj) — 运用(dep) — 扩充(conj) — 重组(dobj) — 重构(conj) — 系统(nn) — 自主(amod),1
管理方法 → 实现 → 功能,amod->nn->nn->top->root->conj->dep->conj->dobj->nn->nn,复杂(amod) — 系统(nn) — 健康(nn) — 管理(top) — 是(root) — 演变(conj) — 运用(dep) — 扩充(conj) — 重组(dobj) — 系统(nn) — 资源(nn),1
管理方法 → 实现 → 目标,amod->nn->nn->top->root->conj->dep->conj->dobj->nn->nn,复杂(amod) — 系统(nn) — 健康(nn) — 管理(top) — 是(root) — 演变(conj) — 运用(dep) — 实现(conj) — 目标(dobj) — 系统(nn) — 任务(nn),1
管理方法 → 应用于 → 设备,nn->top->root->root->prep->pobj->assmod->plmod->lobj->amod,健康(nn) — 管理(top) — 是(root) — 进行(root) — 对(prep) — 应用(pobj) — 在(assmod) — 中(plmod) — 雷达(lobj) — 机载(amod),1
管理方法 → 演变自 → 技术,amod->nn->nn->top->root->conj->prep->pobj->nn->prnmod->punct,复杂(amod) — 系统(nn) — 健康(nn) — 管理(top) — 是(root) — 演变(conj) — 由(prep) — 技术(pobj) — 重构(nn) — FDIR(prnmod) — )(punct),1
管理方法 → 综合应用 → 技术,amod->nn->nn->top->root->attr->assmod->amod->conj,复杂(amod) — 系统(nn) — 健康(nn) — 管理(top) — 是(root) — 应用(attr) — 技术(assmod) — 人工(amod) — 智能(conj),1
管理方法 → 综合应用 → 技术,amod->nn->nn->top->root->attr->assmod->nn,复杂(amod) — 系统(nn) — 健康(nn) — 管理(top) — 是(root) — 应用(attr) — 技术(assmod) — 信息(nn),1
管理方法 → 综合应用 → 技术,amod->nn->nn->top->root->attr->assmod->nn->conj,复杂(amod) — 系统(nn) — 健康(nn) — 管理(top) — 是(root) — 应用(attr) — 技术(assmod) — 测试(nn) — 技术(conj),1
管理方法 → 运用 → 技术,amod->nn->nn->top->root->conj->dep->dobj->rcmod->cpm->nn,复杂(amod) — 系统(nn) — 健康(nn) — 管理(top) — 是(root) — 演变(conj) — 运用(dep) — 技术(dobj) — 先进(rcmod) — 的(cpm) — 推理(nn),1
飞机 → 提高 → Performance Metric,nummod->nn->nsubj->root->root->dobj,多(nummod) — 电(nn) — 飞机(nsubj) — 统一(root) — 提高(root) — 维护性(dobj),1
系统 → 优化 → 属性,nn->nn->nn->dobj->ccomp->root->dep->dep->prep->pobj->rcmod->dobj->nn->amod->nn,飞机(nn) — 健康(nn) — 管理(nn) — 系统(dobj) — 研究(ccomp) — 在(root) — 使(dep) — 减少(dep) — 在(prep) — 同时(pobj) — 优化(rcmod) — 寿命(dobj) — 飞机(nn) — 关键(amod) — 部件(nn),1
系统 → 作为子系统集成于 → 系统,nn->nn->nn->nn->nn->dobj->root->prep->pobj->assmod->nn,民航(nn) — 发动机(nn) — 拆发(nn) — 日期(nn) — 预测(nn) — 系统(dobj) — 开发(root) — 针对(prep) — 需求(pobj) — 大修(assmod) — 发动机(nn),1
系统 → 供给 → 设备,nn->nn->top->root->attr->assmod->nn,飞机(nn) — 电源(nn) — 系统(top) — 是(root) — 来源(attr) — 设备(assmod) — 用电(nn),1
系统 → 依赖 → 关键技术,nn->nn->dobj->nn,管理(nn) — 健康(nn) — 架构(dobj) — 系统(nn),1
系统 → 依赖 → 关键技术,nn->nn->nn->dobj->conj->root->conj->dobj->nn->cc->nn,管理(nn) — 系统(nn) — 健康(nn) — 架构(dobj) — 介绍(conj) — 总结(root) — 划分(conj) — 模块(dobj) — 决策(nn) — 与(cc) — 维修(nn),1
系统 → 依赖 → 关键技术,nn->nn->nn->dobj->conj->root->conj->dobj->nn->conj->amod,管理(nn) — 系统(nn) — 健康(nn) — 架构(dobj) — 介绍(conj) — 总结(root) — 划分(conj) — 模块(dobj) — 决策(nn) — 监控(conj) — 实时(amod),1
系统 → 依赖 → 关键技术,nn->nn->nn->dobj->conj->root->conj->dobj->nn->conj->cc,管理(nn) — 系统(nn) — 健康(nn) — 架构(dobj) — 介绍(conj) — 总结(root) — 划分(conj) — 模块(dobj) — 决策(nn) — 预测(conj) — 和(cc),1
系统 → 依赖 → 关键技术,nn->nn->nn->dobj->conj->root->conj->dobj->nn->conj->nn->conj,管理(nn) — 系统(nn) — 健康(nn) — 架构(dobj) — 介绍(conj) — 总结(root) — 划分(conj) — 模块(dobj) — 决策(nn) — 预测(conj) — 趋势(nn) — 分析(conj),1
系统 → 依赖 → 关键技术,nn->nn->nn->dobj->conj->root->conj->dobj->nn->nn->conj,管理(nn) — 系统(nn) — 健康(nn) — 架构(dobj) — 介绍(conj) — 总结(root) — 划分(conj) — 模块(dobj) — 决策(nn) — 故障(nn) — 诊断(conj),1
系统 → 保障 → 性能,nn->nn->top->root->attr->rcmod->dobj->amod->nn,航空(nn) — 电子(nn) — 系统(top) — 是(root) — 之一(attr) — 保障(rcmod) — 性能(dobj) — 现代(amod) — 飞机(nn),1
系统 → 具有 → 体系,punct->prnmod->punct->top->nn->ccomp->dep->root->root->dep->dobj->nn,((punct) — PHM(prnmod) — )(punct) — 系统(top) — 管理(nn) — 是(ccomp) — 表明(dep) — 简述(root) — 阐述(root) — 梳理(dep) — 体系(dobj) — 指标(nn),1
系统 → 具有 → 属性,assmod->assm->dobj,系统(assmod) — 的(assm) — 需求(dobj),1
系统 → 具有 → 属性,assmod->dobj->root->root->dobj->assmod->assm->nn,系统(assmod) — 需求(dobj) — 面对(root) — 结合(root) — 成果(dobj) — 院所(assmod) — 的(assm) — 研究(nn),1
系统 → 具有 → 属性,assmod->dobj->root->root->dobj->assmod->assm->nn,系统(assmod) — 需求(dobj) — 面对(root) — 结合(root) — 特点(dobj) — 系统(assmod) — 的(assm) — 技术(nn),1
系统 → 具有 → 属性,assmod->dobj->root->root->dobj->assmod->nn->conj->nn,系统(assmod) — 需求(dobj) — 面对(root) — 总结(root) — 内容(dobj) — 方面(assmod) — 流程(nn) — 特征(conj) — 功能(nn),1
系统 → 具有 → 属性,clf->nn->nn->nn->nn->assmod->dobj->nn,代(clf) — 战斗机(nn) — 发动机(nn) — 健康(nn) — 管理(nn) — 系统(assmod) — 特点(dobj) — 技术(nn),1
飞机 → 提高 → Performance Metric,nummod->nn->nsubj->root->root->dobj->conj,多(nummod) — 电(nn) — 飞机(nsubj) — 统一(root) — 提高(root) — 维护性(dobj) — 可靠性(conj),1
系统 → 具有 → 属性,nn->nn->top->root->root->dobj->nn,飞机(nn) — 电源(nn) — 系统(top) — 是(root) — 总结(root) — 原因(dobj) — 失效(nn),1
系统 → 具有 → 属性,nn->nn->top->root->root->dobj->nn,飞机(nn) — 电源(nn) — 系统(top) — 是(root) — 提出(root) — 架构(dobj) — 设计(nn),1
系统 → 具有 → 故障类型,nn->nn->nn->pobj->assmod->dobj->pccomp->prep->root->root->dep->ccomp->conj->nn->nsubj,飞行(nn) — 控制(nn) — 系统(nn) — 分析(pobj) — 对(assmod) — 现状(dobj) — 梳理(pccomp) — 为(prep) — 总结(root) — 得出(root) — 包括(dep) — 泄漏(ccomp) — 耗时(conj) — 襟翼(nn) — 动作(nsubj),1
系统 → 具有 → 故障类型,nn->nn->nn->pobj->assmod->dobj->pccomp->prep->root->root->dep->ccomp->conj->nn->nsubj->neg,飞行(nn) — 控制(nn) — 系统(nn) — 分析(pobj) — 对(assmod) — 现状(dobj) — 梳理(pccomp) — 为(prep) — 总结(root) — 得出(root) — 包括(dep) — 泄漏(ccomp) — 一致(conj) — 升降舵(nn) — 指示(nsubj) — 不(neg),1
系统 → 具有 → 故障类型,nn->nn->nn->pobj->assmod->dobj->pccomp->prep->root->root->dep->ccomp->nn->nn,飞行(nn) — 控制(nn) — 系统(nn) — 分析(pobj) — 对(assmod) — 现状(dobj) — 梳理(pccomp) — 为(prep) — 总结(root) — 得出(root) — 包括(dep) — 泄漏(ccomp) — 方向舵(nn) — 液压(nn),1
系统 → 具有 → 概念,nn->nn->nn->nn->nn->conj->dobj->conj->root->dobj,航空(nn) — 发动机(nn) — 预测(nn) — 健康(nn) — 管理(nn) — 系统(conj) — 方案(dobj) — 设计(conj) — 介绍(root) — 功能(dobj),1
系统 → 具有 → 概念,nn->nn->nn->nn->nn->conj->dobj->conj->root->dobj->conj,航空(nn) — 发动机(nn) — 预测(nn) — 健康(nn) — 管理(nn) — 系统(conj) — 方案(dobj) — 设计(conj) — 介绍(root) — 功能(dobj) — 定义(conj),1
系统 → 具有 → 概念,nn->nn->nn->nn->nn->conj->dobj->conj->root->dobj->nn->conj,航空(nn) — 发动机(nn) — 预测(nn) — 健康(nn) — 管理(nn) — 系统(conj) — 方案(dobj) — 设计(conj) — 介绍(root) — 功能(dobj) — 设计(nn) — 目标(conj),1
系统 → 具有 → 特性,punct->prnmod->nn->top->root->root->prep->pobj->amod->nn->nn,((punct) — IVHM(prnmod) — 管理(nn) — 技术(top) — 是(root) — 提出(root) — 针对(prep) — 特点(pobj) — 复杂(amod) — 数据(nn) — 交换(nn),1
系统 → 具有 → 特性,punct->prnmod->nn->top->root->root->prep->pobj->conj->amod,((punct) — IVHM(prnmod) — 管理(nn) — 技术(top) — 是(root) — 提出(root) — 针对(prep) — 特点(pobj) — 互操作性(conj) — 高(amod),1
系统 → 具有 → 现象,assmod->assm->nn->assmod->nsubj->root->conj->nsubj->amod->nn,飞机(assmod) — 的(assm) — 引气(nn) — 系统(assmod) — 运行(nsubj) — 起(root) — 表现(conj) — 变化(nsubj) — 关键(amod) — 参数(nn),1
系统 → 具有 → 系统架构,assmod,系统(assmod),1
系统 → 具有 → 组成部分,amod->assmod->pobj->prep->root->root->prep->pobj->conj,轻型(amod) — 飞机(assmod) — 使用(pobj) — 随着(prep) — 面临(root) — 进行(root) — 对(prep) — 受益(pobj) — 框架(conj),1
系统 → 具有 → 结构,nn->nn->top->root->root->prep->pobj->nn->nn,航空(nn) — 电子(nn) — 系统(top) — 是(root) — 结合(root) — 通过(prep) — 分析(pobj) — 分层(nn) — 结构(nn),1
系统 → 具有 → 设计,amod->amod->nn->conj->assmod->dobj->amod->nn,在线(amod) — 机载(amod) — EPHM(nn) — 系统(conj) — 系统(assmod) — 设计(dobj) — 基本(amod) — 结构(nn),1
系统 → 具有 → 设计,amod->nn->assmod->dobj->amod->nn,离线(amod) — EPHM(nn) — 系统(assmod) — 设计(dobj) — 基本(amod) — 结构(nn),1
系统 → 具有 → 需求,punct->punct->top->prnmod,((punct) — )(punct) — 系统(top) — PHM(prnmod),1
系统 → 具有特征 → 特征,amod->nn->lobj->loc->rcmod->dobj->root->root->nsubj,大型(amod) — 飞机(nn) — 发动机(lobj) — 中(loc) — 诊断(rcmod) — 问题(dobj) — 研究(root) — 复杂(root) — 结构(nsubj),1
系统 → 具有特性 → 特性,nn->nn->nn->nsubj->root->conj->ccomp->amod->top->dobj,直升机(nn) — 旋翼(nn) — 系统(nn) — 方法(nsubj) — 组成(root) — 为(conj) — 无(ccomp) — 单一(amod) — 通道(top) — 备份(dobj),1
系统 → 减小 → 影响,nn->dobj->ccomp->conj->dobj->rcmod->nsubj->cc->nn,修正(nn) — 系统(dobj) — 设计(ccomp) — 减小(conj) — 影响(dobj) — 造成(rcmod) — 噪声(nsubj) — 与(cc) — 系统(nn),1
系统 → 减小 → 影响,nn->dobj->ccomp->conj->dobj->rcmod->nsubj->nn->conj,修正(nn) — 系统(dobj) — 设计(ccomp) — 减小(conj) — 影响(dobj) — 造成(rcmod) — 噪声(nsubj) — 测量(nn) — 噪声(conj),1
系统 → 减小 → 风险,nn->dobj->ccomp->root->root->conj->conj->dobj->cc->rcmod,修正(nn) — 系统(dobj) — 设计(ccomp) — 是(root) — 缩小(root) — 提高(conj) — 减小(conj) — 概率(dobj) — 和(cc) — 误诊(rcmod),1
系统 → 减小 → 风险,nn->dobj->ccomp->root->root->conj->conj->dobj->conj->assmod->assm,修正(nn) — 系统(dobj) — 设计(ccomp) — 是(root) — 缩小(root) — 提高(conj) — 减小(conj) — 概率(dobj) — 误判(conj) — 监控(assmod) — 的(assm),1
系统 → 减少 → 成本,nn->nn->nn->dobj->ccomp->prep->pccomp->cc->nn->conj,飞机(nn) — 健康(nn) — 管理(nn) — 系统(dobj) — 研究(ccomp) — 通过(prep) — 分析(pccomp) — 与(cc) — 飞机(nn) — 运行(conj),1
系统 → 减少 → 指标,nn->nn->nn->nn->dobj->root->prep->pobj->assmod->nn,飞机(nn) — 健康(nn) — 管理(nn) — 专家(nn) — 系统(dobj) — 设计(root) — 针对(prep) — 需要(pobj) — 维护(assmod) — 地面(nn),1
系统 → 分为 → 组成部分,amod->nn->nn->dobj->conj->root->root->conj->dobj,综合(amod) — 飞行器(nn) — 管理(nn) — 技术(dobj) — 促使(conj) — 提出(root) — 介绍(root) — 分为(conj) — 执行层(dobj),1
系统 → 分为 → 组成部分,amod->nn->nn->dobj->conj->root->root->conj->dobj->conj,综合(amod) — 飞行器(nn) — 管理(nn) — 技术(dobj) — 促使(conj) — 提出(root) — 介绍(root) — 分为(conj) — 执行层(dobj) — 决策层(conj),1
系统 → 分为 → 组成部分,amod->nn->nn->dobj->conj->root->root->conj->dobj->conj,综合(amod) — 飞行器(nn) — 管理(nn) — 技术(dobj) — 促使(conj) — 提出(root) — 介绍(root) — 分为(conj) — 执行层(dobj) — 感知层(conj),1
系统 → 分析 → 数据,nn->nn->nn->dobj->conj->ccomp->dobj->rcmod->cpm,飞机(nn) — 健康(nn) — 管理(nn) — 系统(dobj) — 研究(conj) — 分析(ccomp) — 数据(dobj) — 下载(rcmod) — 的(cpm),1
系统 → 分析 → 问题,nn->nn->cpm->amod->nn->dobj->rcmod->dobj->root->conj->dobj->conj->nn->nn->assmod->assm,航空(nn) — 电子(nn) — 的(cpm) — 在线(amod) — 测试(nn) — 设备(dobj) — 面向(rcmod) — 系统(dobj) — 提出(root) — 应用(conj) — 装置(dobj) — 异常(conj) — 航空(nn) — 电子(nn) — 设备(assmod) — 的(assm),1
系统 → 切换到 → 控制回路,nn->nn->dobj->conj->root->conj->dep->nsubj->advmod->dobj,容错(nn) — 控制(nn) — 系统(dobj) — 设计(conj) — 综合(root) — 切换(conj) — 控制(dep) — 风扇(nsubj) — 转速(advmod) — 回路(dobj),1
系统 → 划分为 → 功能模块,nn->amod->assm->nn->nn->nn->assmod->dobj->conj->root->conj->dobj->nn->conj->amod,C919(nn) — 大型(amod) — 的(assm) — 健康(nn) — 管理(nn) — 系统(nn) — 客机(assmod) — 架构(dobj) — 介绍(conj) — 总结(root) — 划分(conj) — 模块(dobj) — 决策(nn) — 监控(conj) — 实时(amod),1
系统 → 划分为 → 功能模块,nn->amod->assm->nn->nn->nn->assmod->dobj->conj->root->conj->dobj->nn->nn->conj,C919(nn) — 大型(amod) — 的(assm) — 健康(nn) — 管理(nn) — 系统(nn) — 客机(assmod) — 架构(dobj) — 介绍(conj) — 总结(root) — 划分(conj) — 模块(dobj) — 决策(nn) — 故障(nn) — 诊断(conj),1
系统 → 划分为 → 功能模块,nn->amod->assm->nn->nn->nn->assmod->dobj->conj->root->conj->dobj->nn->punct->nn->nn->nn->conj,C919(nn) — 大型(amod) — 的(assm) — 健康(nn) — 管理(nn) — 系统(nn) — 客机(assmod) — 架构(dobj) — 介绍(conj) — 总结(root) — 划分(conj) — 模块(dobj) — 决策(nn) — 、(punct) — 健康(nn) — 状况(nn) — 趋势(nn) — 分析(conj),1
系统 → 利用 → 数据,nn->nn->cpm->amod->nn->dobj->rcmod->dobj->root->dobj->rcmod->dep->dobj->lobj->dep->nn,航空(nn) — 电子(nn) — 的(cpm) — 在线(amod) — 测试(nn) — 设备(dobj) — 面向(rcmod) — 系统(dobj) — 提出(root) — 方法(dobj) — 监测(rcmod) — 利用(dep) — 数据(dobj) — 机(lobj) — 上(dep) — 环境(nn),1
系统 → 包含 → 关键技术,amod->nn->nn->dobj->conj->root->root->conj->dobj->prnmod->dobj->nn->amod->nn,综合(amod) — 飞行器(nn) — 管理(nn) — 技术(dobj) — 促使(conj) — 提出(root) — 介绍(root) — 阐述(conj) — 技术(dobj) — 包括(prnmod) — 方面(dobj) — 交互(nn) — 智能(amod) — 人机(nn),1
系统 → 包含 → 关键技术,amod->nn->nn->dobj->conj->root->root->conj->dobj->prnmod->dobj->nn->conj->amod->nn,综合(amod) — 飞行器(nn) — 管理(nn) — 技术(dobj) — 促使(conj) — 提出(root) — 介绍(root) — 阐述(conj) — 技术(dobj) — 包括(prnmod) — 方面(dobj) — 交互(nn) — 导引(conj) — 自动(amod) — 攻击(nn),1
系统 → 包含 → 关键技术,amod->nn->nn->dobj->conj->root->root->conj->dobj->prnmod->dobj->nn->conj->nn->conj,综合(amod) — 飞行器(nn) — 管理(nn) — 技术(dobj) — 促使(conj) — 提出(root) — 介绍(root) — 阐述(conj) — 技术(dobj) — 包括(prnmod) — 方面(dobj) — 交互(nn) — 评估(conj) — 态势(nn) — 感知(conj),1
系统 → 包含 → 关键技术,nn->amod->dobj->nn,飞行器(nn) — 综合(amod) — 技术(dobj) — 管理(nn),1
系统 → 包含 → 关键技术,nn->nn->amod,飞行器(nn) — 管理(nn) — 综合(amod),1
系统 → 包含 → 关键技术,nn->nn->amod->dobj->conj->root->dep->dep->dobj->assmod->nn,飞行器(nn) — 管理(nn) — 综合(amod) — 技术(dobj) — 促使(conj) — 提出(root) — 使(dep) — 成为(dep) — 技术(dobj) — 管理(assmod) — 任务(nn),1
系统 → 包含 → 关键技术,prnmod->nn->conj->conj->nn->nn,APHM(prnmod) — 管理(nn) — 设计(conj) — 要求(conj) — 维护(nn) — 系统(nn),1
系统 → 包含 → 关键技术,prnmod->nn->conj->conj->nn->nn->conj,APHM(prnmod) — 管理(nn) — 设计(conj) — 要求(conj) — 维护(nn) — 健康(nn) — 评估(conj),1
系统 → 包含 → 关键技术,prnmod->nn->conj->conj->nn->pobj->prep->conj->root->prep->pobj->nn->nn->conj,APHM(prnmod) — 管理(nn) — 设计(conj) — 要求(conj) — 维护(nn) — 技术(pobj) — 对(prep) — 介绍(conj) — 是(root) — 作为(prep) — 技术(pobj) — 管理(nn) — 故障(nn) — 预测(conj),1
系统 → 包含 → 功能,nn->nn->nn->nn->pobj->nn->nn,飞行器(nn) — 健康(nn) — 管理(nn) — 系统(nn) — 部分(pobj) — 故障(nn) — 预测(nn),1
系统 → 包含 → 功能,punct->prnmod->assmod->conj,",(punct) — PHM(prnmod) — 技术(assmod) — 诊断(conj)",1
系统 → 包含 → 功能,punct->prnmod->assmod->nn,",(punct) — PHM(prnmod) — 技术(assmod) — 故障(nn)",1
系统 → 包含 → 功能模块,cc->nn->nn->conj,与(cc) — 健康(nn) — 管理(nn) — 诊断(conj),1
飞机 → 提高 → Performance Metric,nummod->nn->nsubj->root->root->dobj->nn->conj,多(nummod) — 电(nn) — 飞机(nsubj) — 统一(root) — 提高(root) — 维护性(dobj) — 燃油(nn) — 经济性(conj),1
系统 → 包含 → 子系统,nn->nn->nn->conj->assmod->dobj->root->conj->prep->pobj->nn->conj->amod->nn->nn->nn->nn,飞机(nn) — 液压(nn) — 泵源(nn) — 预测(conj) — 系统(assmod) — 方案(dobj) — 提出(root) — 进行(conj) — 对(prep) — 技术(pobj) — 系统(nn) — 系统(conj) — 机载(amod) — 液压(nn) — 泵源(nn) — 健康(nn) — 监测(nn),1
系统 → 包含 → 子系统,nn->nn->nn->conj->assmod->dobj->root->conj->prep->pobj->nn->nn->nn->nn,飞机(nn) — 液压(nn) — 泵源(nn) — 预测(conj) — 系统(assmod) — 方案(dobj) — 提出(root) — 进行(conj) — 对(prep) — 技术(pobj) — 系统(nn) — 地面(nn) — 维护(nn) — 管理(nn),1
系统 → 包含 → 子系统,nn->nn->nn->pobj->assmod->dobj->pccomp->prep->root->root->dep->ccomp->conj->nsubj->nn,飞行(nn) — 控制(nn) — 系统(nn) — 分析(pobj) — 对(assmod) — 现状(dobj) — 梳理(pccomp) — 为(prep) — 总结(root) — 得出(root) — 包括(dep) — 泄漏(ccomp) — 一致(conj) — 指示(nsubj) — 升降舵(nn),1
系统 → 包含 → 子系统,nn->nn->nn->pobj->assmod->dobj->pccomp->prep->root->root->dep->ccomp->conj->nsubj->nn,飞行(nn) — 控制(nn) — 系统(nn) — 分析(pobj) — 对(assmod) — 现状(dobj) — 梳理(pccomp) — 为(prep) — 总结(root) — 得出(root) — 包括(dep) — 泄漏(ccomp) — 耗时(conj) — 动作(nsubj) — 襟翼(nn),1
系统 → 包含 → 子系统,nn->nn->nn->pobj->assmod->dobj->pccomp->prep->root->root->dep->ccomp->nn,飞行(nn) — 控制(nn) — 系统(nn) — 分析(pobj) — 对(assmod) — 现状(dobj) — 梳理(pccomp) — 为(prep) — 总结(root) — 得出(root) — 包括(dep) — 泄漏(ccomp) — 方向舵(nn),1
系统 → 包含 → 技术,nn->nn->nn->nn->lobj->dep->assmod->nn->nn->nn,航空(nn) — 发动机(nn) — 健康(nn) — 管理(nn) — 系统(lobj) — 中(dep) — 技术(assmod) — 气路(nn) — 故障(nn) — 诊断(nn),1
系统 → 包含 → 技术集合,nn->nn->assmod->dobj->conj->amod,电子(nn) — 航空(nn) — 系统(assmod) — 之一(dobj) — 技术(conj) — 关键(amod),1
系统 → 包含 → 技术领域,assmod,系统(assmod),1
系统 → 包含 → 技术领域,assmod->dobj->root->root->dobj->assmod->nn->conj->amod,系统(assmod) — 需求(dobj) — 面对(root) — 分析(root) — 技术(dobj) — 领域(assmod) — 信息(nn) — 导航(conj) — 无线电(amod),1
系统 → 包含 → 技术领域,assmod->dobj->root->root->dobj->assmod->nn->conj->amod,系统(assmod) — 需求(dobj) — 面对(root) — 分析(root) — 技术(dobj) — 领域(assmod) — 信息(nn) — 数据链(conj) — 机载(amod),1
系统 → 包含 → 技术领域,assmod->dobj->root->root->dobj->assmod->nn->conj->nn,系统(assmod) — 需求(dobj) — 面对(root) — 分析(root) — 技术(dobj) — 领域(assmod) — 信息(nn) — 惯导(conj) — 大气(nn),1
系统 → 包含 → 技术领域,assmod->dobj->root->root->prep->pobj->vmod,系统(assmod) — 需求(dobj) — 面对(root) — 提出(root) — 在(prep) — 方面(pobj) — 控制(vmod),1
飞机 → 统一能源为 → 能源,nummod->nn->nsubj->root->dobj,多(nummod) — 电(nn) — 飞机(nsubj) — 统一(root) — 电能(dobj),1
系统 → 包含 → 技术领域,assmod->dobj->root->root->prep->pobj->vmod->dep->cc,系统(assmod) — 需求(dobj) — 面对(root) — 提出(root) — 在(prep) — 方面(pobj) — 享(vmod) — 管理(dep) — 与(cc),1
系统 → 包含 → 技术领域,assmod->dobj->root->root->prep->pobj->vmod->nsubj,系统(assmod) — 需求(dobj) — 面对(root) — 提出(root) — 在(prep) — 方面(pobj) — 享(vmod) — 信息(nsubj),1
系统 → 包含 → 模块,nn->nn->nn->nn->nn->nn->dobj->root->conj->dobj->cc->nn,航空(nn) — 机电(nn) — 作动器(nn) — 健康(nn) — 管理(nn) — 验证(nn) — 系统(dobj) — 设计(root) — 提出(conj) — 模块(dobj) — 与(cc) — 评估(nn),1
系统 → 包含 → 硬件,nn->nn->nn->nn->nn->nn->dobj->root->conj->dobj->conj->rcmod->nn->nn,航空(nn) — 机电(nn) — 作动器(nn) — 健康(nn) — 管理(nn) — 验证(nn) — 系统(dobj) — 设计(root) — 提出(conj) — 模块(dobj) — 平台(conj) — 验证(rcmod) — 系统(nn) — 硬件(nn),1
系统 → 包含 → 系统,nn->nn->nn->nn->nn->conj->dobj->conj->root->conj->dobj->assmod->amod->nn,航空(nn) — 发动机(nn) — 预测(nn) — 健康(nn) — 管理(nn) — 系统(conj) — 方案(dobj) — 设计(conj) — 介绍(root) — 完成(conj) — 设计(dobj) — 系统(assmod) — 离线(amod) — EPHM(nn),1
系统 → 包含 → 系统,nn->nn->nn->nn->nn->conj->dobj->conj->root->conj->dobj->assmod->conj->amod->amod->nn,航空(nn) — 发动机(nn) — 预测(nn) — 健康(nn) — 管理(nn) — 系统(conj) — 方案(dobj) — 设计(conj) — 介绍(root) — 完成(conj) — 设计(dobj) — 系统(assmod) — 系统(conj) — 在线(amod) — 机载(amod) — EPHM(nn),1
系统 → 包含 → 组件,nn->nn->nn->dobj->pccomp->prep->ccomp->root->dep->conj->dobj->amod->nn->nn->nn,直升机(nn) — 健康(nn) — 管理(nn) — 系统(dobj) — 构建(pccomp) — 通过(prep) — 进行(ccomp) — 提出(root) — 介绍(dep) — 设计(conj) — 系统(dobj) — 无线(amod) — 数据(nn) — 传输(nn) — 通信(nn),1
系统 → 包含 → 组件,nn->nn->nn->dobj->pccomp->prep->ccomp->root->dep->conj->dobj->conj,直升机(nn) — 健康(nn) — 管理(nn) — 系统(dobj) — 构建(pccomp) — 通过(prep) — 进行(ccomp) — 提出(root) — 介绍(dep) — 设计(conj) — 系统(dobj) — 地面站(conj),1
系统 → 包含 → 组件,nn->nn->nn->dobj->pccomp->prep->ccomp->root->dep->conj->dobj->conj->nn->nn,直升机(nn) — 健康(nn) — 管理(nn) — 系统(dobj) — 构建(pccomp) — 通过(prep) — 进行(ccomp) — 提出(root) — 介绍(dep) — 设计(conj) — 系统(dobj) — 单元(conj) — HUMS(nn) — 处理(nn),1
系统 → 包含 → 组件,nn->nn->nn->dobj->root->prep->pccomp->dobj->nn->nn->nn->nn->nn,发动机(nn) — 健康(nn) — 管理(nn) — 系统(dobj) — 建立(root) — 通过(prep) — 建立(pccomp) — 中心(dobj) — 发动机(nn) — 健康(nn) — 管理(nn) — 云端(nn) — 数据(nn),1
系统 → 包含 → 组成部分,punct->prnmod->assmod->dobj->top->conj->root->root->prep->pobj->nn->conj->amod->nn,",(punct) — PHM(prnmod) — 技术(assmod) — 研究(dobj) — 开展(top) — 是(conj) — 是(root) — 开展(root) — 对(prep) — 环节(pobj) — 管理(nn) — 要素(conj) — 基础(amod) — 资源(nn)",1
系统 → 包含 → 组成部分,punct->prnmod->assmod->dobj->top->conj->root->root->prep->pobj->nn->conj->nn,",(punct) — PHM(prnmod) — 技术(assmod) — 研究(dobj) — 开展(top) — 是(conj) — 是(root) — 开展(root) — 对(prep) — 环节(pobj) — 管理(nn) — 结构(conj) — 层次(nn)",1
系统 → 包含 → 组成部分,punct->prnmod->assmod->dobj->top->conj->root->root->prep->pobj->nn->conj->nn,",(punct) — PHM(prnmod) — 技术(assmod) — 研究(dobj) — 开展(top) — 是(conj) — 是(root) — 开展(root) — 对(prep) — 环节(pobj) — 管理(nn) — 要素(conj) — 功能(nn)",1
系统 → 包含 → 组成部分,punct->prnmod->assmod->dobj->top->conj->root->root->prep->pobj->nn->nn->conj,",(punct) — PHM(prnmod) — 技术(assmod) — 研究(dobj) — 开展(top) — 是(conj) — 是(root) — 开展(root) — 对(prep) — 环节(pobj) — 管理(nn) — 状态(nn) — 策略(conj)",1
系统 → 包含 → 设计,top->root->root->conj->dobj->conj->nn->nn,系统(top) — 是(root) — 结合(root) — 包含(conj) — 实现(dobj) — 设计(conj) — 体系(nn) — 结构(nn),1
系统 → 包含 → 软件环境,nn->nn->nn->nn->nn->nn->dobj->root->conj->dobj->conj->amod->nn->nn,航空(nn) — 机电(nn) — 作动器(nn) — 健康(nn) — 管理(nn) — 验证(nn) — 系统(dobj) — 设计(root) — 提出(conj) — 模块(dobj) — 环境(conj) — 通用(amod) — 软件(nn) — 运行(nn),1
系统 → 包含 → 部件,nn->nn->assmod->dep->prnmod->nn->nn->nn,飞机(nn) — 机电(nn) — 系统(assmod) — 部件(dep) — 部件(prnmod) — 飞机(nn) — 机电(nn) — 系统(nn),1
系统 → 包含 → 部件,nn->nn->nn->nsubj->root->prep->pobj->amod,直升机(nn) — 旋翼(nn) — 系统(nn) — 方法(nsubj) — 组成(root) — 由(prep) — 部件(pobj) — 动(amod),1
系统 → 包含实例 → 发动机型号,clf->nn->nn->nn->nn->assmod->nn,代(clf) — 战斗机(nn) — 发动机(nn) — 健康(nn) — 管理(nn) — 系统(assmod) — F119(nn),1
系统 → 包含实例 → 发动机型号,clf->nn->nn->nn->nn->assmod->nn->conj,代(clf) — 战斗机(nn) — 发动机(nn) — 健康(nn) — 管理(nn) — 系统(assmod) — F119(nn) — EJ200(conj),1
系统 → 发展为 → 系统,nn->nn->nsubj->rcmod->nsubj->root->dep->prep->pobj->rcmod->cpm->nn->nn->nn,航空(nn) — 电子(nn) — 系统(nsubj) — 完成(rcmod) — 功能(nsubj) — 复杂(root) — 发展(dep) — 向(prep) — 方向(pobj) — 综合化(rcmod) — 的(cpm) — 航空(nn) — 电子(nn) — 系统(nn),1
系统 → 发展自 → 技术,cc->nn->nn->top->ccomp->dep->root->dobj->assmod->nn->nn->nn->conj,与(cc) — 健康(nn) — 管理(nn) — 系统(top) — 是(ccomp) — 表明(dep) — 简述(root) — 历程(dobj) — 诊断(assmod) — 发动机(nn) — 航空(nn) — 故障(nn) — 检测(conj),1
系统 → 发展趋势为 → 发展趋势,nn->nsubj->root->root->dobj->assmod,电(nn) — 飞机(nsubj) — 统一(root) — 讨论(root) — 趋势(dobj) — 智能化(assmod),1
系统 → 发展趋势为 → 发展趋势,nn->nsubj->root->root->dobj->assmod->conj,电(nn) — 飞机(nsubj) — 统一(root) — 讨论(root) — 趋势(dobj) — 智能化(assmod) — 直流(conj),1
系统 → 发展趋势为 → 发展趋势,nn->nsubj->root->root->dobj->assmod->conj,电(nn) — 飞机(nsubj) — 统一(root) — 讨论(root) — 趋势(dobj) — 智能化(assmod) — 高压(conj),1
系统 → 发展趋势为 → 技术趋势,amod->nn->nn->nn->assmod->dobj->prnmod->advmod,大型(amod) — 客机(nn) — 飞控(nn) — 作动(nn) — 系统(assmod) — 趋势(dobj) — 集成化(prnmod) — 高度(advmod),1
系统 → 发展趋势为 → 技术趋势,amod->nn->nn->nn->assmod->dobj->prnmod->conj,大型(amod) — 客机(nn) — 飞控(nn) — 作动(nn) — 系统(assmod) — 趋势(dobj) — 集成化(prnmod) — 智能化(conj),1
系统 → 发展趋势为 → 技术趋势,amod->nn->nn->nn->assmod->dobj->prnmod->conj->nn,大型(amod) — 客机(nn) — 飞控(nn) — 作动(nn) — 系统(assmod) — 趋势(dobj) — 集成化(prnmod) — 光传化(conj) — 信号(nn),1
系统 → 发展趋势为 → 技术趋势,amod->nn->nn->nn->assmod->dobj->prnmod->conj->nn,大型(amod) — 客机(nn) — 飞控(nn) — 作动(nn) — 系统(assmod) — 趋势(dobj) — 集成化(prnmod) — 电传化(conj) — 功率(nn),1
系统 → 发展趋势为 → 技术趋势,amod->nn->nn->nn->assmod->dobj->prnmod->conj->nn,大型(amod) — 客机(nn) — 飞控(nn) — 作动(nn) — 系统(assmod) — 趋势(dobj) — 集成化(prnmod) — 高压化(conj) — 液压(nn),1
系统 → 发展趋势为 → 技术趋势,assm->nn->assmod->dobj->nn,的(assm) — 液压(nn) — 客机(assmod) — 特点(dobj) — 系统(nn),1
系统 → 发展趋势为 → 技术趋势,assmod->assm->nn->dobj->dep->root->root->ccomp->attr->conj,客机(assmod) — 的(assm) — 液压(nn) — 特点(dobj) — 阐述(dep) — 介绍(root) — 指出(root) — 是(ccomp) — 系统(attr) — 分布式(conj),1
系统 → 发展趋势为 → 技术趋势,assmod->assm->nn->dobj->dep->root->root->ccomp->attr->conj,客机(assmod) — 的(assm) — 液压(nn) — 特点(dobj) — 阐述(dep) — 介绍(root) — 指出(root) — 是(ccomp) — 系统(attr) — 高压化(conj),1
系统 → 发展趋势为 → 技术趋势,assmod->assm->nn->dobj->dep->root->root->ccomp->attr->conj->amod,客机(assmod) — 的(assm) — 液压(nn) — 特点(dobj) — 阐述(dep) — 介绍(root) — 指出(root) — 是(ccomp) — 系统(attr) — 油箱(conj) — 自增压(amod),1
系统 → 发展趋势为 → 技术趋势,assmod->assm->nn->dobj->dep->root->root->ccomp->attr->punct->nn->conj,客机(assmod) — 的(assm) — 液压(nn) — 特点(dobj) — 阐述(dep) — 介绍(root) — 指出(root) — 是(ccomp) — 系统(attr) — 、(punct) — 故障(nn) — 诊断(conj),1
系统 → 发展趋势为 → 趋势,nn->nn->nsubj->root->prep->pobj->nn,航空(nn) — 电子(nn) — 系统(nsubj) — 发展(root) — 向(prep) — 方向(pobj) — 综合化(nn),1
系统 → 发展需要解决 → 关键技术,nn->nn->nn,飞控(nn) — 系统(nn) — 作动(nn),1
系统 → 发展需要解决 → 关键技术,nn->nn->nn->dobj->root->root->dobj->nn->conj->nn,飞控(nn) — 作动(nn) — 系统(nn) — 特点(dobj) — 介绍(root) — 指出(root) — 问题(dobj) — 管理(nn) — 架构(conj) — 体系(nn),1
系统 → 发展需要解决 → 关键技术,nn->nn->nn->dobj->root->root->dobj->nn->punct->nn->conj,飞控(nn) — 作动(nn) — 系统(nn) — 特点(dobj) — 介绍(root) — 指出(root) — 问题(dobj) — 管理(nn) — 、(punct) — 故障(nn) — 预测(conj),1
系统 → 在线显示 → 信息,nn->nn->nn->nn->nn->nn->dobj->root->conj->dobj->assmod->cc->nn,航空(nn) — 机电(nn) — 作动器(nn) — 健康(nn) — 管理(nn) — 验证(nn) — 系统(dobj) — 设计(root) — 实现(conj) — 显示(dobj) — 信息(assmod) — 与(cc) — 评估(nn),1
系统 → 基于 → 分析方法,punct->amod->nn->dobj->root->prep->plmod->lobj->rcmod->dobj->amod->nn->conj,—(punct) — 集中式(amod) — PHM(nn) — 系统(dobj) — 设计(root) — 在(prep) — 上(plmod) — 基础(lobj) — 进行(rcmod) — 分类(dobj) — 扩展式(amod) — FMEA(nn) — 分析(conj),1
系统 → 基于 → 技术,nn->nn->dobj->rcmod->prep->pobj,容错(nn) — 控制(nn) — 系统(dobj) — 切换(rcmod) — 基于(prep) — 模态(pobj),1
系统 → 基于 → 技术,nn->nn->nn->nn->assmod->cpm->rcmod->dobj->conj->root->nsubj->rcmod->dobj,航空(nn) — 发动机(nn) — 健康(nn) — 管理(nn) — 系统(assmod) — 的(cpm) — 基于(rcmod) — 模型(dobj) — 提出(conj) — 引入(root) — 架构(nsubj) — 面向(rcmod) — 服务(dobj),1
系统 → 基于 → 技术,nn->nn->nn->nn->dobj->rcmod->dobj->dep,飞机(nn) — 健康(nn) — 管理(nn) — 专家(nn) — 系统(dobj) — 基于(rcmod) — MAS(dobj) — MAS(dep),1
系统 → 基于 → 方法,nn->dobj->ccomp->root->root->dobj->conj,修正(nn) — 系统(dobj) — 设计(ccomp) — 是(root) — 利用(root) — 方法(dobj) — 模型(conj),1
系统 → 基于 → 标准,lobj->amod->nn->dep->dobj->conj->root->dobj->nn,机(lobj) — 自(amod) — 测试(nn) — 内(dep) — 系统(dobj) — 设计(conj) — 结合(root) — 标准(dobj) — ASAAC(nn),1
系统 → 增加 → 属性,nn->nn->nn->nn->assmod->cpm->rcmod->dobj->conj->root->conj->dobj->assmod->assm->conj,航空(nn) — 发动机(nn) — 健康(nn) — 管理(nn) — 系统(assmod) — 的(cpm) — 基于(rcmod) — 模型(dobj) — 提出(conj) — 引入(root) — 增加(conj) — 伸缩性(dobj) — 系统(assmod) — 的(assm) — 扩展性(conj),1
系统 → 增加 → 指标,nn->nn->nn->nn->dobj->rcmod->dobj->punct->cpm,飞机(nn) — 健康(nn) — 管理(nn) — 专家(nn) — 系统(dobj) — 基于(rcmod) — MAS(dobj) — )(punct) — 的(cpm),1
系统 → 存在 → 问题,amod->assmod->pobj->prep->root->root->dobj->amod,轻型(amod) — 飞机(assmod) — 使用(pobj) — 随着(prep) — 面临(root) — 讨论(root) — 问题(dobj) — 关键(amod),1
系统 → 存在 → 问题,nn->amod->nn->nn->assmod->conj->dobj->nn,飞机(nn) — 高(amod) — 升力(nn) — 系统(nn) — 技术(assmod) — 现状(conj) — 瓶颈(dobj) — 技术(nn),1
系统 → 存在 → 问题,nn->amod->nn->nn->assmod->conj->dobj->nn->conj,飞机(nn) — 高(amod) — 升力(nn) — 系统(nn) — 技术(assmod) — 现状(conj) — 瓶颈(dobj) — 技术(nn) — 问题(conj),1
系统 → 存在 → 问题,punct->punct->nn->prnmod->nn->nsubj->root->dobj->vmod->conj->nsubj,（(punct) — ）(punct) — 系统(nn) — PHM(prnmod) — 管理(nn) — 应用(nsubj) — 存在(root) — 问题(dobj) — 缺失(vmod) — 低(conj) — 准确率(nsubj),1
系统 → 存在 → 问题,punct->punct->nn->prnmod->nn->nsubj->root->dobj->vmod->conj->nsubj,（(punct) — ）(punct) — 系统(nn) — PHM(prnmod) — 管理(nn) — 应用(nsubj) — 存在(root) — 问题(dobj) — 缺失(vmod) — 高(conj) — 复杂度(nsubj),1
系统 → 存在 → 问题,punct->punct->nn->prnmod->nn->nsubj->root->dobj->vmod->nn->nsubj,（(punct) — ）(punct) — 系统(nn) — PHM(prnmod) — 管理(nn) — 应用(nsubj) — 存在(root) — 问题(dobj) — 缺失(vmod) — 设计(nn) — 标准(nsubj),1
系统 → 存在功能分配关系 → 系统,lobj->nn->nn,系统(lobj) — 健康(nn) — 管理(nn),1
系统 → 存在问题 → 问题,amod->nn->lobj->loc->rcmod->nsubj,大型(amod) — 飞机(nn) — 发动机(lobj) — 中(loc) — 诊断(rcmod) — 故障(nsubj),1
系统 → 存在问题 → 问题,nn->nn->nn->nn->nsubj->rcmod->nn->dobj,飞机(nn) — 空调(nn) — 冷却子(nn) — 系统(nn) — 次数(nsubj) — 超(rcmod) — 维修(nn) — 警戒(dobj),1
系统 → 存在问题 → 问题,prnmod->punct->assmod->nsubj->ccomp->amod->amod->nn->advmod,PHM(prnmod) — )(punct) — 系统(assmod) — 信息数(nsubj) — 少(ccomp) — 线性(amod) — 独立(amod) — 测量(nn) — 较(advmod),1
系统 → 实现 → 任务,nn->nsubj->cpm,故障(nn) — 预报(nsubj) — 的(cpm),1
系统 → 实现 → 目标,nn,维护(nn),1
系统 → 实现 → 目标,nn->nn->cpm->amod->nn->dobj->rcmod->dobj->root->prep->pobj->rcmod->cpm->nn->conj,航空(nn) — 电子(nn) — 的(cpm) — 在线(amod) — 测试(nn) — 设备(dobj) — 面向(rcmod) — 系统(dobj) — 提出(root) — 针对(prep) — 问题(pobj) — 面向(rcmod) — 的(cpm) — 故障(nn) — 预测(conj),1
系统 → 实现 → 目标,nn->nn->cpm->amod->nn->dobj->rcmod->dobj->root->prep->pobj->rcmod->dobj->amod,航空(nn) — 电子(nn) — 的(cpm) — 在线(amod) — 测试(nn) — 设备(dobj) — 面向(rcmod) — 系统(dobj) — 提出(root) — 针对(prep) — 问题(pobj) — 面向(rcmod) — 保障(dobj) — 自主(amod),1
系统 → 实现 → 目标,nn->nn->nn->nn->assmod->cpm->rcmod->dobj->conj->root->conj->dobj->nn,航空(nn) — 发动机(nn) — 健康(nn) — 管理(nn) — 系统(assmod) — 的(cpm) — 基于(rcmod) — 模型(dobj) — 提出(conj) — 引入(root) — 实现(conj) — 共享(dobj) — 资源(nn),1
系统 → 实现 → 目标,nn->nn->nn->nn->assmod->cpm->rcmod->dobj->conj->root->nsubj->assmod->nn->nn->det->nn,航空(nn) — 发动机(nn) — 健康(nn) — 管理(nn) — 系统(assmod) — 的(cpm) — 基于(rcmod) — 模型(dobj) — 提出(conj) — 引入(root) — 管理(nsubj) — 周期(assmod) — 航空(nn) — 发动机(nn) — 全(det) — 生命(nn),1
系统 → 实现 → 目标,punct->prnmod->nn->dobj->root->dep->dobj->amod,)(punct) — PHM(prnmod) — 管理(nn) — 系统(dobj) — 装备(root) — 实现(dep) — 服役(dobj) — 健康(amod),1
系统 → 实现 → 目标,punct->prnmod->nn->dobj->root->dep->dobj->conj->advmod->amod,)(punct) — PHM(prnmod) — 管理(nn) — 系统(dobj) — 装备(root) — 实现(dep) — 服役(dobj) — 运行(conj) — 高(advmod) — 可靠(amod),1
系统 → 宿驻在 → 系统,nn->nn->dobj->conj->root->root->nsubj,地面(nn) — PHM(nn) — 系统(dobj) — 划分(conj) — 介绍(root) — 是(root) — 保障(nsubj),1
系统 → 导致 → 问题,nn->top->root->conj->top->dobj->assmod->nn,任务(nn) — 系统(top) — 是(root) — 是(conj) — 开展(top) — 研究(dobj) — 技术(assmod) — 故障(nn),1
系统 → 工作于 → 环境,nn->nn->nn->nsubj->root->conj->ccomp->conj->nsubj->nn,直升机(nn) — 旋翼(nn) — 系统(nn) — 方法(nsubj) — 组成(root) — 为(conj) — 无(ccomp) — 复杂(conj) — 环境(nsubj) — 工作(nn),1
系统 → 应实现 → 指标,nn->nn->amod->nn->nn->nn->nsubj->rcmod->dobj->nn,航空(nn) — 发动机(nn) — 机载(amod) — 预测(nn) — 健康(nn) — 管理(nn) — 系统(nsubj) — 实现(rcmod) — 指标(dobj) — 技术(nn),1
系统 → 应对 → 故障,nn->nn->dobj->conj->root->conj->prep->plmod->lccomp->nsubj->advmod->nsubj->ccomp,容错(nn) — 控制(nn) — 系统(dobj) — 设计(conj) — 综合(root) — 切换(conj) — 当(prep) — 时(plmod) — 控制(lccomp) — 压气机(nsubj) — 转速(advmod) — 回路(nsubj) — 失效(ccomp),1
系统 → 应用 → 技术,nn->nn->assmod->dobj->conj->root->nsubj->nn->prnmod->punct,航空(nn) — 电子(nn) — 系统(assmod) — 之一(dobj) — 成为(conj) — 是(root) — 技术(nsubj) — 管理(nn) — PHM(prnmod) — )(punct),1
系统 → 应用 → 技术,nn->nn->cpm->amod->nn->dobj->rcmod->dobj->root->conj->dobj->rcmod->cpm->conj,航空(nn) — 电子(nn) — 的(cpm) — 在线(amod) — 测试(nn) — 设备(dobj) — 面向(rcmod) — 系统(dobj) — 提出(root) — 应用(conj) — 结构(dobj) — 新(rcmod) — 的(cpm) — 算法(conj),1
系统 → 应用 → 技术,nn->pobj->prep->conj->root->nsubj->nn->prnmod->punct,维护(nn) — 领域(pobj) — 在(prep) — 得到(conj) — 得到(root) — 技术(nsubj) — 识别(nn) — RFID(prnmod) — )(punct),1
系统 → 应用 → 架构,nn->nn->cpm->amod->nn->dobj->rcmod->dobj->root->conj->dobj->nn->nn,航空(nn) — 电子(nn) — 的(cpm) — 在线(amod) — 测试(nn) — 设备(dobj) — 面向(rcmod) — 系统(dobj) — 提出(root) — 应用(conj) — 结构(dobj) — 信息(nn) — 处理(nn),1
系统 → 应用于 → 组织,nn->nn->nn->nn->nn->dobj->root->root->pccomp->nsubj->assmod,民航(nn) — 发动机(nn) — 拆发(nn) — 日期(nn) — 预测(nn) — 系统(dobj) — 开发(root) — 提出(root) — 少(pccomp) — 样本(nsubj) — 中(assmod),1
系统 → 应用于 → 装备,nn->conj->nn->nsubj->root->prep->pccomp->ccomp->nsubj->nn,故障(nn) — 预测(conj) — 管理(nn) — 系统(nsubj) — 具有(root) — 对于(prep) — 推动(pccomp) — 转变(ccomp) — 飞机(nsubj) — 作战(nn),1
系统 → 建立 → Model,assm->nn->conj->assmod->dobj->conj->root->conj->dobj->nn,的(assm) — 故障(nn) — 诊断(conj) — 设备(assmod) — 设计(dobj) — 进行(conj) — 采用(root) — 建立(conj) — 模型(dobj) — UML(nn),1
系统 → 建立 → Model,nn->nn->nn->nn->nn->dobj->root->root->conj->dobj->nn->nn->nn,民航(nn) — 发动机(nn) — 拆发(nn) — 日期(nn) — 预测(nn) — 系统(dobj) — 开发(root) — 提出(root) — 建立(conj) — 模型(dobj) — 硬件(nn) — 损伤(nn) — 发展(nn),1
系统 → 建立 → 架构,nn->nn->nsubj->root->root->dobj->nn->nn,航空(nn) — 电子(nn) — 系统(nsubj) — 要求(root) — 分析(root) — 需求(dobj) — 实时性(nn) — 软件(nn),1
系统 → 开发 → 软件,assm->nn->conj->assmod->dobj->conj->root->conj->conj->dep->dobj->nn,的(assm) — 故障(nn) — 诊断(conj) — 设备(assmod) — 设计(dobj) — 进行(conj) — 采用(root) — 建立(conj) — 设计(conj) — 开发(dep) — 软件(dobj) — 系统(nn),1
飞机型号 → 存在 → 问题,nn->nummod->amod->nn->pobj->amod->nn,塞斯纳(nn) — 172(nummod) — 基本型(amod) — 飞机(nn) — 问题(pobj) — 高(amod) — 故障率(nn),1
系统 → 影响 → 属性,nn->nn->nsubj->root->prep->pobj->assmod->assm,飞机(nn) — 燃油(nn) — 系统(nsubj) — 有(root) — 对(prep) — 安全性(pobj) — 飞机(assmod) — 的(assm),1
系统 → 影响 → 属性,nsubj->root->dep->dobj->nn,起落架(nsubj) — 收放(root) — 威胁(dep) — 安全(dobj) — 飞行(nn),1
系统 → 影响 → 目标,assmod->assm->nn->assmod->nsubj->root->prep->pobj->assmod->assm,飞机(assmod) — 的(assm) — 引气(nn) — 系统(assmod) — 运行(nsubj) — 起(root) — 对(prep) — 安全(pobj) — 飞机(assmod) — 的(assm),1
系统 → 恢复 → Performance Metric,nn->nn->dobj->conj->root->dobj->nn,容错(nn) — 控制(nn) — 系统(dobj) — 设计(conj) — 综合(root) — 方法(dobj) — 发动机(nn),1
系统 → 执行 → 任务,nn->nn->nn->dobj->root->conj->ccomp->dobj->nn->nn->nn,发动机(nn) — 健康(nn) — 管理(nn) — 系统(dobj) — 建立(root) — 表明(conj) — 进行(ccomp) — 诊断(dobj) — 航空(nn) — 发动机(nn) — 故障(nn),1
系统 → 执行 → 功能,lobj->dep->amod->nn->dobj->conj->root->root->conj->dobj->nn,机(lobj) — 内(dep) — 自(amod) — 测试(nn) — 系统(dobj) — 设计(conj) — 结合(root) — 利用(root) — 进行(conj) — 隔离(dobj) — 故障(nn),1
系统 → 执行 → 功能,lobj->dep->amod->nn->dobj->conj->root->root->conj->dobj->nn->conj,机(lobj) — 内(dep) — 自(amod) — 测试(nn) — 系统(dobj) — 设计(conj) — 结合(root) — 利用(root) — 进行(conj) — 隔离(dobj) — 故障(nn) — 检测(conj),1
系统 → 推动 → 维修策略,nn->conj->nn->nsubj->root->prep->pccomp->ccomp->prep->pobj->nn,故障(nn) — 预测(conj) — 管理(nn) — 系统(nsubj) — 具有(root) — 对于(prep) — 推动(pccomp) — 转变(ccomp) — 向(prep) — 维修(pobj) — 视情(nn),1
系统 → 提供 → 功能,nn->nn->nn->dobj->pccomp->prep->ccomp->dep->dobj->nn,直升机(nn) — 健康(nn) — 管理(nn) — 系统(dobj) — 构建(pccomp) — 通过(prep) — 进行(ccomp) — 提供(dep) — 支撑(dobj) — 技术(nn),1
系统 → 提供 → 数据,nn->nn->nn->nn->dobj->nn,民航(nn) — 发动机(nn) — 拆发(nn) — 日期(nn) — 系统(dobj) — 预测(nn),1
系统 → 提供 → 能源,nn->nn->top->root->attr->nn,飞机(nn) — 电源(nn) — 系统(top) — 是(root) — 来源(attr) — 电能(nn),1
系统 → 提供基础 → 功能,nn->nn->cpm->amod->nn->dobj->rcmod->dobj->root->dobj->rcmod->dep->prep->pccomp->dobj->cc->nn->nn,航空(nn) — 电子(nn) — 的(cpm) — 在线(amod) — 测试(nn) — 设备(dobj) — 面向(rcmod) — 系统(dobj) — 提出(root) — 方法(dobj) — 监测(rcmod) — 提供(dep) — 为(prep) — 进行(pccomp) — 预测(dobj) — 和(cc) — 线下(nn) — 故障(nn),1
系统 → 提出 → 方案,nn->nn->nn->conj->assmod->dobj->nn->nn->nn,飞机(nn) — 液压(nn) — 泵源(nn) — 预测(conj) — 系统(assmod) — 方案(dobj) — 体系(nn) — 结构(nn) — 总体(nn),1
系统 → 提出 → 方法,nn->nn->nn->nn->nn->nn->dobj->root->conj->dobj->conj->nn->nn,航空(nn) — 机电(nn) — 作动器(nn) — 健康(nn) — 管理(nn) — 验证(nn) — 系统(dobj) — 设计(root) — 提出(conj) — 方法(dobj) — 方法(conj) — 数学(nn) — 建模(nn),1
系统 → 提出 → 方法,nn->nn->nn->nn->nn->nn->dobj->root->conj->dobj->nn->nn,航空(nn) — 机电(nn) — 作动器(nn) — 健康(nn) — 管理(nn) — 验证(nn) — 系统(dobj) — 设计(root) — 提出(conj) — 方法(dobj) — 故障(nn) — 注入(nn),1
系统 → 提出 → 概念,nn->nn->nn->nn->nn->dobj->root->root->dobj->assmod->nn,民航(nn) — 发动机(nn) — 拆发(nn) — 日期(nn) — 预测(nn) — 系统(dobj) — 开发(root) — 提出(root) — 概念(dobj) — 基线(assmod) — 损伤(nn),1
系统 → 提升 → Performance Metric,assmod->dobj->root->root->pccomp->dobj->nn->amod->conj,系统(assmod) — 需求(dobj) — 面对(root) — 为了(root) — 提升(pccomp) — 效能(dobj) — 客机(nn) — 大型(amod) — 安全性(conj),1
系统 → 提升 → Performance Metric,assmod->dobj->root->root->pccomp->dobj->nn->nn,系统(assmod) — 需求(dobj) — 面对(root) — 为了(root) — 提升(pccomp) — 效能(dobj) — 空域(nn) — 运行(nn),1
系统 → 提升 → Performance Metric,nn->nn->nn->nn->top->root->attr->rcmod->dobj->conj,航空(nn) — 发动机(nn) — 健康(nn) — 管理(nn) — 系统(top) — 是(root) — 之一(attr) — 提升(rcmod) — 可承受性(dobj) — 可靠性(conj),1
系统 → 提升 → Performance Metric,nn->nn->nn->nn->top->root->attr->rcmod->dobj->conj,航空(nn) — 发动机(nn) — 健康(nn) — 管理(nn) — 系统(top) — 是(root) — 之一(attr) — 提升(rcmod) — 可承受性(dobj) — 安全性(conj),1
系统 → 提升 → Performance Metric,nn->nn->nn->nn->top->root->attr->rcmod->dobj->nn,航空(nn) — 发动机(nn) — 健康(nn) — 管理(nn) — 系统(top) — 是(root) — 之一(attr) — 提升(rcmod) — 可承受性(dobj) — 经济(nn),1
系统 → 提升 → Performance Metric,nn->nsubj,电(nn) — 飞机(nsubj),1
系统 → 提升 → 能力,amod->cc->assmod->dobj->dep->root->prep->pobj->assmod->nn,自主(amod) — 和(cc) — 后勤(assmod) — 关系(dobj) — 描述(dep) — 进行(root) — 针对(prep) — 不足(pobj) — 机制(assmod) — 飞机(nn),1
系统 → 提高 → Performance Metric,lobj->amod->nn->dep->dobj->conj->root->prep->pccomp->dobj->assmod->nn->nn,机(lobj) — 自(amod) — 测试(nn) — 内(dep) — 系统(dobj) — 设计(conj) — 结合(root) — 为(prep) — 满足(pccomp) — 可测试性(dobj) — 系统(assmod) — 航空(nn) — 电子(nn),1
系统 → 提高 → Performance Metric,lobj->amod->nn->dep->dobj->conj->root->prep->pccomp->dobj->nn->nn->assmod->assm,机(lobj) — 自(amod) — 测试(nn) — 内(dep) — 系统(dobj) — 设计(conj) — 结合(root) — 为(prep) — 满足(pccomp) — 可测试性(dobj) — 航空(nn) — 电子(nn) — 系统(assmod) — 的(assm),1
系统 → 提高 → Performance Metric,nn->dobj->ccomp->conj->dobj->rcmod->prep->pobj->nn,修正(nn) — 系统(dobj) — 设计(ccomp) — 减小(conj) — 影响(dobj) — 造成(rcmod) — 对(prep) — 精度(pobj) — 估计(nn),1
系统 → 提高 → Performance Metric,punct->prnmod->assmod->nn,",(punct) — PHM(prnmod) — 技术(assmod) — 故障(nn)",1
系统 → 支持 → Model,nn->nn->nn->nn->nn->nn->dobj->root->dobj->assmod->nn,航空(nn) — 机电(nn) — 作动器(nn) — 健康(nn) — 管理(nn) — 验证(nn) — 系统(dobj) — 设计(root) — 调用(dobj) — 模型(assmod) — 系统(nn),1
系统 → 支持 → 任务,nn->nn->nn->dobj->root->conj->prep->pccomp->dobj->assmod->nn->nn,发动机(nn) — 健康(nn) — 管理(nn) — 系统(dobj) — 建立(root) — 具有(conj) — 对于(prep) — 验证(pccomp) — 有效性(dobj) — 方法(assmod) — 故障(nn) — 诊断(nn),1
系统 → 支持 → 算法,nn->nn->nn->nn->nn->nn->dobj->root->dobj->assmod->nn->nn->conj,航空(nn) — 机电(nn) — 作动器(nn) — 健康(nn) — 管理(nn) — 验证(nn) — 系统(dobj) — 设计(root) — 调用(dobj) — 模型(assmod) — 健康(nn) — 管理(nn) — 算法(conj),1
系统 → 支撑 → 飞机,nn->nsubj->nummod,电(nn) — 飞机(nsubj) — 多(nummod),1
系统 → 是 → 系统,nn->conj->punct->root->attr->cc->nn->nn,"健康(nn) — 监测(conj) — ,(punct) — 是(root) — 系统(attr) — 与(cc) — 状态(nn) — 管理(nn)",1
系统 → 是 → 系统,nn->conj->punct->root->prep->pobj->amod->nn->nn,"健康(nn) — 监测(conj) — ,(punct) — 是(root) — 作为(prep) — 系统(pobj) — 先进(amod) — 维护(nn) — 管理(nn)",1
系统 → 是 → 系统类别,nn->nn->prnmod->pobj->nn->amod->nn,燃油(nn) — 测量(nn) — 系统(prnmod) — 系统(pobj) — 飞机(nn) — 典型(amod) — 机电子(nn),1
系统 → 是...的关键因素 → 能力,nn->top->root->attr->assmod->amod->nn,任务(nn) — 系统(top) — 是(root) — 因素(attr) — 能力(assmod) — 特种(amod) — 飞机(nn),1
系统 → 是...的必备功能 → 设备,cc->nn->nn->top->ccomp->attr->rcmod->dobj->amod,与(cc) — 健康(nn) — 管理(nn) — 系统(top) — 是(ccomp) — 功能(attr) — 实现(rcmod) — 发动机(dobj) — 先进(amod),1
系统 → 是一种 → 系统,nn->nn->lobj->plmod->assmod->dobj->dep->root->dobj->assmod->plmod->lobj->nn->nn,导弹(nn) — 武器(nn) — 系统(lobj) — 中(plmod) — 在(assmod) — 意义(dobj) — 分析(dep) — 论述(root) — 应用(dobj) — 在(assmod) — 中(plmod) — 系统(lobj) — 武器(nn) — 装备(nn),1
系统 → 是核心 → 系统,nn->nsubj->root->nsubj->amod->amod,电(nn) — 飞机(nsubj) — 统一(root) — 能源(nsubj) — 机载(amod) — 二次(amod),1
系统 → 是核心部分 → 系统,nn->nn->nn->top->root->attr->assmod->nn->nn,开关(nn) — 磁阻(nn) — 发电(nn) — 系统(top) — 是(root) — 部分(attr) — 系统(assmod) — 飞机(nn) — 供电(nn),1
系统 → 服务于 → 组织,nn->nn->nn->dobj->root->prep->pobj->rcmod->nsubj->nn,发动机(nn) — 健康(nn) — 管理(nn) — 系统(dobj) — 建立(root) — 针对(prep) — 需求(pobj) — 进行(rcmod) — 公司(nsubj) — 航空(nn),1
系统 → 构建 → Model,nn->nn->nn->dobj->nn->nn,飞机(nn) — PHM(nn) — 系统(nn) — 模型(dobj) — 分层(nn) — 体系(nn),1
系统 → 涉及 → 技术领域,punct->nn->conj->root->root->conj->dobj->amod,",(punct) — 健康(nn) — 监测(conj) — 是(root) — 阐述(root) — 包括(conj) — 技术(dobj) — 关键(amod)",1
系统 → 满足 → 业务需求,nn->nn->nn->nn->nn->dobj->root->prep->pobj->assmod->nn->nn->conj,民航(nn) — 发动机(nn) — 拆发(nn) — 日期(nn) — 预测(nn) — 系统(dobj) — 开发(root) — 针对(prep) — 需求(pobj) — 大修(assmod) — 发动机(nn) — 民航(nn) — 维护(conj),1
系统 → 满足 → 技术指标,lobj->amod->nn->dep->dobj->conj->root->prep->pccomp->conj->dobj->nn,机(lobj) — 自(amod) — 测试(nn) — 内(dep) — 系统(dobj) — 设计(conj) — 结合(root) — 为(prep) — 满足(pccomp) — 降低(conj) — 成本(dobj) — 测试(nn),1
系统 → 满足 → 需求,nn->nn->nn->nn->dobj->root->prep->pobj->assmod->nn->nn,飞机(nn) — 健康(nn) — 管理(nn) — 专家(nn) — 系统(dobj) — 设计(root) — 针对(prep) — 需要(pobj) — 维护(assmod) — 地面(nn) — 机务(nn),1
系统 → 用于 → 任务,nn->pobj->prep->conj->root->prep->pobj->nn->amod,维护(nn) — 领域(pobj) — 在(prep) — 得到(conj) — 得到(root) — 在(prep) — 领域(pobj) — 机场(nn) — 民用(amod),1
系统 → 用于 → 应用,nn->nn->nn->conj->assmod->dobj->root->dep->prep->pobj->nn,飞机(nn) — 液压(nn) — 泵源(nn) — 预测(conj) — 系统(assmod) — 方案(dobj) — 提出(root) — 提供(dep) — 为(prep) — 保障(pobj) — 后勤(nn),1
系统 → 用于 → 应用,nn->nn->nn->conj->assmod->dobj->root->dep->prep->pobj->nn->amod->nn->nn->nn->conj,飞机(nn) — 液压(nn) — 泵源(nn) — 预测(conj) — 系统(assmod) — 方案(dobj) — 提出(root) — 提供(dep) — 为(prep) — 保障(pobj) — 系统(nn) — 典型(amod) — 液压(nn) — 泵源(nn) — 故障(nn) — 预测(conj),1
系统 → 用于构建 → 机制框架,nn->assmod->dobj->conj->conj->dobj->amod->nn->nn->nn,PHM(nn) — 系统(assmod) — 预测(dobj) — 运用(conj) — 构建(conj) — 框架(dobj) — 基层级(amod) — 备件(nn) — 配置(nn) — 机制(nn),1
系统 → 用于评估 → Model,nn->nn->nn->nn->nn->nn->dobj->root->prep->pobj->assmod->nn->nn,航空(nn) — 机电(nn) — 作动器(nn) — 健康(nn) — 管理(nn) — 验证(nn) — 系统(dobj) — 设计(root) — 针对(prep) — 需求(pobj) — 性能(assmod) — 推理(nn) — 模型(nn),1
系统 → 用于验证 → 算法,nn->nn->nn->nn->nn->nn->dobj->root->prep->pobj->assmod->nn->nn->nn->conj,航空(nn) — 机电(nn) — 作动器(nn) — 健康(nn) — 管理(nn) — 验证(nn) — 系统(dobj) — 设计(root) — 针对(prep) — 需求(pobj) — 性能(assmod) — 管理(nn) — 健康(nn) — 智能(nn) — 算法(conj),1
系统 → 监控 → 状态,nn->nn->nn->dobj->pccomp->prep->ccomp->prep->pobj->assmod->assm->nn,直升机(nn) — 健康(nn) — 管理(nn) — 系统(dobj) — 构建(pccomp) — 通过(prep) — 进行(ccomp) — 对(prep) — 状态(pobj) — 直升机(assmod) — 的(assm) — 运行(nn),1
系统 → 确保 → Performance Metric,nn->nn->nn->nsubj->punct,直升机(nn) — 旋翼(nn) — 系统(nn) — 方法(nsubj) — :(punct),1
系统 → 确保 → Performance Metric,nn->nn->nn->nsubj->root->conj->attr->rcmod->dobj->nn->conj,直升机(nn) — 旋翼(nn) — 系统(nn) — 方法(nsubj) — 组成(root) — 是(conj) — 系统(attr) — 确保(rcmod) — 安全性(dobj) — 直升机(nn) — 可靠性(conj),1
系统 → 确保 → Performance Metric,punct->prnmod->nn->dobj->root->prep->pccomp->dobj->amod->nn,)(punct) — PHM(prnmod) — 管理(nn) — 系统(dobj) — 装备(root) — 为(prep) — 确保(pccomp) — 保障性(dobj) — 高(amod) — 维修(nn),1
系统 → 确保 → Performance Metric,punct->prnmod->nn->dobj->root->prep->pccomp->dobj->conj->amod,)(punct) — PHM(prnmod) — 管理(nn) — 系统(dobj) — 装备(root) — 为(prep) — 确保(pccomp) — 保障性(dobj) — 可靠性(conj) — 高(amod),1
系统 → 确保 → Performance Metric,punct->prnmod->nn->dobj->root->prep->pccomp->dobj->conj->amod,)(punct) — PHM(prnmod) — 管理(nn) — 系统(dobj) — 装备(root) — 为(prep) — 确保(pccomp) — 保障性(dobj) — 安全性(conj) — 高(amod),1
系统 → 管理 → 被监测对象,nn->nn->nn->conj->assmod->dobj->root->prep->pobj->nn->nn->nn->nn,飞机(nn) — 液压(nn) — 泵源(nn) — 预测(conj) — 系统(assmod) — 方案(dobj) — 提出(root) — 针对(prep) — 要求(pobj) — 系统(nn) — 飞机(nn) — 液压(nn) — 泵源(nn),1
系统 → 结合 → 技术,cpm->nn->nsubj->rcmod->root->root->ccomp->dobj->rcmod->nsubj->nn,的(cpm) — 故障(nn) — 预报(nsubj) — 及时(rcmod) — 具有(root) — 提出(root) — 考虑(ccomp) — 优点(dobj) — 用(rcmod) — 网络(nsubj) — 神经(nn),1
系统 → 结合 → 控制理论,nn->dobj->rcmod->pobj->amod->nn,修正(nn) — 系统(dobj) — 基于(rcmod) — 控制(pobj) — 变(amod) — 结构(nn),1
系统 → 结合 → 文档,nn->nn->nn->dobj->conj->ccomp->dobj->rcmod->loc->lccomp->nsubj,飞机(nn) — 健康(nn) — 管理(nn) — 系统(dobj) — 研究(conj) — 分析(ccomp) — 数据(dobj) — 下载(rcmod) — 时(loc) — 运行(lccomp) — 飞机(nsubj),1
系统 → 结合 → 理论,cpm->nn->nsubj->rcmod->root->root->ccomp->dobj->rcmod->prep->pobj,的(cpm) — 故障(nn) — 预报(nsubj) — 及时(rcmod) — 具有(root) — 提出(root) — 考虑(ccomp) — 优点(dobj) — 用(rcmod) — 于(prep) — 预测(pobj),1
系统 → 结合 → 知识,nn->nn->nn->dobj->conj->ccomp->root->root->dep->dobj->nn->nn,飞机(nn) — 健康(nn) — 管理(nn) — 系统(dobj) — 研究(conj) — 分析(ccomp) — 在(root) — 着手于(root) — 结合(dep) — 经验(dobj) — 历史(nn) — 维护(nn),1
系统 → 结合 → 管理,lobj->dep->amod->nn->dobj->conj->root->root->ccomp->dep->prep->pobj->nn->conj,机(lobj) — 内(dep) — 自(amod) — 测试(nn) — 系统(dobj) — 设计(conj) — 结合(root) — 表明(root) — 使(ccomp) — 结合(dep) — 与(prep) — 管理(pobj) — 健康(nn) — 管理(conj),1
系统 → 结合 → 管理,lobj->dep->amod->nn->dobj->conj->root->root->conj->dobj->nn,机(lobj) — 内(dep) — 自(amod) — 测试(nn) — 系统(dobj) — 设计(conj) — 结合(root) — 利用(root) — 进行(conj) — 隔离(dobj) — 故障(nn),1
系统 → 结合 → 系统,cpm->nn->nsubj->rcmod->root->root->prep->pobj->assmod,的(cpm) — 故障(nn) — 预报(nsubj) — 及时(rcmod) — 具有(root) — 提出(root) — 针对(prep) — 要求(pobj) — 系统(assmod),1
系统 → 综合 → 方法,nn->nn->dobj->conj->root->dobj->nn->nn,容错(nn) — 控制(nn) — 系统(dobj) — 设计(conj) — 综合(root) — 方法(dobj) — 故障(nn) — 诊断(nn),1
系统 → 综合 → 方法,nn->nn->dobj->conj->root->dobj->nn->nn->conj,容错(nn) — 控制(nn) — 系统(dobj) — 设计(conj) — 综合(root) — 方法(dobj) — 发动机(nn) — 航空(nn) — 控制(conj),1
系统 → 缩短 → Performance Metric,punct->prnmod->assmod->dobj->top->conj->root->root->ccomp->prep->pobj->vmod->conj->dobj->nn->nn,",(punct) — PHM(prnmod) — 技术(assmod) — 研究(dobj) — 开展(top) — 是(conj) — 是(root) — 表明(root) — 具有(ccomp) — 在(prep) — 方面(pobj) — 降低(vmod) — 缩短(conj) — 时间(dobj) — 地面(nn) — 维修(nn)",1
系统 → 缩短 → 指标,nn->nn->nn->nn->assmod->cpm->rcmod->dobj->conj->root->conj->dobj->nn,航空(nn) — 发动机(nn) — 健康(nn) — 管理(nn) — 系统(assmod) — 的(cpm) — 基于(rcmod) — 模型(dobj) — 提出(conj) — 引入(root) — 缩短(conj) — 时间(dobj) — 开发(nn),1
系统 → 缺乏 → 技术手段,cc->nn->nn->nsubj->pccomp->dobj->cc->nn->nn,与(cc) — 健康(nn) — 管理(nn) — 系统(nsubj) — 缺乏(pccomp) — 手段(dobj) — 和(cc) — 评价(nn) — 技术(nn),1
系统 → 缺乏 → 数据,nn->nn->assmod->cc->nsubj->rcmod->dobj->conj->amod,健康(nn) — 管理(nn) — 系统(assmod) — 与(cc) — 应用(nsubj) — 缺乏(rcmod) — 环境(dobj) — 数据(conj) — 实时(amod),1
系统 → 缺乏 → 环境,nn->nn->assmod->cc->nsubj->rcmod->dobj->nn,健康(nn) — 管理(nn) — 系统(assmod) — 与(cc) — 应用(nsubj) — 缺乏(rcmod) — 环境(dobj) — 应用(nn),1
系统 → 考虑 → 影响因素,nn->nn->nn->nn->nn->dobj->root->root->prep->pobj->nn,民航(nn) — 发动机(nn) — 拆发(nn) — 日期(nn) — 预测(nn) — 系统(dobj) — 开发(root) — 进行(root) — 根据(prep) — 因素(pobj) — 时限(nn),1
系统 → 考虑 → 影响因素,nn->nn->nn->nn->nn->dobj->root->root->prep->pobj->nn->conj,民航(nn) — 发动机(nn) — 拆发(nn) — 日期(nn) — 预测(nn) — 系统(dobj) — 开发(root) — 进行(root) — 根据(prep) — 因素(pobj) — 时限(nn) — 性能(conj),1
系统 → 考虑 → 影响因素,nn->nn->nn->nn->nn->dobj->root->root->prep->pobj->nn->conj,民航(nn) — 发动机(nn) — 拆发(nn) — 日期(nn) — 预测(nn) — 系统(dobj) — 开发(root) — 进行(root) — 根据(prep) — 因素(pobj) — 时限(nn) — 故障(conj),1
系统 → 获取 → 数据,nn->nn->nn->nn->nn->dobj->root->root->pccomp->nsubj->nn,民航(nn) — 发动机(nn) — 拆发(nn) — 日期(nn) — 预测(nn) — 系统(dobj) — 开发(root) — 提出(root) — 少(pccomp) — 样本(nsubj) — 数据(nn),1
系统 → 融入 → 系统,nn->nn->nsubj->dep->loc->lobj->assmod->assm->amod->nn,供电(nn) — 系统(nn) — PHM(nsubj) — 融入(dep) — 中(loc) — 系统(lobj) — 原有(assmod) — 的(assm) — 总体(amod) — PHM(nn),1
系统 → 装备 → 系统,amod->nn->amod->nsubj->root->dobj->nn->prnmod->punct,大型(amod) — 飞机(nn) — 机载(amod) — 系统(nsubj) — 装备(root) — 系统(dobj) — 管理(nn) — PHM(prnmod) — )(punct),1
系统 → 要求 → 属性,nn->nn->nsubj->root->dep->dobj,航空(nn) — 电子(nn) — 系统(nsubj) — 要求(root) — 具有(dep) — 可控性(dobj),1
系统 → 要求 → 属性,nn->nn->nsubj->root->dep->dobj->conj,航空(nn) — 电子(nn) — 系统(nsubj) — 要求(root) — 具有(dep) — 可控性(dobj) — 确定性(conj),1
系统 → 要求 → 属性,nn->nn->nsubj->root->dep->dobj->punct->conj,航空(nn) — 电子(nn) — 系统(nsubj) — 要求(root) — 具有(dep) — 可控性(dobj) — 、(punct) — 可预测(conj),1
飞机型号 → 属于 → 飞机类别,assmod->pobj->prep->root->root->dep->dobj->assmod->conj->amod,B737(assmod) — 系统(pobj) — 对(prep) — 进行(root) — 介绍(root) — 阐述(dep) — 特点(dobj) — 客机(assmod) — 客机(conj) — 主流(amod),1
系统 → 采用 → Model,punct->amod->nn->dobj->root->dep->dobj->nn->nn,—(punct) — 集中式(amod) — PHM(nn) — 系统(dobj) — 设计(root) — 采用(dep) — 模型(dobj) — 诊断(nn) — 预测(nn),1
系统 → 采用 → 体系架构,nn->nn->assmod->dobj->conj->root->root->conj->dobj->nn->amod->nn,航空(nn) — 电子(nn) — 系统(assmod) — 之一(dobj) — 成为(conj) — 是(root) — 总结(root) — 介绍(conj) — 架构(dobj) — OSA-CBM(nn) — 开放式(amod) — 体系(nn),1
系统 → 采用 → 体系结构,prnmod->punct->nsubj->root->root->dep->dobj->amod->nn,PHM(prnmod) — )(punct) — 系统(nsubj) — 具有(root) — 进行(root) — 提出(dep) — 结构(dobj) — 层次化(amod) — 体系(nn),1
系统 → 采用 → 技术,nn->amod->nn->nn->assmod,飞机(nn) — 高(amod) — 升力(nn) — 系统(nn) — 技术(assmod),1
系统 → 采用 → 方法流程,assmod->dobj->root->root->pccomp->dobj->conj,系统(assmod) — 需求(dobj) — 面对(root) — 为了(root) — 提升(pccomp) — 效能(dobj) — 安全性(conj),1
系统 → 采用 → 机构,amod->nn->conj->dobj->conj->root->conj->ccomp->dobj->amod->nn->nn,机载(amod) — PHM(nn) — 系统(conj) — 系统(dobj) — 划分(conj) — 介绍(root) — 提出(conj) — 采用(ccomp) — 机构(dobj) — 分层(amod) — 智能(nn) — 推理(nn),1
系统 → 采用 → 架构,nn->nn->nn->nn->dobj->root->root->conj->dobj->nummod->clf->nn->nn,飞机(nn) — 健康(nn) — 管理(nn) — 专家(nn) — 系统(dobj) — 设计(root) — 分析(root) — 采用(conj) — 结构(dobj) — 3(nummod) — 层(clf) — Browser/Server(nn) — 体系(nn),1
系统 → 采用 → 算法,nn->nn->nn->conj->assmod->dobj->root->conj->dobj->nn->nn,飞机(nn) — 液压(nn) — 泵源(nn) — 预测(conj) — 系统(assmod) — 方案(dobj) — 提出(root) — 给出(conj) — 算法(dobj) — 故障(nn) — 诊断(nn),1
系统 → 降低 → Performance Metric,punct->prnmod->assmod->dobj->top->conj->root->top->nn,",(punct) — PHM(prnmod) — 技术(assmod) — 研究(dobj) — 开展(top) — 是(conj) — 是(root) — 系统(top) — 任务(nn)",1
系统 → 降低 → 属性,nn->nn->nn->nn->assmod->cpm->rcmod->dobj->conj->root->conj->dobj->assmod->lobj,航空(nn) — 发动机(nn) — 健康(nn) — 管理(nn) — 系统(assmod) — 的(cpm) — 基于(rcmod) — 模型(dobj) — 提出(conj) — 引入(root) — 降低(conj) — 耦合性(dobj) — 间(assmod) — 系统(lobj),1
系统 → 降低 → 成本,lobj->amod->nn->dep->dobj->conj->root->prep->pccomp->conj->dobj->nn->nn->nn->nn->nn,机(lobj) — 自(amod) — 测试(nn) — 内(dep) — 系统(dobj) — 设计(conj) — 结合(root) — 为(prep) — 满足(pccomp) — 降低(conj) — 成本(dobj) — 航空(nn) — 电子(nn) — 系统(nn) — 测试(nn) — 维护(nn),1
系统 → 需要 → 功能,nn->nn->nn->nn->lobj->plmod->prep->root->nsubj->nn,飞机(nn) — 舵面(nn) — 故障(nn) — 诊断(nn) — 系统(lobj) — 中(plmod) — 在(prep) — 具有(root) — 预报(nsubj) — 故障(nn),1
系统 → 需要 → 方案,nn->nn->nn->nn->nn->conj->dobj->nn,航空(nn) — 发动机(nn) — 预测(nn) — 健康(nn) — 管理(nn) — 系统(conj) — 方案(dobj) — 交联(nn),1
系统 → 需解决 → 关键技术,assm->nn->nn->nn->assmod->dobj->dep->root->root->dobj->prnmod->conj->nn,的(assm) — 液压(nn) — 能源(nn) — 系统(nn) — 客机(assmod) — 特点(dobj) — 阐述(dep) — 介绍(root) — 指出(root) — 问题(dobj) — 控制(prnmod) — 控制(conj) — 油温(nn),1
系统 → 需解决 → 关键技术,assm->nn->nn->nn->assmod->dobj->dep->root->root->dobj->prnmod->conj->nn->nn,的(assm) — 液压(nn) — 能源(nn) — 系统(nn) — 客机(assmod) — 特点(dobj) — 阐述(dep) — 介绍(root) — 指出(root) — 问题(dobj) — 控制(prnmod) — 抑制(conj) — 压力(nn) — 脉动(nn),1
系统 → 需解决 → 关键技术,assm->nn->nn->nn->assmod->dobj->dep->root->root->dobj->prnmod->nn->nn,的(assm) — 液压(nn) — 能源(nn) — 系统(nn) — 客机(assmod) — 特点(dobj) — 阐述(dep) — 介绍(root) — 指出(root) — 问题(dobj) — 控制(prnmod) — 油液(nn) — 污染度(nn),1
系统 → 需解决 → 关键技术,nn->nn->nn->assm,液压(nn) — 能源(nn) — 系统(nn) — 的(assm),1
系统 → 面向 → 系统,conj->nn->assmod->dobj->top->conj->root->top->nn->nn,预测(conj) — 故障(nn) — 技术(assmod) — 研究(dobj) — 开展(top) — 是(conj) — 是(root) — 系统(top) — 航空(nn) — 电子(nn),1
飞机型号 → 属于 → 飞机类别,conj->assmod->pobj->prep->root->root->dep->dobj->assmod->conj->amod,A320(conj) — B737(assmod) — 系统(pobj) — 对(prep) — 进行(root) — 介绍(root) — 阐述(dep) — 特点(dobj) — 客机(assmod) — 客机(conj) — 主流(amod),1
飞机型号 → 是 → 案例,conj->pobj->prep->root->root->nsubj->nn->nn->nn,F-35(conj) — A400M(pobj) — 以(prep) — 为(root) — 发挥(root) — 技术(nsubj) — 结构(nn) — 健康(nn) — 监测(nn),1
系统 → 预测 → 数据,nn->nn->nn->nn->dobj->nn,民航(nn) — 拆发(nn) — 日期(nn) — 预测(nn) — 系统(dobj) — 发动机(nn),1
系统 → 验证 → 方法,nn->nn->nn->dobj->root->conj->prep->pccomp->dobj->assmod->nn->nn->nn,发动机(nn) — 健康(nn) — 管理(nn) — 系统(dobj) — 建立(root) — 具有(conj) — 对于(prep) — 验证(pccomp) — 有效性(dobj) — 方法(assmod) — 发动机(nn) — 故障(nn) — 诊断(nn),1
系统/技术 → 应用于 → 飞机型号,nsubj->assmod->assm->nn,系统(nsubj) — 早期(assmod) — 的(assm) — 飞机(nn),1
系统/技术 → 应用于 → 飞机型号,nsubj->root->prep->pobj->nn->conj,系统(nsubj) — 按下(root) — 像(prep) — 飞机(pobj) — MD-80(nn) — 波音737(conj),1
系统/技术 → 应用于 → 飞机型号,nsubj->root->root->loc->lobj->nn->conj,系统(nsubj) — 按下(root) — 引入(root) — 上(loc) — 飞机(lobj) — A320(nn) — MD-90(conj),1
系统/技术 → 应用于 → 飞机型号,nsubj->root->root->loc->lobj->nn->punct->conj,系统(nsubj) — 按下(root) — 引入(root) — 上(loc) — 飞机(lobj) — A320(nn) — 、(punct) — 757(conj),1
系统/技术 → 应用于 → 飞机型号,nsubj->root->root->loc->lobj->nn->punct->conj,系统(nsubj) — 按下(root) — 引入(root) — 上(loc) — 飞机(lobj) — A320(nn) — 、(punct) — 767(conj),1
系统/技术 → 挑战 → 人员,nsubj->assmod->assm->nn,系统(nsubj) — 早期(assmod) — 的(assm) — 飞机(nn),1
系统/技术 → 由...组成 → 组件,nsubj->root->root->nsubjpass->rcmod->prep->pobj->nn->conj,系统(nsubj) — 按下(root) — 引入(root) — 系统(nsubjpass) — 组成(rcmod) — 由(prep) — 软件(pobj) — 电子(nn) — 硬件(conj),1
系统架构 → 基于 → 标准架构,nummod->cpm->nn->nn->dobj->rcmod->dobj->dep->root->prep->pobj->nn,多(nummod) — 的(cpm) — 飞机(nn) — 电源(nn) — Agent(dobj) — 基于(rcmod) — 模型(dobj) — 提出(dep) — 为(root) — 以(prep) — 模型(pobj) — OSA-CBM(nn),1
系统架构 → 实现 → 技术,punct->nn->dobj->rcmod->dobj->amod->nn,/(punct) — EVMS(nn) — 结构(dobj) — 实现(rcmod) — 技术(dobj) — 自主(amod) — 控制(nn),1
系统架构 → 提供 → 模式,nummod->dobj->cpm->nn->nn->rcmod->dobj->dep->root->root->dobj->nn,多(nummod) — Agent(dobj) — 的(cpm) — 飞机(nn) — 电源(nn) — 基于(rcmod) — 模型(dobj) — 提出(dep) — 为(root) — 结合(root) — 实例(dobj) — 开发(nn),1
系统架构 → 满足 → 需求,nummod->cpm->nn->nn->dobj->rcmod->dobj->dep->root->prep->pobj->rcmod->cpm->nn->nn,多(nummod) — 的(cpm) — 飞机(nn) — 电源(nn) — Agent(dobj) — 基于(rcmod) — 模型(dobj) — 提出(dep) — 为(root) — 针对(prep) — 需求(pobj) — 复杂(rcmod) — 的(cpm) — 飞机(nn) — 电源(nn),1
系统架构 → 集成 → 技术,amod->nummod->clf->amod->amod->nn->nn->conj->assmod->dobj->dep->conj->root->conj->dobj->assmod->prnmod,新(amod) — 一(nummod) — 代(clf) — 综合(amod) — 模块化(amod) — 航空(nn) — 电子(nn) — 系统(conj) — PHM(assmod) — 架构(dobj) — 给出(dep) — 研究(conj) — 分析(root) — 探讨(conj) — 技术(dobj) — 管理(assmod) — PHM(prnmod),1
系统框架 → 用于实现 → 技术,nn->conj,故障(nn) — 预测(conj),1
系统模式 → 保证 → 设备,nn->nn->assmod->dobj->conj->root->dobj->nn,发动机(nn) — 级(nn) — 模式(assmod) — 系统(dobj) — 设计(conj) — 综合(root) — 方法(dobj) — 发动机(nn),1
系统模式 → 切换 → 策略,nn->nsubj->conj->prep->pobj->nn->conj,任务级(nn) — 模式(nsubj) — 达到(conj) — 通过(prep) — 模式(pobj) — 控制(nn) — 策略(conj),1
系统模式 → 切换到 → 控制回路,nn->nn->assmod->dobj->conj->root->conj->dobj->advmod->nn,发动机(nn) — 级(nn) — 模式(assmod) — 系统(dobj) — 设计(conj) — 综合(root) — 切换(conj) — 回路(dobj) — 容错(advmod) — 控制(nn),1
系统模式 → 应对 → 故障,nn->nn->assmod->dobj->conj->root->conj->prep->plmod->lccomp->nsubj->ccomp,发动机(nn) — 级(nn) — 模式(assmod) — 系统(dobj) — 设计(conj) — 综合(root) — 切换(conj) — 在(prep) — 时(plmod) — 控制(lccomp) — 回路(nsubj) — 失效(ccomp),1
系统模式 → 应对 → 故障,nn->nsubj->conj->prep->plmod->lccomp->nn->nsubj,任务级(nn) — 模式(nsubj) — 达到(conj) — 在(prep) — 时(plmod) — 故障(lccomp) — 发动机(nn) — 部件(nsubj),1
系统模式 → 恢复 → Performance Metric,nn->nsubj->conj->dobj->rcmod->conj->dobj->nn,任务级(nn) — 模式(nsubj) — 达到(conj) — 要求(dobj) — 恢复(rcmod) — 降低(conj) — 性能(dobj) — 发动机(nn),1
系统设计 → 包含 → 系统架构,punct->nn->prnmod->nn->conj->conj->amod->nn->conj,)(punct) — 系统(nn) — APHM(prnmod) — 管理(nn) — 设计(conj) — 要求(conj) — 层次化(amod) — 体系(nn) — 结构(conj),1
系统设计 → 包含 → 设计要求,punct->nn->prnmod->nn->conj->conj->nn,)(punct) — 系统(nn) — APHM(prnmod) — 管理(nn) — 设计(conj) — 要求(conj) — 功能(nn),1
组件 → 具有 → 故障,nn->nn->nsubj,液压泵(nn) — 飞机(nn) — 故障(nsubj),1
组件 → 受限于 → 限制条件,nn->nn->nn->nsubj->pccomp->dobj->nn->nn,静电(nn) — 传感器(nn) — 阵列(nn) — 数目(nsubj) — 受到(pccomp) — 限制(dobj) — 环境(nn) — 工作(nn),1
组件 → 存在问题 → 问题,nn->nsubj->root->dobj->vmod->conj->nn->nn->nsubj,航空(nn) — 柱塞泵(nsubj) — 存在(root) — 问题(dobj) — 高(vmod) — 大(conj) — 故障(nn) — 溯源(nn) — 难度(nsubj),1
组件 → 存在问题 → 问题,nn->nsubj->root->dobj->vmod->conj->nn->nsubj,航空(nn) — 柱塞泵(nsubj) — 存在(root) — 问题(dobj) — 高(vmod) — 低(conj) — 预测(nn) — 准确率(nsubj),1
组件 → 存在问题 → 问题,nn->nsubj->root->dobj->vmod->conj->nn->nsubj,航空(nn) — 柱塞泵(nsubj) — 存在(root) — 问题(dobj) — 高(vmod) — 多(conj) — 故障(nn) — 种类(nsubj),1
组件 → 存在问题 → 问题,nn->nsubj->root->dobj->vmod->nn->nsubj,航空(nn) — 柱塞泵(nsubj) — 存在(root) — 问题(dobj) — 高(vmod) — 故障(nn) — 频率(nsubj),1
组件 → 属于 → 系统,nn->assmod->nn->nn,燃油(nn) — 系统(assmod) — 航空(nn) — 发动机(nn),1
组件 → 应用于 → 设备,amod->nn->nsubj->root->root->prep->pobj->nn->nn,复合(amod) — 材料(nn) — 叶片(nsubj) — 得到(root) — 提出(root) — 给(prep) — 研发(pobj) — 管理(nn) — 发动机(nn),1
飞机型号 → 是 → 案例,pobj->prep->root->root->nsubj->nn->nn->nn,A400M(pobj) — 以(prep) — 为(root) — 发挥(root) — 技术(nsubj) — 结构(nn) — 健康(nn) — 监测(nn),1
组件 → 是 → 组件类别,nn->pobj->prep->dep->root->root->prep->pobj,空气(nn) — 压缩机(pobj) — 以(prep) — 为例(dep) — 采取(root) — 进行(root) — 对(prep) — 系统(pobj),1
组件 → 遭受 → 故障,amod->nn->top->root->root->ccomp->conj->prep->pobj->rcmod->dobj,防热(amod) — 系统(nn) — 管理(top) — 是(root) — 提出(root) — 论述(ccomp) — 探讨(conj) — 从(prep) — 角度(pobj) — 考虑(rcmod) — 损伤(dobj),1
组件 → 采用 → 架构,conj->dobj->assmod->amod->nn,地面站(conj) — 系统(dobj) — 架构(assmod) — 分布式(amod) — 体系(nn),1
组件 → 采用 → 架构,nn->nn->conj->assmod->amod->nn,HUMS(nn) — 处理(nn) — 单元(conj) — 架构(assmod) — 开放式(amod) — 体系(nn),1
组合模型 → 合并 → 预测结果,amod->nn->conj->assmod->pobj->prep->conj->root->root->prep->pobj->assmod->assm->nn,加法(amod) — 模型(nn) — 趋势(conj) — 季节(assmod) — 预测值(pobj) — 以(prep) — 获得(conj) — 利用(root) — 提出(root) — 针对(prep) — 问题(pobj) — 指标值(assmod) — 的(assm) — 预测(nn),1
组成部分 → 包含 → 组成部分,nn->amod->assmod->dobj->dep->root->root->prep->pobj->prnmod->dobj->conj->nn,数字(nn) — 孪生(amod) — 卫星(assmod) — 概念(dobj) — 探讨(dep) — 结合(root) — 进行(root) — 对(prep) — 要素(pobj) — 包括(prnmod) — 线程(dobj) — 线程(conj) — 数据(nn),1
组成部分 → 包含 → 组成部分,nn->amod->assmod->dobj->dep->root->root->prep->pobj->prnmod->dobj->conj->nn,数字(nn) — 孪生(amod) — 卫星(assmod) — 概念(dobj) — 探讨(dep) — 结合(root) — 进行(root) — 对(prep) — 要素(pobj) — 包括(prnmod) — 线程(dobj) — 线程(conj) — 模型(nn),1
组成部分 → 包含 → 组成部分,nn->amod->assmod->dobj->dep->root->root->prep->pobj->prnmod->dobj->nn,数字(nn) — 孪生(amod) — 卫星(assmod) — 概念(dobj) — 探讨(dep) — 结合(root) — 进行(root) — 对(prep) — 要素(pobj) — 包括(prnmod) — 线程(dobj) — 服务(nn),1
组织 → 主办 → 会议,nn->amod->conj->nn->pobj->prep->rcmod->nsubj->cc->nn->nn->nn,计算机(nn) — 自动(amod) — 测量(conj) — 中国(nn) — 协会(pobj) — 由(prep) — 主办(rcmod) — 研讨会(nsubj) — 与(cc) — 故障(nn) — 诊断(nn) — 技术(nn),1
组织 → 使用 → 系统,nn->nn->assmod->pobj->prep->root->dobj->nn->nn->nn->nn,地面(nn) — 机务(nn) — 维护(assmod) — 需要(pobj) — 针对(prep) — 设计(root) — 系统(dobj) — 飞机(nn) — 健康(nn) — 管理(nn) — 专家(nn),1
组织 → 制定 → 方案,nn->nsubj->rcmod->dobj->nn->nn,航空(nn) — 公司(nsubj) — 制定(rcmod) — 方案(dobj) — 发动机(nn) — 维护(nn),1
组织 → 协办 → 会议,nn->nn->conj->nsubj->dep->rcmod->nsubj->cc->nn->nn->nn,安捷伦(nn) — 科技(nn) — 公司(conj) — 杂志社(nsubj) — 协办(dep) — 主办(rcmod) — 研讨会(nsubj) — 与(cc) — 故障(nn) — 诊断(nn) — 技术(nn),1
组织 → 协办 → 会议,nn->nn->nn->nn->amod->conj->nsubj->dep->rcmod->nsubj->cc->nn->nn->nn,北京(nn) — 航天(nn) — 测控(nn) — 技术(nn) — 有限(amod) — 公司(conj) — 杂志社(nsubj) — 协办(dep) — 主办(rcmod) — 研讨会(nsubj) — 与(cc) — 故障(nn) — 诊断(nn) — 技术(nn),1
组织 → 协办 → 会议,punct->nn->conj->cc->nsubj->dep->rcmod->nsubj->cc->nn->nn->nn,《(punct) — 计算机(nn) — 测量(conj) — 和(cc) — 杂志社(nsubj) — 协办(dep) — 主办(rcmod) — 研讨会(nsubj) — 与(cc) — 故障(nn) — 诊断(nn) — 技术(nn),1
飞机型号 → 采用 → 系统/技术,conj->amod->nn->pobj->prep->root->nsubj->assmod->cc->nn,波音737(conj) — 经典型(amod) — MD-80(nn) — 飞机(pobj) — 像(prep) — 按下(root) — 测试(nsubj) — 系统(assmod) — 和(cc) — 模拟(nn),1
组织 → 应进行变革 → 技术,pobj->prep->conj->nsubj->nn,民机(pobj) — 于(prep) — 应用(conj) — 技术(nsubj) — 智能(nn),1
组织 → 拥有 → 架构,nn->conj->dobj->root->root->top->amod,美军(nn) — 结构(conj) — 技术(dobj) — 分析(root) — 是(root) — 诊断(top) — 综合(amod),1
组织 → 研究 → 理念,punct->nn->nn->prnmod->nn->nsubj->ccomp->dobj->nn->nn,)(punct) — 格伦(nn) — 研究(nn) — NASA(prnmod) — 航天局(nn) — 中心(nsubj) — 围绕(ccomp) — 理念(dobj) — 智能(nn) — 推进(nn),1
组织机构 → 发布 → 报告,nn->nn->nsubj->rcmod->dobj->assmod->pobj->nn->nn,美国(nn) — 政府(nn) — 问责局(nsubj) — 发布(rcmod) — 报告(dobj) — 关于(assmod) — 保障(pobj) — F-35(nn) — 飞机(nn),1
组织机构 → 推动 → 技术,nn->nn->amod->conj->punct->root->prep->pccomp->dobj->nn->conj->nn,"中国(nn) — 计算机(nn) — 自动(amod) — 测量(conj) — ,(punct) — 管(root) — 为(prep) — 推进(pccomp) — 应用(dobj) — 技术(nn) — 测试(conj) — 自动化(nn)",1
组织机构 → 推动 → 技术,nn->nn->nn->amod->conj->nn->root->prep->pccomp->dobj->nn->conj->nn,航天(nn) — 测控(nn) — 技术(nn) — 有限(amod) — 公司(conj) — 北京(nn) — 管(root) — 为(prep) — 推进(pccomp) — 应用(dobj) — 技术(nn) — 测试(conj) — 自动化(nn),1
组织机构 → 推动 → 技术,nn->nn->nn->nn->nn->nn->nn->conj->nn->root->prep->pccomp->dobj->nn->conj->nn,国防(nn) — 科技(nn) — 自动化(nn) — 测试(nn) — 技术(nn) — 研究(nn) — 应用(nn) — 中心(conj) — 工业(nn) — 管(root) — 为(prep) — 推进(pccomp) — 应用(dobj) — 技术(nn) — 测试(conj) — 自动化(nn),1
结构 → 包含 → 测试层级,nn,测试(nn),1
飞机型号 → 采用 → 系统/技术,conj->nn->pobj->prep->root->nsubj->assmod->cc->nn,DC-9(conj) — MD-80(nn) — 飞机(pobj) — 像(prep) — 按下(root) — 测试(nsubj) — 系统(assmod) — 和(cc) — 模拟(nn),1
结构 → 提出 → 问题,nn->dobj->rcmod->attr->root->root->dep->conj->amod,结构(nn) — 寿命(dobj) — 影响(rcmod) — 因素(attr) — 是(root) — 需求(root) — 思路(dep) — 挑战(conj) — 新(amod),1
结构 → 是 → 结构,nn->nsubj->root->conj->attr->nn,飞机(nn) — 结构(nsubj) — 是(root) — 是(conj) — 架构(attr) — 承力(nn),1
结构 → 是...的基础 → 系统,nn->nsubj->root->attr->assmod->nn,飞机(nn) — 结构(nsubj) — 是(root) — 基础(attr) — 平台(assmod) — 飞机(nn),1
结构 → 确保 → 目标,nn->nsubj->root->conj->attr->rcmod->dobj->conj->dep->amod,飞机(nn) — 结构(nsubj) — 是(root) — 是(conj) — 架构(attr) — 确保(rcmod) — 使用(dobj) — 安全(conj) — 寿命(dep) — 长(amod),1
结构 → 确保 → 目标,nn->nsubj->root->conj->attr->rcmod->dobj->conj->nsubj,飞机(nn) — 结构(nsubj) — 是(root) — 是(conj) — 架构(attr) — 确保(rcmod) — 使用(dobj) — 安全(conj) — 飞机(nsubj),1
结构 → 需要 → 任务,nn->dobj->rcmod->attr->root->top->nsubj,飞机(nn) — 寿命(dobj) — 影响(rcmod) — 因素(attr) — 是(root) — 失效(top) — 疲劳(nsubj),1
结果 → 提供 → 技术方法,dobj->root->root->prep->pobj->assmod->nn->nn,研究(dobj) — 进行(root) — 提出(root) — 依据(prep) — 需求(pobj) — 使用(assmod) — 信息(nn) — 集成(nn),1
结果 → 提供 → 支持,nn->dobj->rcmod->cc->dep,预测(nn) — 技术(dobj) — 模糊(rcmod) — 和(cc) — 支持(dep),1
结果 → 揭示 → 分析结果,nn->dobj->ccomp->root->root->dobj->rcmod->dobj->cpm,预测(nn) — 技术(dobj) — 采用(ccomp) — 提出(root) — 研究(root) — 频率(dobj) — 发生(rcmod) — 故障(dobj) — 的(cpm),1
结果 → 用于 → 用户,assm->nn->assmod->pobj->prep->root->root->dep->ccomp->conj->prep->pccomp->pobj,的(assm) — 预测(nn) — 指标值(assmod) — 问题(pobj) — 针对(prep) — 提出(root) — 利用(root) — 证明(dep) — 提高(ccomp) — 提供(conj) — 为(prep) — 保障(pccomp) — 人员(pobj),1
结果 → 验证 → 方法,nn->dobj->root->conj->nsubj->nn->nn->nn->nn,仿真(nn) — 结果(dobj) — 进行(root) — 分为(conj) — 因素(nsubj) — 航空(nn) — 装备(nn) — 可用度(nn) — 影响(nn),1
结果 → 验证 → 方法,nsubj->conj->root->root->prep->pccomp->nsubj->nn->nn,结果(nsubj) — 反映(conj) — 设计(root) — 导致(root) — 由于(prep) — 受到(pccomp) — 数目(nsubj) — 阵列(nn) — 静电(nn),1
维修体制 → 成为 → 保障模式,ordmod->clf->nn->nsubj->pccomp->dobj->assmod->det->nummod->dep->nn->nn->nn,二(ordmod) — 级(clf) — 维修(nn) — 体制(nsubj) — 成为(pccomp) — 方向(dobj) — 模式(assmod) — 下(det) — 一(nummod) — 代(dep) — 飞机(nn) — 维护(nn) — 保障(nn),1
维修模式 → 优于 → 维修模式,nsubj,维修(nsubj),1
维修模式 → 减少 → 指标,nsubj,维修(nsubj),1
维修模式 → 包含 → 关键技术,amod->pobj->assm,预测性(amod) — 维修(pobj) — 的(assm),1
维修模式 → 包含 → 关键技术,assm->amod->pobj->assmod->prep->dobj->root->root->dobj->conj->conj->nn,的(assm) — 预测性(amod) — 维修(pobj) — 基于(assmod) — 向(prep) — 演变(dobj) — 经历(root) — 梳理(root) — 现状(dobj) — 预测(conj) — 诊断(conj) — 故障(nn),1
维修模式 → 包含 → 关键技术,assm->amod->pobj->assmod->prep->dobj->root->root->dobj->conj->nn,的(assm) — 预测性(amod) — 维修(pobj) — 基于(assmod) — 向(prep) — 演变(dobj) — 经历(root) — 梳理(root) — 现状(dobj) — 预测(conj) — 失效(nn),1
维修模式 → 包含 → 关键技术,assm->amod->pobj->assmod->prep->dobj->root->root->dobj->nn,的(assm) — 预测性(amod) — 维修(pobj) — 基于(assmod) — 向(prep) — 演变(dobj) — 经历(root) — 综述(root) — 进展(dobj) — 航空(nn),1
维修模式 → 可减少 → 维修事件,nn->nn->dobj->root->prep->pobj->assmod->plmod->lobj->nn,维修(nn) — 模式(nn) — 设计(dobj) — 探讨(root) — 针对(prep) — 问题(pobj) — 在(assmod) — 中(plmod) — 工程(lobj) — 维修(nn),1
维修模式 → 可取消 → 维修任务,nn->nn->dobj->root->root->ccomp->dobj->amod->nn,维修(nn) — 模式(nn) — 设计(dobj) — 探讨(root) — 表明(root) — 取消(ccomp) — 工作(dobj) — 定期(amod) — 检查(nn),1
维修模式 → 可降低 → 成本,nn->nn->dobj->root->prep->pobj->assmod->plmod->lobj->nn,维修(nn) — 模式(nn) — 设计(dobj) — 探讨(root) — 针对(prep) — 问题(pobj) — 在(assmod) — 中(plmod) — 工程(lobj) — 民机(nn),1
维修模式 → 带来 → 效益,punct->prnmod->nn->pobj->prep->root->root->ccomp->conj->dobj->nn->conj,",(punct) — PHM(prnmod) — 技术(nn) — 问题(pobj) — 针对(prep) — 探讨(root) — 表明(root) — 降低(ccomp) — 带来(conj) — 效益(dobj) — 经济(nn) — 效益(conj)",1
维修模式 → 带来 → 效益,punct->prnmod->nn->pobj->prep->root->root->ccomp->dep->dep->dobj->nn->nn->det,",(punct) — PHM(prnmod) — 技术(nn) — 问题(pobj) — 针对(prep) — 探讨(root) — 表明(root) — 取消(ccomp) — 减少(dep) — 降低(dep) — 成本(dobj) — 周期(nn) — 寿命(nn) — 全(det)",1
维修模式 → 成本低于 → 维修模式,punct->prnmod->nn->pobj->assmod->plmod->lobj->nn,",(punct) — PHM(prnmod) — 技术(nn) — 问题(pobj) — 在(assmod) — 中(plmod) — 工程(lobj) — 维修(nn)",1
维修模式 → 整合 → 要素,amod->pobj->prep->dobj->root->root->nsubj,预测性(amod) — 维修(pobj) — 向(prep) — 演变(dobj) — 经历(root) — 应用(root) — 能力(nsubj),1
维修模式 → 整合 → 要素,amod->pobj->prep->dobj->root->root->nsubj->conj,预测性(amod) — 维修(pobj) — 向(prep) — 演变(dobj) — 经历(root) — 应用(root) — 能力(nsubj) — 技术(conj),1
维修模式 → 整合 → 要素,amod->pobj->prep->dobj->root->root->nsubj->conj,预测性(amod) — 维修(pobj) — 向(prep) — 演变(dobj) — 经历(root) — 应用(root) — 能力(nsubj) — 过程(conj),1
维修模式 → 是 → 工程方法,amod->pobj->prep->dobj->root->root->attr->nn,预测性(amod) — 维修(pobj) — 向(prep) — 演变(dobj) — 经历(root) — 是(root) — 工程(attr) — 系统(nn),1
维修模式 → 涉及 → 规范/政策,amod->pobj->prep->dobj->root->root->dobj->conj->nn,预测性(amod) — 维修(pobj) — 向(prep) — 演变(dobj) — 经历(root) — 涉及(root) — 技术(dobj) — 规范(conj) — 标准(nn),1
维修模式 → 涉及 → 规范/政策,amod->pobj->prep->dobj->root->root->dobj->nn->conj,预测性(amod) — 维修(pobj) — 向(prep) — 演变(dobj) — 经历(root) — 涉及(root) — 技术(dobj) — 管理(nn) — 政策(conj),1
维修模式 → 演变为 → 维修模式,assmod->assm->nn->nn->nsubj->root->dobj->prep->pobj->assmod->assm->amod,飞机(assmod) — 的(assm) — 维修(nn) — 保障(nn) — 模式(nsubj) — 经历(root) — 演变(dobj) — 向(prep) — 维修(pobj) — 基于(assmod) — 的(assm) — 预测性(amod),1
维修模式 → 节约 → 成本,nsubj,维修(nsubj),1
维修模式 → 贯穿 → 阶段,amod->pobj->prep->dobj->root->root->dobj->nn->nn,预测性(amod) — 维修(pobj) — 向(prep) — 演变(dobj) — 经历(root) — 贯穿(root) — 运行(dobj) — 周期(nn) — 寿命(nn),1
维修模式 → 避免 → 事件,nsubj,维修(nsubj),1
维修模式 → 面临 → 挑战,assm->amod->pobj->assmod->prep->dobj->root->root,的(assm) — 预测性(amod) — 维修(pobj) — 基于(assmod) — 向(prep) — 演变(dobj) — 经历(root) — 应用(root),1
维修模式 → 面临 → 挑战,assm->amod->pobj->assmod->prep->dobj->root->root->nsubj->rcmod->cpm->conj,的(assm) — 预测性(amod) — 维修(pobj) — 基于(assmod) — 向(prep) — 演变(dobj) — 经历(root) — 应用(root) — 能力(nsubj) — 适用(rcmod) — 的(cpm) — 技术(conj),1
维修活动 → 保障 → 目标,nn->nsubj->root->conj->attr->rcmod->dobj->amod,航空(nn) — 维修(nsubj) — 是(root) — 是(conj) — 途径(attr) — 保障(rcmod) — 飞行(dobj) — 安全(amod),1
维修活动 → 控制 → 成本,nn->nsubj->root->conj->attr->rcmod->conj->dobj->nn,航空(nn) — 维修(nsubj) — 是(root) — 是(conj) — 途径(attr) — 保障(rcmod) — 控制(conj) — 成本(dobj) — 运营(nn),1
维修策略 → 保证 → 目标,nn->attr->dep->conj->root->conj->dobj->nn,预防(nn) — 维修(attr) — 为(dep) — 变(conj) — 研究(root) — 保证(conj) — 安全(dobj) — 飞行(nn),1
维修策略 → 关联 → 后勤策略,nn->nn->conj->assmod->amod,视(nn) — 情(nn) — 维修(conj) — 后勤(assmod) — 自主(amod),1
缩写 → 中文全称是 → 术语,nn->conj->dobj->cc->nn->nn,PHM(nn) — 系统(conj) — 组成(dobj) — 与(cc) — 健康(nn) — 管理(nn),1
缩写 → 全称是 → 术语,nn->conj->prnmod->conj->cc->nn,PHM(nn) — 系统(conj) — Management(prnmod) — Prognostics(conj) — and(cc) — Health(nn),1
网络模块 → 基于 → 技术框架,nn->top->root->root->dobj->rcmod->pobj->nn->nn,故障(nn) — 管理(top) — 是(root) — 构造(root) — 网络(dobj) — 基于(rcmod) — 框架(pobj) — 特征(nn) — 提取(nn),1
网络模块 → 基于 → 技术框架,nsubj->vmod->dobj->root->root->punct->prep,可解释性(nsubj) — 差(vmod) — 问题(dobj) — 存在(root) — 融入(root) — ，(punct) — 对(prep),1
网络模块 → 展开自 → 算法,dobj->root->root->nsubj->rcmod->dobj,网络(dobj) — 提出(root) — 存在(root) — 现状(nsubj) — 学习(rcmod) — 算法(dobj),1
网络模型 → 具有 → 方法,amod->nummod->amod->nn->dobj->rcmod->dobj->root->conj->dobj->nn->conj,自适应(amod) — 多(nummod) — 小波(amod) — 网络(nn) — 模型(dobj) — 基于(rcmod) — 方法(dobj) — 提出(root) — 给出(conj) — 算法(dobj) — 构造(nn) — 方法(conj),1
网络模型 → 具有 → 算法,amod->nummod->amod->nn->dobj->rcmod->dobj->root->conj->dobj->nn,自适应(amod) — 多(nummod) — 小波(amod) — 网络(nn) — 模型(dobj) — 基于(rcmod) — 方法(dobj) — 提出(root) — 给出(conj) — 算法(dobj) — 训练(nn),1
网络模型 → 应用于 → 任务,nn->nsubj->root->root->dobj->assmod->conj->amod,智能(nn) — 方法(nsubj) — 受到(root) — 验证(root) — 有效性(dobj) — 诊断(assmod) — 检测(conj) — 异常(amod),1
网络模型 → 应用于 → 任务,nn->nsubj->root->root->top->nn,智能(nn) — 方法(nsubj) — 受到(root) — 是(root) — 管理(top) — 故障(nn),1
网络模型 → 验证于 → 研究对象,nn->nsubj->root->root->top->nn,智能(nn) — 方法(nsubj) — 受到(root) — 是(root) — 管理(top) — 发动机(nn),1
职业 → 健康状况优于 → 职业,nn->nsubj->root->dobj,安全员(nn) — 状况(nsubj) — 好于(root) — 驾驶员(dobj),1
职业 → 患病率较高 → 疾病,dobj->root->root->attr,驾驶员(dobj) — 好于(root) — 为(root) — 脂肪肝(attr),1
职业 → 患病率较高 → 疾病,dobj->root->root->nsubj->nn,驾驶员(dobj) — 好于(root) — 为(root) — 患病率(nsubj) — 血症(nn),1
职业 → 患病率较高 → 疾病,dobj->root->root->nsubj->nn->amod,驾驶员(dobj) — 好于(root) — 为(root) — 患病率(nsubj) — 血症(nn) — 高尿酸(amod),1
职业 → 患病率较高 → 疾病类别,dobj->root->conj->nsubj->amod,驾驶员(dobj) — 好于(root) — 高(conj) — 疾病(nsubj) — 代谢性(amod),1
职业因素 → 影响 → 健康状态,nn->dobj->rcmod->nsubj->conj->root->root->dobj->conj->nn->amod,行政(nn) — 职务(dobj) — 有(rcmod) — 健康(nsubj) — 明显(conj) — 高(root) — 研究(root) — 因素(dobj) — 状态(conj) — 健康(nn) — 亚(amod),1
背景 → 促进 → 技术,nn->nsubj->root->conj->dobj->amod->nn->nn,空战(nn) — 模式(nsubj) — 提出(root) — 促使(conj) — 技术(dobj) — 综合(amod) — 飞行器(nn) — 管理(nn),1
能力 → 是 → 能力,amod->nsubj->root->attr->assmod->nn->clf->amod->nummod->conj,自主式(amod) — 保障(nsubj) — 是(root) — 能力(attr) — 设计(assmod) — 直升机(nn) — 代(clf) — 新(amod) — 一(nummod) — 飞机(conj),1
行业 → 推进 → 技术,amod->nn->nsubj->root->root->top->nn,现代(amod) — 航空(nn) — 工业(nsubj) — 推进(root) — 是(root) — 系统(top) — 飞机(nn),1
装备 → 要求 → Performance Metric,amod->nummod->clf->amod->nn->nsubj->root->dobj->amod,新(amod) — 一(nummod) — 代(clf) — 先进(amod) — 战斗机(nn) — 要求(nsubj) — 总结(root) — 承载(dobj) — 高(amod),1
装备 → 要求 → Performance Metric,amod->nummod->clf->amod->nn->nsubj->root->dobj->conj->amod,新(amod) — 一(nummod) — 代(clf) — 先进(amod) — 战斗机(nn) — 要求(nsubj) — 总结(root) — 承载(dobj) — 功能(conj) — 多(amod),1
装备 → 要求 → Performance Metric,amod->nummod->clf->amod->nn->nsubj->root->dobj->conj->amod,新(amod) — 一(nummod) — 代(clf) — 先进(amod) — 战斗机(nn) — 要求(nsubj) — 总结(root) — 承载(dobj) — 寿命(conj) — 长(amod),1
装备 → 要求 → Performance Metric,amod->nummod->clf->amod->nn->nsubj->root->dobj->conj->amod,新(amod) — 一(nummod) — 代(clf) — 先进(amod) — 战斗机(nn) — 要求(nsubj) — 总结(root) — 承载(dobj) — 重量(conj) — 轻(amod),1
装备 → 要求 → 性能要求,amod->nn->nsubj->ccomp->rcmod->attr->root->root->nsubj->assmod->pobj->nn->amod,先进(amod) — 战机(nn) — 能力(nsubj) — 提升(ccomp) — 实现(rcmod) — 关键(attr) — 是(root) — 提高(root) — 要求(nsubj) — 对(assmod) — 方面(pobj) — 维护性(nn) — 良好(amod),1
装备 → 要求 → 性能要求,amod->nn->nsubj->ccomp->rcmod->attr->root->root->nsubj->assmod->pobj->nn->conj->amod,先进(amod) — 战机(nn) — 能力(nsubj) — 提升(ccomp) — 实现(rcmod) — 关键(attr) — 是(root) — 提高(root) — 要求(nsubj) — 对(assmod) — 方面(pobj) — 维护性(nn) — 可靠性(conj) — 高(amod),1
装备 → 要求 → 性能要求,amod->nn->nsubj->ccomp->rcmod->attr->root->root->nsubj->assmod->pobj->nn->conj->amod,先进(amod) — 战机(nn) — 能力(nsubj) — 提升(ccomp) — 实现(rcmod) — 关键(attr) — 是(root) — 提高(root) — 要求(nsubj) — 对(assmod) — 方面(pobj) — 维护性(nn) — 寿命(conj) — 长(amod),1
装备 → 要求 → 性能要求,amod->nn->nsubj->ccomp->rcmod->attr->root->root->nsubj->assmod->pobj->nn->conj->amod,先进(amod) — 战机(nn) — 能力(nsubj) — 提升(ccomp) — 实现(rcmod) — 关键(attr) — 是(root) — 提高(root) — 要求(nsubj) — 对(assmod) — 方面(pobj) — 维护性(nn) — 性能(conj) — 高(amod),1
装备 → 需要 → 设计,nn->nn->lobj->dep->assmod->nn->nn->nn,航空(nn) — 发动机(nn) — 系统(lobj) — 中(dep) — 技术(assmod) — 气路(nn) — 故障(nn) — 诊断(nn),1
装备类别 → 包含 → 装备,amod->nn->pobj->nn->amod->nn,关键(amod) — 技术(nn) — 装备(pobj) — 设备(nn) — 新(amod) — 能源(nn),1
装备类别 → 包含 → 装备,amod->nn->pobj->nn->conj,关键(amod) — 技术(nn) — 装备(pobj) — 设备(nn) — 汽车(conj),1
装备类别 → 包含 → 装备,amod->nn->pobj->nn->conj,关键(amod) — 技术(nn) — 装备(pobj) — 设备(nn) — 航天器(conj),1
装备类别 → 包含 → 装备,amod->nn->pobj->nn->conj,关键(amod) — 技术(nn) — 装备(pobj) — 设备(nn) — 航空器(conj),1
装备类别 → 包含 → 装备,amod->nn->pobj->nn->conj->advmod->amod->nn->amod->nn->nn,关键(amod) — 技术(nn) — 装备(pobj) — 设备(nn) — 装备(conj) — 极(advmod) — 大(amod) — 规模(nn) — 集成(amod) — 电路(nn) — 制造(nn),1
装备类别 → 包含 → 装备,amod->nn->pobj->nn->conj->amod->amod,关键(amod) — 技术(nn) — 装备(pobj) — 设备(nn) — 机床(conj) — 大型(amod) — 数控(amod),1
装备类别 → 包含 → 装备,amod->nn->pobj->nn->conj->nn,关键(amod) — 技术(nn) — 装备(pobj) — 设备(nn) — 交通(conj) — 轨道(nn),1
装备类别 → 包含 → 装备,amod->nn->pobj->nn->conj->nn,关键(amod) — 技术(nn) — 装备(pobj) — 设备(nn) — 机械(conj) — 工程(nn),1
装备类别 → 包含 → 装备,amod->nn->pobj->nn->conj->nn->nn,关键(amod) — 技术(nn) — 装备(pobj) — 设备(nn) — 装备(conj) — 国防(nn) — 武器(nn),1
角色 → 制定 → 任务,conj->nn->dobj->root->root->conj->dobj->nn->cc->nn,技术(conj) — 技术(nn) — 方法(dobj) — 分析(root) — 总结(root) — 划分(conj) — 模块(dobj) — 决策(nn) — 与(cc) — 维修(nn),1
角色 → 控制 → 参数,conj->nn->dobj->root->root->conj->dobj->nn->cc->nn,技术(conj) — 技术(nn) — 方法(dobj) — 分析(root) — 总结(root) — 划分(conj) — 模块(dobj) — 决策(nn) — 与(cc) — 维修(nn),1
解决方案 → 用于 → 应用领域,amod->nn->dobj->root->root->nsubj->amod,有效(amod) — 解决(nn) — 方案(dobj) — 提供(root) — 落(root) — 分值(nsubj) — 超前(amod),1
解决方案 → 用于 → 应用领域,amod->nn->dobj->root->root->nsubj->nn,有效(amod) — 解决(nn) — 方案(dobj) — 提供(root) — 具有(root) — 参数(nsubj) — 发动机(nn),1
解决方案 → 用于 → 开发任务,nsubj->nn,开发(nsubj) — 软件(nn),1
解释方法 → 分析 → Model,nn->dobj,EnsembleBRB-SHAP(nn) — 模型(dobj),1
解释方法 → 定位 → 因素,nn->dobj->rcmod->dobj->root->root->nsubj->nn->nn->nn,EnsembleBRB-SHAP(nn) — 模型(dobj) — 基于(rcmod) — 方法(dobj) — 提出(root) — 作为(root) — 预测(nsubj) — 发动机(nn) — 健康(nn) — 状态(nn),1
设备 → 产生 → 数据,nsubj->rcmod->pobj->amod->nn,飞机(nsubj) — 产生(rcmod) — 数据(pobj) — 快速(amod) — 存取(nn),1
设备 → 具有 → 特性,nn->nn->nsubj,航空(nn) — 发动机(nn) — 结构(nsubj),1
设备 → 具有 → 特性,nn->nn->nsubj->rcmod->punct->nn->nsubj,航空(nn) — 发动机(nn) — 结构(nsubj) — 复杂(rcmod) — 、(punct) — 故障(nn) — 模式(nsubj),1
设备 → 具有 → 需求,amod->nsubj->vmod->pobj->vmod->amod,机载(amod) — 设备(nsubj) — 具有(vmod) — 要求(pobj) — 监测(vmod) — 在线(amod),1
设备 → 具有 → 需求,amod->nsubj->vmod->pobj->vmod->dep->amod->dep->nn->nn->dobj,机载(amod) — 设备(nsubj) — 具有(vmod) — 要求(pobj) — 监测(vmod) — 存储(dep) — 大(amod) — 容量(dep) — 发动机(nn) — 工作(nn) — 数据(dobj),1
设备 → 基于 → 原理,nn->nn->nn->top->root->root->conj->prep->pobj->rcmod->dobj->nn->nn,航空(nn) — 状态(nn) — 监测(nn) — 传感器(top) — 是(root) — 概述(root) — 做(conj) — 针对(prep) — 进展(pobj) — 基于(rcmod) — 原理(dobj) — 静电(nn) — 感应(nn),1
设备 → 基于 → 技术,nn->nn->nn->top->root->root->conj->prep->pobj->rcmod->dobj->conj,航空(nn) — 状态(nn) — 监测(nn) — 传感器(top) — 是(root) — 概述(root) — 做(conj) — 针对(prep) — 进展(pobj) — 基于(rcmod) — 原理(dobj) — MEMS(conj),1
设备 → 基于 → 技术,nn->nn->nn->top->root->root->conj->prep->pobj->rcmod->dobj->conj,航空(nn) — 状态(nn) — 监测(nn) — 传感器(top) — 是(root) — 概述(root) — 做(conj) — 针对(prep) — 进展(pobj) — 基于(rcmod) — 原理(dobj) — 光纤(conj),1
设备 → 基于 → 技术,nn->nn->nn->top->root->root->conj->prep->pobj->rcmod->dobj->conj->amod->nn,航空(nn) — 状态(nn) — 监测(nn) — 传感器(top) — 是(root) — 概述(root) — 做(conj) — 针对(prep) — 进展(pobj) — 基于(rcmod) — 原理(dobj) — 网络(conj) — 无线(amod) — 传感(nn),1
设备 → 属于 → 组件类型,nn->nn->nn->assmod->attr->root->conj->prep->pccomp->dobj->amod->nn->amod,航空(nn) — 电子(nn) — 设备(nn) — 预测(assmod) — 技术(attr) — 是(root) — 混叠(conj) — 由于(prep) — 属于(pccomp) — 电路(dobj) — 大(amod) — 规模(nn) — 集成(amod),1
设备 → 属于 → 设备,nn->nn->nn->top,航空(nn) — 状态(nn) — 监测(nn) — 传感器(top),1
设备 → 支撑 → 系统,nn->nn->nn->top->root->attr->assmod->nn->nn,航空(nn) — 状态(nn) — 监测(nn) — 传感器(top) — 是(root) — 基础(attr) — 管理(assmod) — 飞机(nn) — 健康(nn),1
设备 → 是配套产品 → 系统,amod->nn->nn->nsubj->root->prep->pobj->assmod->amod->nn,机载(amod) — 导弹(nn) — 发射(nn) — 装置(nsubj) — 纳入(root) — 作为(prep) — 产品(pobj) — 系统(assmod) — 机载(amod) — 武器(nn),1
设备 → 纳入 → 系统,amod->nn->nn->nsubj->root->root->dep->prnmod->punct,机载(amod) — 导弹(nn) — 发射(nn) — 装置(nsubj) — 纳入(root) — 是(root) — 管理(dep) — PHM(prnmod) — ((punct),1
设备 → 配装 → 系统,det->clf->pobj->rcmod->dobj->amod->nn->nn,各(det) — 类(clf) — 发动机(pobj) — 配装(rcmod) — 系统(dobj) — 数字式(amod) — 电子(nn) — 控制(nn),1
设备 → 配装 → 组件,nsubj->rcmod->pobj->prep->root->root->prep->pobj->assmod->nn,飞机(nsubj) — 产生(rcmod) — 数据(pobj) — 以(prep) — 作为(root) — 提供(root) — 给(prep) — 管理(pobj) — 性能(assmod) — 发动机(nn),1
设备 → 采用 → 系统,amod->nummod->clf->nsubj->rcmod->pobj->prep->root->punct->nn->conj,"新(amod) — 一(nummod) — 代(clf) — 飞机(nsubj) — 采用(rcmod) — 系统(pobj) — 作为(prep) — 是(root) — ,(punct) — 健康(nn) — 监测(conj)",1
设计 → 分为 → 结构,punct->prnmod->nn->dobj->conj->root->prep->pccomp->conj->dobj->nn,((punct) — BIT(prnmod) — 测试(nn) — 系统(dobj) — 设计(conj) — 结合(root) — 为(prep) — 满足(pccomp) — 降低(conj) — 成本(dobj) — 测试(nn),1
设计 → 实现 → 功能,nn->assmod->pobj->prep->root->root->conj->dobj->amod,系统(nn) — 软件(assmod) — 要求(pobj) — 针对(prep) — 提出(root) — 建立(root) — 进行(conj) — 监控(dobj) — 健康(amod),1
设计 → 实现 → 功能,nn->assmod->pobj->prep->root->root->conj->dobj->amod->amod,系统(nn) — 软件(assmod) — 要求(pobj) — 针对(prep) — 提出(root) — 建立(root) — 进行(conj) — 监控(dobj) — 实时(amod) — 健康(amod),1
设计 → 实现 → 功能,nn->assmod->pobj->prep->root->root->conj->dobj->nn,系统(nn) — 软件(assmod) — 要求(pobj) — 针对(prep) — 提出(root) — 建立(root) — 完成(conj) — 管理(dobj) — 配电(nn),1
设计 → 提升 → Performance Metric,nn->nn->nn->assmod->dep->lobj->nn,故障(nn) — 诊断(nn) — 气路(nn) — 技术(assmod) — 中(dep) — 系统(lobj) — 发动机(nn),1
设计 → 涉及 → 技术,conj->lobj->assmod->pobj->conj->amod,设计(conj) — 使用(lobj) — 中(assmod) — 部分(pobj) — 技术(conj) — 关键(amod),1
设计 → 满足 → 要求,nn->nn->conj->dobj->conj->root->root->ccomp->dobj->assmod,体系(nn) — 结构(nn) — 设计(conj) — 实现(dobj) — 包含(conj) — 结合(root) — 表明(root) — 满足(ccomp) — 要求(dobj) — 开放性(assmod),1
设计 → 满足 → 要求,nn->nn->conj->dobj->conj->root->root->ccomp->dobj->assmod->conj,体系(nn) — 结构(nn) — 设计(conj) — 实现(dobj) — 包含(conj) — 结合(root) — 表明(root) — 满足(ccomp) — 要求(dobj) — 开放性(assmod) — 层次化(conj),1
设计 → 满足 → 要求,nn->nn->conj->dobj->conj->root->root->ccomp->dobj->assmod->conj,体系(nn) — 结构(nn) — 设计(conj) — 实现(dobj) — 包含(conj) — 结合(root) — 表明(root) — 满足(ccomp) — 要求(dobj) — 开放性(assmod) — 标准化(conj),1
设计 → 满足 → 要求,nn->nn->conj->dobj->conj->root->root->prep->pobj->assmod,体系(nn) — 结构(nn) — 设计(conj) — 实现(dobj) — 包含(conj) — 结合(root) — 研究(root) — 针对(prep) — 趋势(pobj) — 模块化(assmod),1
设计 → 采用 → 方法,punct->prnmod->nn->dobj->conj->root->root->conj->dobj->nn->nn,((punct) — BIT(prnmod) — 测试(nn) — 系统(dobj) — 设计(conj) — 结合(root) — 利用(root) — 采用(conj) — 方法(dobj) — 总线(nn) — 层次化(nn),1
设计 → 针对 → 装备,nn->nn->nn->assmod->dep->lobj->nn,故障(nn) — 诊断(nn) — 气路(nn) — 技术(assmod) — 中(dep) — 系统(lobj) — 发动机(nn),1
设计 → 需要加强 → 技术,nn->nn->nn,故障(nn) — 诊断(nn) — 气路(nn),1
设计/架构 → 发挥 → 功能,top,系统(top),1
设计/架构 → 是 → 技术,nn->top->root->attr->amod,架构(nn) — 设计(top) — 是(root) — 技术(attr) — 关键(amod),1
设计/架构 → 覆盖 → 功能,nn->nn->top->root->attr->rcmod->cpm->nn,健康(nn) — 管理(nn) — 系统(top) — 是(root) — 之一(attr) — 提升(rcmod) — 的(cpm) — 核心(nn),1
设计/架构 → 覆盖 → 需求,nn->nn->top->root->root->pobj,健康(nn) — 管理(nn) — 系统(top) — 是(root) — 针对(root) — 需求(pobj),1
设计准则 → 用于 → 任务,conj->nsubj->nn->prnmod->punct->punct->nn,设计(conj) — 应用(nsubj) — 管理(nn) — PHM(prnmod) — （(punct) — ）(punct) — 系统(nn),1
设计原则 → 实现 → 设计原则,nn->pobj->dep->root->dep->dobj->nn,接口(nn) — 标准化(pobj) — 借助(dep) — 构建(root) — 实现(dep) — 设计(dobj) — 解耦(nn),1
设计架构 → 包含 → 技术方案,conj->nsubj->nn->cc->nn,设计(conj) — 应用(nsubj) — 管理(nn) — 与(cc) — 健康(nn),1
设计架构 → 包含 → 技术方案,conj->nsubj->nn->prnmod->punct->punct->nn,设计(conj) — 应用(nsubj) — 管理(nn) — PHM(prnmod) — （(punct) — ）(punct) — 系统(nn),1
设计架构 → 包含 → 技术方案,conj->nsubj->root->root->prep,设计(conj) — 应用(nsubj) — 存在(root) — 进行(root) — 基于(prep),1
设计架构 → 实现 → Performance Metric,conj->nsubj->root->root->ccomp->dobj->assmod->assm->nn->nn,设计(conj) — 应用(nsubj) — 存在(root) — 表明(root) — 实现(ccomp) — 缩减(dobj) — 82.7%(assmod) — 的(assm) — 计算(nn) — 功耗(nn),1
设计架构 → 实现 → Performance Metric,conj->nsubj->root->root->dobj->rcmod->conj,设计(conj) — 应用(nsubj) — 存在(root) — 提出(root) — 架构(dobj) — 基于(rcmod) — 加速(conj),1
设计架构 → 提升 → 属性,conj->nsubj->root->root->dobj,设计(conj) — 应用(nsubj) — 存在(root) — 提升(root) — 可追溯性(dobj),1
评价 → 面向 → 应用领域,nn->dobj->dep->ccomp->root->root->dobj->nn->nn,应用(nn) — 前景(dobj) — 具有(dep) — 实现(ccomp) — 表明(root) — 提出(root) — 方法(dobj) — 故障(nn) — 预测(nn),1
评价指标 → 作为 → 函数,nummod->advmod->nn->dobj->conj->conj->dobj->nn,一(nummod) — 交叉(advmod) — 验证(nn) — 误差(dobj) — 留(conj) — 作为(conj) — 函数(dobj) — 适应度(nn),1
评价指标 → 表征 → Performance Metric,amod->amod->conj->nsubj->rcmod->nsubj->conj->root->root->prep->pccomp->dobj->rcmod->conj->dobj->nn,平均(amod) — 绝对(amod) — 误差(conj) — 误差(nsubj) — 表征(rcmod) — 结果(nsubj) — 提升(conj) — 用(root) — 提出(root) — 为(prep) — 解决(pccomp) — 问题(dobj) — 低(rcmod) — 获得(conj) — 结果(dobj) — 预测(nn),1
评价指标 → 表征 → Performance Metric,amod->nsubj->rcmod->nsubj->conj->root->root->prep->pccomp->dobj->rcmod->conj->dobj->nn,均方根(amod) — 误差(nsubj) — 表征(rcmod) — 结果(nsubj) — 提升(conj) — 用(root) — 提出(root) — 为(prep) — 解决(pccomp) — 问题(dobj) — 低(rcmod) — 获得(conj) — 结果(dobj) — 预测(nn),1
评估方法 → 具有 → 属性,nn->nsubj->root->prep->plmod->lobj->nn,健康(nn) — 评估(nsubj) — 存在(root) — 在(prep) — 中(plmod) — 实际(lobj) — 工程(nn),1
评估方法 → 具有 → 属性,nn->nsubj->root->root->ccomp->nsubj,健康(nn) — 评估(nsubj) — 存在(root) — 表明(root) — 高(ccomp) — 可信度(nsubj),1
评估方法 → 利用 → 分析方法,nn->nsubj->root->root->dep->conj->dobj->nn->amod->nn->nn->nn->nn,健康(nn) — 评估(nsubj) — 存在(root) — 为(root) — 得到(dep) — 利用(conj) — 方法(dobj) — 分析法(nn) — 极大(amod) — 熵(nn) — 改进(nn) — 区间(nn) — 层次(nn),1
评估方法 → 利用 → 评估指标,nn->nsubj->root->root->dep->conj->dobj->nn->conj,健康(nn) — 评估(nsubj) — 存在(root) — 为(root) — 得到(dep) — 利用(conj) — 方法(dobj) — 分析法(nn) — 严酷度(conj),1
评估方法 → 利用 → 评估指标,nn->nsubj->root->root->dep->conj->dobj->nn->conj,健康(nn) — 评估(nsubj) — 存在(root) — 为(root) — 得到(dep) — 利用(conj) — 方法(dobj) — 分析法(nn) — 劣化度(conj),1
评估方法 → 包含 → 研究内容,nn->nsubj,健康(nn) — 评估(nsubj),1
评估方法 → 包含 → 研究内容,nn->nsubj->root->root->dep->dobj->nn->punct->assmod->nn->pobj,健康(nn) — 评估(nsubj) — 存在(root) — 为(root) — 开展(dep) — 研究(dobj) — 评估(nn) — 、(punct) — 基于(assmod) — 故障(nn) — 劣化(pobj),1
评估方法 → 包含 → 研究内容,nn->nsubj->root->root->dep->dobj->rcmod->dobj,健康(nn) — 评估(nsubj) — 存在(root) — 为(root) — 开展(dep) — 研究(dobj) — 面向(rcmod) — 任务(dobj),1
评估方法 → 得到 → Model,nn->nsubj->nn,健康(nn) — 评估(nsubj) — 飞机(nn),1
评估方法 → 得到 → 评估结果,nn->nsubj->nn,健康(nn) — 评估(nsubj) — 飞机(nn),1
评估方法 → 研究 → 研究对象,nn->nsubj->nn->amod,健康(nn) — 评估(nsubj) — 飞机(nn) — 军用(amod),1
诊断系统 → 检测 → 故障,nsubj->rcmod->dobj->root->root->dep->dobj->assmod->amod,系统(nsubj) — 承担(rcmod) — 任务(dobj) — 使得(root) — 监测(root) — 增加(dep) — 检测率(dobj) — 故障(assmod) — 间歇性(amod),1
诊断系统 → 采用 → 数据,nsubj->rcmod->dobj->root->root->nsubj->assmod->amod,系统(nsubj) — 承担(rcmod) — 任务(dobj) — 使得(root) — 监测(root) — 使用(nsubj) — 数据(assmod) — 实时(amod),1
飞机型号 → 采用 → 系统/技术,conj->nn->pobj->prep->root->nsubj->assmod->cc->nn,波音727(conj) — MD-80(nn) — 飞机(pobj) — 像(prep) — 按下(root) — 测试(nsubj) — 系统(assmod) — 和(cc) — 模拟(nn),1
诊断结构 → 包含 → Model,nn->dobj->root->prep->pobj->assmod->amod,诊断(nn) — 任务(dobj) — 使得(root) — 随着(prep) — 发展(pobj) — 设备(assmod) — 机载(amod),1
诊断结构 → 用于 → 功能,nn->dobj->root->root,诊断(nn) — 任务(dobj) — 使得(root) — 监测(root),1
诊断结构 → 用于 → 功能,nn->dobj->root->root->dep->dobj->assmod->nn->conj,诊断(nn) — 任务(dobj) — 使得(root) — 监测(root) — 减少(dep) — 潜伏期(dobj) — 隔离(assmod) — 故障(nn) — 检测(conj),1
诊断结构 → 用于 → 功能,nn->dobj->root->root->dep->dobj->rcmod->prep->pobj->nn,诊断(nn) — 任务(dobj) — 使得(root) — 提出(root) — 设计(dep) — 结构(dobj) — 用(rcmod) — 于(prep) — 估计(pobj) — 参数(nn),1
诊断结构 → 监测 → 状态,nn->dobj->rcmod->cpm->nn,诊断(nn) — 任务(dobj) — 承担(rcmod) — 的(cpm) — 发动机(nn),1
趋势 → 决定 → 结果,nn->dobj->ccomp->root->root->dep->dobj->assmod,发展(nn) — 趋势(dobj) — 呈现(ccomp) — 指出(root) — 是(root) — 决定(dep) — 成败(dobj) — 企业(assmod),1
趋势 → 对...提出挑战 → 技术,nn->pobj->prep->root->dep->prep->pobj->nn->nn,综合化(nn) — 方向(pobj) — 向(prep) — 发展(root) — 提出(dep) — 对(prep) — 技术(pobj) — 故障(nn) — 预测(nn),1
趋势 → 带来 → 影响,nn->dobj->ccomp->root->root->attr->assmod->nn->nn,发展(nn) — 趋势(dobj) — 呈现(ccomp) — 指出(root) — 是(root) — 改变(attr) — 理念(assmod) — 飞机(nn) — 设计(nn),1
趋势 → 带来 → 影响,nn->dobj->ccomp->root->root->dep->dobj->assmod->cc->nn,发展(nn) — 趋势(dobj) — 呈现(ccomp) — 指出(root) — 是(root) — 带来(dep) — 变化(dobj) — 优势(assmod) — 和(cc) — 竞争(nn),1
趋势 → 带来 → 影响,nn->dobj->ccomp->root->root->dep->dobj->assmod->nn->det->conj,发展(nn) — 趋势(dobj) — 呈现(ccomp) — 指出(root) — 是(root) — 带来(dep) — 变化(dobj) — 优势(assmod) — 行业(nn) — 全(det) — 价值(conj),1
趋势 → 涉及 → 技术,nn->dobj->ccomp->conj->dobj->nn->conj,发展(nn) — 趋势(dobj) — 呈现(ccomp) — 涉及(conj) — 创新(dobj) — 信息(nn) — 技术(conj),1
趋势 → 涉及 → 方法,nn->dobj->ccomp->conj->dobj->nn,发展(nn) — 趋势(dobj) — 呈现(ccomp) — 涉及(conj) — 创新(dobj) — 管理(nn),1
趋势 → 涉及 → 领域,nn->dobj->ccomp->conj->dobj->assmod,发展(nn) — 趋势(dobj) — 呈现(ccomp) — 涉及(conj) — 创新(dobj) — 原材料(assmod),1
软件 → 保障 → 任务,nn->nn->nsubj->root->dobj->assmod,航空(nn) — 电子(nn) — 系统(nsubj) — 要求(root) — 执行(dobj) — 任务(assmod),1
软件 → 保障 → 属性,nn->nn->nsubj->root->root->conj->prep->pccomp->dobj->assmod->nn,航空(nn) — 电子(nn) — 系统(nsubj) — 要求(root) — 保障(root) — 具有(conj) — 对(prep) — 保证(pccomp) — 安全(dobj) — 任务(assmod) — 飞机(nn),1
软件 → 具有 → 属性,amod->assmod->pobj->nn,嵌入式(amod) — 软件(assmod) — 要求(pobj) — 可扩展性(nn),1
软件 → 具有 → 属性,amod->assmod->pobj->nn->conj,嵌入式(amod) — 软件(assmod) — 要求(pobj) — 可扩展性(nn) — 可移植性(conj),1
软件 → 具有 → 需求,nn->nn->nsubj->root->root->dobj->nn,航空(nn) — 电子(nn) — 系统(nsubj) — 要求(root) — 分析(root) — 需求(dobj) — 实时性(nn),1
软件 → 具有 → 需求,nn->nn->nsubj->root->root->dobj->nn->conj,航空(nn) — 电子(nn) — 系统(nsubj) — 要求(root) — 分析(root) — 需求(dobj) — 实时性(nn) — 安全性(conj),1
软件 → 具有 → 需求,nn->nn->nsubj->root->root->dobj->nn->punct->conj,航空(nn) — 电子(nn) — 系统(nsubj) — 要求(root) — 分析(root) — 需求(dobj) — 实时性(nn) — 、(punct) — 可靠性(conj),1
软件 → 具有 → 需求,nn->nn->nsubj->root->root->dobj->nn->punct->conj,航空(nn) — 电子(nn) — 系统(nsubj) — 要求(root) — 分析(root) — 需求(dobj) — 实时性(nn) — 、(punct) — 完整性(conj),1
软件 → 应用于 → 产品,nn->nn->nsubj->root->root->loc,航空(nn) — 电子(nn) — 系统(nsubj) — 要求(root) — 引入(root) — 中(loc),1
软件 → 提供 → 数据,nn->nn,航空(nn) — 发动机(nn),1
软件 → 用于 → 方法,nn->dobj->conj->conj->dobj->nn,MATLAB(nn) — 软件(dobj) — 利用(conj) — 进行(conj) — 分析(dobj) — 仿真(nn),1
软件 → 用于 → 设计,nn->nn->dobj->conj->root->root->dobj->nn,辅助(nn) — 软件(nn) — eXpress(dobj) — 采用(conj) — 提出(root) — 提出(root) — 方法(dobj) — 预测(nn),1
软件 → 用于建立 → Model,nn->dobj->root->conj->dobj->nn,AMESim(nn) — 软件(dobj) — 利用(root) — 建立(conj) — 模型(dobj) — 仿真(nn),1
软件 → 用于建立 → Model,nn->pobj->prep->root->root->prep->pobj,AMESim(nn) — 软件(pobj) — 基于(prep) — 建立(root) — 进行(root) — 对(prep) — 系统(pobj),1
软件 → 用于模拟 → 物理量,nn->dobj->root->conj->dobj->nn->nn,ANSYS(nn) — 软件(dobj) — 利用(root) — 模拟(conj) — 情况(dobj) — 温度(nn) — 分布(nn),1
软件工具 → 用于建立 → Model,dobj->dep->conj->dobj->nn->nn,Simulink(dobj) — 利用(dep) — 建立(conj) — 模型(dobj) — 性能(nn) — 退化(nn),1
软件环境 → 基于 → 模式,amod->nn->nn->conj->assmod->pobj->nn,通用(amod) — 软件(nn) — 运行(nn) — 环境(conj) — 基于(assmod) — 模式(pobj) — 组件(nn),1
过程 → 减小 → 问题,dobj->conj->root->conj->dobj,隶属度值(dobj) — 确定(conj) — 选取(root) — 减小(conj) — 主观性(dobj),1
过程 → 包含 → 决策,nn->nn->lobj->plmod->lobj->nn->nn,数据(nn) — 处理(nn) — 过程(lobj) — 中(plmod) — 决策(lobj) — 健康(nn) — 管理(nn),1
过程 → 包含 → 技术,nn->nn->lobj->plmod->lobj->conj->nn->nn,数据(nn) — 处理(nn) — 过程(lobj) — 中(plmod) — 决策(lobj) — 技术(conj) — 故障(nn) — 预测(nn),1
过程 → 包含 → 技术,nn->nn->lobj->plmod->lobj->conj->nn->nn->nn->nn,数据(nn) — 处理(nn) — 过程(lobj) — 中(plmod) — 决策(lobj) — 提取(conj) — 健康(nn) — 状态(nn) — 特征(nn) — 参数(nn),1
过程 → 包含 → 算法,nn->nn->lobj->plmod->lobj->conj->nn->nn,数据(nn) — 处理(nn) — 过程(lobj) — 中(plmod) — 决策(lobj) — 算法(conj) — 故障(nn) — 诊断(nn),1
过程 → 实现转化 → 目标,nn->assm->nn->assmod->dobj->dep->root->dep->prep->pobj->assmod->pobj->nn,MFOP(nn) — 的(assm) — 分解(nn) — 参数(assmod) — 方法(dobj) — 提出(dep) — 进行(root) — 提供(dep) — 为(prep) — 分解(pobj) — 由(assmod) — 参数(pobj) — 使用(nn),1
过程 → 引入 → 问题,nn->conj->conj->nn->lobj->assmod->dobj->root->root->conj->prep->pobj->nn,信号(nn) — 检测(conj) — 处理(conj) — 确定(nn) — 过程(lobj) — 中(assmod) — 因素(dobj) — 分析(root) — 是(root) — 展开(conj) — 针对(prep) — 问题(pobj) — 不确定性(nn),1
过程 → 引入 → 问题,nn->nn->lobj->assmod->dobj->root->root->conj->prep->pobj->nn,阈值(nn) — 确定(nn) — 过程(lobj) — 中(assmod) — 因素(dobj) — 分析(root) — 是(root) — 展开(conj) — 针对(prep) — 问题(pobj) — 不确定性(nn),1
过程 → 引入 → 问题,nn->nn->lobj->loc->rcmod->dobj->conj->root->conj->prep->pobj->nn,监测(nn) — 状态(nn) — 环节(lobj) — 中(loc) — 引入(rcmod) — 不确定性(dobj) — 分析(conj) — 是(root) — 展开(conj) — 针对(prep) — 问题(pobj) — 不确定性(nn),1
过程 → 确认 → 属性,amod->dobj->rcmod->pobj->root->root->dobj->nn,标准(amod) — 热源(dobj) — 提供(rcmod) — 方式(pobj) — 通过(root) — 分析(root) — 方法(dobj) — 校准(nn),1
过程 → 输出 → 指标,amod->dobj->conj->root->dep->conj->conj->top->amod,仿真(amod) — 条件(dobj) — 给出(conj) — 进行(root) — 给出(dep) — 提出(conj) — 为(conj) — 可用度(top) — 稳态(amod),1
过程 → 降低 → Performance Metric,nn->dobj->root->root->prep->pccomp->dobj->nn->etc,模型(nn) — 优化(dobj) — 开展(root) — 具备(root) — 针对(prep) — 开展(pccomp) — 工作(dobj) — 预测(nn) — 等(etc),1
部件 → 具有 → 状态,nn->nn->nn->prnmod->dep->root->top->dobj->nn,飞机(nn) — 机电(nn) — 系统(nn) — 部件(prnmod) — 部件(dep) — 是(root) — 处于(top) — 状态(dobj) — 健康(nn),1
部件 → 包含 → 部件,nn->nn->nn->prnmod->dep->assmod->nn,飞机(nn) — 机电(nn) — 系统(nn) — 部件(prnmod) — 部件(dep) — 系统(assmod) — 机电(nn),1
部件 → 包含 → 部件,nn->nn->nn->prnmod->dep->root->root->prep->pobj->nn->nn,飞机(nn) — 机电(nn) — 系统(nn) — 部件(prnmod) — 部件(dep) — 是(root) — 为(root) — 以(prep) — 装置(pobj) — 辅助(nn) — 动力(nn),1
部件 → 属于 → 系统,amod->nn->pobj->prep->root->root->prep->pobj->rcmod->nsubj->nn->nn->nn->nn,热(amod) — 交换器(nn) — 部件(pobj) — 对(prep) — 运用(root) — 提出(root) — 针对(prep) — 问题(pobj) — 超(rcmod) — 次数(nsubj) — 系统(nn) — 飞机(nn) — 空调(nn) — 冷却子(nn),1
部件 → 是 → 部件类别,nn->assmod->nn->amod->nn,液压泵(nn) — 系统(assmod) — 飞机(nn) — 典型(amod) — 部件(nn),1
问题 → 体现在 → 瓶颈问题领域,nn->dobj->conj->prep->pobj->nn->conj->nn->nn->conj,瓶颈(nn) — 问题(dobj) — 分析(conj) — 从(prep) — 方面(pobj) — 制定(nn) — 验证(conj) — 装备(nn) — 测试性(nn) — 设计(conj),1
问题 → 体现在 → 瓶颈问题领域,nn->dobj->conj->prep->pobj->nn->nn,瓶颈(nn) — 问题(dobj) — 分析(conj) — 从(prep) — 方面(pobj) — 制定(nn) — 标准(nn),1
问题 → 体现在 → 瓶颈问题领域,nn->dobj->conj->prep->pobj->nn->punct->amod->clf->nn->nn->conj,瓶颈(nn) — 问题(dobj) — 分析(conj) — 从(prep) — 方面(pobj) — 制定(nn) — 、(punct) — 多(amod) — 源(clf) — 故障(nn) — 信息(nn) — 交互(conj),1
问题 → 体现在 → 瓶颈问题领域,nn->dobj->conj->prep->pobj->nn->punct->nn->conj,瓶颈(nn) — 问题(dobj) — 分析(conj) — 从(prep) — 方面(pobj) — 制定(nn) — 、(punct) — 寿命(nn) — 预测(conj),1
问题 → 体现在 → 瓶颈问题领域,nn->dobj->conj->root->prep->plmod->lobj->rcmod->dobj->nn->nn,瓶颈(nn) — 问题(dobj) — 分析(conj) — 结合(root) — 在(prep) — 上(plmod) — 基础(lobj) — 研究(rcmod) — 现状(dobj) — 评估(nn) — 验证(nn),1
问题 → 具有 → 挑战,nn->top->root->root->attr,数据(nn) — 挖掘(top) — 是(root) — 是(root) — 技术(attr),1
问题 → 具有特征 → 特征,nsubj->rcmod->dobj->root->root->conj->conj,故障(nsubj) — 诊断(rcmod) — 问题(dobj) — 研究(root) — 复杂(root) — 短(conj) — 复现(conj),1
Model → 不能满足 → 需求,assmod->assm->nn->nn->nn->nsubj->root->conj->dobj->assmod->nn->nn->lobj,现有(assmod) — 的(assm) — 军机(nn) — 备件(nn) — 配置(nn) — 模型(nsubj) — 满足(root) — 得出(conj) — 模式(dobj) — 下(assmod) — PHM(nn) — 技术(nn) — 支持(lobj),1
问题 → 原因为 → 原因,amod->nn->assmod->assm->conj->dobj->root->root->ccomp->conj,自主式(amod) — 保障(nn) — 系统(assmod) — 的(assm) — 缺陷(conj) — 原因(dobj) — 分析(root) — 包括(root) — 有限(ccomp) — 困难(conj),1
问题 → 导致 → 问题,dobj->conj->root->conj->dep->dobj,噪声(dobj) — 包含(conj) — 具有(root) — 使得(conj) — 具有(dep) — 不确定性(dobj),1
问题 → 导致 → 问题,nn->nsubj->dobj->rcmod->conj->ccomp->nn->nn->nn->nsubj,维修(nn) — 次数(nsubj) — 警戒(dobj) — 超(rcmod) — 导致(conj) — 低下(ccomp) — 航空(nn) — 公司(nn) — 运营(nn) — 效率(nsubj),1
问题 → 导致 → 问题,nsubj->rcmod->dobj->root->root->conj->ccomp->dobj->nn->nn,故障(nsubj) — 诊断(rcmod) — 问题(dobj) — 研究(root) — 复杂(root) — 导致(conj) — 出现(ccomp) — 断裂(dobj) — 信息(nn) — 关联(nn),1
问题 → 影响 → Performance Metric,nn->nn->top->root->attr->assmod->nn,特征(nn) — 故障(nn) — 提取(top) — 是(root) — 技术(attr) — 预测(assmod) — 故障(nn),1
问题 → 影响 → Performance Metric,nn->nn->top->root->conj->conj->dobj->nn->nn->conj,特征(nn) — 故障(nn) — 提取(top) — 是(root) — 混叠(conj) — 影响(conj) — 速度(dobj) — 故障(nn) — 预测(nn) — 精度(conj),1
问题 → 影响 → 属性,nsubj->top->root->attr->rcmod->dobj->conj,疲劳(nsubj) — 失效(top) — 是(root) — 因素(attr) — 影响(rcmod) — 寿命(dobj) — 安全性(conj),1
问题 → 影响 → 属性,nsubj->top->root->attr->rcmod->dobj->nn,疲劳(nsubj) — 失效(top) — 是(root) — 因素(attr) — 影响(rcmod) — 寿命(dobj) — 使用(nn),1
问题 → 影响 → 结构,nsubj->top->root->attr->rcmod->dobj->nn->nn->nn,疲劳(nsubj) — 失效(top) — 是(root) — 因素(attr) — 影响(rcmod) — 寿命(dobj) — 飞机(nn) — 金属(nn) — 结构(nn),1
问题 → 降低 → Performance Metric,nsubj->ccomp->dep->root->root->dobj->rcmod->advmod,判断(nsubj) — 失败(ccomp) — 导致(dep) — 进行(root) — 研究(root) — 问题(dobj) — 诊断(rcmod) — 准确(advmod),1
阶段 → 包含 → 类别,nn->assmod->pobj->root->root->dobj,飞机(nn) — 程度(assmod) — 提高(pobj) — 随着(root) — 产生(root) — 数据(dobj),1
预测模型 → 具有 → Performance Metric,nn->nn->nsubj->ccomp->dobj->nn,SMO-SVR(nn) — 预测(nn) — 模型(nsubj) — 具有(ccomp) — 能力(dobj) — 预测(nn),1
预测模型 → 对比 → 预测模型,nn->nn->nsubj->ccomp->conj->root->conj->prep->pobj->nn->amod->nn,SMO-SVR(nn) — 预测(nn) — 模型(nsubj) — 具有(ccomp) — 表明(conj) — 提出(root) — 进行(conj) — 与(prep) — 方法(pobj) — 网络(nn) — 径向基函数(amod) — 神经(nn),1
预测模型 → 提高 → Performance Metric,conj,预测(conj),1
预测模型 → 改进 → 基础模型,conj->dobj->assmod,预测(conj) — 趋势(dobj) — 状态(assmod),1
预测模型 → 采用 → 方法,conj->dep->root->root->dobj->rcmod->dobj->nn,预测(conj) — 检测(dep) — 具有(root) — 构建(root) — 模型(dobj) — 基于(rcmod) — 降噪(dobj) — 小波(nn),1
预测模型 → 预测 → 数据成分,amod->pobj->prep->conj->root->conj->dobj->conj->amod->conj,灰色(amod) — 模型(pobj) — 以(prep) — 预测(conj) — 利用(root) — 分解(conj) — 项(dobj) — 趋势(conj) — 长期(amod) — 项(conj),1
预测模型 → 预测 → 数据成分,cpm->nn->rcmod->dobj->root->root->conj->dobj->nn->nn,的(cpm) — 组合(nn) — 基于(rcmod) — 方法(dobj) — 提出(root) — 利用(root) — 分解(conj) — 项(dobj) — 季节(nn) — 变动(nn),1
预测结果 → 由...叠加 → 中间结果,amod->dobj->dep->conj->root->conj->conj->dobj->assmod->assm->nn,最终(amod) — 预测值(dobj) — 作为(dep) — 叠加(conj) — 提出(root) — 建立(conj) — 留(conj) — 模型(dobj) — 分量(assmod) — 的(assm) — RVM(nn),1
领域 → 包含 → 任务,prnmod->assmod->attr->root->top->conj->dobj->amod,PHM(prnmod) — 管理(assmod) — 问题(attr) — 是(root) — 利用(top) — 进行(conj) — 维护(dobj) — 预测性(amod),1
领域 → 包含关键技术 → 关键技术,prnmod->nn->cc->nn,PHM(prnmod) — 管理(nn) — 与(cc) — 健康(nn),1
Model → 使用 → 数据,nn->dobj->dep->root->dobj->nn->nn->amod->nn->nn,NNARX(nn) — 模型(dobj) — 形成(dep) — 分析(root) — 数据(dobj) — 涡扇(nn) — 发动机(nn) — 实际(amod) — 飞行(nn) — 试验(nn),1
领域 → 包含关键技术 → 关键技术,prnmod->nn->dobj->rcmod->cpm->nn->conj,PHM(prnmod) — 管理(nn) — 系统(dobj) — 先进(rcmod) — 的(cpm) — 故障(nn) — 预测(conj),1
领域 → 未来研究方向 → 研究方向,nn->nsubj->pccomp->prep->root->root->nsubj->nn->nn->nn,航空(nn) — 领域(nsubj) — 开展(pccomp) — 对(prep) — 进行(root) — 发挥(root) — 技术(nsubj) — 结构(nn) — 健康(nn) — 监测(nn),1
领域 → 面临 → 挑战,amod->nn->nsubj->root->dobj->assmod->nn,机载(amod) — 软件(nn) — 开发(nsubj) — 面临(root) — 挑战(dobj) — 方面(assmod) — 成本(nn),1
领域 → 面临 → 挑战,amod->nn->nsubj->root->dobj->assmod->nn->conj,机载(amod) — 软件(nn) — 开发(nsubj) — 面临(root) — 挑战(dobj) — 方面(assmod) — 成本(nn) — 复杂性(conj),1
Method → 验证 → 结论,pobj->prep->root->root->prep->pobj->rcmod->nsubj->loc->lobj->nn->nn,实验(pobj) — 通过(prep) — 验证(root) — 提出(root) — 针对(prep) — 问题(pobj) — 实施(rcmod) — 泄漏(nsubj) — 内(loc) — 换向阀(lobj) — 系统(nn) — 液压(nn),1
飞行器 → 需要 → 功能,amod->dobj->nn->nsubj->rcmod->amod,无(amod) — 人(dobj) — 作战(nn) — 飞机(nsubj) — 控制(rcmod) — 自主(amod),1
验证 → 表明 → 结论,nn->nn->nsubj->root->root->conj->dobj->assmod->assm,仿真(nn) — 验证(nn) — 结果(nsubj) — 表明(root) — 表现(root) — 使得(conj) — 准确性(dobj) — 预测(assmod) — 的(assm),1
验证 → 证明 → 方法,nn->nsubj->root->root->dobj->rcmod->nsubj,实验(nn) — 结果(nsubj) — 证明(root) — 研究(root) — 问题(dobj) — 诊断(rcmod) — 故障(nsubj),1
验证方法 → 证明 → 方法,nsubj->conj->root->root->nsubj->nn,实验(nsubj) — 证明(conj) — 构建(root) — 存在(root) — 柱塞泵(nsubj) — 航空(nn),1
验证方法 → 验证 → Model,nn->nsubj->root->root->dobj->rcmod->dobj->nn->nn,仿真(nn) — 实例(nsubj) — 表明(root) — 提出(root) — 方法(dobj) — 利用(rcmod) — 网络(dobj) — LVQ(nn) — 神经(nn),1
验证方法 → 验证 → 产出物,nn->nsubj,软件(nn) — 开发(nsubj),1
Model → 使用 → 数据,nn->nn->nn->nn->conj->dobj->conj->root->root->dobj->nn->nn,神经(nn) — 网络(nn) — 故障(nn) — 预测(nn) — 模型(conj) — 算法(dobj) — 建立(conj) — 具有(root) — 结合(root) — 数据(dobj) — 风洞(nn) — 实验(nn),1
验证方法 → 验证 → 方法,nn->dobj->conj->root->root->conj->conj->prep->pobj->assmod->assm->nn->nn,仿真(nn) — 验证(dobj) — 进行(conj) — 给出(root) — 提出(root) — 有(conj) — 相比(conj) — 与(prep) — 方法(pobj) — 系统(assmod) — 的(assm) — 故障(nn) — 检测(nn),1
验证方法 → 验证 → 方法,nn->nn->nsubj->root->root->dobj->nn->nn,计算机(nn) — 仿真(nn) — 结果(nsubj) — 表明(root) — 提出(root) — 方法(dobj) — 诊断(nn) — 故障(nn),1
验证方法 → 验证 → 系统,amod->nn->nsubj->conj->root->conj->dobj->nn->nn,仿真(amod) — 数字(nn) — 结果(nsubj) — 表明(conj) — 综合(root) — 设计(conj) — 系统(dobj) — 容错(nn) — 控制(nn),1
验证方法 → 验证 → 设计架构,nummod->dep->rcmod->dobj->root->root->nsubj->conj,多(nummod) — 相(dep) — 迭代(rcmod) — 准则(dobj) — 提出(root) — 存在(root) — 应用(nsubj) — 设计(conj),1
高校 → 参加 → 会议,nn->conj->nn->dobj->conj->root->punct->nn->conj,"四川(nn) — 大学(conj) — 公司(nn) — 单位(dobj) — 来自(conj) — 召开(root) — ,(punct) — 2020(nn) — 预测(conj)",1
高校 → 参加 → 会议,nn->nn->conj->nn->dobj->conj->root->punct->nn->conj,"哈尔滨(nn) — 工业(nn) — 大学(conj) — 公司(nn) — 单位(dobj) — 来自(conj) — 召开(root) — ,(punct) — 2020(nn) — 预测(conj)",1
高校 → 参加 → 会议,nn->nn->conj->nn->dobj->conj->root->punct->nn->conj,"电子(nn) — 科技(nn) — 大学(conj) — 公司(nn) — 单位(dobj) — 来自(conj) — 召开(root) — ,(punct) — 2020(nn) — 预测(conj)",1
领域 → 面临 → 挑战,amod->nn->nsubj->root->dobj->assmod->nn->conj,机载(amod) — 软件(nn) — 开发(nsubj) — 面临(root) — 挑战(dobj) — 方面(assmod) — 成本(nn) — 安全性(conj),1
Model → 不适用于 → 数据类型,nsubj->root->root->dep->dobj->nn,预测(nsubj) — 具有(root) — 适用于(root) — 适合(dep) — 序列(dobj) — 波动(nn),1
Model → 仿真 → 过程,nn->nn->dobj->conj->dep->conj->dobj->nn->nn,性能(nn) — 退化(nn) — 模型(dobj) — 建立(conj) — 利用(dep) — 仿真(conj) — 历程(dobj) — 性能(nn) — 退化(nn),1
Model → 仿真获取 → 参数,nn->nsubj->root->root->prep->pccomp->dobj->nn->nn,GJB289A(nn) — 总线(nsubj) — 用(root) — 构建(root) — 为了(prep) — 分析(pccomp) — 特性(dobj) — 电气(nn) — 故障(nn),1
Model → 优于 → Model,amod->nn->pobj,遗传(amod) — 神经(nn) — 网络(pobj),1
Model → 优于 → Model,nn->nn->dobj->conj->root->dep->ccomp->conj->prep->pobj->nn->nn,免疫(nn) — 神经(nn) — 网络(dobj) — 得到(conj) — 采用(root) — 表明(dep) — 实现(ccomp) — 有(conj) — 较(prep) — 性能(pobj) — BP(nn) — 网络(nn),1
Model → 优于 → Model,nn->nsubj->root->root->dep->prep->pccomp->prep->pobj->nn->conj,故障(nn) — 预测(nsubj) — 提供(root) — 使用(root) — 下降(dep) — 通过(prep) — 对比(pccomp) — 与(prep) — 模型(pobj) — LSTM(nn) — GRU(conj),1
Model → 优于 → Model,nn->nsubj->root->root->dep->prep->pccomp->prep->pobj->nn->conj,故障(nn) — 预测(nsubj) — 提供(root) — 使用(root) — 下降(dep) — 通过(prep) — 对比(pccomp) — 与(prep) — 模型(pobj) — LSTM(nn) — RNN(conj),1
Model → 优于 → Model,nn->nsubj->root->root->dobj->rcmod->dobj->nn->prnmod->punct,故障(nn) — 预测(nsubj) — 提供(root) — 提出(root) — 方法(dobj) — 基于(rcmod) — 网络(dobj) — 记忆(nn) — LSTM(prnmod) — ((punct),1
Model → 优于 → Model,punct->prnmod,",(punct) — FBPNN(prnmod)",1
Model → 优于 → 方法,amod->dobj->conj->top->root->root->dobj->nn,预测性(amod) — 维护(dobj) — 进行(conj) — 利用(top) — 是(root) — 得到(root) — 模型(dobj) — 分类(nn),1
Model → 优于 → 方法,nn->assmod->assm->nn->pobj->prep->conj->conj->root->root->conj->prep->pobj->nn,神经(nn) — 网络(assmod) — 的(assm) — 预测(nn) — 精度(pobj) — 对(prep) — 给出(conj) — 采用(conj) — 具有(root) — 结合(root) — 进行(conj) — 与(prep) — 方法(pobj) — ARMA(nn),1
Model → 优于 → 方法,nummod->nn->amod->nn->dobj->rcmod->dobj->root->prep->pobj->nn,多(nummod) — 因子(nn) — 高阶(amod) — 模糊(nn) — 变动(dobj) — 基于(rcmod) — 方法(dobj) — 提出(root) — 针对(prep) — 问题(pobj) — 预测(nn),1
Model → 估计 → 参数,amod->assmod->pobj->prep->root->dobj->rcmod->cpm->nn,机载(amod) — 设备(assmod) — 发展(pobj) — 随着(prep) — 使得(root) — 任务(dobj) — 承担(rcmod) — 的(cpm) — 发动机(nn),1
Model → 使用 → 模型输入,nn->nn->dobj->rcmod->dobj->root->root->conj->dobj->nn,LVQ(nn) — 神经(nn) — 网络(dobj) — 利用(rcmod) — 方法(dobj) — 提出(root) — 利用(root) — 作为(conj) — 向量(dobj) — 输入(nn),1
Model → 作为 → 评估对象,nn->nsubj->nn,飞机(nn) — 评估(nsubj) — 健康(nn),1
飞机部件 → 发生 → 故障,nn->nsubj->lccomp->dobj,飞机(nn) — 舵面(nsubj) — 出现(lccomp) — 损伤(dobj),1
